0 verbose cli F:\Node js\node.exe C:\Users\prane\AppData\Roaming\npm\node_modules\npm\bin\npm-cli.js
1 info using npm@11.14.1
2 info using node@v20.19.4
3 silly config load:file:C:\Users\prane\AppData\Roaming\npm\node_modules\npm\npmrc
4 silly config load:file:D:\Job_Portal\.npmrc
5 silly config load:file:C:\Users\prane\.npmrc
6 silly config load:file:C:\Users\prane\AppData\Roaming\npm\etc\npmrc
7 verbose title npm install next-pwa leaflet react-leaflet @types/leaflet
8 verbose argv "install" "next-pwa" "leaflet" "react-leaflet" "@types/leaflet" "--legacy-peer-deps" "--cache" "./.npm-cache"
9 verbose logfile logs-max:10 dir:D:\Job_Portal\.npm-cache\_logs\2026-09-04T14_26_53_210Z-
10 verbose logfile D:\Job_Portal\.npm-cache\_logs\2026-09-04T14_26_53_210Z-debug-0.log
11 silly logfile done cleaning log files
12 silly packumentCache heap:2197815296 maxSize:549453824 maxEntrySize:274726912
13 verbose shrinkwrap failed to load node_modules/.package-lock.json out of date, updated: node_modules
14 silly idealTree buildDeps
15 silly fetch manifest next-pwa@*
16 silly packumentCache full:https://registry.npmjs.org/next-pwa cache-miss
17 http fetch GET 200 https://registry.npmjs.org/next-pwa 2101ms (cache revalidated)
18 silly packumentCache full:https://registry.npmjs.org/next-pwa set size:409199 disposed:false
19 silly fetch manifest leaflet@*
20 silly packumentCache full:https://registry.npmjs.org/leaflet cache-miss
21 http fetch GET 200 https://registry.npmjs.org/leaflet 309ms (cache revalidated)
22 silly packumentCache full:https://registry.npmjs.org/leaflet set size:146664 disposed:false
23 silly fetch manifest react-leaflet@*
24 silly packumentCache full:https://registry.npmjs.org/react-leaflet cache-miss
25 http fetch GET 200 https://registry.npmjs.org/react-leaflet 327ms (cache revalidated)
26 silly packumentCache full:https://registry.npmjs.org/react-leaflet set size:472546 disposed:false
27 silly fetch manifest @types/leaflet@*
28 silly packumentCache full:https://registry.npmjs.org/@types%2fleaflet cache-miss
29 http fetch GET 200 https://registry.npmjs.org/@types%2fleaflet 569ms (cache revalidated)
30 silly packumentCache full:https://registry.npmjs.org/@types%2fleaflet set size:298158 disposed:false
31 silly placeDep ROOT @types/leaflet@1.9.22 OK for: nextn@0.1.0 want: *
32 silly placeDep ROOT leaflet@1.9.4 OK for: nextn@0.1.0 want: *
33 silly placeDep ROOT next-pwa@5.6.0 OK for: nextn@0.1.0 want: *
34 silly placeDep ROOT react-leaflet@5.0.0 OK for: nextn@0.1.0 want: *
35 silly fetch manifest @types/geojson@*
36 silly packumentCache full:https://registry.npmjs.org/@types%2fgeojson cache-miss
37 silly fetch manifest babel-loader@^8.2.5
38 silly packumentCache full:https://registry.npmjs.org/babel-loader cache-miss
39 silly fetch manifest clean-webpack-plugin@^4.0.0
40 silly packumentCache full:https://registry.npmjs.org/clean-webpack-plugin cache-miss
41 silly fetch manifest globby@^11.0.4
42 silly packumentCache full:https://registry.npmjs.org/globby cache-miss
43 silly fetch manifest terser-webpack-plugin@^5.3.3
44 silly packumentCache full:https://registry.npmjs.org/terser-webpack-plugin cache-miss
45 silly fetch manifest workbox-webpack-plugin@^6.5.4
46 silly packumentCache full:https://registry.npmjs.org/workbox-webpack-plugin cache-miss
47 silly fetch manifest workbox-window@^6.5.4
48 silly packumentCache full:https://registry.npmjs.org/workbox-window cache-miss
49 silly fetch manifest @react-leaflet/core@^3.0.0
50 silly packumentCache full:https://registry.npmjs.org/@react-leaflet%2fcore cache-miss
51 http fetch GET 200 https://registry.npmjs.org/globby 327ms (cache revalidated)
52 silly packumentCache full:https://registry.npmjs.org/globby set size:171193 disposed:false
53 http fetch GET 200 https://registry.npmjs.org/clean-webpack-plugin 430ms (cache revalidated)
54 silly packumentCache full:https://registry.npmjs.org/clean-webpack-plugin set size:70782 disposed:false
55 http fetch GET 200 https://registry.npmjs.org/babel-loader 450ms (cache revalidated)
56 silly packumentCache full:https://registry.npmjs.org/babel-loader set size:257763 disposed:false
57 http fetch GET 200 https://registry.npmjs.org/workbox-webpack-plugin 467ms (cache revalidated)
58 silly packumentCache full:https://registry.npmjs.org/workbox-webpack-plugin set size:277780 disposed:false
59 http fetch GET 200 https://registry.npmjs.org/terser-webpack-plugin 491ms (cache revalidated)
60 silly packumentCache full:https://registry.npmjs.org/terser-webpack-plugin set size:430998 disposed:false
61 http fetch GET 200 https://registry.npmjs.org/workbox-window 497ms (cache revalidated)
62 silly packumentCache full:https://registry.npmjs.org/workbox-window set size:174266 disposed:false
63 http fetch GET 200 https://registry.npmjs.org/@types%2fgeojson 693ms (cache revalidated)
64 silly packumentCache full:https://registry.npmjs.org/@types%2fgeojson set size:66640 disposed:false
65 http fetch GET 200 https://registry.npmjs.org/@react-leaflet%2fcore 888ms (cache revalidated)
66 silly packumentCache full:https://registry.npmjs.org/@react-leaflet%2fcore set size:66182 disposed:false
67 silly placeDep ROOT @types/geojson@7946.0.16 OK for: @types/leaflet@1.9.22 want: *
68 silly placeDep ROOT babel-loader@8.4.1 OK for: next-pwa@5.6.0 want: ^8.2.5
69 silly placeDep ROOT clean-webpack-plugin@4.0.0 OK for: next-pwa@5.6.0 want: ^4.0.0
70 silly placeDep ROOT globby@11.1.0 OK for: next-pwa@5.6.0 want: ^11.0.4
71 silly placeDep ROOT terser-webpack-plugin@5.6.1 OK for: next-pwa@5.6.0 want: ^5.3.3
72 silly placeDep ROOT workbox-webpack-plugin@6.6.0 OK for: next-pwa@5.6.0 want: ^6.5.4
73 silly placeDep ROOT workbox-window@6.6.0 OK for: next-pwa@5.6.0 want: ^6.5.4
74 silly fetch manifest loader-utils@^2.0.4
75 silly packumentCache full:https://registry.npmjs.org/loader-utils cache-miss
76 silly fetch manifest schema-utils@^2.6.5
77 silly packumentCache full:https://registry.npmjs.org/schema-utils cache-miss
78 silly fetch manifest find-cache-dir@^3.3.1
79 silly packumentCache full:https://registry.npmjs.org/find-cache-dir cache-miss
80 silly fetch manifest del@^4.1.1
81 silly packumentCache full:https://registry.npmjs.org/del cache-miss
82 silly fetch manifest slash@^3.0.0
83 silly packumentCache full:https://registry.npmjs.org/slash cache-miss
84 silly fetch manifest ignore@^5.2.0
85 silly packumentCache full:https://registry.npmjs.org/ignore cache-miss
86 silly fetch manifest dir-glob@^3.0.1
87 silly packumentCache full:https://registry.npmjs.org/dir-glob cache-miss
88 silly fetch manifest array-union@^2.1.0
89 silly packumentCache full:https://registry.npmjs.org/array-union cache-miss
90 silly fetch manifest jest-worker@^27.4.5
91 silly packumentCache full:https://registry.npmjs.org/jest-worker cache-miss
92 silly fetch manifest schema-utils@^4.3.0
93 silly packumentCache full:https://registry.npmjs.org/schema-utils cache-miss
94 silly fetch manifest terser@^5.31.1
95 silly packumentCache full:https://registry.npmjs.org/terser cache-miss
96 silly fetch manifest upath@^1.2.0
97 silly packumentCache full:https://registry.npmjs.org/upath cache-miss
98 silly fetch manifest pretty-bytes@^5.4.1
99 silly packumentCache full:https://registry.npmjs.org/pretty-bytes cache-miss
100 silly fetch manifest workbox-build@6.6.0
101 silly packumentCache full:https://registry.npmjs.org/workbox-build cache-miss
102 silly fetch manifest webpack-sources@^1.4.3
103 silly packumentCache full:https://registry.npmjs.org/webpack-sources cache-miss
104 http fetch GET 200 https://registry.npmjs.org/find-cache-dir 166ms (cache revalidated)
105 silly packumentCache full:https://registry.npmjs.org/find-cache-dir set size:35762 disposed:false
106 silly fetch manifest workbox-core@6.6.0
107 silly packumentCache full:https://registry.npmjs.org/workbox-core cache-miss
108 http fetch GET 200 https://registry.npmjs.org/schema-utils 173ms (cache revalidated)
109 silly packumentCache full:https://registry.npmjs.org/schema-utils set size:166563 disposed:false
110 silly fetch manifest @types/trusted-types@^2.0.2
111 silly packumentCache full:https://registry.npmjs.org/@types%2ftrusted-types cache-miss
112 http fetch GET 200 https://registry.npmjs.org/loader-utils 183ms (cache revalidated)
113 silly packumentCache full:https://registry.npmjs.org/loader-utils set size:168663 disposed:false
114 http fetch GET 200 https://registry.npmjs.org/ignore 183ms (cache revalidated)
115 silly packumentCache full:https://registry.npmjs.org/ignore set size:251191 disposed:false
116 http fetch GET 200 https://registry.npmjs.org/slash 190ms (cache revalidated)
117 silly packumentCache full:https://registry.npmjs.org/slash set size:20337 disposed:false
118 http fetch GET 200 https://registry.npmjs.org/dir-glob 193ms (cache revalidated)
119 silly packumentCache full:https://registry.npmjs.org/dir-glob set size:22205 disposed:false
120 http fetch GET 200 https://registry.npmjs.org/@types%2ftrusted-types 144ms (cache revalidated)
121 silly packumentCache full:https://registry.npmjs.org/@types%2ftrusted-types set size:37046 disposed:false
122 http fetch GET 200 https://registry.npmjs.org/schema-utils 352ms (cache revalidated)
123 silly packumentCache full:https://registry.npmjs.org/schema-utils set size:166563 disposed:false
124 silly packumentCache full:https://registry.npmjs.org/schema-utils dispose
125 http fetch GET 200 https://registry.npmjs.org/array-union 369ms (cache revalidated)
126 silly packumentCache full:https://registry.npmjs.org/array-union set size:18386 disposed:false
127 http fetch GET 200 https://registry.npmjs.org/upath 371ms (cache revalidated)
128 silly packumentCache full:https://registry.npmjs.org/upath set size:77974 disposed:false
129 http fetch GET 200 https://registry.npmjs.org/del 974ms (cache revalidated)
130 silly packumentCache full:https://registry.npmjs.org/del set size:70448 disposed:false
131 http fetch GET 200 https://registry.npmjs.org/workbox-build 968ms (cache revalidated)
132 silly packumentCache full:https://registry.npmjs.org/workbox-build set size:332781 disposed:false
133 http fetch GET 200 https://registry.npmjs.org/jest-worker 982ms (cache revalidated)
134 silly packumentCache full:https://registry.npmjs.org/jest-worker set size:484932 disposed:false
135 http fetch GET 200 https://registry.npmjs.org/workbox-core 845ms (cache revalidated)
136 silly packumentCache full:https://registry.npmjs.org/workbox-core set size:222328 disposed:false
137 http fetch GET 200 https://registry.npmjs.org/pretty-bytes 1013ms (cache revalidated)
138 silly packumentCache full:https://registry.npmjs.org/pretty-bytes set size:70470 disposed:false
139 http fetch GET 200 https://registry.npmjs.org/webpack-sources 1019ms (cache revalidated)
140 silly packumentCache full:https://registry.npmjs.org/webpack-sources set size:184158 disposed:false
141 http fetch GET 200 https://registry.npmjs.org/terser 1033ms (cache revalidated)
142 silly packumentCache full:https://registry.npmjs.org/terser set size:827672 disposed:false
143 silly placeDep ROOT find-cache-dir@3.3.2 OK for: babel-loader@8.4.1 want: ^3.3.1
144 silly placeDep ROOT loader-utils@2.0.4 OK for: babel-loader@8.4.1 want: ^2.0.4
145 silly placeDep ROOT schema-utils@2.7.1 OK for: babel-loader@8.4.1 want: ^2.6.5
146 silly fetch manifest pkg-dir@^4.1.0
147 silly packumentCache full:https://registry.npmjs.org/pkg-dir cache-miss
148 silly fetch manifest commondir@^1.0.1
149 silly packumentCache full:https://registry.npmjs.org/commondir cache-miss
150 silly fetch manifest big.js@^5.2.2
151 silly packumentCache full:https://registry.npmjs.org/big.js cache-miss
152 silly fetch manifest emojis-list@^3.0.0
153 silly packumentCache full:https://registry.npmjs.org/emojis-list cache-miss
154 silly fetch manifest ajv@^6.12.4
155 silly packumentCache full:https://registry.npmjs.org/ajv cache-miss
156 silly fetch manifest ajv-keywords@^3.5.2
157 silly packumentCache full:https://registry.npmjs.org/ajv-keywords cache-miss
158 http fetch GET 200 https://registry.npmjs.org/commondir 102ms (cache revalidated)
159 silly packumentCache full:https://registry.npmjs.org/commondir set size:8375 disposed:false
160 http fetch GET 200 https://registry.npmjs.org/emojis-list 122ms (cache revalidated)
161 silly packumentCache full:https://registry.npmjs.org/emojis-list set size:17790 disposed:false
162 http fetch GET 200 https://registry.npmjs.org/ajv-keywords 121ms (cache revalidated)
163 silly packumentCache full:https://registry.npmjs.org/ajv-keywords set size:310004 disposed:false
164 http fetch GET 200 https://registry.npmjs.org/ajv 130ms (cache revalidated)
165 silly packumentCache full:https://registry.npmjs.org/ajv set size:1142658 disposed:false
166 http fetch GET 200 https://registry.npmjs.org/pkg-dir 153ms (cache revalidated)
167 silly packumentCache full:https://registry.npmjs.org/pkg-dir set size:30166 disposed:false
168 http fetch GET 200 https://registry.npmjs.org/big.js 157ms (cache revalidated)
169 silly packumentCache full:https://registry.npmjs.org/big.js set size:75813 disposed:false
170 silly placeDep ROOT del@4.1.1 OK for: clean-webpack-plugin@4.0.0 want: ^4.1.1
171 silly fetch manifest pify@^4.0.1
172 silly packumentCache full:https://registry.npmjs.org/pify cache-miss
173 silly fetch manifest p-map@^2.0.0
174 silly packumentCache full:https://registry.npmjs.org/p-map cache-miss
175 silly fetch manifest globby@^6.1.0
176 silly packumentCache full:https://registry.npmjs.org/globby cache-hit
177 silly fetch manifest @types/glob@^7.1.1
178 silly packumentCache full:https://registry.npmjs.org/@types%2fglob cache-miss
179 silly fetch manifest is-path-cwd@^2.0.0
180 silly packumentCache full:https://registry.npmjs.org/is-path-cwd cache-miss
181 silly fetch manifest is-path-in-cwd@^2.0.0
182 silly packumentCache full:https://registry.npmjs.org/is-path-in-cwd cache-miss
183 http fetch GET 200 https://registry.npmjs.org/is-path-in-cwd 286ms (cache revalidated)
184 silly packumentCache full:https://registry.npmjs.org/is-path-in-cwd set size:17090 disposed:false
185 http fetch GET 200 https://registry.npmjs.org/p-map 295ms (cache revalidated)
186 silly packumentCache full:https://registry.npmjs.org/p-map set size:58783 disposed:false
187 http fetch GET 200 https://registry.npmjs.org/is-path-cwd 316ms (cache revalidated)
188 silly packumentCache full:https://registry.npmjs.org/is-path-cwd set size:16479 disposed:false
189 http fetch GET 200 https://registry.npmjs.org/pify 326ms (cache revalidated)
190 silly packumentCache full:https://registry.npmjs.org/pify set size:33583 disposed:false
191 http fetch GET 200 https://registry.npmjs.org/@types%2fglob 541ms (cache revalidated)
192 silly packumentCache full:https://registry.npmjs.org/@types%2fglob set size:52932 disposed:false
193 silly placeDep ROOT @types/glob@7.2.0 OK for: del@4.1.1 want: ^7.1.1
194 silly placeDep node_modules/del globby@6.1.0 OK for: del@4.1.1 want: ^6.1.0
195 silly placeDep ROOT is-path-cwd@2.2.0 OK for: del@4.1.1 want: ^2.0.0
196 silly placeDep ROOT is-path-in-cwd@2.1.0 OK for: del@4.1.1 want: ^2.0.0
197 silly placeDep ROOT p-map@2.1.0 OK for: del@4.1.1 want: ^2.0.0
198 silly placeDep node_modules/del pify@4.0.1 OK for: del@4.1.1 want: ^4.0.1
199 silly fetch manifest @types/minimatch@*
200 silly packumentCache full:https://registry.npmjs.org/@types%2fminimatch cache-miss
201 silly fetch manifest glob@^7.0.3
202 silly packumentCache full:https://registry.npmjs.org/glob cache-miss
203 silly fetch manifest array-union@^1.0.1
204 silly packumentCache full:https://registry.npmjs.org/array-union cache-hit
205 silly fetch manifest pinkie-promise@^2.0.0
206 silly packumentCache full:https://registry.npmjs.org/pinkie-promise cache-miss
207 silly fetch manifest is-path-inside@^2.1.0
208 silly packumentCache full:https://registry.npmjs.org/is-path-inside cache-miss
209 http fetch GET 200 https://registry.npmjs.org/is-path-inside 83ms (cache revalidated)
210 silly packumentCache full:https://registry.npmjs.org/is-path-inside set size:23585 disposed:false
211 http fetch GET 200 https://registry.npmjs.org/pinkie-promise 86ms (cache revalidated)
212 silly packumentCache full:https://registry.npmjs.org/pinkie-promise set size:6122 disposed:false
213 http fetch GET 200 https://registry.npmjs.org/glob 90ms (cache revalidated)
214 silly packumentCache full:https://registry.npmjs.org/glob set size:469465 disposed:false
215 http fetch GET 200 https://registry.npmjs.org/@types%2fminimatch 534ms (cache revalidated)
216 silly packumentCache full:https://registry.npmjs.org/@types%2fminimatch set size:34676 disposed:false
217 silly placeDep ROOT @types/minimatch@5.1.2 OK for: @types/glob@7.2.0 want: *
218 silly placeDep ROOT commondir@1.0.1 OK for: find-cache-dir@3.3.2 want: ^1.0.1
219 silly placeDep ROOT pkg-dir@4.2.0 OK for: find-cache-dir@3.3.2 want: ^4.1.0
220 silly fetch manifest find-up@^4.0.0
221 silly packumentCache full:https://registry.npmjs.org/find-up cache-miss
222 http fetch GET 200 https://registry.npmjs.org/find-up 79ms (cache revalidated)
223 silly packumentCache full:https://registry.npmjs.org/find-up set size:42620 disposed:false
224 silly placeDep ROOT array-union@2.1.0 OK for: globby@11.1.0 want: ^2.1.0
225 silly placeDep ROOT dir-glob@3.0.1 OK for: globby@11.1.0 want: ^3.0.1
226 silly placeDep ROOT ignore@5.3.2 OK for: globby@11.1.0 want: ^5.2.0
227 silly placeDep node_modules/globby slash@3.0.0 OK for: globby@11.1.0 want: ^3.0.0
228 silly fetch manifest path-type@^4.0.0
229 silly packumentCache full:https://registry.npmjs.org/path-type cache-miss
230 http fetch GET 200 https://registry.npmjs.org/path-type 85ms (cache revalidated)
231 silly packumentCache full:https://registry.npmjs.org/path-type set size:15341 disposed:false
232 silly placeDep ROOT path-type@4.0.0 OK for: dir-glob@3.0.1 want: ^4.0.0
233 silly placeDep ROOT is-path-inside@2.1.0 OK for: is-path-in-cwd@2.1.0 want: ^2.1.0
234 silly fetch manifest path-is-inside@^1.0.2
235 silly packumentCache full:https://registry.npmjs.org/path-is-inside cache-miss
236 http fetch GET 200 https://registry.npmjs.org/path-is-inside 289ms (cache revalidated)
237 silly packumentCache full:https://registry.npmjs.org/path-is-inside set size:6732 disposed:false
238 silly placeDep ROOT path-is-inside@1.0.2 OK for: is-path-inside@2.1.0 want: ^1.0.2
239 silly placeDep ROOT big.js@5.2.2 OK for: loader-utils@2.0.4 want: ^5.2.2
240 silly placeDep ROOT emojis-list@3.0.0 OK for: loader-utils@2.0.4 want: ^3.0.0
241 silly placeDep ROOT find-up@4.1.0 OK for: pkg-dir@4.2.0 want: ^4.0.0
242 silly fetch manifest locate-path@^5.0.0
243 silly packumentCache full:https://registry.npmjs.org/locate-path cache-miss
244 silly fetch manifest path-exists@^4.0.0
245 silly packumentCache full:https://registry.npmjs.org/path-exists cache-miss
246 http fetch GET 200 https://registry.npmjs.org/locate-path 89ms (cache revalidated)
247 silly packumentCache full:https://registry.npmjs.org/locate-path set size:31329 disposed:false
248 http fetch GET 200 https://registry.npmjs.org/path-exists 90ms (cache revalidated)
249 silly packumentCache full:https://registry.npmjs.org/path-exists set size:13704 disposed:false
250 silly placeDep ROOT locate-path@5.0.0 OK for: find-up@4.1.0 want: ^5.0.0
251 silly placeDep ROOT path-exists@4.0.0 OK for: find-up@4.1.0 want: ^4.0.0
252 silly fetch manifest p-locate@^4.1.0
253 silly packumentCache full:https://registry.npmjs.org/p-locate cache-miss
254 http fetch GET 200 https://registry.npmjs.org/p-locate 92ms (cache revalidated)
255 silly packumentCache full:https://registry.npmjs.org/p-locate set size:22488 disposed:false
256 silly placeDep ROOT p-locate@4.1.0 OK for: locate-path@5.0.0 want: ^4.1.0
257 silly fetch manifest p-limit@^2.2.0
258 silly packumentCache full:https://registry.npmjs.org/p-limit cache-miss
259 http fetch GET 200 https://registry.npmjs.org/p-limit 75ms (cache revalidated)
260 silly packumentCache full:https://registry.npmjs.org/p-limit set size:66276 disposed:false
261 silly placeDep node_modules/p-locate p-limit@2.3.0 OK for: p-locate@4.1.0 want: ^2.2.0
262 silly fetch manifest p-try@^2.0.0
263 silly packumentCache full:https://registry.npmjs.org/p-try cache-miss
264 http fetch GET 200 https://registry.npmjs.org/p-try 84ms (cache revalidated)
265 silly packumentCache full:https://registry.npmjs.org/p-try set size:13014 disposed:false
266 silly placeDep ROOT @react-leaflet/core@3.0.0 OK for: react-leaflet@5.0.0 want: ^3.0.0
267 silly placeDep node_modules/schema-utils ajv@6.15.0 OK for: schema-utils@2.7.1 want: ^6.12.4
268 silly placeDep ROOT ajv-keywords@3.5.2 OK for: schema-utils@2.7.1 want: ^3.5.2
269 silly fetch manifest json-schema-traverse@^0.4.1
270 silly packumentCache full:https://registry.npmjs.org/json-schema-traverse cache-miss
271 http fetch GET 200 https://registry.npmjs.org/json-schema-traverse 89ms (cache revalidated)
272 silly packumentCache full:https://registry.npmjs.org/json-schema-traverse set size:23537 disposed:false
273 silly placeDep ROOT jest-worker@27.5.1 OK for: terser-webpack-plugin@5.6.1 want: ^27.4.5
274 silly placeDep node_modules/terser-webpack-plugin schema-utils@4.3.3 OK for: terser-webpack-plugin@5.6.1 want: ^4.3.0
275 silly placeDep ROOT terser@5.51.2 OK for: terser-webpack-plugin@5.6.1 want: ^5.31.1
276 silly fetch manifest merge-stream@^2.0.0
277 silly packumentCache full:https://registry.npmjs.org/merge-stream cache-miss
278 silly fetch manifest supports-color@^8.0.0
279 silly packumentCache full:https://registry.npmjs.org/supports-color cache-miss
280 silly fetch manifest ajv-formats@^2.1.1
281 silly packumentCache full:https://registry.npmjs.org/ajv-formats cache-miss
282 silly fetch manifest ajv-keywords@^5.1.0
283 silly packumentCache full:https://registry.npmjs.org/ajv-keywords cache-hit
284 silly fetch manifest commander@^2.20.0
285 silly packumentCache full:https://registry.npmjs.org/commander cache-miss
286 silly fetch manifest source-map-support@~0.5.20
287 silly packumentCache full:https://registry.npmjs.org/source-map-support cache-miss
288 silly fetch manifest @jridgewell/source-map@^0.3.3
289 silly packumentCache full:https://registry.npmjs.org/@jridgewell%2fsource-map cache-miss
290 http fetch GET 200 https://registry.npmjs.org/commander 72ms (cache revalidated)
291 silly packumentCache full:https://registry.npmjs.org/commander set size:353104 disposed:false
292 http fetch GET 200 https://registry.npmjs.org/merge-stream 97ms (cache revalidated)
293 silly packumentCache full:https://registry.npmjs.org/merge-stream set size:22168 disposed:false
294 http fetch GET 200 https://registry.npmjs.org/ajv-formats 97ms (cache revalidated)
295 silly packumentCache full:https://registry.npmjs.org/ajv-formats set size:141264 disposed:false
296 http fetch GET 200 https://registry.npmjs.org/source-map-support 328ms (cache revalidated)
297 silly packumentCache full:https://registry.npmjs.org/source-map-support set size:125488 disposed:false
298 http fetch GET 200 https://registry.npmjs.org/supports-color 338ms (cache revalidated)
299 silly packumentCache full:https://registry.npmjs.org/supports-color set size:124169 disposed:false
300 http fetch GET 200 https://registry.npmjs.org/@jridgewell%2fsource-map 465ms (cache revalidated)
301 silly packumentCache full:https://registry.npmjs.org/@jridgewell%2fsource-map set size:45204 disposed:false
302 silly placeDep ROOT merge-stream@2.0.0 OK for: jest-worker@27.5.1 want: ^2.0.0
303 silly placeDep node_modules/jest-worker supports-color@8.1.1 OK for: jest-worker@27.5.1 want: ^8.0.0
304 silly placeDep ROOT @jridgewell/source-map@0.3.11 OK for: terser@5.51.2 want: ^0.3.3
305 silly placeDep node_modules/terser commander@2.20.3 OK for: terser@5.51.2 want: ^2.20.0
306 silly placeDep ROOT source-map-support@0.5.21 OK for: terser@5.51.2 want: ~0.5.20
307 silly fetch manifest buffer-from@^1.0.0
308 silly packumentCache full:https://registry.npmjs.org/buffer-from cache-miss
309 http fetch GET 200 https://registry.npmjs.org/buffer-from 82ms (cache revalidated)
310 silly packumentCache full:https://registry.npmjs.org/buffer-from set size:15463 disposed:false
311 silly placeDep ROOT buffer-from@1.1.2 OK for: source-map-support@0.5.21 want: ^1.0.0
312 silly placeDep ROOT pretty-bytes@5.6.0 OK for: workbox-webpack-plugin@6.6.0 want: ^5.4.1
313 silly placeDep ROOT upath@1.2.0 OK for: workbox-webpack-plugin@6.6.0 want: ^1.2.0
314 silly placeDep ROOT webpack-sources@1.4.3 OK for: workbox-webpack-plugin@6.6.0 want: ^1.4.3
315 silly placeDep ROOT workbox-build@6.6.0 OK for: workbox-webpack-plugin@6.6.0 want: 6.6.0
316 silly fetch manifest source-list-map@^2.0.0
317 silly packumentCache full:https://registry.npmjs.org/source-list-map cache-miss
318 silly fetch manifest glob@^7.1.6
319 silly packumentCache full:https://registry.npmjs.org/glob cache-hit
320 silly fetch manifest tempy@^0.6.0
321 silly packumentCache full:https://registry.npmjs.org/tempy cache-miss
322 silly fetch manifest rollup@^2.43.1
323 silly packumentCache full:https://registry.npmjs.org/rollup cache-miss
324 silly fetch manifest source-map@^0.8.0-beta.0
325 silly packumentCache full:https://registry.npmjs.org/source-map cache-miss
326 silly fetch manifest workbox-sw@6.6.0
327 silly packumentCache full:https://registry.npmjs.org/workbox-sw cache-miss
328 silly fetch manifest @babel/core@^7.11.1
329 silly packumentCache full:https://registry.npmjs.org/@babel%2fcore cache-miss
330 silly fetch manifest common-tags@^1.8.0
331 silly packumentCache full:https://registry.npmjs.org/common-tags cache-miss
332 silly fetch manifest strip-comments@^2.0.1
333 silly packumentCache full:https://registry.npmjs.org/strip-comments cache-miss
334 silly fetch manifest workbox-recipes@6.6.0
335 silly packumentCache full:https://registry.npmjs.org/workbox-recipes cache-miss
336 silly fetch manifest workbox-routing@6.6.0
337 silly packumentCache full:https://registry.npmjs.org/workbox-routing cache-miss
338 silly fetch manifest workbox-streams@6.6.0
339 silly packumentCache full:https://registry.npmjs.org/workbox-streams cache-miss
340 silly fetch manifest stringify-object@^3.3.0
341 silly packumentCache full:https://registry.npmjs.org/stringify-object cache-miss
342 silly fetch manifest @babel/preset-env@^7.11.0
343 silly packumentCache full:https://registry.npmjs.org/@babel%2fpreset-env cache-miss
344 silly fetch manifest workbox-expiration@6.6.0
345 silly packumentCache full:https://registry.npmjs.org/workbox-expiration cache-miss
346 silly fetch manifest workbox-precaching@6.6.0
347 silly packumentCache full:https://registry.npmjs.org/workbox-precaching cache-miss
348 http fetch GET 200 https://registry.npmjs.org/common-tags 111ms (cache revalidated)
349 silly packumentCache full:https://registry.npmjs.org/common-tags set size:170537 disposed:false
350 silly fetch manifest workbox-strategies@6.6.0
351 silly packumentCache full:https://registry.npmjs.org/workbox-strategies cache-miss
352 http fetch GET 200 https://registry.npmjs.org/workbox-streams 143ms (cache revalidated)
353 silly packumentCache full:https://registry.npmjs.org/workbox-streams set size:202432 disposed:false
354 silly fetch manifest @rollup/plugin-babel@^5.2.0
355 silly packumentCache full:https://registry.npmjs.org/@rollup%2fplugin-babel cache-miss
356 http fetch GET 200 https://registry.npmjs.org/source-map 158ms (cache revalidated)
357 silly packumentCache full:https://registry.npmjs.org/source-map set size:231637 disposed:false
358 silly fetch manifest rollup-plugin-terser@^7.0.0
359 silly packumentCache full:https://registry.npmjs.org/rollup-plugin-terser cache-miss
360 http fetch GET 200 https://registry.npmjs.org/workbox-routing 159ms (cache revalidated)
361 silly packumentCache full:https://registry.npmjs.org/workbox-routing set size:245361 disposed:false
362 silly fetch manifest @rollup/plugin-replace@^2.4.1
363 silly packumentCache full:https://registry.npmjs.org/@rollup%2fplugin-replace cache-miss
364 http fetch GET 200 https://registry.npmjs.org/@babel%2fpreset-env 169ms (cache revalidated)
365 silly packumentCache full:https://registry.npmjs.org/@babel%2fpreset-env set size:1208399 disposed:false
366 silly fetch manifest workbox-range-requests@6.6.0
367 silly packumentCache full:https://registry.npmjs.org/workbox-range-requests cache-miss
368 http fetch GET 200 https://registry.npmjs.org/rollup-plugin-terser 103ms (cache revalidated)
369 silly packumentCache full:https://registry.npmjs.org/rollup-plugin-terser set size:93631 disposed:false
370 silly fetch manifest workbox-background-sync@6.6.0
371 silly packumentCache full:https://registry.npmjs.org/workbox-background-sync cache-miss
372 http fetch GET 200 https://registry.npmjs.org/rollup 346ms (cache revalidated)
373 silly packumentCache full:https://registry.npmjs.org/rollup set size:6315915 disposed:false
374 silly fetch manifest workbox-broadcast-update@6.6.0
375 silly packumentCache full:https://registry.npmjs.org/workbox-broadcast-update cache-miss
376 http fetch GET 200 https://registry.npmjs.org/workbox-recipes 522ms (cache revalidated)
377 silly packumentCache full:https://registry.npmjs.org/workbox-recipes set size:86360 disposed:false
378 silly fetch manifest workbox-google-analytics@6.6.0
379 silly packumentCache full:https://registry.npmjs.org/workbox-google-analytics cache-miss
380 http fetch GET 200 https://registry.npmjs.org/tempy 535ms (cache revalidated)
381 silly packumentCache full:https://registry.npmjs.org/tempy set size:47063 disposed:false
382 silly fetch manifest @apideck/better-ajv-errors@^0.3.1
383 silly packumentCache full:https://registry.npmjs.org/@apideck%2fbetter-ajv-errors cache-miss
384 http fetch GET 200 https://registry.npmjs.org/strip-comments 532ms (cache revalidated)
385 silly packumentCache full:https://registry.npmjs.org/strip-comments set size:50316 disposed:false
386 silly fetch manifest workbox-cacheable-response@6.6.0
387 silly packumentCache full:https://registry.npmjs.org/workbox-cacheable-response cache-miss
388 http fetch GET 200 https://registry.npmjs.org/stringify-object 531ms (cache revalidated)
389 silly packumentCache full:https://registry.npmjs.org/stringify-object set size:62925 disposed:false
390 silly fetch manifest workbox-navigation-preload@6.6.0
391 silly packumentCache full:https://registry.npmjs.org/workbox-navigation-preload cache-miss
392 http fetch GET 200 https://registry.npmjs.org/workbox-sw 545ms (cache revalidated)
393 silly packumentCache full:https://registry.npmjs.org/workbox-sw set size:252158 disposed:false
394 silly fetch manifest @rollup/plugin-node-resolve@^11.2.1
395 silly packumentCache full:https://registry.npmjs.org/@rollup%2fplugin-node-resolve cache-miss
396 http fetch GET 200 https://registry.npmjs.org/workbox-precaching 536ms (cache revalidated)
397 silly packumentCache full:https://registry.npmjs.org/workbox-precaching set size:246005 disposed:false
398 silly fetch manifest @surma/rollup-plugin-off-main-thread@^2.2.3
399 silly packumentCache full:https://registry.npmjs.org/@surma%2frollup-plugin-off-main-thread cache-miss
400 http fetch GET 200 https://registry.npmjs.org/source-list-map 566ms (cache revalidated)
401 silly packumentCache full:https://registry.npmjs.org/source-list-map set size:26925 disposed:false
402 http fetch GET 200 https://registry.npmjs.org/workbox-expiration 547ms (cache revalidated)
403 silly packumentCache full:https://registry.npmjs.org/workbox-expiration set size:164714 disposed:false
404 http fetch GET 200 https://registry.npmjs.org/workbox-strategies 446ms (cache revalidated)
405 silly packumentCache full:https://registry.npmjs.org/workbox-strategies set size:224803 disposed:false
406 http fetch GET 200 https://registry.npmjs.org/@rollup%2fplugin-replace 393ms (cache revalidated)
407 silly packumentCache full:https://registry.npmjs.org/@rollup%2fplugin-replace set size:99018 disposed:false
408 http fetch GET 200 https://registry.npmjs.org/workbox-range-requests 375ms (cache revalidated)
409 silly packumentCache full:https://registry.npmjs.org/workbox-range-requests set size:241542 disposed:false
410 http fetch GET 200 https://registry.npmjs.org/@babel%2fcore 576ms (cache revalidated)
411 silly packumentCache full:https://registry.npmjs.org/@babel%2fcore set size:788273 disposed:false
412 http fetch GET 200 https://registry.npmjs.org/@rollup%2fplugin-babel 438ms (cache revalidated)
413 silly packumentCache full:https://registry.npmjs.org/@rollup%2fplugin-babel set size:95668 disposed:false
414 http fetch GET 200 https://registry.npmjs.org/workbox-background-sync 335ms (cache revalidated)
415 silly packumentCache full:https://registry.npmjs.org/workbox-background-sync set size:259699 disposed:false
416 http fetch GET 200 https://registry.npmjs.org/workbox-broadcast-update 210ms (cache revalidated)
417 silly packumentCache full:https://registry.npmjs.org/workbox-broadcast-update set size:168400 disposed:false
418 http fetch GET 200 https://registry.npmjs.org/workbox-google-analytics 162ms (cache revalidated)
419 silly packumentCache full:https://registry.npmjs.org/workbox-google-analytics set size:278816 disposed:false
420 http fetch GET 200 https://registry.npmjs.org/workbox-navigation-preload 157ms (cache revalidated)
421 silly packumentCache full:https://registry.npmjs.org/workbox-navigation-preload set size:197425 disposed:false
422 http fetch GET 200 https://registry.npmjs.org/workbox-cacheable-response 396ms (cache revalidated)
423 silly packumentCache full:https://registry.npmjs.org/workbox-cacheable-response set size:255175 disposed:false
424 http fetch GET 200 https://registry.npmjs.org/@rollup%2fplugin-node-resolve 514ms (cache revalidated)
425 silly packumentCache full:https://registry.npmjs.org/@rollup%2fplugin-node-resolve set size:210808 disposed:false
426 http fetch GET 200 https://registry.npmjs.org/@surma%2frollup-plugin-off-main-thread 569ms (cache revalidated)
427 silly packumentCache full:https://registry.npmjs.org/@surma%2frollup-plugin-off-main-thread set size:38427 disposed:false
428 http fetch GET 200 https://registry.npmjs.org/@apideck%2fbetter-ajv-errors 779ms (cache revalidated)
429 silly packumentCache full:https://registry.npmjs.org/@apideck%2fbetter-ajv-errors set size:74350 disposed:false
430 silly placeDep ROOT source-list-map@2.0.1 OK for: webpack-sources@1.4.3 want: ^2.0.0
431 silly placeDep ROOT @apideck/better-ajv-errors@0.3.7 OK for: workbox-build@6.6.0 want: ^0.3.1
432 silly placeDep ROOT @babel/core@7.29.7 OK for: workbox-build@6.6.0 want: ^7.11.1
433 silly placeDep ROOT @babel/preset-env@7.29.7 OK for: workbox-build@6.6.0 want: ^7.11.0
434 silly placeDep ROOT @rollup/plugin-babel@5.3.1 OK for: workbox-build@6.6.0 want: ^5.2.0
435 silly placeDep ROOT @rollup/plugin-node-resolve@11.2.1 OK for: workbox-build@6.6.0 want: ^11.2.1
436 silly placeDep ROOT @rollup/plugin-replace@2.4.2 OK for: workbox-build@6.6.0 want: ^2.4.1
437 silly placeDep ROOT @surma/rollup-plugin-off-main-thread@2.2.3 OK for: workbox-build@6.6.0 want: ^2.2.3
438 silly placeDep ROOT common-tags@1.8.2 OK for: workbox-build@6.6.0 want: ^1.8.0
439 silly placeDep node_modules/workbox-build glob@7.2.3 OK for: workbox-build@6.6.0 want: ^7.1.6
440 silly placeDep ROOT rollup@2.80.0 OK for: workbox-build@6.6.0 want: ^2.43.1
441 silly placeDep ROOT rollup-plugin-terser@7.0.2 OK for: workbox-build@6.6.0 want: ^7.0.0
442 silly placeDep node_modules/workbox-build source-map@0.8.0 OK for: workbox-build@6.6.0 want: ^0.8.0-beta.0
443 silly placeDep ROOT stringify-object@3.3.0 OK for: workbox-build@6.6.0 want: ^3.3.0
444 silly placeDep ROOT strip-comments@2.0.1 OK for: workbox-build@6.6.0 want: ^2.0.1
445 silly placeDep ROOT tempy@0.6.0 OK for: workbox-build@6.6.0 want: ^0.6.0
446 silly placeDep ROOT workbox-background-sync@6.6.0 OK for: workbox-build@6.6.0 want: 6.6.0
447 silly placeDep ROOT workbox-broadcast-update@6.6.0 OK for: workbox-build@6.6.0 want: 6.6.0
448 silly placeDep ROOT workbox-cacheable-response@6.6.0 OK for: workbox-build@6.6.0 want: 6.6.0
449 silly placeDep ROOT workbox-core@6.6.0 OK for: workbox-build@6.6.0 want: 6.6.0
450 silly placeDep ROOT workbox-expiration@6.6.0 OK for: workbox-build@6.6.0 want: 6.6.0
451 silly placeDep ROOT workbox-google-analytics@6.6.0 OK for: workbox-build@6.6.0 want: 6.6.0
452 silly placeDep ROOT workbox-navigation-preload@6.6.0 OK for: workbox-build@6.6.0 want: 6.6.0
453 silly placeDep ROOT workbox-precaching@6.6.0 OK for: workbox-build@6.6.0 want: 6.6.0
454 silly placeDep ROOT workbox-range-requests@6.6.0 OK for: workbox-build@6.6.0 want: 6.6.0
455 silly placeDep ROOT workbox-recipes@6.6.0 OK for: workbox-build@6.6.0 want: 6.6.0
456 silly placeDep ROOT workbox-routing@6.6.0 OK for: workbox-build@6.6.0 want: 6.6.0
457 silly placeDep ROOT workbox-strategies@6.6.0 OK for: workbox-build@6.6.0 want: 6.6.0
458 silly placeDep ROOT workbox-streams@6.6.0 OK for: workbox-build@6.6.0 want: 6.6.0
459 silly placeDep ROOT workbox-sw@6.6.0 OK for: workbox-build@6.6.0 want: 6.6.0
460 silly fetch manifest leven@^3.1.0
461 silly packumentCache full:https://registry.npmjs.org/leven cache-miss
462 silly fetch manifest jsonpointer@^5.0.1
463 silly packumentCache full:https://registry.npmjs.org/jsonpointer cache-miss
464 silly fetch manifest debug@^4.1.0
465 silly packumentCache full:https://registry.npmjs.org/debug cache-miss
466 silly fetch manifest semver@^6.3.1
467 silly packumentCache full:https://registry.npmjs.org/semver cache-miss
468 silly fetch manifest gensync@^1.0.0-beta.2
469 silly packumentCache full:https://registry.npmjs.org/gensync cache-miss
470 silly fetch manifest @babel/types@^7.29.7
471 silly packumentCache full:https://registry.npmjs.org/@babel%2ftypes cache-miss
472 silly fetch manifest @babel/parser@^7.29.7
473 silly packumentCache full:https://registry.npmjs.org/@babel%2fparser cache-miss
474 silly fetch manifest @babel/helpers@^7.29.7
475 silly packumentCache full:https://registry.npmjs.org/@babel%2fhelpers cache-miss
476 silly fetch manifest @babel/template@^7.29.7
477 silly packumentCache full:https://registry.npmjs.org/@babel%2ftemplate cache-miss
478 silly fetch manifest @babel/traverse@^7.29.7
479 silly packumentCache full:https://registry.npmjs.org/@babel%2ftraverse cache-miss
480 silly fetch manifest @babel/generator@^7.29.7
481 silly packumentCache full:https://registry.npmjs.org/@babel%2fgenerator cache-miss
482 silly fetch manifest @babel/code-frame@^7.29.7
483 silly packumentCache full:https://registry.npmjs.org/@babel%2fcode-frame cache-miss
484 silly fetch manifest convert-source-map@^2.0.0
485 silly packumentCache full:https://registry.npmjs.org/convert-source-map cache-miss
486 silly fetch manifest @jridgewell/remapping@^2.3.5
487 silly packumentCache full:https://registry.npmjs.org/@jridgewell%2fremapping cache-miss
488 silly fetch manifest @babel/helper-module-transforms@^7.29.7
489 silly packumentCache full:https://registry.npmjs.org/@babel%2fhelper-module-transforms cache-miss
490 http fetch GET 200 https://registry.npmjs.org/gensync 134ms (cache revalidated)
491 silly packumentCache full:https://registry.npmjs.org/gensync set size:15068 disposed:false
492 silly fetch manifest @babel/helper-compilation-targets@^7.29.7
493 silly packumentCache full:https://registry.npmjs.org/@babel%2fhelper-compilation-targets cache-miss
494 http fetch GET 200 https://registry.npmjs.org/semver 144ms (cache revalidated)
495 silly packumentCache full:https://registry.npmjs.org/semver set size:246069 disposed:false
496 silly fetch manifest core-js-compat@^3.48.0
497 silly packumentCache full:https://registry.npmjs.org/core-js-compat cache-miss
498 http fetch GET 200 https://registry.npmjs.org/@babel%2fparser 174ms (cache revalidated)
499 silly packumentCache full:https://registry.npmjs.org/@babel%2fparser set size:737961 disposed:false
500 silly fetch manifest @babel/compat-data@^7.29.7
501 silly packumentCache full:https://registry.npmjs.org/@babel%2fcompat-data cache-miss
502 http fetch GET 200 https://registry.npmjs.org/@babel%2fcode-frame 177ms (cache revalidated)
503 silly packumentCache full:https://registry.npmjs.org/@babel%2fcode-frame set size:206617 disposed:false
504 silly fetch manifest @babel/preset-modules@0.1.6-no-external-plugins
505 silly packumentCache full:https://registry.npmjs.org/@babel%2fpreset-modules cache-miss
506 http fetch GET 200 https://registry.npmjs.org/@babel%2ftypes 198ms (cache revalidated)
507 silly packumentCache full:https://registry.npmjs.org/@babel%2ftypes set size:502938 disposed:false
508 silly fetch manifest @babel/helper-plugin-utils@^7.29.7
509 silly packumentCache full:https://registry.npmjs.org/@babel%2fhelper-plugin-utils cache-miss
510 http fetch GET 200 https://registry.npmjs.org/debug 215ms (cache revalidated)
511 silly packumentCache full:https://registry.npmjs.org/debug set size:195840 disposed:false
512 silly fetch manifest babel-plugin-polyfill-corejs2@^0.4.15
513 silly packumentCache full:https://registry.npmjs.org/babel-plugin-polyfill-corejs2 cache-miss
514 http fetch GET 200 https://registry.npmjs.org/@babel%2fgenerator 207ms (cache revalidated)
515 silly packumentCache full:https://registry.npmjs.org/@babel%2fgenerator set size:522841 disposed:false
516 silly fetch manifest babel-plugin-polyfill-corejs3@^0.14.0
517 silly packumentCache full:https://registry.npmjs.org/babel-plugin-polyfill-corejs3 cache-miss
518 http fetch GET 200 https://registry.npmjs.org/@babel%2fhelpers 428ms (cache revalidated)
519 silly packumentCache full:https://registry.npmjs.org/@babel%2fhelpers set size:398496 disposed:false
520 silly fetch manifest @babel/helper-validator-option@^7.29.7
521 silly packumentCache full:https://registry.npmjs.org/@babel%2fhelper-validator-option cache-miss
522 http fetch GET 200 https://registry.npmjs.org/@babel%2fhelper-module-transforms 434ms (cache revalidated)
523 silly packumentCache full:https://registry.npmjs.org/@babel%2fhelper-module-transforms set size:346454 disposed:false
524 silly fetch manifest @babel/plugin-transform-for-of@^7.29.7
525 silly packumentCache full:https://registry.npmjs.org/@babel%2fplugin-transform-for-of cache-miss
526 http fetch GET 200 https://registry.npmjs.org/jsonpointer 478ms (cache revalidated)
527 silly packumentCache full:https://registry.npmjs.org/jsonpointer set size:22257 disposed:false
528 silly fetch manifest @babel/plugin-transform-spread@^7.29.7
529 silly packumentCache full:https://registry.npmjs.org/@babel%2fplugin-transform-spread cache-miss
530 http fetch GET 200 https://registry.npmjs.org/convert-source-map 460ms (cache revalidated)
531 silly packumentCache full:https://registry.npmjs.org/convert-source-map set size:66997 disposed:false
532 silly fetch manifest @babel/plugin-transform-classes@^7.29.7
533 silly packumentCache full:https://registry.npmjs.org/@babel%2fplugin-transform-classes cache-miss
534 http fetch GET 200 https://registry.npmjs.org/leven 487ms (cache revalidated)
535 silly packumentCache full:https://registry.npmjs.org/leven set size:23210 disposed:false
536 silly fetch manifest @babel/plugin-transform-literals@^7.29.7
537 silly packumentCache full:https://registry.npmjs.org/@babel%2fplugin-transform-literals cache-miss
538 http fetch GET 200 https://registry.npmjs.org/@babel%2ftemplate 472ms (cache revalidated)
539 silly packumentCache full:https://registry.npmjs.org/@babel%2ftemplate set size:237074 disposed:false
540 silly fetch manifest @babel/helper-compilation-targets@^7.29.7
541 silly packumentCache full:https://registry.npmjs.org/@babel%2fhelper-compilation-targets cache-miss
542 http fetch GET 200 https://registry.npmjs.org/@babel%2ftraverse 480ms (cache revalidated)
543 silly packumentCache full:https://registry.npmjs.org/@babel%2ftraverse set size:564759 disposed:false
544 silly fetch manifest babel-plugin-polyfill-regenerator@^0.6.6
545 silly packumentCache full:https://registry.npmjs.org/babel-plugin-polyfill-regenerator cache-miss
546 http fetch GET 200 https://registry.npmjs.org/core-js-compat 362ms (cache revalidated)
547 silly packumentCache full:https://registry.npmjs.org/core-js-compat set size:347525 disposed:false
548 silly fetch manifest @babel/plugin-transform-new-target@^7.29.7
549 silly packumentCache full:https://registry.npmjs.org/@babel%2fplugin-transform-new-target cache-miss
550 http fetch GET 200 https://registry.npmjs.org/@babel%2fhelper-compilation-targets 389ms (cache revalidated)
551 silly packumentCache full:https://registry.npmjs.org/@babel%2fhelper-compilation-targets set size:229541 disposed:false
552 silly fetch manifest @babel/plugin-transform-parameters@^7.29.7
553 silly packumentCache full:https://registry.npmjs.org/@babel%2fplugin-transform-parameters cache-miss
554 http fetch GET 200 https://registry.npmjs.org/babel-plugin-polyfill-corejs2 319ms (cache revalidated)
555 silly packumentCache full:https://registry.npmjs.org/babel-plugin-polyfill-corejs2 set size:116417 disposed:false
556 silly fetch manifest @babel/plugin-transform-modules-amd@^7.29.7
557 silly packumentCache full:https://registry.npmjs.org/@babel%2fplugin-transform-modules-amd cache-miss
558 http fetch GET 200 https://registry.npmjs.org/@babel%2fcompat-data 353ms (cache revalidated)
559 silly packumentCache full:https://registry.npmjs.org/@babel%2fcompat-data set size:318807 disposed:false
560 silly fetch manifest @babel/plugin-transform-modules-umd@^7.29.7
561 silly packumentCache full:https://registry.npmjs.org/@babel%2fplugin-transform-modules-umd cache-miss
562 http fetch GET 200 https://registry.npmjs.org/babel-plugin-polyfill-corejs3 324ms (cache revalidated)
563 silly packumentCache full:https://registry.npmjs.org/babel-plugin-polyfill-corejs3 set size:154739 disposed:false
564 silly fetch manifest @babel/plugin-transform-regenerator@^7.29.7
565 silly packumentCache full:https://registry.npmjs.org/@babel%2fplugin-transform-regenerator cache-miss
566 http fetch GET 200 https://registry.npmjs.org/@jridgewell%2fremapping 605ms (cache revalidated)
567 silly packumentCache full:https://registry.npmjs.org/@jridgewell%2fremapping set size:23809 disposed:false
568 silly fetch manifest @babel/plugin-transform-dotall-regex@^7.29.7
569 silly packumentCache full:https://registry.npmjs.org/@babel%2fplugin-transform-dotall-regex cache-miss
570 http fetch GET 200 https://registry.npmjs.org/@babel%2fhelper-validator-option 178ms (cache revalidated)
571 silly packumentCache full:https://registry.npmjs.org/@babel%2fhelper-validator-option set size:101303 disposed:false
572 silly fetch manifest @babel/plugin-transform-json-strings@^7.29.7
573 silly packumentCache full:https://registry.npmjs.org/@babel%2fplugin-transform-json-strings cache-miss
574 http fetch GET 200 https://registry.npmjs.org/@babel%2fplugin-transform-for-of 180ms (cache revalidated)
575 silly packumentCache full:https://registry.npmjs.org/@babel%2fplugin-transform-for-of set size:245976 disposed:false
576 silly fetch manifest @babel/plugin-transform-object-super@^7.29.7
577 silly packumentCache full:https://registry.npmjs.org/@babel%2fplugin-transform-object-super cache-miss
578 http fetch GET 200 https://registry.npmjs.org/babel-plugin-polyfill-regenerator 161ms (cache revalidated)
579 silly packumentCache full:https://registry.npmjs.org/babel-plugin-polyfill-regenerator set size:101432 disposed:false
580 silly fetch manifest @babel/plugin-transform-sticky-regex@^7.29.7
581 silly packumentCache full:https://registry.npmjs.org/@babel%2fplugin-transform-sticky-regex cache-miss
582 http fetch GET 200 https://registry.npmjs.org/@babel%2fplugin-transform-spread 195ms (cache revalidated)
583 silly packumentCache full:https://registry.npmjs.org/@babel%2fplugin-transform-spread set size:235089 disposed:false
584 silly fetch manifest @babel/plugin-transform-block-scoping@^7.29.7
585 silly packumentCache full:https://registry.npmjs.org/@babel%2fplugin-transform-block-scoping cache-miss
586 http fetch GET 200 https://registry.npmjs.org/@babel%2fhelper-compilation-targets 198ms (cache revalidated)
587 silly packumentCache full:https://registry.npmjs.org/@babel%2fhelper-compilation-targets set size:229541 disposed:false
588 silly packumentCache full:https://registry.npmjs.org/@babel%2fhelper-compilation-targets dispose
589 silly fetch manifest @babel/plugin-transform-destructuring@^7.29.7
590 silly packumentCache full:https://registry.npmjs.org/@babel%2fplugin-transform-destructuring cache-miss
591 http fetch GET 200 https://registry.npmjs.org/@babel%2fplugin-transform-literals 214ms (cache revalidated)
592 silly packumentCache full:https://registry.npmjs.org/@babel%2fplugin-transform-literals set size:208174 disposed:false
593 silly fetch manifest @babel/plugin-transform-function-name@^7.29.7
594 silly packumentCache full:https://registry.npmjs.org/@babel%2fplugin-transform-function-name cache-miss
595 http fetch GET 200 https://registry.npmjs.org/@babel%2fplugin-transform-parameters 171ms (cache revalidated)
596 silly packumentCache full:https://registry.npmjs.org/@babel%2fplugin-transform-parameters set size:282283 disposed:false
597 silly fetch manifest @babel/plugin-transform-typeof-symbol@^7.29.7
598 silly packumentCache full:https://registry.npmjs.org/@babel%2fplugin-transform-typeof-symbol cache-miss
599 http fetch GET 200 https://registry.npmjs.org/@babel%2fplugin-transform-new-target 187ms (cache revalidated)
600 silly packumentCache full:https://registry.npmjs.org/@babel%2fplugin-transform-new-target set size:223955 disposed:false
601 silly fetch manifest @babel/plugin-transform-unicode-regex@^7.29.7
602 silly packumentCache full:https://registry.npmjs.org/@babel%2fplugin-transform-unicode-regex cache-miss
603 http fetch GET 200 https://registry.npmjs.org/@babel%2fplugin-transform-modules-amd 178ms (cache revalidated)
604 silly packumentCache full:https://registry.npmjs.org/@babel%2fplugin-transform-modules-amd set size:251887 disposed:false
605 silly fetch manifest @babel/plugin-syntax-import-assertions@^7.29.7
606 silly packumentCache full:https://registry.npmjs.org/@babel%2fplugin-syntax-import-assertions cache-miss
607 http fetch GET 200 https://registry.npmjs.org/@babel%2fplugin-transform-modules-umd 176ms (cache revalidated)
608 silly packumentCache full:https://registry.npmjs.org/@babel%2fplugin-transform-modules-umd set size:229204 disposed:false
609 silly fetch manifest @babel/plugin-syntax-import-attributes@^7.29.7
610 silly packumentCache full:https://registry.npmjs.org/@babel%2fplugin-syntax-import-attributes cache-miss
611 http fetch GET 200 https://registry.npmjs.org/@babel%2fplugin-transform-regenerator 189ms (cache revalidated)
612 silly packumentCache full:https://registry.npmjs.org/@babel%2fplugin-transform-regenerator set size:285870 disposed:false
613 silly fetch manifest @babel/plugin-transform-duplicate-keys@^7.29.7
614 silly packumentCache full:https://registry.npmjs.org/@babel%2fplugin-transform-duplicate-keys cache-miss
615 http fetch GET 200 https://registry.npmjs.org/@babel%2fhelper-plugin-utils 554ms (cache revalidated)
616 silly packumentCache full:https://registry.npmjs.org/@babel%2fhelper-plugin-utils set size:175564 disposed:false
617 silly fetch manifest @babel/plugin-transform-dynamic-import@^7.29.7
618 silly packumentCache full:https://registry.npmjs.org/@babel%2fplugin-transform-dynamic-import cache-miss
619 http fetch GET 200 https://registry.npmjs.org/@babel%2fpreset-modules 579ms (cache revalidated)
620 silly packumentCache full:https://registry.npmjs.org/@babel%2fpreset-modules set size:48319 disposed:false
621 silly fetch manifest @babel/plugin-transform-reserved-words@^7.29.7
622 silly packumentCache full:https://registry.npmjs.org/@babel%2fplugin-transform-reserved-words cache-miss
623 http fetch GET 200 https://registry.npmjs.org/@babel%2fplugin-transform-dotall-regex 195ms (cache revalidated)
624 silly packumentCache full:https://registry.npmjs.org/@babel%2fplugin-transform-dotall-regex set size:227251 disposed:false
625 silly fetch manifest @babel/plugin-syntax-unicode-sets-regex@^7.18.6
626 silly packumentCache full:https://registry.npmjs.org/@babel%2fplugin-syntax-unicode-sets-regex cache-miss
627 http fetch GET 200 https://registry.npmjs.org/@babel%2fplugin-transform-json-strings 202ms (cache revalidated)
628 silly packumentCache full:https://registry.npmjs.org/@babel%2fplugin-transform-json-strings set size:93749 disposed:false
629 silly fetch manifest @babel/plugin-transform-arrow-functions@^7.29.7
630 silly packumentCache full:https://registry.npmjs.org/@babel%2fplugin-transform-arrow-functions cache-miss
631 http fetch GET 200 https://registry.npmjs.org/@babel%2fplugin-transform-object-super 192ms (cache revalidated)
632 silly packumentCache full:https://registry.npmjs.org/@babel%2fplugin-transform-object-super set size:212051 disposed:false
633 silly fetch manifest @babel/plugin-transform-private-methods@^7.29.7
634 silly packumentCache full:https://registry.npmjs.org/@babel%2fplugin-transform-private-methods cache-miss
635 http fetch GET 200 https://registry.npmjs.org/@babel%2fplugin-transform-block-scoping 189ms (cache revalidated)
636 silly packumentCache full:https://registry.npmjs.org/@babel%2fplugin-transform-block-scoping set size:325996 disposed:false
637 silly fetch manifest @babel/plugin-transform-unicode-escapes@^7.29.7
638 silly packumentCache full:https://registry.npmjs.org/@babel%2fplugin-transform-unicode-escapes cache-miss
639 http fetch GET 200 https://registry.npmjs.org/@babel%2fplugin-transform-destructuring 194ms (cache revalidated)
640 silly packumentCache full:https://registry.npmjs.org/@babel%2fplugin-transform-destructuring set size:301661 disposed:false
641 silly fetch manifest @babel/plugin-transform-class-properties@^7.29.7
642 silly packumentCache full:https://registry.npmjs.org/@babel%2fplugin-transform-class-properties cache-miss
643 http fetch GET 200 https://registry.npmjs.org/@babel%2fplugin-transform-typeof-symbol 188ms (cache revalidated)
644 silly packumentCache full:https://registry.npmjs.org/@babel%2fplugin-transform-typeof-symbol set size:236474 disposed:false
645 silly fetch manifest @babel/plugin-transform-modules-commonjs@^7.29.7
646 silly packumentCache full:https://registry.npmjs.org/@babel%2fplugin-transform-modules-commonjs cache-miss
647 http fetch GET 200 https://registry.npmjs.org/@babel%2fplugin-transform-sticky-regex 237ms (cache revalidated)
648 silly packumentCache full:https://registry.npmjs.org/@babel%2fplugin-transform-sticky-regex set size:207729 disposed:false
649 silly fetch manifest @babel/plugin-transform-modules-systemjs@^7.29.7
650 silly packumentCache full:https://registry.npmjs.org/@babel%2fplugin-transform-modules-systemjs cache-miss
651 http fetch GET 200 https://registry.npmjs.org/@babel%2fplugin-transform-classes 440ms (cache revalidated)
652 silly packumentCache full:https://registry.npmjs.org/@babel%2fplugin-transform-classes set size:340016 disposed:false
653 silly fetch manifest @babel/plugin-transform-regexp-modifiers@^7.29.7
654 silly packumentCache full:https://registry.npmjs.org/@babel%2fplugin-transform-regexp-modifiers cache-miss
655 http fetch GET 200 https://registry.npmjs.org/@babel%2fplugin-transform-unicode-regex 211ms (cache revalidated)
656 silly packumentCache full:https://registry.npmjs.org/@babel%2fplugin-transform-unicode-regex set size:220918 disposed:false
657 silly fetch manifest @babel/plugin-transform-numeric-separator@^7.29.7
658 silly packumentCache full:https://registry.npmjs.org/@babel%2fplugin-transform-numeric-separator cache-miss
659 http fetch GET 200 https://registry.npmjs.org/@babel%2fplugin-syntax-import-attributes 205ms (cache revalidated)
660 silly packumentCache full:https://registry.npmjs.org/@babel%2fplugin-syntax-import-attributes set size:73361 disposed:false
661 silly fetch manifest @babel/plugin-transform-optional-chaining@^7.29.7
662 silly packumentCache full:https://registry.npmjs.org/@babel%2fplugin-transform-optional-chaining cache-miss
663 http fetch GET 200 https://registry.npmjs.org/@babel%2fplugin-transform-function-name 240ms (cache revalidated)
664 silly packumentCache full:https://registry.npmjs.org/@babel%2fplugin-transform-function-name set size:230266 disposed:false
665 silly fetch manifest @babel/plugin-transform-property-literals@^7.29.7
666 silly packumentCache full:https://registry.npmjs.org/@babel%2fplugin-transform-property-literals cache-miss
667 http fetch GET 200 https://registry.npmjs.org/@babel%2fplugin-transform-dynamic-import 189ms (cache revalidated)
668 silly packumentCache full:https://registry.npmjs.org/@babel%2fplugin-transform-dynamic-import set size:86720 disposed:false
669 silly fetch manifest @babel/plugin-transform-template-literals@^7.29.7
670 silly packumentCache full:https://registry.npmjs.org/@babel%2fplugin-transform-template-literals cache-miss
671 http fetch GET 200 https://registry.npmjs.org/@babel%2fplugin-transform-reserved-words 189ms (cache revalidated)
672 silly packumentCache full:https://registry.npmjs.org/@babel%2fplugin-transform-reserved-words set size:205700 disposed:false
673 silly fetch manifest @babel/plugin-transform-async-to-generator@^7.29.7
674 silly packumentCache full:https://registry.npmjs.org/@babel%2fplugin-transform-async-to-generator cache-miss
675 http fetch GET 200 https://registry.npmjs.org/@babel%2fplugin-transform-duplicate-keys 221ms (cache revalidated)
676 silly packumentCache full:https://registry.npmjs.org/@babel%2fplugin-transform-duplicate-keys set size:212905 disposed:false
677 silly fetch manifest @babel/plugin-transform-class-static-block@^7.29.7
678 silly packumentCache full:https://registry.npmjs.org/@babel%2fplugin-transform-class-static-block cache-miss
679 http fetch GET 200 https://registry.npmjs.org/@babel%2fplugin-transform-private-methods 146ms (cache revalidated)
680 silly packumentCache full:https://registry.npmjs.org/@babel%2fplugin-transform-private-methods set size:91777 disposed:false
681 silly fetch manifest @babel/plugin-transform-object-rest-spread@^7.29.7
682 silly packumentCache full:https://registry.npmjs.org/@babel%2fplugin-transform-object-rest-spread cache-miss
683 http fetch GET 200 https://registry.npmjs.org/@babel%2fplugin-transform-arrow-functions 175ms (cache revalidated)
684 silly packumentCache full:https://registry.npmjs.org/@babel%2fplugin-transform-arrow-functions set size:219087 disposed:false
685 silly fetch manifest @babel/plugin-transform-unicode-sets-regex@^7.29.7
686 silly packumentCache full:https://registry.npmjs.org/@babel%2fplugin-transform-unicode-sets-regex cache-miss
687 http fetch GET 200 https://registry.npmjs.org/@babel%2fplugin-syntax-unicode-sets-regex 190ms (cache revalidated)
688 silly packumentCache full:https://registry.npmjs.org/@babel%2fplugin-syntax-unicode-sets-regex set size:22903 disposed:false
689 silly fetch manifest @babel/plugin-transform-computed-properties@^7.29.7
690 silly packumentCache full:https://registry.npmjs.org/@babel%2fplugin-transform-computed-properties cache-miss
691 http fetch GET 200 https://registry.npmjs.org/@babel%2fplugin-transform-unicode-escapes 189ms (cache revalidated)
692 silly packumentCache full:https://registry.npmjs.org/@babel%2fplugin-transform-unicode-escapes set size:130171 disposed:false
693 silly fetch manifest @babel/plugin-transform-shorthand-properties@^7.29.7
694 silly packumentCache full:https://registry.npmjs.org/@babel%2fplugin-transform-shorthand-properties cache-miss
695 http fetch GET 200 https://registry.npmjs.org/@babel%2fplugin-transform-class-properties 172ms (cache revalidated)
696 silly packumentCache full:https://registry.npmjs.org/@babel%2fplugin-transform-class-properties set size:95240 disposed:false
697 silly fetch manifest @babel/plugin-transform-export-namespace-from@^7.29.7
698 silly packumentCache full:https://registry.npmjs.org/@babel%2fplugin-transform-export-namespace-from cache-miss
699 http fetch GET 200 https://registry.npmjs.org/@babel%2fplugin-transform-modules-systemjs 165ms (cache revalidated)
700 silly packumentCache full:https://registry.npmjs.org/@babel%2fplugin-transform-modules-systemjs set size:313373 disposed:false
701 silly fetch manifest @babel/plugin-transform-block-scoped-functions@^7.29.7
702 silly packumentCache full:https://registry.npmjs.org/@babel%2fplugin-transform-block-scoped-functions cache-miss
703 http fetch GET 200 https://registry.npmjs.org/@babel%2fplugin-transform-regexp-modifiers 162ms (cache revalidated)
704 silly packumentCache full:https://registry.npmjs.org/@babel%2fplugin-transform-regexp-modifiers set size:49555 disposed:false
705 silly fetch manifest @babel/plugin-transform-optional-catch-binding@^7.29.7
706 silly packumentCache full:https://registry.npmjs.org/@babel%2fplugin-transform-optional-catch-binding cache-miss
707 http fetch GET 200 https://registry.npmjs.org/@babel%2fplugin-transform-numeric-separator 176ms (cache revalidated)
708 silly packumentCache full:https://registry.npmjs.org/@babel%2fplugin-transform-numeric-separator set size:98143 disposed:false
709 silly fetch manifest @babel/plugin-transform-unicode-property-regex@^7.29.7
710 silly packumentCache full:https://registry.npmjs.org/@babel%2fplugin-transform-unicode-property-regex cache-miss
711 http fetch GET 200 https://registry.npmjs.org/@babel%2fplugin-syntax-import-assertions 400ms (cache revalidated)
712 silly packumentCache full:https://registry.npmjs.org/@babel%2fplugin-syntax-import-assertions set size:105198 disposed:false
713 silly fetch manifest @babel/plugin-transform-exponentiation-operator@^7.29.7
714 silly packumentCache full:https://registry.npmjs.org/@babel%2fplugin-transform-exponentiation-operator cache-miss
715 http fetch GET 200 https://registry.npmjs.org/@babel%2fplugin-transform-property-literals 180ms (cache revalidated)
716 silly packumentCache full:https://registry.npmjs.org/@babel%2fplugin-transform-property-literals set size:206816 disposed:false
717 silly fetch manifest @babel/plugin-proposal-private-property-in-object@7.21.0-placeholder-for-preset-env.2
718 silly packumentCache full:https://registry.npmjs.org/@babel%2fplugin-proposal-private-property-in-object cache-miss
719 http fetch GET 200 https://registry.npmjs.org/@babel%2fplugin-transform-optional-chaining 348ms (cache revalidated)
720 silly packumentCache full:https://registry.npmjs.org/@babel%2fplugin-transform-optional-chaining set size:118753 disposed:false
721 silly fetch manifest @babel/plugin-transform-async-generator-functions@^7.29.7
722 silly packumentCache full:https://registry.npmjs.org/@babel%2fplugin-transform-async-generator-functions cache-miss
723 http fetch GET 200 https://registry.npmjs.org/@babel%2fplugin-transform-object-rest-spread 300ms (cache revalidated)
724 silly packumentCache full:https://registry.npmjs.org/@babel%2fplugin-transform-object-rest-spread set size:118192 disposed:false
725 silly fetch manifest @babel/plugin-transform-member-expression-literals@^7.29.7
726 silly packumentCache full:https://registry.npmjs.org/@babel%2fplugin-transform-member-expression-literals cache-miss
727 http fetch GET 200 https://registry.npmjs.org/@babel%2fplugin-transform-template-literals 334ms (cache revalidated)
728 silly packumentCache full:https://registry.npmjs.org/@babel%2fplugin-transform-template-literals set size:229628 disposed:false
729 silly fetch manifest @babel/plugin-transform-private-property-in-object@^7.29.7
730 silly packumentCache full:https://registry.npmjs.org/@babel%2fplugin-transform-private-property-in-object cache-miss
731 http fetch GET 200 https://registry.npmjs.org/@babel%2fplugin-transform-async-to-generator 334ms (cache revalidated)
732 silly packumentCache full:https://registry.npmjs.org/@babel%2fplugin-transform-async-to-generator set size:248954 disposed:false
733 silly fetch manifest @babel/plugin-transform-nullish-coalescing-operator@^7.29.7
734 silly packumentCache full:https://registry.npmjs.org/@babel%2fplugin-transform-nullish-coalescing-operator cache-miss
735 http fetch GET 200 https://registry.npmjs.org/@babel%2fplugin-transform-shorthand-properties 278ms (cache revalidated)
736 silly packumentCache full:https://registry.npmjs.org/@babel%2fplugin-transform-shorthand-properties set size:207024 disposed:false
737 silly fetch manifest @babel/plugin-transform-explicit-resource-management@^7.29.7
738 silly packumentCache full:https://registry.npmjs.org/@babel%2fplugin-transform-explicit-resource-management cache-miss
739 http fetch GET 200 https://registry.npmjs.org/@babel%2fplugin-transform-export-namespace-from 285ms (cache revalidated)
740 silly packumentCache full:https://registry.npmjs.org/@babel%2fplugin-transform-export-namespace-from set size:93020 disposed:false
741 silly fetch manifest @babel/plugin-transform-logical-assignment-operators@^7.29.7
742 silly packumentCache full:https://registry.npmjs.org/@babel%2fplugin-transform-logical-assignment-operators cache-miss
743 http fetch GET 200 https://registry.npmjs.org/@babel%2fplugin-transform-computed-properties 338ms (cache revalidated)
744 silly packumentCache full:https://registry.npmjs.org/@babel%2fplugin-transform-computed-properties set size:226557 disposed:false
745 silly fetch manifest @babel/plugin-transform-named-capturing-groups-regex@^7.29.7
746 silly packumentCache full:https://registry.npmjs.org/@babel%2fplugin-transform-named-capturing-groups-regex cache-miss
747 http fetch GET 200 https://registry.npmjs.org/@babel%2fplugin-transform-optional-catch-binding 281ms (cache revalidated)
748 silly packumentCache full:https://registry.npmjs.org/@babel%2fplugin-transform-optional-catch-binding set size:95205 disposed:false
749 silly fetch manifest @babel/plugin-bugfix-firefox-class-in-computed-class-key@^7.29.7
750 silly packumentCache full:https://registry.npmjs.org/@babel%2fplugin-bugfix-firefox-class-in-computed-class-key cache-miss
751 http fetch GET 200 https://registry.npmjs.org/@babel%2fplugin-transform-block-scoped-functions 295ms (cache revalidated)
752 silly packumentCache full:https://registry.npmjs.org/@babel%2fplugin-transform-block-scoped-functions set size:213583 disposed:false
753 silly fetch manifest @babel/plugin-bugfix-safari-rest-destructuring-rhs-array@^7.29.7
754 silly packumentCache full:https://registry.npmjs.org/@babel%2fplugin-bugfix-safari-rest-destructuring-rhs-array cache-miss
755 http fetch GET 200 https://registry.npmjs.org/@babel%2fplugin-proposal-private-property-in-object 252ms (cache revalidated)
756 silly packumentCache full:https://registry.npmjs.org/@babel%2fplugin-proposal-private-property-in-object set size:80252 disposed:false
757 silly fetch manifest @babel/plugin-bugfix-safari-class-field-initializer-scope@^7.29.7
758 silly packumentCache full:https://registry.npmjs.org/@babel%2fplugin-bugfix-safari-class-field-initializer-scope cache-miss
759 http fetch GET 200 https://registry.npmjs.org/@babel%2fplugin-transform-exponentiation-operator 264ms (cache revalidated)
760 silly packumentCache full:https://registry.npmjs.org/@babel%2fplugin-transform-exponentiation-operator set size:223562 disposed:false
761 silly fetch manifest @babel/plugin-bugfix-v8-static-class-fields-redefine-readonly@^7.29.7
762 silly packumentCache full:https://registry.npmjs.org/@babel%2fplugin-bugfix-v8-static-class-fields-redefine-readonly cache-miss
763 http fetch GET 200 https://registry.npmjs.org/@babel%2fplugin-transform-modules-commonjs 494ms (cache revalidated)
764 silly packumentCache full:https://registry.npmjs.org/@babel%2fplugin-transform-modules-commonjs set size:313445 disposed:false
765 silly fetch manifest @babel/plugin-bugfix-v8-spread-parameters-in-optional-chaining@^7.29.7
766 silly packumentCache full:https://registry.npmjs.org/@babel%2fplugin-bugfix-v8-spread-parameters-in-optional-chaining cache-miss
767 http fetch GET 200 https://registry.npmjs.org/@babel%2fplugin-transform-class-static-block 446ms (cache revalidated)
768 silly packumentCache full:https://registry.npmjs.org/@babel%2fplugin-transform-class-static-block set size:109709 disposed:false
769 silly fetch manifest @babel/plugin-transform-duplicate-named-capturing-groups-regex@^7.29.7
770 silly packumentCache full:https://registry.npmjs.org/@babel%2fplugin-transform-duplicate-named-capturing-groups-regex cache-miss
771 http fetch GET 200 https://registry.npmjs.org/@babel%2fplugin-transform-unicode-sets-regex 417ms (cache revalidated)
772 silly packumentCache full:https://registry.npmjs.org/@babel%2fplugin-transform-unicode-sets-regex set size:100754 disposed:false
773 silly fetch manifest @babel/plugin-bugfix-safari-id-destructuring-collision-in-function-expression@^7.29.7
774 silly packumentCache full:https://registry.npmjs.org/@babel%2fplugin-bugfix-safari-id-destructuring-collision-in-function-expression cache-miss
775 http fetch GET 200 https://registry.npmjs.org/@babel%2fplugin-transform-async-generator-functions 201ms (cache revalidated)
776 silly packumentCache full:https://registry.npmjs.org/@babel%2fplugin-transform-async-generator-functions set size:130193 disposed:false
777 silly fetch manifest @rollup/pluginutils@^3.1.0
778 silly packumentCache full:https://registry.npmjs.org/@rollup%2fpluginutils cache-miss
779 http fetch GET 200 https://registry.npmjs.org/@babel%2fplugin-transform-member-expression-literals 202ms (cache revalidated)
780 silly packumentCache full:https://registry.npmjs.org/@babel%2fplugin-transform-member-expression-literals set size:212029 disposed:false
781 silly fetch manifest @babel/helper-module-imports@^7.10.4
782 silly packumentCache full:https://registry.npmjs.org/@babel%2fhelper-module-imports cache-miss
783 http fetch GET 200 https://registry.npmjs.org/@babel%2fplugin-transform-explicit-resource-management 167ms (cache revalidated)
784 silly packumentCache full:https://registry.npmjs.org/@babel%2fplugin-transform-explicit-resource-management set size:37467 disposed:false
785 silly fetch manifest deepmerge@^4.2.2
786 silly packumentCache full:https://registry.npmjs.org/deepmerge cache-miss
787 http fetch GET 200 https://registry.npmjs.org/@babel%2fplugin-bugfix-firefox-class-in-computed-class-key 151ms (cache revalidated)
788 silly packumentCache full:https://registry.npmjs.org/@babel%2fplugin-bugfix-firefox-class-in-computed-class-key set size:79029 disposed:false
789 silly fetch manifest is-module@^1.0.0
790 silly packumentCache full:https://registry.npmjs.org/is-module cache-miss
791 http fetch GET 200 https://registry.npmjs.org/@babel%2fplugin-bugfix-safari-rest-destructuring-rhs-array 147ms (cache revalidated)
792 silly packumentCache full:https://registry.npmjs.org/@babel%2fplugin-bugfix-safari-rest-destructuring-rhs-array set size:22101 disposed:false
793 silly fetch manifest @types/resolve@1.17.1
794 silly packumentCache full:https://registry.npmjs.org/@types%2fresolve cache-miss
795 http fetch GET 200 https://registry.npmjs.org/@babel%2fplugin-bugfix-v8-spread-parameters-in-optional-chaining 127ms (cache revalidated)
796 silly packumentCache full:https://registry.npmjs.org/@babel%2fplugin-bugfix-v8-spread-parameters-in-optional-chaining set size:149391 disposed:false
797 silly fetch manifest builtin-modules@^3.1.0
798 silly packumentCache full:https://registry.npmjs.org/builtin-modules cache-miss
799 http fetch GET 200 https://registry.npmjs.org/@babel%2fplugin-transform-duplicate-named-capturing-groups-regex 124ms (cache revalidated)
800 silly packumentCache full:https://registry.npmjs.org/@babel%2fplugin-transform-duplicate-named-capturing-groups-regex set size:64692 disposed:false
801 silly fetch manifest @rollup/pluginutils@^3.1.0
802 silly packumentCache full:https://registry.npmjs.org/@rollup%2fpluginutils cache-miss
803 http fetch GET 200 https://registry.npmjs.org/@babel%2fplugin-bugfix-v8-static-class-fields-redefine-readonly 168ms (cache revalidated)
804 silly packumentCache full:https://registry.npmjs.org/@babel%2fplugin-bugfix-v8-static-class-fields-redefine-readonly set size:88719 disposed:false
805 silly fetch manifest magic-string@^0.25.7
806 silly packumentCache full:https://registry.npmjs.org/magic-string cache-miss
807 http fetch GET 200 https://registry.npmjs.org/@babel%2fplugin-bugfix-safari-id-destructuring-collision-in-function-expression 128ms (cache revalidated)
808 silly packumentCache full:https://registry.npmjs.org/@babel%2fplugin-bugfix-safari-id-destructuring-collision-in-function-expression set size:134410 disposed:false
809 silly fetch manifest @rollup/pluginutils@^3.1.0
810 silly packumentCache full:https://registry.npmjs.org/@rollup%2fpluginutils cache-miss
811 http fetch GET 200 https://registry.npmjs.org/@babel%2fhelper-module-imports 112ms (cache revalidated)
812 silly packumentCache full:https://registry.npmjs.org/@babel%2fhelper-module-imports set size:203392 disposed:false
813 silly fetch manifest ejs@^3.1.6
814 silly packumentCache full:https://registry.npmjs.org/ejs cache-miss
815 http fetch GET 200 https://registry.npmjs.org/@babel%2fplugin-transform-unicode-property-regex 517ms (cache revalidated)
816 silly packumentCache full:https://registry.npmjs.org/@babel%2fplugin-transform-unicode-property-regex set size:98421 disposed:false
817 silly fetch manifest magic-string@^0.25.0
818 silly packumentCache full:https://registry.npmjs.org/magic-string cache-miss
819 http fetch GET 200 https://registry.npmjs.org/deepmerge 118ms (cache revalidated)
820 silly packumentCache full:https://registry.npmjs.org/deepmerge set size:101897 disposed:false
821 silly fetch manifest string.prototype.matchall@^4.0.6
822 silly packumentCache full:https://registry.npmjs.org/string.prototype.matchall cache-miss
823 http fetch GET 200 https://registry.npmjs.org/is-module 140ms (cache revalidated)
824 silly packumentCache full:https://registry.npmjs.org/is-module set size:4216 disposed:false
825 silly fetch manifest minimatch@^3.1.1
826 silly packumentCache full:https://registry.npmjs.org/minimatch cache-miss
827 http fetch GET 200 https://registry.npmjs.org/builtin-modules 133ms (cache revalidated)
828 silly packumentCache full:https://registry.npmjs.org/builtin-modules set size:29399 disposed:false
829 silly fetch manifest @babel/code-frame@^7.10.4
830 silly packumentCache full:https://registry.npmjs.org/@babel%2fcode-frame cache-hit
831 silly fetch manifest jest-worker@^26.2.1
832 silly packumentCache full:https://registry.npmjs.org/jest-worker cache-hit
833 silly fetch manifest serialize-javascript@^4.0.0
834 silly packumentCache full:https://registry.npmjs.org/serialize-javascript cache-miss
835 http fetch GET 200 https://registry.npmjs.org/@types%2fresolve 151ms (cache revalidated)
836 silly packumentCache full:https://registry.npmjs.org/@types%2fresolve set size:36189 disposed:false
837 silly fetch manifest is-obj@^1.0.1
838 silly packumentCache full:https://registry.npmjs.org/is-obj cache-miss
839 http fetch GET 200 https://registry.npmjs.org/ejs 82ms (cache revalidated)
840 silly packumentCache full:https://registry.npmjs.org/ejs set size:152154 disposed:false
841 silly fetch manifest is-regexp@^1.0.0
842 silly packumentCache full:https://registry.npmjs.org/is-regexp cache-miss
843 http fetch GET 200 https://registry.npmjs.org/@babel%2fplugin-transform-logical-assignment-operators 360ms (cache revalidated)
844 silly packumentCache full:https://registry.npmjs.org/@babel%2fplugin-transform-logical-assignment-operators set size:104752 disposed:false
845 silly fetch manifest get-own-enumerable-property-symbols@^3.0.0
846 silly packumentCache full:https://registry.npmjs.org/get-own-enumerable-property-symbols cache-miss
847 http fetch GET 200 https://registry.npmjs.org/string.prototype.matchall 77ms (cache revalidated)
848 silly packumentCache full:https://registry.npmjs.org/string.prototype.matchall set size:66531 disposed:false
849 silly fetch manifest temp-dir@^2.0.0
850 silly packumentCache full:https://registry.npmjs.org/temp-dir cache-miss
851 http fetch GET 200 https://registry.npmjs.org/@babel%2fplugin-transform-nullish-coalescing-operator 422ms (cache revalidated)
852 silly packumentCache full:https://registry.npmjs.org/@babel%2fplugin-transform-nullish-coalescing-operator set size:100915 disposed:false
853 silly fetch manifest type-fest@^0.16.0
854 silly packumentCache full:https://registry.npmjs.org/type-fest cache-miss
855 http fetch GET 200 https://registry.npmjs.org/@babel%2fplugin-transform-named-capturing-groups-regex 371ms (cache revalidated)
856 silly packumentCache full:https://registry.npmjs.org/@babel%2fplugin-transform-named-capturing-groups-regex set size:197029 disposed:false
857 http fetch GET 200 https://registry.npmjs.org/@babel%2fplugin-transform-private-property-in-object 448ms (cache revalidated)
858 silly packumentCache full:https://registry.npmjs.org/@babel%2fplugin-transform-private-property-in-object set size:105192 disposed:false
859 http fetch GET 200 https://registry.npmjs.org/@babel%2fplugin-bugfix-safari-class-field-initializer-scope 377ms (cache revalidated)
860 silly packumentCache full:https://registry.npmjs.org/@babel%2fplugin-bugfix-safari-class-field-initializer-scope set size:55985 disposed:false
861 http fetch GET 200 https://registry.npmjs.org/is-obj 79ms (cache revalidated)
862 silly packumentCache full:https://registry.npmjs.org/is-obj set size:9560 disposed:false
863 http fetch GET 200 https://registry.npmjs.org/minimatch 101ms (cache revalidated)
864 silly packumentCache full:https://registry.npmjs.org/minimatch set size:377924 disposed:false
865 http fetch GET 200 https://registry.npmjs.org/@rollup%2fpluginutils 300ms (cache revalidated)
866 silly packumentCache full:https://registry.npmjs.org/@rollup%2fpluginutils set size:121958 disposed:false
867 http fetch GET 200 https://registry.npmjs.org/serialize-javascript 121ms (cache revalidated)
868 silly packumentCache full:https://registry.npmjs.org/serialize-javascript set size:88641 disposed:false
869 http fetch GET 200 https://registry.npmjs.org/@rollup%2fpluginutils 245ms (cache revalidated)
870 silly packumentCache full:https://registry.npmjs.org/@rollup%2fpluginutils set size:121958 disposed:false
871 silly packumentCache full:https://registry.npmjs.org/@rollup%2fpluginutils dispose
872 http fetch GET 200 https://registry.npmjs.org/@rollup%2fpluginutils 236ms (cache revalidated)
873 silly packumentCache full:https://registry.npmjs.org/@rollup%2fpluginutils set size:121958 disposed:true
874 silly packumentCache full:https://registry.npmjs.org/@rollup%2fpluginutils dispose
875 http fetch GET 200 https://registry.npmjs.org/type-fest 113ms (cache revalidated)
876 silly packumentCache full:https://registry.npmjs.org/type-fest set size:568986 disposed:false
877 http fetch GET 200 https://registry.npmjs.org/magic-string 366ms (cache revalidated)
878 silly packumentCache full:https://registry.npmjs.org/magic-string set size:352504 disposed:false
879 http fetch GET 200 https://registry.npmjs.org/magic-string 306ms (cache revalidated)
880 silly packumentCache full:https://registry.npmjs.org/magic-string set size:352504 disposed:false
881 silly packumentCache full:https://registry.npmjs.org/magic-string dispose
882 http fetch GET 200 https://registry.npmjs.org/get-own-enumerable-property-symbols 313ms (cache revalidated)
883 silly packumentCache full:https://registry.npmjs.org/get-own-enumerable-property-symbols set size:21404 disposed:false
884 http fetch GET 200 https://registry.npmjs.org/temp-dir 329ms (cache revalidated)
885 silly packumentCache full:https://registry.npmjs.org/temp-dir set size:8337 disposed:false
886 http fetch GET 200 https://registry.npmjs.org/is-regexp 343ms (cache revalidated)
887 silly packumentCache full:https://registry.npmjs.org/is-regexp set size:12459 disposed:false
888 silly placeDep ROOT jsonpointer@5.0.1 OK for: @apideck/better-ajv-errors@0.3.7 want: ^5.0.1
889 silly placeDep ROOT leven@3.1.0 OK for: @apideck/better-ajv-errors@0.3.7 want: ^3.1.0
890 silly placeDep ROOT @babel/code-frame@7.29.7 OK for: @babel/core@7.29.7 want: ^7.29.7
891 silly placeDep ROOT @babel/generator@7.29.8 OK for: @babel/core@7.29.7 want: ^7.29.7
892 silly placeDep ROOT @babel/helper-compilation-targets@7.29.7 OK for: @babel/core@7.29.7 want: ^7.29.7
893 silly placeDep ROOT @babel/helper-module-transforms@7.29.7 OK for: @babel/core@7.29.7 want: ^7.29.7
894 silly placeDep ROOT @babel/helpers@7.29.7 OK for: @babel/core@7.29.7 want: ^7.29.7
895 silly placeDep ROOT @babel/parser@7.29.8 OK for: @babel/core@7.29.7 want: ^7.29.7
896 silly placeDep ROOT @babel/template@7.29.7 OK for: @babel/core@7.29.7 want: ^7.29.7
897 silly placeDep ROOT @babel/traverse@7.29.8 OK for: @babel/core@7.29.7 want: ^7.29.7
898 silly placeDep ROOT @babel/types@7.29.8 OK for: @babel/core@7.29.7 want: ^7.29.7
899 silly placeDep ROOT @jridgewell/remapping@2.3.5 OK for: @babel/core@7.29.7 want: ^2.3.5
900 silly placeDep ROOT convert-source-map@2.0.0 OK for: @babel/core@7.29.7 want: ^2.0.0
901 silly placeDep node_modules/@babel/core debug@4.4.3 OK for: @babel/core@7.29.7 want: ^4.1.0
902 silly placeDep ROOT gensync@1.0.0-beta.2 OK for: @babel/core@7.29.7 want: ^1.0.0-beta.2
903 silly placeDep node_modules/@babel/core semver@6.3.1 OK for: @babel/core@7.29.7 want: ^6.3.1
904 silly fetch manifest @babel/helper-validator-identifier@^7.29.7
905 silly packumentCache full:https://registry.npmjs.org/@babel%2fhelper-validator-identifier cache-miss
906 silly fetch manifest jsesc@^3.0.2
907 silly packumentCache full:https://registry.npmjs.org/jsesc cache-miss
908 silly fetch manifest @babel/types@^7.29.8
909 silly packumentCache full:https://registry.npmjs.org/@babel%2ftypes cache-hit
910 silly fetch manifest @babel/parser@^7.29.8
911 silly packumentCache full:https://registry.npmjs.org/@babel%2fparser cache-hit
912 silly fetch manifest @jridgewell/gen-mapping@^0.3.12
913 silly packumentCache full:https://registry.npmjs.org/@jridgewell%2fgen-mapping cache-miss
914 silly fetch manifest @jridgewell/trace-mapping@^0.3.28
915 silly packumentCache full:https://registry.npmjs.org/@jridgewell%2ftrace-mapping cache-miss
916 silly fetch manifest lru-cache@^5.1.1
917 silly packumentCache full:https://registry.npmjs.org/lru-cache cache-miss
918 silly fetch manifest browserslist@^4.24.0
919 silly packumentCache full:https://registry.npmjs.org/browserslist cache-miss
920 silly fetch manifest @babel/helper-module-imports@^7.29.7
921 silly packumentCache full:https://registry.npmjs.org/@babel%2fhelper-module-imports cache-hit
922 silly fetch manifest @babel/helper-validator-identifier@^7.29.7
923 silly packumentCache full:https://registry.npmjs.org/@babel%2fhelper-validator-identifier cache-miss
924 silly fetch manifest @babel/types@^7.29.8
925 silly packumentCache full:https://registry.npmjs.org/@babel%2ftypes cache-hit
926 silly fetch manifest debug@^4.3.1
927 silly packumentCache full:https://registry.npmjs.org/debug cache-hit
928 silly fetch manifest @babel/types@^7.29.8
929 silly packumentCache full:https://registry.npmjs.org/@babel%2ftypes cache-hit
930 silly fetch manifest @babel/helper-globals@^7.29.7
931 silly packumentCache full:https://registry.npmjs.org/@babel%2fhelper-globals cache-miss
932 silly fetch manifest @babel/helper-string-parser@^7.29.7
933 silly packumentCache full:https://registry.npmjs.org/@babel%2fhelper-string-parser cache-miss
934 silly fetch manifest @babel/helper-validator-identifier@^7.29.7
935 silly packumentCache full:https://registry.npmjs.org/@babel%2fhelper-validator-identifier cache-miss
936 silly fetch manifest ms@^2.1.3
937 silly packumentCache full:https://registry.npmjs.org/ms cache-miss
938 http fetch GET 200 https://registry.npmjs.org/@babel%2fhelper-validator-identifier 197ms (cache revalidated)
939 silly packumentCache full:https://registry.npmjs.org/@babel%2fhelper-validator-identifier set size:130133 disposed:false
940 http fetch GET 200 https://registry.npmjs.org/@jridgewell%2fgen-mapping 203ms (cache revalidated)
941 silly packumentCache full:https://registry.npmjs.org/@jridgewell%2fgen-mapping set size:75941 disposed:false
942 http fetch GET 200 https://registry.npmjs.org/lru-cache 216ms (cache revalidated)
943 silly packumentCache full:https://registry.npmjs.org/lru-cache set size:460407 disposed:false
944 http fetch GET 200 https://registry.npmjs.org/browserslist 236ms (cache revalidated)
945 silly packumentCache full:https://registry.npmjs.org/browserslist set size:521015 disposed:false
946 http fetch GET 200 https://registry.npmjs.org/@babel%2fhelper-globals 225ms (cache revalidated)
947 silly packumentCache full:https://registry.npmjs.org/@babel%2fhelper-globals set size:25155 disposed:false
948 http fetch GET 200 https://registry.npmjs.org/@babel%2fhelper-string-parser 237ms (cache revalidated)
949 silly packumentCache full:https://registry.npmjs.org/@babel%2fhelper-string-parser set size:91563 disposed:false
950 http fetch GET 200 https://registry.npmjs.org/@babel%2fhelper-validator-identifier 238ms (cache revalidated)
951 silly packumentCache full:https://registry.npmjs.org/@babel%2fhelper-validator-identifier set size:130133 disposed:false
952 silly packumentCache full:https://registry.npmjs.org/@babel%2fhelper-validator-identifier dispose
953 http fetch GET 200 https://registry.npmjs.org/@jridgewell%2ftrace-mapping 270ms (cache revalidated)
954 silly packumentCache full:https://registry.npmjs.org/@jridgewell%2ftrace-mapping set size:170909 disposed:false
955 http fetch GET 200 https://registry.npmjs.org/ms 245ms (cache revalidated)
956 silly packumentCache full:https://registry.npmjs.org/ms set size:92208 disposed:false
957 http fetch GET 200 https://registry.npmjs.org/@babel%2fhelper-validator-identifier 273ms (cache revalidated)
958 silly packumentCache full:https://registry.npmjs.org/@babel%2fhelper-validator-identifier set size:130133 disposed:true
959 silly packumentCache full:https://registry.npmjs.org/@babel%2fhelper-validator-identifier dispose
960 http fetch GET 200 https://registry.npmjs.org/jsesc 412ms (cache revalidated)
961 silly packumentCache full:https://registry.npmjs.org/jsesc set size:61512 disposed:false
962 silly placeDep ROOT @babel/helper-validator-identifier@7.29.7 OK for: @babel/code-frame@7.29.7 want: ^7.29.7
963 silly placeDep ROOT @jridgewell/gen-mapping@0.3.13 REPLACE for: @babel/generator@7.29.8 want: ^0.3.12
964 silly placeDep ROOT @jridgewell/trace-mapping@0.3.31 REPLACE for: @babel/generator@7.29.8 want: ^0.3.28
965 silly placeDep ROOT jsesc@3.1.0 OK for: @babel/generator@7.29.8 want: ^3.0.2
966 silly placeDep ROOT @babel/compat-data@7.29.7 OK for: @babel/helper-compilation-targets@7.29.7 want: ^7.29.7
967 silly placeDep ROOT @babel/helper-validator-option@7.29.7 OK for: @babel/helper-compilation-targets@7.29.7 want: ^7.29.7
968 silly placeDep ROOT browserslist@4.28.9 OK for: @babel/helper-compilation-targets@7.29.7 want: ^4.24.0
969 silly placeDep node_modules/@babel/helper-compilation-targets lru-cache@5.1.1 OK for: @babel/helper-compilation-targets@7.29.7 want: ^5.1.1
970 silly placeDep node_modules/@babel/helper-compilation-targets semver@6.3.1 OK for: @babel/helper-compilation-targets@7.29.7 want: ^6.3.1
971 silly fetch manifest caniuse-lite@^1.0.30001810
972 silly packumentCache full:https://registry.npmjs.org/caniuse-lite cache-miss
973 silly fetch manifest node-releases@^2.0.54
974 silly packumentCache full:https://registry.npmjs.org/node-releases cache-miss
975 silly fetch manifest electron-to-chromium@^1.5.420
976 silly packumentCache full:https://registry.npmjs.org/electron-to-chromium cache-miss
977 silly fetch manifest update-browserslist-db@^1.3.2
978 silly packumentCache full:https://registry.npmjs.org/update-browserslist-db cache-miss
979 silly fetch manifest baseline-browser-mapping@^2.11.20
980 silly packumentCache full:https://registry.npmjs.org/baseline-browser-mapping cache-miss
981 silly fetch manifest yallist@^3.0.2
982 silly packumentCache full:https://registry.npmjs.org/yallist cache-miss
983 http fetch GET 200 https://registry.npmjs.org/update-browserslist-db 86ms (cache revalidated)
984 silly packumentCache full:https://registry.npmjs.org/update-browserslist-db set size:68935 disposed:false
985 http fetch GET 200 https://registry.npmjs.org/caniuse-lite 98ms (cache revalidated)
986 silly packumentCache full:https://registry.npmjs.org/caniuse-lite set size:2313344 disposed:false
987 http fetch GET 200 https://registry.npmjs.org/electron-to-chromium 141ms (cache revalidated)
988 silly packumentCache full:https://registry.npmjs.org/electron-to-chromium set size:4932620 disposed:false
989 http fetch GET 200 https://registry.npmjs.org/yallist 195ms (cache revalidated)
990 silly packumentCache full:https://registry.npmjs.org/yallist set size:34610 disposed:false
991 http fetch GET 200 https://registry.npmjs.org/baseline-browser-mapping 202ms (cache revalidated)
992 silly packumentCache full:https://registry.npmjs.org/baseline-browser-mapping set size:625517 disposed:false
993 http fetch GET 200 https://registry.npmjs.org/node-releases 379ms (cache revalidated)
994 silly packumentCache full:https://registry.npmjs.org/node-releases set size:295994 disposed:false
995 silly placeDep ROOT @babel/helper-module-imports@7.29.7 OK for: @babel/helper-module-transforms@7.29.7 want: ^7.29.7
996 silly placeDep ROOT @babel/helper-plugin-utils@7.29.7 OK for: @babel/preset-env@7.29.7 want: ^7.29.7
997 silly placeDep ROOT @babel/plugin-bugfix-firefox-class-in-computed-class-key@7.29.7 OK for: @babel/preset-env@7.29.7 want: ^7.29.7
998 silly placeDep ROOT @babel/plugin-bugfix-safari-class-field-initializer-scope@7.29.7 OK for: @babel/preset-env@7.29.7 want: ^7.29.7
999 silly placeDep ROOT @babel/plugin-bugfix-safari-id-destructuring-collision-in-function-expression@7.29.7 OK for: @babel/preset-env@7.29.7 want: ^7.29.7
1000 silly placeDep ROOT @babel/plugin-bugfix-safari-rest-destructuring-rhs-array@7.29.7 OK for: @babel/preset-env@7.29.7 want: ^7.29.7
1001 silly placeDep ROOT @babel/plugin-bugfix-v8-spread-parameters-in-optional-chaining@7.29.7 OK for: @babel/preset-env@7.29.7 want: ^7.29.7
1002 silly placeDep ROOT @babel/plugin-bugfix-v8-static-class-fields-redefine-readonly@7.29.7 OK for: @babel/preset-env@7.29.7 want: ^7.29.7
1003 silly placeDep ROOT @babel/plugin-proposal-private-property-in-object@7.21.0-placeholder-for-preset-env.2 OK for: @babel/preset-env@7.29.7 want: 7.21.0-placeholder-for-preset-env.2
1004 silly placeDep ROOT @babel/plugin-syntax-import-assertions@7.29.7 OK for: @babel/preset-env@7.29.7 want: ^7.29.7
1005 silly placeDep ROOT @babel/plugin-syntax-import-attributes@7.29.7 OK for: @babel/preset-env@7.29.7 want: ^7.29.7
1006 silly placeDep ROOT @babel/plugin-syntax-unicode-sets-regex@7.18.6 OK for: @babel/preset-env@7.29.7 want: ^7.18.6
1007 silly placeDep ROOT @babel/plugin-transform-arrow-functions@7.29.7 OK for: @babel/preset-env@7.29.7 want: ^7.29.7
1008 silly placeDep ROOT @babel/plugin-transform-async-generator-functions@7.29.7 OK for: @babel/preset-env@7.29.7 want: ^7.29.7
1009 silly placeDep ROOT @babel/plugin-transform-async-to-generator@7.29.7 OK for: @babel/preset-env@7.29.7 want: ^7.29.7
1010 silly placeDep ROOT @babel/plugin-transform-block-scoped-functions@7.29.7 OK for: @babel/preset-env@7.29.7 want: ^7.29.7
1011 silly placeDep ROOT @babel/plugin-transform-block-scoping@7.29.7 OK for: @babel/preset-env@7.29.7 want: ^7.29.7
1012 silly placeDep ROOT @babel/plugin-transform-class-properties@7.29.7 OK for: @babel/preset-env@7.29.7 want: ^7.29.7
1013 silly placeDep ROOT @babel/plugin-transform-class-static-block@7.29.7 OK for: @babel/preset-env@7.29.7 want: ^7.29.7
1014 silly placeDep ROOT @babel/plugin-transform-classes@7.29.7 OK for: @babel/preset-env@7.29.7 want: ^7.29.7
1015 silly placeDep ROOT @babel/plugin-transform-computed-properties@7.29.7 OK for: @babel/preset-env@7.29.7 want: ^7.29.7
1016 silly placeDep ROOT @babel/plugin-transform-destructuring@7.29.7 OK for: @babel/preset-env@7.29.7 want: ^7.29.7
1017 silly placeDep ROOT @babel/plugin-transform-dotall-regex@7.29.7 OK for: @babel/preset-env@7.29.7 want: ^7.29.7
1018 silly placeDep ROOT @babel/plugin-transform-duplicate-keys@7.29.7 OK for: @babel/preset-env@7.29.7 want: ^7.29.7
1019 silly placeDep ROOT @babel/plugin-transform-duplicate-named-capturing-groups-regex@7.29.7 OK for: @babel/preset-env@7.29.7 want: ^7.29.7
1020 silly placeDep ROOT @babel/plugin-transform-dynamic-import@7.29.7 OK for: @babel/preset-env@7.29.7 want: ^7.29.7
1021 silly placeDep ROOT @babel/plugin-transform-explicit-resource-management@7.29.7 OK for: @babel/preset-env@7.29.7 want: ^7.29.7
1022 silly placeDep ROOT @babel/plugin-transform-exponentiation-operator@7.29.7 OK for: @babel/preset-env@7.29.7 want: ^7.29.7
1023 silly placeDep ROOT @babel/plugin-transform-export-namespace-from@7.29.7 OK for: @babel/preset-env@7.29.7 want: ^7.29.7
1024 silly placeDep ROOT @babel/plugin-transform-for-of@7.29.7 OK for: @babel/preset-env@7.29.7 want: ^7.29.7
1025 silly placeDep ROOT @babel/plugin-transform-function-name@7.29.7 OK for: @babel/preset-env@7.29.7 want: ^7.29.7
1026 silly placeDep ROOT @babel/plugin-transform-json-strings@7.29.7 OK for: @babel/preset-env@7.29.7 want: ^7.29.7
1027 silly placeDep ROOT @babel/plugin-transform-literals@7.29.7 OK for: @babel/preset-env@7.29.7 want: ^7.29.7
1028 silly placeDep ROOT @babel/plugin-transform-logical-assignment-operators@7.29.7 OK for: @babel/preset-env@7.29.7 want: ^7.29.7
1029 silly placeDep ROOT @babel/plugin-transform-member-expression-literals@7.29.7 OK for: @babel/preset-env@7.29.7 want: ^7.29.7
1030 silly placeDep ROOT @babel/plugin-transform-modules-amd@7.29.7 OK for: @babel/preset-env@7.29.7 want: ^7.29.7
1031 silly placeDep ROOT @babel/plugin-transform-modules-commonjs@7.29.7 OK for: @babel/preset-env@7.29.7 want: ^7.29.7
1032 silly placeDep ROOT @babel/plugin-transform-modules-systemjs@7.29.8 OK for: @babel/preset-env@7.29.7 want: ^7.29.7
1033 silly placeDep ROOT @babel/plugin-transform-modules-umd@7.29.7 OK for: @babel/preset-env@7.29.7 want: ^7.29.7
1034 silly placeDep ROOT @babel/plugin-transform-named-capturing-groups-regex@7.29.7 OK for: @babel/preset-env@7.29.7 want: ^7.29.7
1035 silly placeDep ROOT @babel/plugin-transform-new-target@7.29.7 OK for: @babel/preset-env@7.29.7 want: ^7.29.7
1036 silly placeDep ROOT @babel/plugin-transform-nullish-coalescing-operator@7.29.7 OK for: @babel/preset-env@7.29.7 want: ^7.29.7
1037 silly placeDep ROOT @babel/plugin-transform-numeric-separator@7.29.7 OK for: @babel/preset-env@7.29.7 want: ^7.29.7
1038 silly placeDep ROOT @babel/plugin-transform-object-rest-spread@7.29.7 OK for: @babel/preset-env@7.29.7 want: ^7.29.7
1039 silly placeDep ROOT @babel/plugin-transform-object-super@7.29.7 OK for: @babel/preset-env@7.29.7 want: ^7.29.7
1040 silly placeDep ROOT @babel/plugin-transform-optional-catch-binding@7.29.7 OK for: @babel/preset-env@7.29.7 want: ^7.29.7
1041 silly placeDep ROOT @babel/plugin-transform-optional-chaining@7.29.7 OK for: @babel/preset-env@7.29.7 want: ^7.29.7
1042 silly placeDep ROOT @babel/plugin-transform-parameters@7.29.7 OK for: @babel/preset-env@7.29.7 want: ^7.29.7
1043 silly placeDep ROOT @babel/plugin-transform-private-methods@7.29.7 OK for: @babel/preset-env@7.29.7 want: ^7.29.7
1044 silly placeDep ROOT @babel/plugin-transform-private-property-in-object@7.29.7 OK for: @babel/preset-env@7.29.7 want: ^7.29.7
1045 silly placeDep ROOT @babel/plugin-transform-property-literals@7.29.7 OK for: @babel/preset-env@7.29.7 want: ^7.29.7
1046 silly placeDep ROOT @babel/plugin-transform-regenerator@7.29.8 OK for: @babel/preset-env@7.29.7 want: ^7.29.7
1047 silly placeDep ROOT @babel/plugin-transform-regexp-modifiers@7.29.7 OK for: @babel/preset-env@7.29.7 want: ^7.29.7
1048 silly placeDep ROOT @babel/plugin-transform-reserved-words@7.29.7 OK for: @babel/preset-env@7.29.7 want: ^7.29.7
1049 silly placeDep ROOT @babel/plugin-transform-shorthand-properties@7.29.7 OK for: @babel/preset-env@7.29.7 want: ^7.29.7
1050 silly placeDep ROOT @babel/plugin-transform-spread@7.29.8 OK for: @babel/preset-env@7.29.7 want: ^7.29.7
1051 silly placeDep ROOT @babel/plugin-transform-sticky-regex@7.29.7 OK for: @babel/preset-env@7.29.7 want: ^7.29.7
1052 silly placeDep ROOT @babel/plugin-transform-template-literals@7.29.7 OK for: @babel/preset-env@7.29.7 want: ^7.29.7
1053 silly placeDep ROOT @babel/plugin-transform-typeof-symbol@7.29.7 OK for: @babel/preset-env@7.29.7 want: ^7.29.7
1054 silly placeDep ROOT @babel/plugin-transform-unicode-escapes@7.29.7 OK for: @babel/preset-env@7.29.7 want: ^7.29.7
1055 silly placeDep ROOT @babel/plugin-transform-unicode-property-regex@7.29.7 OK for: @babel/preset-env@7.29.7 want: ^7.29.7
1056 silly placeDep ROOT @babel/plugin-transform-unicode-regex@7.29.7 OK for: @babel/preset-env@7.29.7 want: ^7.29.7
1057 silly placeDep ROOT @babel/plugin-transform-unicode-sets-regex@7.29.7 OK for: @babel/preset-env@7.29.7 want: ^7.29.7
1058 silly placeDep ROOT @babel/preset-modules@0.1.6-no-external-plugins OK for: @babel/preset-env@7.29.7 want: 0.1.6-no-external-plugins
1059 silly placeDep ROOT babel-plugin-polyfill-corejs2@0.4.17 OK for: @babel/preset-env@7.29.7 want: ^0.4.15
1060 silly placeDep ROOT babel-plugin-polyfill-corejs3@0.14.2 OK for: @babel/preset-env@7.29.7 want: ^0.14.0
1061 silly placeDep ROOT babel-plugin-polyfill-regenerator@0.6.8 OK for: @babel/preset-env@7.29.7 want: ^0.6.6
1062 silly placeDep ROOT core-js-compat@3.50.0 OK for: @babel/preset-env@7.29.7 want: ^3.48.0
1063 silly placeDep node_modules/@babel/preset-env semver@6.3.1 OK for: @babel/preset-env@7.29.7 want: ^6.3.1
1064 silly fetch manifest @babel/helper-skip-transparent-expression-wrappers@^7.29.7
1065 silly packumentCache full:https://registry.npmjs.org/@babel%2fhelper-skip-transparent-expression-wrappers cache-miss
1066 silly fetch manifest @babel/helper-skip-transparent-expression-wrappers@^7.29.7
1067 silly packumentCache full:https://registry.npmjs.org/@babel%2fhelper-skip-transparent-expression-wrappers cache-miss
1068 silly fetch manifest @babel/helper-create-regexp-features-plugin@^7.18.6
1069 silly packumentCache full:https://registry.npmjs.org/@babel%2fhelper-create-regexp-features-plugin cache-miss
1070 silly fetch manifest @babel/helper-remap-async-to-generator@^7.29.7
1071 silly packumentCache full:https://registry.npmjs.org/@babel%2fhelper-remap-async-to-generator cache-miss
1072 silly fetch manifest @babel/helper-remap-async-to-generator@^7.29.7
1073 silly packumentCache full:https://registry.npmjs.org/@babel%2fhelper-remap-async-to-generator cache-miss
1074 silly fetch manifest @babel/helper-create-class-features-plugin@^7.29.7
1075 silly packumentCache full:https://registry.npmjs.org/@babel%2fhelper-create-class-features-plugin cache-miss
1076 silly fetch manifest @babel/helper-create-class-features-plugin@^7.29.7
1077 silly packumentCache full:https://registry.npmjs.org/@babel%2fhelper-create-class-features-plugin cache-miss
1078 silly fetch manifest @babel/helper-replace-supers@^7.29.7
1079 silly packumentCache full:https://registry.npmjs.org/@babel%2fhelper-replace-supers cache-miss
1080 silly fetch manifest @babel/helper-annotate-as-pure@^7.29.7
1081 silly packumentCache full:https://registry.npmjs.org/@babel%2fhelper-annotate-as-pure cache-miss
1082 silly fetch manifest @babel/helper-create-regexp-features-plugin@^7.29.7
1083 silly packumentCache full:https://registry.npmjs.org/@babel%2fhelper-create-regexp-features-plugin cache-miss
1084 silly fetch manifest @babel/helper-create-regexp-features-plugin@^7.29.7
1085 silly packumentCache full:https://registry.npmjs.org/@babel%2fhelper-create-regexp-features-plugin cache-miss
1086 silly fetch manifest @babel/helper-skip-transparent-expression-wrappers@^7.29.7
1087 silly packumentCache full:https://registry.npmjs.org/@babel%2fhelper-skip-transparent-expression-wrappers cache-miss
1088 silly fetch manifest @babel/helper-create-regexp-features-plugin@^7.29.7
1089 silly packumentCache full:https://registry.npmjs.org/@babel%2fhelper-create-regexp-features-plugin cache-miss
1090 silly fetch manifest @babel/helper-replace-supers@^7.29.7
1091 silly packumentCache full:https://registry.npmjs.org/@babel%2fhelper-replace-supers cache-miss
1092 silly fetch manifest @babel/helper-skip-transparent-expression-wrappers@^7.29.7
1093 silly packumentCache full:https://registry.npmjs.org/@babel%2fhelper-skip-transparent-expression-wrappers cache-miss
1094 http fetch GET 200 https://registry.npmjs.org/@babel%2fhelper-create-regexp-features-plugin 220ms (cache revalidated)
1095 silly packumentCache full:https://registry.npmjs.org/@babel%2fhelper-create-regexp-features-plugin set size:189184 disposed:false
1096 silly fetch manifest @babel/helper-create-class-features-plugin@^7.29.7
1097 silly packumentCache full:https://registry.npmjs.org/@babel%2fhelper-create-class-features-plugin cache-miss
1098 http fetch GET 200 https://registry.npmjs.org/@babel%2fhelper-remap-async-to-generator 224ms (cache revalidated)
1099 silly packumentCache full:https://registry.npmjs.org/@babel%2fhelper-remap-async-to-generator set size:230688 disposed:false
1100 silly fetch manifest @babel/helper-annotate-as-pure@^7.29.7
1101 silly packumentCache full:https://registry.npmjs.org/@babel%2fhelper-annotate-as-pure cache-miss
1102 http fetch GET 200 https://registry.npmjs.org/@babel%2fhelper-annotate-as-pure 262ms (cache revalidated)
1103 silly packumentCache full:https://registry.npmjs.org/@babel%2fhelper-annotate-as-pure set size:181560 disposed:false
1104 silly fetch manifest @babel/helper-create-class-features-plugin@^7.29.7
1105 silly packumentCache full:https://registry.npmjs.org/@babel%2fhelper-create-class-features-plugin cache-miss
1106 http fetch GET 200 https://registry.npmjs.org/@babel%2fhelper-remap-async-to-generator 278ms (cache revalidated)
1107 silly packumentCache full:https://registry.npmjs.org/@babel%2fhelper-remap-async-to-generator set size:230688 disposed:false
1108 silly packumentCache full:https://registry.npmjs.org/@babel%2fhelper-remap-async-to-generator dispose
1109 silly fetch manifest @babel/helper-create-regexp-features-plugin@^7.29.7
1110 silly packumentCache full:https://registry.npmjs.org/@babel%2fhelper-create-regexp-features-plugin cache-hit
1111 silly fetch manifest @babel/helper-skip-transparent-expression-wrappers@^7.29.7
1112 silly packumentCache full:https://registry.npmjs.org/@babel%2fhelper-skip-transparent-expression-wrappers cache-miss
1113 http fetch GET 200 https://registry.npmjs.org/@babel%2fhelper-create-class-features-plugin 285ms (cache revalidated)
1114 silly packumentCache full:https://registry.npmjs.org/@babel%2fhelper-create-class-features-plugin set size:382403 disposed:false
1115 silly fetch manifest esutils@^2.0.2
1116 silly packumentCache full:https://registry.npmjs.org/esutils cache-miss
1117 http fetch GET 200 https://registry.npmjs.org/@babel%2fhelper-create-regexp-features-plugin 290ms (cache revalidated)
1118 silly packumentCache full:https://registry.npmjs.org/@babel%2fhelper-create-regexp-features-plugin set size:189184 disposed:false
1119 silly packumentCache full:https://registry.npmjs.org/@babel%2fhelper-create-regexp-features-plugin dispose
1120 silly fetch manifest @babel/helper-define-polyfill-provider@^0.6.8
1121 silly packumentCache full:https://registry.npmjs.org/@babel%2fhelper-define-polyfill-provider cache-miss
1122 http fetch GET 200 https://registry.npmjs.org/@babel%2fhelper-create-regexp-features-plugin 298ms (cache revalidated)
1123 silly packumentCache full:https://registry.npmjs.org/@babel%2fhelper-create-regexp-features-plugin set size:189184 disposed:true
1124 silly packumentCache full:https://registry.npmjs.org/@babel%2fhelper-create-regexp-features-plugin dispose
1125 silly fetch manifest @babel/helper-define-polyfill-provider@^0.6.8
1126 silly packumentCache full:https://registry.npmjs.org/@babel%2fhelper-define-polyfill-provider cache-miss
1127 http fetch GET 200 https://registry.npmjs.org/@babel%2fhelper-replace-supers 297ms (cache revalidated)
1128 silly packumentCache full:https://registry.npmjs.org/@babel%2fhelper-replace-supers set size:270231 disposed:false
1129 silly fetch manifest @babel/helper-define-polyfill-provider@^0.6.8
1130 silly packumentCache full:https://registry.npmjs.org/@babel%2fhelper-define-polyfill-provider cache-miss
1131 http fetch GET 200 https://registry.npmjs.org/@babel%2fhelper-replace-supers 318ms (cache revalidated)
1132 silly packumentCache full:https://registry.npmjs.org/@babel%2fhelper-replace-supers set size:270231 disposed:false
1133 silly packumentCache full:https://registry.npmjs.org/@babel%2fhelper-replace-supers dispose
1134 http fetch GET 200 https://registry.npmjs.org/@babel%2fhelper-create-class-features-plugin 328ms (cache revalidated)
1135 silly packumentCache full:https://registry.npmjs.org/@babel%2fhelper-create-class-features-plugin set size:382403 disposed:false
1136 silly packumentCache full:https://registry.npmjs.org/@babel%2fhelper-create-class-features-plugin dispose
1137 http fetch GET 200 https://registry.npmjs.org/@babel%2fhelper-create-regexp-features-plugin 338ms (cache revalidated)
1138 silly packumentCache full:https://registry.npmjs.org/@babel%2fhelper-create-regexp-features-plugin set size:189184 disposed:true
1139 silly packumentCache full:https://registry.npmjs.org/@babel%2fhelper-create-regexp-features-plugin dispose
1140 http cache https://registry.npmjs.org/@babel%2fhelper-annotate-as-pure 124ms (cache hit)
1141 silly packumentCache full:https://registry.npmjs.org/@babel%2fhelper-annotate-as-pure set size:181560 disposed:false
1142 silly packumentCache full:https://registry.npmjs.org/@babel%2fhelper-annotate-as-pure dispose
1143 http cache https://registry.npmjs.org/@babel%2fhelper-create-class-features-plugin 144ms (cache hit)
1144 silly packumentCache full:https://registry.npmjs.org/@babel%2fhelper-create-class-features-plugin set size:382403 disposed:true
1145 silly packumentCache full:https://registry.npmjs.org/@babel%2fhelper-create-class-features-plugin dispose
1146 http cache https://registry.npmjs.org/@babel%2fhelper-create-class-features-plugin 115ms (cache hit)
1147 silly packumentCache full:https://registry.npmjs.org/@babel%2fhelper-create-class-features-plugin set size:382403 disposed:true
1148 silly packumentCache full:https://registry.npmjs.org/@babel%2fhelper-create-class-features-plugin dispose
1149 http fetch GET 200 https://registry.npmjs.org/esutils 162ms (cache revalidated)
1150 silly packumentCache full:https://registry.npmjs.org/esutils set size:29522 disposed:false
1151 http fetch GET 200 https://registry.npmjs.org/@babel%2fhelper-define-polyfill-provider 152ms (cache revalidated)
1152 silly packumentCache full:https://registry.npmjs.org/@babel%2fhelper-define-polyfill-provider set size:119317 disposed:false
1153 http fetch GET 200 https://registry.npmjs.org/@babel%2fhelper-define-polyfill-provider 179ms (cache revalidated)
1154 silly packumentCache full:https://registry.npmjs.org/@babel%2fhelper-define-polyfill-provider set size:119317 disposed:false
1155 silly packumentCache full:https://registry.npmjs.org/@babel%2fhelper-define-polyfill-provider dispose
1156 http fetch GET 200 https://registry.npmjs.org/@babel%2fhelper-define-polyfill-provider 163ms (cache revalidated)
1157 silly packumentCache full:https://registry.npmjs.org/@babel%2fhelper-define-polyfill-provider set size:119317 disposed:true
1158 silly packumentCache full:https://registry.npmjs.org/@babel%2fhelper-define-polyfill-provider dispose
1159 http fetch GET 200 https://registry.npmjs.org/@babel%2fhelper-skip-transparent-expression-wrappers 653ms (cache revalidated)
1160 silly packumentCache full:https://registry.npmjs.org/@babel%2fhelper-skip-transparent-expression-wrappers set size:105696 disposed:false
1161 http fetch GET 200 https://registry.npmjs.org/@babel%2fhelper-skip-transparent-expression-wrappers 372ms (cache revalidated)
1162 silly packumentCache full:https://registry.npmjs.org/@babel%2fhelper-skip-transparent-expression-wrappers set size:105696 disposed:false
1163 silly packumentCache full:https://registry.npmjs.org/@babel%2fhelper-skip-transparent-expression-wrappers dispose
1164 http fetch GET 200 https://registry.npmjs.org/@babel%2fhelper-skip-transparent-expression-wrappers 666ms (cache revalidated)
1165 silly packumentCache full:https://registry.npmjs.org/@babel%2fhelper-skip-transparent-expression-wrappers set size:105696 disposed:true
1166 silly packumentCache full:https://registry.npmjs.org/@babel%2fhelper-skip-transparent-expression-wrappers dispose
1167 http fetch GET 200 https://registry.npmjs.org/@babel%2fhelper-skip-transparent-expression-wrappers 659ms (cache revalidated)
1168 silly packumentCache full:https://registry.npmjs.org/@babel%2fhelper-skip-transparent-expression-wrappers set size:105696 disposed:true
1169 silly packumentCache full:https://registry.npmjs.org/@babel%2fhelper-skip-transparent-expression-wrappers dispose
1170 http fetch GET 200 https://registry.npmjs.org/@babel%2fhelper-skip-transparent-expression-wrappers 655ms (cache revalidated)
1171 silly packumentCache full:https://registry.npmjs.org/@babel%2fhelper-skip-transparent-expression-wrappers set size:105696 disposed:true
1172 silly packumentCache full:https://registry.npmjs.org/@babel%2fhelper-skip-transparent-expression-wrappers dispose
1173 silly placeDep ROOT @babel/helper-skip-transparent-expression-wrappers@7.29.7 OK for: @babel/plugin-bugfix-safari-rest-destructuring-rhs-array@7.29.7 want: ^7.29.7
1174 silly placeDep ROOT @babel/helper-create-regexp-features-plugin@7.29.7 OK for: @babel/plugin-syntax-unicode-sets-regex@7.18.6 want: ^7.18.6
1175 silly fetch manifest regexpu-core@^6.3.1
1176 silly packumentCache full:https://registry.npmjs.org/regexpu-core cache-miss
1177 http fetch GET 200 https://registry.npmjs.org/regexpu-core 67ms (cache revalidated)
1178 silly packumentCache full:https://registry.npmjs.org/regexpu-core set size:156240 disposed:false
1179 silly placeDep ROOT @babel/helper-annotate-as-pure@7.29.7 OK for: @babel/helper-create-regexp-features-plugin@7.29.7 want: ^7.29.7
1180 silly placeDep ROOT regexpu-core@6.4.0 OK for: @babel/helper-create-regexp-features-plugin@7.29.7 want: ^6.3.1
1181 silly placeDep node_modules/@babel/helper-create-regexp-features-plugin semver@6.3.1 OK for: @babel/helper-create-regexp-features-plugin@7.29.7 want: ^6.3.1
1182 silly fetch manifest regenerate@^1.4.2
1183 silly packumentCache full:https://registry.npmjs.org/regenerate cache-miss
1184 silly fetch manifest regenerate-unicode-properties@^10.2.2
1185 silly packumentCache full:https://registry.npmjs.org/regenerate-unicode-properties cache-miss
1186 silly fetch manifest regjsgen@^0.8.0
1187 silly packumentCache full:https://registry.npmjs.org/regjsgen cache-miss
1188 silly fetch manifest regjsparser@^0.13.0
1189 silly packumentCache full:https://registry.npmjs.org/regjsparser cache-miss
1190 silly fetch manifest unicode-match-property-ecmascript@^2.0.0
1191 silly packumentCache full:https://registry.npmjs.org/unicode-match-property-ecmascript cache-miss
1192 silly fetch manifest unicode-match-property-value-ecmascript@^2.2.1
1193 silly packumentCache full:https://registry.npmjs.org/unicode-match-property-value-ecmascript cache-miss
1194 http fetch GET 200 https://registry.npmjs.org/regenerate 76ms (cache revalidated)
1195 silly packumentCache full:https://registry.npmjs.org/regenerate set size:56872 disposed:false
1196 http fetch GET 200 https://registry.npmjs.org/regjsparser 74ms (cache revalidated)
1197 silly packumentCache full:https://registry.npmjs.org/regjsparser set size:85785 disposed:false
1198 http fetch GET 200 https://registry.npmjs.org/regenerate-unicode-properties 86ms (cache revalidated)
1199 silly packumentCache full:https://registry.npmjs.org/regenerate-unicode-properties set size:78166 disposed:false
1200 http fetch GET 200 https://registry.npmjs.org/regjsgen 89ms (cache revalidated)
1201 silly packumentCache full:https://registry.npmjs.org/regjsgen set size:26409 disposed:false
1202 http fetch GET 200 https://registry.npmjs.org/unicode-match-property-ecmascript 109ms (cache revalidated)
1203 silly packumentCache full:https://registry.npmjs.org/unicode-match-property-ecmascript set size:16934 disposed:false
1204 http fetch GET 200 https://registry.npmjs.org/unicode-match-property-value-ecmascript 110ms (cache revalidated)
1205 silly packumentCache full:https://registry.npmjs.org/unicode-match-property-value-ecmascript set size:26439 disposed:false
1206 silly placeDep ROOT @babel/helper-remap-async-to-generator@7.29.7 OK for: @babel/plugin-transform-async-generator-functions@7.29.7 want: ^7.29.7
1207 silly fetch manifest @babel/helper-wrap-function@^7.29.7
1208 silly packumentCache full:https://registry.npmjs.org/@babel%2fhelper-wrap-function cache-miss
1209 http fetch GET 200 https://registry.npmjs.org/@babel%2fhelper-wrap-function 75ms (cache revalidated)
1210 silly packumentCache full:https://registry.npmjs.org/@babel%2fhelper-wrap-function set size:224861 disposed:false
1211 silly placeDep ROOT @babel/helper-wrap-function@7.29.7 OK for: @babel/helper-remap-async-to-generator@7.29.7 want: ^7.29.7
1212 silly placeDep ROOT @babel/helper-create-class-features-plugin@7.29.7 OK for: @babel/plugin-transform-class-properties@7.29.7 want: ^7.29.7
1213 silly fetch manifest @babel/helper-optimise-call-expression@^7.29.7
1214 silly packumentCache full:https://registry.npmjs.org/@babel%2fhelper-optimise-call-expression cache-miss
1215 silly fetch manifest @babel/helper-member-expression-to-functions@^7.29.7
1216 silly packumentCache full:https://registry.npmjs.org/@babel%2fhelper-member-expression-to-functions cache-miss
1217 http fetch GET 200 https://registry.npmjs.org/@babel%2fhelper-optimise-call-expression 99ms (cache revalidated)
1218 silly packumentCache full:https://registry.npmjs.org/@babel%2fhelper-optimise-call-expression set size:193007 disposed:false
1219 http fetch GET 200 https://registry.npmjs.org/@babel%2fhelper-member-expression-to-functions 102ms (cache revalidated)
1220 silly packumentCache full:https://registry.npmjs.org/@babel%2fhelper-member-expression-to-functions set size:229230 disposed:false
1221 silly placeDep ROOT @babel/helper-member-expression-to-functions@7.29.7 OK for: @babel/helper-create-class-features-plugin@7.29.7 want: ^7.29.7
1222 silly placeDep ROOT @babel/helper-optimise-call-expression@7.29.7 OK for: @babel/helper-create-class-features-plugin@7.29.7 want: ^7.29.7
1223 silly placeDep ROOT @babel/helper-replace-supers@7.29.7 OK for: @babel/helper-create-class-features-plugin@7.29.7 want: ^7.29.7
1224 silly placeDep node_modules/@babel/helper-create-class-features-plugin semver@6.3.1 OK for: @babel/helper-create-class-features-plugin@7.29.7 want: ^6.3.1
1225 silly placeDep ROOT @babel/helper-globals@7.29.7 OK for: @babel/plugin-transform-classes@7.29.7 want: ^7.29.7
1226 silly placeDep ROOT esutils@2.0.3 OK for: @babel/preset-modules@0.1.6-no-external-plugins want: ^2.0.2
1227 silly placeDep node_modules/@babel/traverse debug@4.4.3 OK for: @babel/traverse@7.29.8 want: ^4.3.1
1228 silly placeDep ROOT @babel/helper-string-parser@7.29.7 OK for: @babel/types@7.29.8 want: ^7.29.7
1229 silly placeDep ROOT @rollup/pluginutils@3.1.0 OK for: @rollup/plugin-babel@5.3.1 want: ^3.1.0
1230 silly fetch manifest @types/estree@0.0.39
1231 silly packumentCache full:https://registry.npmjs.org/@types%2festree cache-miss
1232 silly fetch manifest estree-walker@^1.0.1
1233 silly packumentCache full:https://registry.npmjs.org/estree-walker cache-miss
1234 http fetch GET 200 https://registry.npmjs.org/estree-walker 52ms (cache revalidated)
1235 silly packumentCache full:https://registry.npmjs.org/estree-walker set size:60887 disposed:false
1236 http fetch GET 200 https://registry.npmjs.org/@types%2festree 87ms (cache revalidated)
1237 silly packumentCache full:https://registry.npmjs.org/@types%2festree set size:76072 disposed:false
1238 silly placeDep ROOT @types/resolve@1.17.1 OK for: @rollup/plugin-node-resolve@11.2.1 want: 1.17.1
1239 silly placeDep ROOT builtin-modules@3.3.0 OK for: @rollup/plugin-node-resolve@11.2.1 want: ^3.1.0
1240 silly placeDep ROOT deepmerge@4.3.1 OK for: @rollup/plugin-node-resolve@11.2.1 want: ^4.2.2
1241 silly placeDep ROOT is-module@1.0.0 OK for: @rollup/plugin-node-resolve@11.2.1 want: ^1.0.0
1242 silly placeDep ROOT magic-string@0.25.9 OK for: @rollup/plugin-replace@2.4.2 want: ^0.25.7
1243 silly fetch manifest sourcemap-codec@^1.4.8
1244 silly packumentCache full:https://registry.npmjs.org/sourcemap-codec cache-miss
1245 http fetch GET 200 https://registry.npmjs.org/sourcemap-codec 49ms (cache revalidated)
1246 silly packumentCache full:https://registry.npmjs.org/sourcemap-codec set size:45470 disposed:false
1247 silly placeDep ROOT @types/estree@0.0.39 OK for: @rollup/pluginutils@3.1.0 want: 0.0.39
1248 silly placeDep ROOT estree-walker@1.0.1 OK for: @rollup/pluginutils@3.1.0 want: ^1.0.1
1249 silly placeDep ROOT ejs@3.1.10 OK for: @surma/rollup-plugin-off-main-thread@2.2.3 want: ^3.1.6
1250 silly placeDep ROOT string.prototype.matchall@4.1.0 OK for: @surma/rollup-plugin-off-main-thread@2.2.3 want: ^4.0.6
1251 silly fetch manifest jake@^10.8.5
1252 silly packumentCache full:https://registry.npmjs.org/jake cache-miss
1253 silly fetch manifest call-bind@^1.0.9
1254 silly packumentCache full:https://registry.npmjs.org/call-bind cache-miss
1255 silly fetch manifest call-bound@^1.0.4
1256 silly packumentCache full:https://registry.npmjs.org/call-bound cache-miss
1257 silly fetch manifest es-abstract@^1.24.2
1258 silly packumentCache full:https://registry.npmjs.org/es-abstract cache-miss
1259 silly fetch manifest side-channel@^1.1.1
1260 silly packumentCache full:https://registry.npmjs.org/side-channel cache-miss
1261 silly fetch manifest get-intrinsic@^1.3.0
1262 silly packumentCache full:https://registry.npmjs.org/get-intrinsic cache-miss
1263 silly fetch manifest internal-slot@^1.1.0
1264 silly packumentCache full:https://registry.npmjs.org/internal-slot cache-miss
1265 silly fetch manifest es-object-atoms@^1.1.2
1266 silly packumentCache full:https://registry.npmjs.org/es-object-atoms cache-miss
1267 silly fetch manifest define-properties@^1.2.1
1268 silly packumentCache full:https://registry.npmjs.org/define-properties cache-miss
1269 silly fetch manifest set-function-name@^2.0.2
1270 silly packumentCache full:https://registry.npmjs.org/set-function-name cache-miss
1271 silly fetch manifest regexp.prototype.flags@^1.5.4
1272 silly packumentCache full:https://registry.npmjs.org/regexp.prototype.flags cache-miss
1273 http fetch GET 200 https://registry.npmjs.org/call-bound 143ms (cache revalidated)
1274 silly packumentCache full:https://registry.npmjs.org/call-bound set size:15317 disposed:false
1275 http fetch GET 200 https://registry.npmjs.org/jake 149ms (cache revalidated)
1276 silly packumentCache full:https://registry.npmjs.org/jake set size:265178 disposed:false
1277 http fetch GET 200 https://registry.npmjs.org/side-channel 164ms (cache revalidated)
1278 silly packumentCache full:https://registry.npmjs.org/side-channel set size:27650 disposed:false
1279 http fetch GET 200 https://registry.npmjs.org/get-intrinsic 166ms (cache revalidated)
1280 silly packumentCache full:https://registry.npmjs.org/get-intrinsic set size:60985 disposed:false
1281 http fetch GET 200 https://registry.npmjs.org/es-object-atoms 167ms (cache revalidated)
1282 silly packumentCache full:https://registry.npmjs.org/es-object-atoms set size:18278 disposed:false
1283 http fetch GET 200 https://registry.npmjs.org/es-abstract 175ms (cache revalidated)
1284 silly packumentCache full:https://registry.npmjs.org/es-abstract set size:384124 disposed:false
1285 http fetch GET 200 https://registry.npmjs.org/internal-slot 185ms (cache revalidated)
1286 silly packumentCache full:https://registry.npmjs.org/internal-slot set size:30267 disposed:false
1287 http fetch GET 200 https://registry.npmjs.org/define-properties 186ms (cache revalidated)
1288 silly packumentCache full:https://registry.npmjs.org/define-properties set size:31491 disposed:false
1289 http fetch GET 200 https://registry.npmjs.org/regexp.prototype.flags 190ms (cache revalidated)
1290 silly packumentCache full:https://registry.npmjs.org/regexp.prototype.flags set size:60621 disposed:false
1291 http fetch GET 200 https://registry.npmjs.org/set-function-name 195ms (cache revalidated)
1292 silly packumentCache full:https://registry.npmjs.org/set-function-name set size:13766 disposed:false
1293 http fetch GET 200 https://registry.npmjs.org/call-bind 207ms (cache revalidated)
1294 silly packumentCache full:https://registry.npmjs.org/call-bind set size:32985 disposed:false
1295 silly placeDep ROOT @babel/helper-define-polyfill-provider@0.6.8 OK for: babel-plugin-polyfill-corejs2@0.4.17 want: ^0.6.8
1296 silly placeDep node_modules/babel-plugin-polyfill-corejs2 semver@6.3.1 OK for: babel-plugin-polyfill-corejs2@0.4.17 want: ^6.3.1
1297 silly fetch manifest debug@^4.4.3
1298 silly packumentCache full:https://registry.npmjs.org/debug cache-hit
1299 silly fetch manifest resolve@^1.22.11
1300 silly packumentCache full:https://registry.npmjs.org/resolve cache-miss
1301 silly fetch manifest lodash.debounce@^4.0.8
1302 silly packumentCache full:https://registry.npmjs.org/lodash.debounce cache-miss
1303 http fetch GET 200 https://registry.npmjs.org/lodash.debounce 60ms (cache revalidated)
1304 silly packumentCache full:https://registry.npmjs.org/lodash.debounce set size:44123 disposed:false
1305 http fetch GET 200 https://registry.npmjs.org/resolve 65ms (cache revalidated)
1306 silly packumentCache full:https://registry.npmjs.org/resolve set size:244568 disposed:false
1307 silly placeDep node_modules/@babel/helper-define-polyfill-provider debug@4.4.3 OK for: @babel/helper-define-polyfill-provider@0.6.8 want: ^4.4.3
1308 silly placeDep ROOT lodash.debounce@4.0.8 OK for: @babel/helper-define-polyfill-provider@0.6.8 want: ^4.0.8
1309 silly placeDep ROOT resolve@1.22.12 REPLACE for: @babel/helper-define-polyfill-provider@0.6.8 want: ^1.22.11
1310 silly placeDep ROOT baseline-browser-mapping@2.11.21 OK for: browserslist@4.28.9 want: ^2.11.20
1311 silly placeDep ROOT caniuse-lite@1.0.30001810 REPLACE for: browserslist@4.28.9 want: ^1.0.30001810
1312 silly placeDep ROOT electron-to-chromium@1.5.422 OK for: browserslist@4.28.9 want: ^1.5.420
1313 silly placeDep ROOT node-releases@2.0.54 OK for: browserslist@4.28.9 want: ^2.0.54
1314 silly placeDep ROOT update-browserslist-db@1.3.2 OK for: browserslist@4.28.9 want: ^1.3.2
1315 silly placeDep ROOT jake@10.9.4 OK for: ejs@3.1.10 want: ^10.8.5
1316 silly fetch manifest filelist@^1.0.4
1317 silly packumentCache full:https://registry.npmjs.org/filelist cache-miss
1318 http fetch GET 200 https://registry.npmjs.org/filelist 273ms (cache revalidated)
1319 silly packumentCache full:https://registry.npmjs.org/filelist set size:27594 disposed:false
1320 silly placeDep ROOT filelist@1.0.6 OK for: jake@10.9.4 want: ^1.0.4
1321 silly fetch manifest minimatch@^5.0.1
1322 silly packumentCache full:https://registry.npmjs.org/minimatch cache-hit
1323 silly placeDep node_modules/filelist minimatch@5.1.9 OK for: filelist@1.0.6 want: ^5.0.1
1324 silly placeDep ROOT sourcemap-codec@1.4.8 OK for: magic-string@0.25.9 want: ^1.4.8
1325 silly placeDep ROOT regenerate@1.4.2 OK for: regexpu-core@6.4.0 want: ^1.4.2
1326 silly placeDep ROOT regenerate-unicode-properties@10.2.2 OK for: regexpu-core@6.4.0 want: ^10.2.2
1327 silly placeDep ROOT regjsgen@0.8.0 OK for: regexpu-core@6.4.0 want: ^0.8.0
1328 silly placeDep ROOT regjsparser@0.13.2 OK for: regexpu-core@6.4.0 want: ^0.13.0
1329 silly placeDep ROOT unicode-match-property-ecmascript@2.0.0 OK for: regexpu-core@6.4.0 want: ^2.0.0
1330 silly placeDep ROOT unicode-match-property-value-ecmascript@2.2.1 OK for: regexpu-core@6.4.0 want: ^2.2.1
1331 silly fetch manifest unicode-canonical-property-names-ecmascript@^2.0.0
1332 silly packumentCache full:https://registry.npmjs.org/unicode-canonical-property-names-ecmascript cache-miss
1333 silly fetch manifest unicode-property-aliases-ecmascript@^2.0.0
1334 silly packumentCache full:https://registry.npmjs.org/unicode-property-aliases-ecmascript cache-miss
1335 http fetch GET 200 https://registry.npmjs.org/unicode-canonical-property-names-ecmascript 81ms (cache revalidated)
1336 silly packumentCache full:https://registry.npmjs.org/unicode-canonical-property-names-ecmascript set size:17227 disposed:false
1337 http fetch GET 200 https://registry.npmjs.org/unicode-property-aliases-ecmascript 315ms (cache revalidated)
1338 silly packumentCache full:https://registry.npmjs.org/unicode-property-aliases-ecmascript set size:28095 disposed:false
1339 silly placeDep node_modules/rollup-plugin-terser jest-worker@26.6.2 OK for: rollup-plugin-terser@7.0.2 want: ^26.2.1
1340 silly placeDep ROOT serialize-javascript@4.0.0 OK for: rollup-plugin-terser@7.0.2 want: ^4.0.0
1341 silly fetch manifest randombytes@^2.1.0
1342 silly packumentCache full:https://registry.npmjs.org/randombytes cache-miss
1343 http fetch GET 200 https://registry.npmjs.org/randombytes 129ms (cache revalidated)
1344 silly packumentCache full:https://registry.npmjs.org/randombytes set size:17505 disposed:false
1345 silly placeDep ROOT randombytes@2.1.0 OK for: serialize-javascript@4.0.0 want: ^2.1.0
1346 silly placeDep ROOT call-bind@1.0.9 REPLACE for: string.prototype.matchall@4.1.0 want: ^1.0.9
1347 silly placeDep ROOT call-bound@1.0.4 REPLACE for: string.prototype.matchall@4.1.0 want: ^1.0.4
1348 silly placeDep ROOT define-properties@1.2.1 OK for: string.prototype.matchall@4.1.0 want: ^1.2.1
1349 silly placeDep ROOT es-abstract@1.24.2 OK for: string.prototype.matchall@4.1.0 want: ^1.24.2
1350 silly placeDep ROOT es-object-atoms@1.1.2 REPLACE for: string.prototype.matchall@4.1.0 want: ^1.1.2
1351 silly placeDep ROOT get-intrinsic@1.3.0 REPLACE for: string.prototype.matchall@4.1.0 want: ^1.3.0
1352 silly placeDep ROOT internal-slot@1.1.0 OK for: string.prototype.matchall@4.1.0 want: ^1.1.0
1353 silly placeDep ROOT regexp.prototype.flags@1.5.4 OK for: string.prototype.matchall@4.1.0 want: ^1.5.4
1354 silly placeDep ROOT set-function-name@2.0.2 OK for: string.prototype.matchall@4.1.0 want: ^2.0.2
1355 silly placeDep ROOT side-channel@1.1.1 REPLACE for: string.prototype.matchall@4.1.0 want: ^1.1.1
1356 silly fetch manifest call-bind-apply-helpers@^1.0.2
1357 silly packumentCache full:https://registry.npmjs.org/call-bind-apply-helpers cache-miss
1358 silly fetch manifest call-bind-apply-helpers@^1.0.2
1359 silly packumentCache full:https://registry.npmjs.org/call-bind-apply-helpers cache-miss
1360 silly fetch manifest array-buffer-byte-length@^1.0.2
1361 silly packumentCache full:https://registry.npmjs.org/array-buffer-byte-length cache-miss
1362 silly fetch manifest arraybuffer.prototype.slice@^1.0.4
1363 silly packumentCache full:https://registry.npmjs.org/arraybuffer.prototype.slice cache-miss
1364 silly fetch manifest available-typed-arrays@^1.0.7
1365 silly packumentCache full:https://registry.npmjs.org/available-typed-arrays cache-miss
1366 silly fetch manifest data-view-buffer@^1.0.2
1367 silly packumentCache full:https://registry.npmjs.org/data-view-buffer cache-miss
1368 silly fetch manifest data-view-byte-length@^1.0.2
1369 silly packumentCache full:https://registry.npmjs.org/data-view-byte-length cache-miss
1370 silly fetch manifest data-view-byte-offset@^1.0.1
1371 silly packumentCache full:https://registry.npmjs.org/data-view-byte-offset cache-miss
1372 silly fetch manifest es-to-primitive@^1.3.0
1373 silly packumentCache full:https://registry.npmjs.org/es-to-primitive cache-miss
1374 silly fetch manifest function.prototype.name@^1.1.8
1375 silly packumentCache full:https://registry.npmjs.org/function.prototype.name cache-miss
1376 silly fetch manifest get-symbol-description@^1.1.0
1377 silly packumentCache full:https://registry.npmjs.org/get-symbol-description cache-miss
1378 silly fetch manifest globalthis@^1.0.4
1379 silly packumentCache full:https://registry.npmjs.org/globalthis cache-miss
1380 silly fetch manifest has-proto@^1.2.0
1381 silly packumentCache full:https://registry.npmjs.org/has-proto cache-miss
1382 silly fetch manifest is-array-buffer@^3.0.5
1383 silly packumentCache full:https://registry.npmjs.org/is-array-buffer cache-miss
1384 silly fetch manifest is-callable@^1.2.7
1385 silly packumentCache full:https://registry.npmjs.org/is-callable cache-miss
1386 http fetch GET 200 https://registry.npmjs.org/available-typed-arrays 109ms (cache revalidated)
1387 silly packumentCache full:https://registry.npmjs.org/available-typed-arrays set size:31390 disposed:false
1388 silly fetch manifest is-data-view@^1.0.2
1389 silly packumentCache full:https://registry.npmjs.org/is-data-view cache-miss
1390 http fetch GET 200 https://registry.npmjs.org/data-view-buffer 118ms (cache revalidated)
1391 silly packumentCache full:https://registry.npmjs.org/data-view-buffer set size:11789 disposed:false
1392 silly fetch manifest is-negative-zero@^2.0.3
1393 silly packumentCache full:https://registry.npmjs.org/is-negative-zero cache-miss
1394 http fetch GET 200 https://registry.npmjs.org/arraybuffer.prototype.slice 135ms (cache revalidated)
1395 silly packumentCache full:https://registry.npmjs.org/arraybuffer.prototype.slice set size:20917 disposed:false
1396 silly fetch manifest is-regex@^1.2.1
1397 silly packumentCache full:https://registry.npmjs.org/is-regex cache-miss
1398 http fetch GET 200 https://registry.npmjs.org/array-buffer-byte-length 163ms (cache revalidated)
1399 silly packumentCache full:https://registry.npmjs.org/array-buffer-byte-length set size:13099 disposed:false
1400 silly fetch manifest is-set@^2.0.3
1401 silly packumentCache full:https://registry.npmjs.org/is-set cache-miss
1402 http fetch GET 200 https://registry.npmjs.org/call-bind-apply-helpers 175ms (cache revalidated)
1403 silly packumentCache full:https://registry.npmjs.org/call-bind-apply-helpers set size:12744 disposed:false
1404 silly fetch manifest is-shared-array-buffer@^1.0.4
1405 silly packumentCache full:https://registry.npmjs.org/is-shared-array-buffer cache-miss
1406 http fetch GET 200 https://registry.npmjs.org/function.prototype.name 166ms (cache revalidated)
1407 silly packumentCache full:https://registry.npmjs.org/function.prototype.name set size:48566 disposed:false
1408 silly fetch manifest is-string@^1.1.1
1409 silly packumentCache full:https://registry.npmjs.org/is-string cache-miss
1410 http fetch GET 200 https://registry.npmjs.org/has-proto 164ms (cache revalidated)
1411 silly packumentCache full:https://registry.npmjs.org/has-proto set size:21527 disposed:false
1412 silly fetch manifest is-typed-array@^1.1.15
1413 silly packumentCache full:https://registry.npmjs.org/is-typed-array cache-miss
1414 http fetch GET 200 https://registry.npmjs.org/data-view-byte-length 185ms (cache revalidated)
1415 silly packumentCache full:https://registry.npmjs.org/data-view-byte-length set size:12269 disposed:false
1416 silly fetch manifest is-weakref@^1.1.1
1417 silly packumentCache full:https://registry.npmjs.org/is-weakref cache-miss
1418 http fetch GET 200 https://registry.npmjs.org/is-array-buffer 173ms (cache revalidated)
1419 silly packumentCache full:https://registry.npmjs.org/is-array-buffer set size:33562 disposed:false
1420 silly fetch manifest object.assign@^4.1.7
1421 silly packumentCache full:https://registry.npmjs.org/object.assign cache-miss
1422 http fetch GET 200 https://registry.npmjs.org/globalthis 181ms (cache revalidated)
1423 silly packumentCache full:https://registry.npmjs.org/globalthis set size:22522 disposed:false
1424 silly fetch manifest own-keys@^1.0.1
1425 silly packumentCache full:https://registry.npmjs.org/own-keys cache-miss
1426 http fetch GET 200 https://registry.npmjs.org/es-to-primitive 199ms (cache revalidated)
1427 silly packumentCache full:https://registry.npmjs.org/es-to-primitive set size:35315 disposed:false
1428 silly fetch manifest safe-array-concat@^1.1.3
1429 silly packumentCache full:https://registry.npmjs.org/safe-array-concat cache-miss
1430 http fetch GET 200 https://registry.npmjs.org/get-symbol-description 196ms (cache revalidated)
1431 silly packumentCache full:https://registry.npmjs.org/get-symbol-description set size:15540 disposed:false
1432 silly fetch manifest safe-push-apply@^1.0.0
1433 silly packumentCache full:https://registry.npmjs.org/safe-push-apply cache-miss
1434 http fetch GET 200 https://registry.npmjs.org/call-bind-apply-helpers 218ms (cache revalidated)
1435 silly packumentCache full:https://registry.npmjs.org/call-bind-apply-helpers set size:12744 disposed:false
1436 silly packumentCache full:https://registry.npmjs.org/call-bind-apply-helpers dispose
1437 silly fetch manifest safe-regex-test@^1.1.0
1438 silly packumentCache full:https://registry.npmjs.org/safe-regex-test cache-miss
1439 http fetch GET 200 https://registry.npmjs.org/is-data-view 111ms (cache revalidated)
1440 silly packumentCache full:https://registry.npmjs.org/is-data-view set size:13756 disposed:false
1441 silly fetch manifest set-proto@^1.0.0
1442 silly packumentCache full:https://registry.npmjs.org/set-proto cache-miss
1443 http fetch GET 200 https://registry.npmjs.org/is-regex 132ms (cache revalidated)
1444 silly packumentCache full:https://registry.npmjs.org/is-regex set size:42924 disposed:false
1445 silly fetch manifest stop-iteration-iterator@^1.1.0
1446 silly packumentCache full:https://registry.npmjs.org/stop-iteration-iterator cache-miss
1447 http fetch GET 200 https://registry.npmjs.org/is-set 146ms (cache revalidated)
1448 silly packumentCache full:https://registry.npmjs.org/is-set set size:16614 disposed:false
1449 silly fetch manifest string.prototype.trim@^1.2.10
1450 silly packumentCache full:https://registry.npmjs.org/string.prototype.trim cache-miss
1451 http fetch GET 200 https://registry.npmjs.org/is-shared-array-buffer 157ms (cache revalidated)
1452 silly packumentCache full:https://registry.npmjs.org/is-shared-array-buffer set size:19880 disposed:false
1453 silly fetch manifest string.prototype.trimend@^1.0.9
1454 silly packumentCache full:https://registry.npmjs.org/string.prototype.trimend cache-miss
1455 http fetch GET 200 https://registry.npmjs.org/is-string 158ms (cache revalidated)
1456 silly packumentCache full:https://registry.npmjs.org/is-string set size:29636 disposed:false
1457 silly fetch manifest string.prototype.trimstart@^1.0.8
1458 silly packumentCache full:https://registry.npmjs.org/string.prototype.trimstart cache-miss
1459 http fetch GET 200 https://registry.npmjs.org/object.assign 149ms (cache revalidated)
1460 silly packumentCache full:https://registry.npmjs.org/object.assign set size:85907 disposed:false
1461 silly fetch manifest typed-array-buffer@^1.0.3
1462 silly packumentCache full:https://registry.npmjs.org/typed-array-buffer cache-miss
1463 http fetch GET 200 https://registry.npmjs.org/safe-push-apply 141ms (cache revalidated)
1464 silly packumentCache full:https://registry.npmjs.org/safe-push-apply set size:5759 disposed:false
1465 silly fetch manifest typed-array-byte-length@^1.0.3
1466 silly packumentCache full:https://registry.npmjs.org/typed-array-byte-length cache-miss
1467 http fetch GET 200 https://registry.npmjs.org/safe-regex-test 147ms (cache revalidated)
1468 silly packumentCache full:https://registry.npmjs.org/safe-regex-test set size:17412 disposed:false
1469 silly fetch manifest typed-array-byte-offset@^1.0.4
1470 silly packumentCache full:https://registry.npmjs.org/typed-array-byte-offset cache-miss
1471 http fetch GET 200 https://registry.npmjs.org/safe-array-concat 158ms (cache revalidated)
1472 silly packumentCache full:https://registry.npmjs.org/safe-array-concat set size:25516 disposed:false
1473 silly fetch manifest typed-array-length@^1.0.7
1474 silly packumentCache full:https://registry.npmjs.org/typed-array-length cache-miss
1475 http fetch GET 200 https://registry.npmjs.org/data-view-byte-offset 370ms (cache revalidated)
1476 silly packumentCache full:https://registry.npmjs.org/data-view-byte-offset set size:9200 disposed:false
1477 silly fetch manifest unbox-primitive@^1.1.0
1478 silly packumentCache full:https://registry.npmjs.org/unbox-primitive cache-miss
1479 http fetch GET 200 https://registry.npmjs.org/is-callable 374ms (cache revalidated)
1480 silly packumentCache full:https://registry.npmjs.org/is-callable set size:66606 disposed:false
1481 silly fetch manifest which-typed-array@^1.1.19
1482 silly packumentCache full:https://registry.npmjs.org/which-typed-array cache-miss
1483 http fetch GET 200 https://registry.npmjs.org/string.prototype.trim 89ms (cache revalidated)
1484 silly packumentCache full:https://registry.npmjs.org/string.prototype.trim set size:57416 disposed:false
1485 silly fetch manifest functions-have-names@^1.2.3
1486 silly packumentCache full:https://registry.npmjs.org/functions-have-names cache-miss
1487 http fetch GET 200 https://registry.npmjs.org/string.prototype.trimend 97ms (cache revalidated)
1488 silly packumentCache full:https://registry.npmjs.org/string.prototype.trimend set size:44009 disposed:false
1489 silly fetch manifest side-channel-list@^1.0.1
1490 silly packumentCache full:https://registry.npmjs.org/side-channel-list cache-miss
1491 http fetch GET 200 https://registry.npmjs.org/is-negative-zero 339ms (cache revalidated)
1492 silly packumentCache full:https://registry.npmjs.org/is-negative-zero set size:22152 disposed:false
1493 http fetch GET 200 https://registry.npmjs.org/string.prototype.trimstart 165ms (cache revalidated)
1494 silly packumentCache full:https://registry.npmjs.org/string.prototype.trimstart set size:38291 disposed:false
1495 http fetch GET 200 https://registry.npmjs.org/typed-array-byte-length 158ms (cache revalidated)
1496 silly packumentCache full:https://registry.npmjs.org/typed-array-byte-length set size:18382 disposed:false
1497 http fetch GET 200 https://registry.npmjs.org/typed-array-length 166ms (cache revalidated)
1498 silly packumentCache full:https://registry.npmjs.org/typed-array-length set size:35665 disposed:false
1499 http fetch GET 200 https://registry.npmjs.org/typed-array-byte-offset 174ms (cache revalidated)
1500 silly packumentCache full:https://registry.npmjs.org/typed-array-byte-offset set size:21714 disposed:false
1501 http fetch GET 200 https://registry.npmjs.org/unbox-primitive 185ms (cache revalidated)
1502 silly packumentCache full:https://registry.npmjs.org/unbox-primitive set size:15669 disposed:false
1503 http fetch GET 200 https://registry.npmjs.org/functions-have-names 157ms (cache revalidated)
1504 silly packumentCache full:https://registry.npmjs.org/functions-have-names set size:24196 disposed:false
1505 http fetch GET 200 https://registry.npmjs.org/which-typed-array 165ms (cache revalidated)
1506 silly packumentCache full:https://registry.npmjs.org/which-typed-array set size:101551 disposed:false
1507 http fetch GET 200 https://registry.npmjs.org/side-channel-list 140ms (cache revalidated)
1508 silly packumentCache full:https://registry.npmjs.org/side-channel-list set size:9021 disposed:false
1509 http fetch GET 200 https://registry.npmjs.org/is-weakref 427ms (cache revalidated)
1510 silly packumentCache full:https://registry.npmjs.org/is-weakref set size:18473 disposed:false
1511 http fetch GET 200 https://registry.npmjs.org/own-keys 457ms (cache revalidated)
1512 silly packumentCache full:https://registry.npmjs.org/own-keys set size:11888 disposed:false
1513 http fetch GET 200 https://registry.npmjs.org/is-typed-array 517ms (cache revalidated)
1514 silly packumentCache full:https://registry.npmjs.org/is-typed-array set size:79965 disposed:false
1515 http fetch GET 200 https://registry.npmjs.org/set-proto 525ms (cache revalidated)
1516 silly packumentCache full:https://registry.npmjs.org/set-proto set size:5334 disposed:false
1517 http fetch GET 200 https://registry.npmjs.org/stop-iteration-iterator 504ms (cache revalidated)
1518 silly packumentCache full:https://registry.npmjs.org/stop-iteration-iterator set size:9160 disposed:false
1519 http fetch GET 200 https://registry.npmjs.org/typed-array-buffer 871ms (cache revalidated)
1520 silly packumentCache full:https://registry.npmjs.org/typed-array-buffer set size:14045 disposed:false
1521 silly placeDep ROOT call-bind-apply-helpers@1.0.2 REPLACE for: call-bind@1.0.9 want: ^1.0.2
1522 silly placeDep ROOT array-buffer-byte-length@1.0.2 OK for: es-abstract@1.24.2 want: ^1.0.2
1523 silly placeDep ROOT arraybuffer.prototype.slice@1.0.4 OK for: es-abstract@1.24.2 want: ^1.0.4
1524 silly placeDep ROOT available-typed-arrays@1.0.7 OK for: es-abstract@1.24.2 want: ^1.0.7
1525 silly placeDep ROOT data-view-buffer@1.0.2 OK for: es-abstract@1.24.2 want: ^1.0.2
1526 silly placeDep ROOT data-view-byte-length@1.0.2 OK for: es-abstract@1.24.2 want: ^1.0.2
1527 silly placeDep ROOT data-view-byte-offset@1.0.1 OK for: es-abstract@1.24.2 want: ^1.0.1
1528 silly placeDep ROOT es-to-primitive@1.3.4 OK for: es-abstract@1.24.2 want: ^1.3.0
1529 silly placeDep ROOT function.prototype.name@1.2.0 OK for: es-abstract@1.24.2 want: ^1.1.8
1530 silly placeDep ROOT get-symbol-description@1.1.0 OK for: es-abstract@1.24.2 want: ^1.1.0
1531 silly placeDep ROOT globalthis@1.0.4 OK for: es-abstract@1.24.2 want: ^1.0.4
1532 silly placeDep ROOT has-proto@1.2.0 OK for: es-abstract@1.24.2 want: ^1.2.0
1533 silly placeDep ROOT is-array-buffer@3.0.5 OK for: es-abstract@1.24.2 want: ^3.0.5
1534 silly placeDep ROOT is-callable@1.2.7 OK for: es-abstract@1.24.2 want: ^1.2.7
1535 silly placeDep ROOT is-data-view@1.0.2 OK for: es-abstract@1.24.2 want: ^1.0.2
1536 silly placeDep ROOT is-negative-zero@2.0.3 OK for: es-abstract@1.24.2 want: ^2.0.3
1537 silly placeDep ROOT is-regex@1.2.1 OK for: es-abstract@1.24.2 want: ^1.2.1
1538 silly placeDep ROOT is-set@2.0.3 OK for: es-abstract@1.24.2 want: ^2.0.3
1539 silly placeDep ROOT is-shared-array-buffer@1.0.4 OK for: es-abstract@1.24.2 want: ^1.0.4
1540 silly placeDep ROOT is-string@1.1.1 OK for: es-abstract@1.24.2 want: ^1.1.1
1541 silly placeDep ROOT is-typed-array@1.1.15 OK for: es-abstract@1.24.2 want: ^1.1.15
1542 silly placeDep ROOT is-weakref@1.1.1 OK for: es-abstract@1.24.2 want: ^1.1.1
1543 silly placeDep ROOT object.assign@4.1.7 OK for: es-abstract@1.24.2 want: ^4.1.7
1544 silly placeDep ROOT own-keys@1.0.2 OK for: es-abstract@1.24.2 want: ^1.0.1
1545 silly placeDep ROOT safe-array-concat@1.1.4 OK for: es-abstract@1.24.2 want: ^1.1.3
1546 silly placeDep ROOT safe-push-apply@1.0.0 OK for: es-abstract@1.24.2 want: ^1.0.0
1547 silly placeDep ROOT safe-regex-test@1.1.0 OK for: es-abstract@1.24.2 want: ^1.1.0
1548 silly placeDep ROOT set-proto@1.0.0 OK for: es-abstract@1.24.2 want: ^1.0.0
1549 silly placeDep ROOT stop-iteration-iterator@1.1.0 OK for: es-abstract@1.24.2 want: ^1.1.0
1550 silly placeDep ROOT string.prototype.trim@1.2.11 OK for: es-abstract@1.24.2 want: ^1.2.10
1551 silly placeDep ROOT string.prototype.trimend@1.0.10 OK for: es-abstract@1.24.2 want: ^1.0.9
1552 silly placeDep ROOT string.prototype.trimstart@1.0.8 OK for: es-abstract@1.24.2 want: ^1.0.8
1553 silly placeDep ROOT typed-array-buffer@1.0.3 OK for: es-abstract@1.24.2 want: ^1.0.3
1554 silly placeDep ROOT typed-array-byte-length@1.0.3 OK for: es-abstract@1.24.2 want: ^1.0.3
1555 silly placeDep ROOT typed-array-byte-offset@1.0.4 OK for: es-abstract@1.24.2 want: ^1.0.4
1556 silly placeDep ROOT typed-array-length@1.0.8 OK for: es-abstract@1.24.2 want: ^1.0.7
1557 silly placeDep ROOT unbox-primitive@1.1.0 OK for: es-abstract@1.24.2 want: ^1.1.0
1558 silly placeDep ROOT which-typed-array@1.1.22 OK for: es-abstract@1.24.2 want: ^1.1.19
1559 silly fetch manifest is-array-buffer@^3.0.4
1560 silly packumentCache full:https://registry.npmjs.org/is-array-buffer cache-hit
1561 silly fetch manifest possible-typed-array-names@^1.0.0
1562 silly packumentCache full:https://registry.npmjs.org/possible-typed-array-names cache-miss
1563 silly fetch manifest is-data-view@^1.0.1
1564 silly packumentCache full:https://registry.npmjs.org/is-data-view cache-hit
1565 silly fetch manifest is-symbol@^1.1.1
1566 silly packumentCache full:https://registry.npmjs.org/is-symbol cache-miss
1567 silly fetch manifest is-date-object@^1.1.0
1568 silly packumentCache full:https://registry.npmjs.org/is-date-object cache-miss
1569 silly fetch manifest es-abstract-get@^1.0.0
1570 silly packumentCache full:https://registry.npmjs.org/es-abstract-get cache-miss
1571 silly fetch manifest hasown@^2.0.4
1572 silly packumentCache full:https://registry.npmjs.org/hasown cache-miss
1573 silly fetch manifest is-document.all@^1.0.0
1574 silly packumentCache full:https://registry.npmjs.org/is-document.all cache-miss
1575 silly fetch manifest is-typed-array@^1.1.13
1576 silly packumentCache full:https://registry.npmjs.org/is-typed-array cache-hit
1577 silly fetch manifest which-typed-array@^1.1.16
1578 silly packumentCache full:https://registry.npmjs.org/which-typed-array cache-hit
1579 silly fetch manifest for-each@^0.3.3
1580 silly packumentCache full:https://registry.npmjs.org/for-each cache-miss
1581 silly fetch manifest for-each@^0.3.3
1582 silly packumentCache full:https://registry.npmjs.org/for-each cache-miss
1583 silly fetch manifest reflect.getprototypeof@^1.0.9
1584 silly packumentCache full:https://registry.npmjs.org/reflect.getprototypeof cache-miss
1585 silly fetch manifest for-each@^0.3.5
1586 silly packumentCache full:https://registry.npmjs.org/for-each cache-miss
1587 silly fetch manifest possible-typed-array-names@^1.1.0
1588 silly packumentCache full:https://registry.npmjs.org/possible-typed-array-names cache-miss
1589 silly fetch manifest reflect.getprototypeof@^1.0.10
1590 silly packumentCache full:https://registry.npmjs.org/reflect.getprototypeof cache-miss
1591 silly fetch manifest has-bigints@^1.0.2
1592 silly packumentCache full:https://registry.npmjs.org/has-bigints cache-miss
1593 silly fetch manifest which-boxed-primitive@^1.1.1
1594 silly packumentCache full:https://registry.npmjs.org/which-boxed-primitive cache-miss
1595 silly fetch manifest for-each@^0.3.5
1596 silly packumentCache full:https://registry.npmjs.org/for-each cache-miss
1597 http fetch GET 200 https://registry.npmjs.org/possible-typed-array-names 245ms (cache revalidated)
1598 silly packumentCache full:https://registry.npmjs.org/possible-typed-array-names set size:9167 disposed:false
1599 http fetch GET 200 https://registry.npmjs.org/es-abstract-get 248ms (cache revalidated)
1600 silly packumentCache full:https://registry.npmjs.org/es-abstract-get set size:7156 disposed:false
1601 http fetch GET 200 https://registry.npmjs.org/is-date-object 482ms (cache revalidated)
1602 silly packumentCache full:https://registry.npmjs.org/is-date-object set size:25050 disposed:false
1603 http fetch GET 200 https://registry.npmjs.org/is-symbol 487ms (cache revalidated)
1604 silly packumentCache full:https://registry.npmjs.org/is-symbol set size:22675 disposed:false
1605 http fetch GET 200 https://registry.npmjs.org/reflect.getprototypeof 479ms (cache revalidated)
1606 silly packumentCache full:https://registry.npmjs.org/reflect.getprototypeof set size:44083 disposed:false
1607 http fetch GET 200 https://registry.npmjs.org/for-each 490ms (cache revalidated)
1608 silly packumentCache full:https://registry.npmjs.org/for-each set size:14327 disposed:false
1609 http fetch GET 200 https://registry.npmjs.org/is-document.all 515ms (cache revalidated)
1610 silly packumentCache full:https://registry.npmjs.org/is-document.all set size:5283 disposed:false
1611 http fetch GET 200 https://registry.npmjs.org/has-bigints 504ms (cache revalidated)
1612 silly packumentCache full:https://registry.npmjs.org/has-bigints set size:14176 disposed:false
1613 http fetch GET 200 https://registry.npmjs.org/which-boxed-primitive 530ms (cache revalidated)
1614 silly packumentCache full:https://registry.npmjs.org/which-boxed-primitive set size:19407 disposed:false
1615 http fetch GET 200 https://registry.npmjs.org/possible-typed-array-names 536ms (cache revalidated)
1616 silly packumentCache full:https://registry.npmjs.org/possible-typed-array-names set size:9167 disposed:false
1617 silly packumentCache full:https://registry.npmjs.org/possible-typed-array-names dispose
1618 http fetch GET 200 https://registry.npmjs.org/reflect.getprototypeof 541ms (cache revalidated)
1619 silly packumentCache full:https://registry.npmjs.org/reflect.getprototypeof set size:44083 disposed:false
1620 silly packumentCache full:https://registry.npmjs.org/reflect.getprototypeof dispose
1621 http fetch GET 200 https://registry.npmjs.org/hasown 558ms (cache revalidated)
1622 silly packumentCache full:https://registry.npmjs.org/hasown set size:18361 disposed:false
1623 http fetch GET 200 https://registry.npmjs.org/for-each 552ms (cache revalidated)
1624 silly packumentCache full:https://registry.npmjs.org/for-each set size:14327 disposed:false
1625 silly packumentCache full:https://registry.npmjs.org/for-each dispose
1626 http fetch GET 200 https://registry.npmjs.org/for-each 552ms (cache revalidated)
1627 silly packumentCache full:https://registry.npmjs.org/for-each set size:14327 disposed:true
1628 silly packumentCache full:https://registry.npmjs.org/for-each dispose
1629 http fetch GET 200 https://registry.npmjs.org/for-each 544ms (cache revalidated)
1630 silly packumentCache full:https://registry.npmjs.org/for-each set size:14327 disposed:true
1631 silly packumentCache full:https://registry.npmjs.org/for-each dispose
1632 silly placeDep ROOT possible-typed-array-names@1.1.0 OK for: available-typed-arrays@1.0.7 want: ^1.0.0
1633 silly placeDep ROOT es-abstract-get@1.0.0 OK for: es-to-primitive@1.3.4 want: ^1.0.0
1634 silly placeDep ROOT is-date-object@1.1.0 OK for: es-to-primitive@1.3.4 want: ^1.1.0
1635 silly placeDep ROOT is-symbol@1.1.1 OK for: es-to-primitive@1.3.4 want: ^1.1.1
1636 silly placeDep ROOT functions-have-names@1.2.3 OK for: function.prototype.name@1.2.0 want: ^1.2.3
1637 silly placeDep ROOT hasown@2.0.4 REPLACE for: function.prototype.name@1.2.0 want: ^2.0.4
1638 silly placeDep ROOT is-document.all@1.0.0 OK for: function.prototype.name@1.2.0 want: ^1.0.0
1639 silly placeDep ROOT side-channel-list@1.0.1 OK for: side-channel@1.1.1 want: ^1.0.1
1640 silly placeDep ROOT get-own-enumerable-property-symbols@3.0.2 OK for: stringify-object@3.3.0 want: ^3.0.0
1641 silly placeDep node_modules/stringify-object is-obj@1.0.1 OK for: stringify-object@3.3.0 want: ^1.0.1
1642 silly placeDep ROOT is-regexp@1.0.0 OK for: stringify-object@3.3.0 want: ^1.0.0
1643 silly placeDep ROOT temp-dir@2.0.0 OK for: tempy@0.6.0 want: ^2.0.0
1644 silly placeDep ROOT type-fest@0.16.0 OK for: tempy@0.6.0 want: ^0.16.0
1645 silly placeDep ROOT for-each@0.3.5 OK for: typed-array-byte-length@1.0.3 want: ^0.3.3
1646 silly placeDep ROOT reflect.getprototypeof@1.0.10 OK for: typed-array-byte-offset@1.0.4 want: ^1.0.9
1647 silly fetch manifest which-builtin-type@^1.2.1
1648 silly packumentCache full:https://registry.npmjs.org/which-builtin-type cache-miss
1649 http fetch GET 200 https://registry.npmjs.org/which-builtin-type 180ms (cache revalidated)
1650 silly packumentCache full:https://registry.npmjs.org/which-builtin-type set size:39107 disposed:false
1651 silly placeDep ROOT which-builtin-type@1.2.1 OK for: reflect.getprototypeof@1.0.10 want: ^1.2.1
1652 silly fetch manifest is-async-function@^2.0.0
1653 silly packumentCache full:https://registry.npmjs.org/is-async-function cache-miss
1654 silly fetch manifest is-finalizationregistry@^1.1.0
1655 silly packumentCache full:https://registry.npmjs.org/is-finalizationregistry cache-miss
1656 silly fetch manifest is-generator-function@^1.0.10
1657 silly packumentCache full:https://registry.npmjs.org/is-generator-function cache-miss
1658 silly fetch manifest which-boxed-primitive@^1.1.0
1659 silly packumentCache full:https://registry.npmjs.org/which-boxed-primitive cache-hit
1660 silly fetch manifest which-collection@^1.0.2
1661 silly packumentCache full:https://registry.npmjs.org/which-collection cache-miss
1662 http fetch GET 200 https://registry.npmjs.org/is-generator-function 85ms (cache revalidated)
1663 silly packumentCache full:https://registry.npmjs.org/is-generator-function set size:44643 disposed:false
1664 http fetch GET 200 https://registry.npmjs.org/is-async-function 91ms (cache revalidated)
1665 silly packumentCache full:https://registry.npmjs.org/is-async-function set size:51614 disposed:false
1666 http fetch GET 200 https://registry.npmjs.org/is-finalizationregistry 95ms (cache revalidated)
1667 silly packumentCache full:https://registry.npmjs.org/is-finalizationregistry set size:19800 disposed:false
1668 http fetch GET 200 https://registry.npmjs.org/which-collection 95ms (cache revalidated)
1669 silly packumentCache full:https://registry.npmjs.org/which-collection set size:13607 disposed:false
1670 silly placeDep ROOT has-bigints@1.1.0 OK for: unbox-primitive@1.1.0 want: ^1.0.2
1671 silly placeDep ROOT which-boxed-primitive@1.1.1 OK for: unbox-primitive@1.1.0 want: ^1.1.1
1672 silly fetch manifest is-bigint@^1.1.0
1673 silly packumentCache full:https://registry.npmjs.org/is-bigint cache-miss
1674 silly fetch manifest is-boolean-object@^1.2.1
1675 silly packumentCache full:https://registry.npmjs.org/is-boolean-object cache-miss
1676 silly fetch manifest is-number-object@^1.1.1
1677 silly packumentCache full:https://registry.npmjs.org/is-number-object cache-miss
1678 http fetch GET 200 https://registry.npmjs.org/is-boolean-object 100ms (cache revalidated)
1679 silly packumentCache full:https://registry.npmjs.org/is-boolean-object set size:31341 disposed:false
1680 http fetch GET 200 https://registry.npmjs.org/is-bigint 105ms (cache revalidated)
1681 silly packumentCache full:https://registry.npmjs.org/is-bigint set size:20283 disposed:false
1682 http fetch GET 200 https://registry.npmjs.org/is-number-object 603ms (cache revalidated)
1683 silly packumentCache full:https://registry.npmjs.org/is-number-object set size:31189 disposed:false
1684 silly placeDep ROOT unicode-canonical-property-names-ecmascript@2.0.1 OK for: unicode-match-property-ecmascript@2.0.0 want: ^2.0.0
1685 silly placeDep ROOT unicode-property-aliases-ecmascript@2.2.0 OK for: unicode-match-property-ecmascript@2.0.0 want: ^2.0.0
1686 silly placeDep ROOT is-bigint@1.1.0 OK for: which-boxed-primitive@1.1.1 want: ^1.1.0
1687 silly placeDep ROOT is-boolean-object@1.2.2 OK for: which-boxed-primitive@1.1.1 want: ^1.2.1
1688 silly placeDep ROOT is-number-object@1.1.1 OK for: which-boxed-primitive@1.1.1 want: ^1.1.1
1689 silly placeDep ROOT is-async-function@2.1.1 OK for: which-builtin-type@1.2.1 want: ^2.0.0
1690 silly placeDep ROOT is-finalizationregistry@1.1.1 OK for: which-builtin-type@1.2.1 want: ^1.1.0
1691 silly placeDep ROOT is-generator-function@1.1.2 OK for: which-builtin-type@1.2.1 want: ^1.0.10
1692 silly placeDep ROOT which-collection@1.0.2 OK for: which-builtin-type@1.2.1 want: ^1.0.2
1693 silly fetch manifest async-function@^1.0.0
1694 silly packumentCache full:https://registry.npmjs.org/async-function cache-miss
1695 silly fetch manifest generator-function@^2.0.0
1696 silly packumentCache full:https://registry.npmjs.org/generator-function cache-miss
1697 silly fetch manifest is-map@^2.0.3
1698 silly packumentCache full:https://registry.npmjs.org/is-map cache-miss
1699 silly fetch manifest is-weakmap@^2.0.2
1700 silly packumentCache full:https://registry.npmjs.org/is-weakmap cache-miss
1701 silly fetch manifest is-weakset@^2.0.3
1702 silly packumentCache full:https://registry.npmjs.org/is-weakset cache-miss
1703 http fetch GET 200 https://registry.npmjs.org/generator-function 96ms (cache revalidated)
1704 silly packumentCache full:https://registry.npmjs.org/generator-function set size:10401 disposed:false
1705 http fetch GET 200 https://registry.npmjs.org/async-function 110ms (cache revalidated)
1706 silly packumentCache full:https://registry.npmjs.org/async-function set size:7150 disposed:false
1707 http fetch GET 200 https://registry.npmjs.org/is-weakmap 104ms (cache revalidated)
1708 silly packumentCache full:https://registry.npmjs.org/is-weakmap set size:15163 disposed:false
1709 http fetch GET 200 https://registry.npmjs.org/is-map 109ms (cache revalidated)
1710 silly packumentCache full:https://registry.npmjs.org/is-map set size:18079 disposed:false
1711 http fetch GET 200 https://registry.npmjs.org/is-weakset 105ms (cache revalidated)
1712 silly packumentCache full:https://registry.npmjs.org/is-weakset set size:21965 disposed:false
1713 silly placeDep ROOT async-function@1.0.0 OK for: is-async-function@2.1.1 want: ^1.0.0
1714 silly placeDep ROOT generator-function@2.0.1 OK for: is-generator-function@1.1.2 want: ^2.0.0
1715 silly placeDep ROOT is-map@2.0.3 OK for: which-collection@1.0.2 want: ^2.0.3
1716 silly placeDep ROOT is-weakmap@2.0.2 OK for: which-collection@1.0.2 want: ^2.0.2
1717 silly placeDep ROOT is-weakset@2.0.4 OK for: which-collection@1.0.2 want: ^2.0.3
1718 silly placeDep ROOT @types/trusted-types@2.0.7 OK for: workbox-window@6.6.0 want: ^2.0.2
1719 silly placeDep node_modules/@babel/core ms@2.1.3 OK for: debug@4.4.3 want: ^2.1.3
1720 silly placeDep node_modules/@babel/helper-compilation-targets yallist@3.1.1 OK for: lru-cache@5.1.1 want: ^3.0.2
1721 silly placeDep node_modules/@babel/helper-define-polyfill-provider ms@2.1.3 OK for: debug@4.4.3 want: ^2.1.3
1722 silly placeDep node_modules/@babel/traverse ms@2.1.3 OK for: debug@4.4.3 want: ^2.1.3
1723 silly fetch manifest pify@^2.0.0
1724 silly packumentCache full:https://registry.npmjs.org/pify cache-hit
1725 silly placeDep node_modules/del array-union@1.0.2 OK for: globby@6.1.0 want: ^1.0.1
1726 silly placeDep node_modules/del glob@7.2.3 OK for: globby@6.1.0 want: ^7.0.3
1727 silly placeDep node_modules/del/node_modules/globby pify@2.3.0 OK for: globby@6.1.0 want: ^2.0.0
1728 silly placeDep ROOT pinkie-promise@2.0.1 OK for: globby@6.1.0 want: ^2.0.0
1729 silly fetch manifest array-uniq@^1.0.1
1730 silly packumentCache full:https://registry.npmjs.org/array-uniq cache-miss
1731 silly fetch manifest pinkie@^2.0.0
1732 silly packumentCache full:https://registry.npmjs.org/pinkie cache-miss
1733 http fetch GET 200 https://registry.npmjs.org/pinkie 268ms (cache revalidated)
1734 silly packumentCache full:https://registry.npmjs.org/pinkie set size:15061 disposed:false
1735 http fetch GET 200 https://registry.npmjs.org/array-uniq 288ms (cache revalidated)
1736 silly packumentCache full:https://registry.npmjs.org/array-uniq set size:17812 disposed:false
1737 silly placeDep ROOT pinkie@2.0.4 OK for: pinkie-promise@2.0.1 want: ^2.0.0
1738 silly placeDep ROOT array-uniq@1.0.3 OK for: array-union@1.0.2 want: ^1.0.1
1739 silly placeDep node_modules/del minimatch@3.1.5 OK for: glob@7.2.3 want: ^3.1.1
1740 silly fetch manifest brace-expansion@^1.1.7
1741 silly packumentCache full:https://registry.npmjs.org/brace-expansion cache-miss
1742 http fetch GET 200 https://registry.npmjs.org/brace-expansion 70ms (cache revalidated)
1743 silly packumentCache full:https://registry.npmjs.org/brace-expansion set size:101024 disposed:false
1744 silly placeDep node_modules/del brace-expansion@1.1.18 OK for: minimatch@3.1.5 want: ^1.1.7
1745 silly placeDep ROOT p-try@2.2.0 OK for: p-limit@2.3.0 want: ^2.0.0
1746 silly placeDep node_modules/schema-utils json-schema-traverse@0.4.1 OK for: ajv@6.15.0 want: ^0.4.1
1747 silly placeDep node_modules/terser-webpack-plugin ajv-formats@2.1.1 OK for: schema-utils@4.3.3 want: ^2.1.1
1748 silly placeDep node_modules/terser-webpack-plugin ajv-keywords@5.1.0 OK for: schema-utils@4.3.3 want: ^5.1.0
1749 silly placeDep node_modules/workbox-build minimatch@3.1.5 OK for: glob@7.2.3 want: ^3.1.1
1750 silly placeDep node_modules/workbox-build brace-expansion@1.1.18 OK for: minimatch@3.1.5 want: ^1.1.7
1751 silly reify mark retired [ 'D:\\Job_Portal\\node_modules\\magic-string' ]
1752 silly reify mark retired [ 'D:\\Job_Portal\\node_modules\\webpack' ]
1753 silly reify mark retired [ 'D:\\Job_Portal\\node_modules\\array-buffer-byte-length' ]
1754 silly reify mark retired [
1754 silly reify   'D:\\Job_Portal\\node_modules\\acorn',
1754 silly reify   'D:\\Job_Portal\\node_modules\\.bin\\acorn',
1754 silly reify   'D:\\Job_Portal\\node_modules\\.bin\\acorn.cmd',
1754 silly reify   'D:\\Job_Portal\\node_modules\\.bin\\acorn.ps1'
1754 silly reify ]
1755 silly reify mark retired [ 'D:\\Job_Portal\\node_modules\\array-union' ]
1756 silly reify mark retired [ 'D:\\Job_Portal\\node_modules\\ajv-keywords' ]
1757 silly reify mark retired [ 'D:\\Job_Portal\\node_modules\\array-uniq' ]
1758 silly reify mark retired [ 'D:\\Job_Portal\\node_modules\\available-typed-arrays' ]
1759 silly reify mark retired [ 'D:\\Job_Portal\\node_modules\\babel-loader' ]
1760 silly reify mark retired [ 'D:\\Job_Portal\\node_modules\\arraybuffer.prototype.slice' ]
1761 silly reify mark retired [ 'D:\\Job_Portal\\node_modules\\babel-plugin-polyfill-corejs2' ]
1762 silly reify mark retired [
1762 silly reify   'D:\\Job_Portal\\node_modules\\baseline-browser-mapping',
1762 silly reify   'D:\\Job_Portal\\node_modules\\.bin\\baseline-browser-mapping',
1762 silly reify   'D:\\Job_Portal\\node_modules\\.bin\\baseline-browser-mapping.cmd',
1762 silly reify   'D:\\Job_Portal\\node_modules\\.bin\\baseline-browser-mapping.ps1'
1762 silly reify ]
1763 silly reify mark retired [ 'D:\\Job_Portal\\node_modules\\async-function' ]
1764 silly reify mark retired [
1764 silly reify   'D:\\Job_Portal\\node_modules\\browserslist',
1764 silly reify   'D:\\Job_Portal\\node_modules\\.bin\\browserslist',
1764 silly reify   'D:\\Job_Portal\\node_modules\\.bin\\browserslist.cmd',
1764 silly reify   'D:\\Job_Portal\\node_modules\\.bin\\browserslist.ps1'
1764 silly reify ]
1765 silly reify mark retired [ 'D:\\Job_Portal\\node_modules\\babel-plugin-polyfill-corejs3' ]
1766 silly reify mark retired [ 'D:\\Job_Portal\\node_modules\\babel-plugin-polyfill-regenerator' ]
1767 silly reify mark retired [ 'D:\\Job_Portal\\node_modules\\big.js' ]
1768 silly reify mark retired [ 'D:\\Job_Portal\\node_modules\\builtin-modules' ]
1769 silly reify mark retired [ 'D:\\Job_Portal\\node_modules\\call-bind-apply-helpers' ]
1770 silly reify mark retired [ 'D:\\Job_Portal\\node_modules\\buffer-from' ]
1771 silly reify mark retired [ 'D:\\Job_Portal\\node_modules\\chrome-trace-event' ]
1772 silly reify mark retired [ 'D:\\Job_Portal\\node_modules\\caniuse-lite' ]
1773 silly reify mark retired [ 'D:\\Job_Portal\\node_modules\\call-bound' ]
1774 silly reify mark retired [ 'D:\\Job_Portal\\node_modules\\call-bind' ]
1775 silly reify mark retired [ 'D:\\Job_Portal\\node_modules\\commondir' ]
1776 silly reify mark retired [ 'D:\\Job_Portal\\node_modules\\convert-source-map' ]
1777 silly reify mark retired [ 'D:\\Job_Portal\\node_modules\\clean-webpack-plugin' ]
1778 silly reify mark retired [ 'D:\\Job_Portal\\node_modules\\common-tags' ]
1779 silly reify mark retired [ 'D:\\Job_Portal\\node_modules\\core-js-compat' ]
1780 silly reify mark retired [ 'D:\\Job_Portal\\node_modules\\data-view-byte-length' ]
1781 silly reify mark retired [ 'D:\\Job_Portal\\node_modules\\data-view-buffer' ]
1782 silly reify mark retired [ 'D:\\Job_Portal\\node_modules\\data-view-byte-offset' ]
1783 silly reify mark retired [ 'D:\\Job_Portal\\node_modules\\deepmerge' ]
1784 silly reify mark retired [ 'D:\\Job_Portal\\node_modules\\del' ]
1785 silly reify mark retired [ 'D:\\Job_Portal\\node_modules\\dir-glob' ]
1786 silly reify mark retired [ 'D:\\Job_Portal\\node_modules\\define-properties' ]
1787 silly reify mark retired [ 'D:\\Job_Portal\\node_modules\\electron-to-chromium' ]
1788 silly reify mark retired [ 'D:\\Job_Portal\\node_modules\\emojis-list' ]
1789 silly reify mark retired [
1789 silly reify   'D:\\Job_Portal\\node_modules\\ejs',
1789 silly reify   'D:\\Job_Portal\\node_modules\\.bin\\ejs',
1789 silly reify   'D:\\Job_Portal\\node_modules\\.bin\\ejs.cmd',
1789 silly reify   'D:\\Job_Portal\\node_modules\\.bin\\ejs.ps1'
1789 silly reify ]
1790 silly reify mark retired [ 'D:\\Job_Portal\\node_modules\\enhanced-resolve' ]
1791 silly reify mark retired [ 'D:\\Job_Portal\\node_modules\\es-abstract-get' ]
1792 silly reify mark retired [ 'D:\\Job_Portal\\node_modules\\es-abstract' ]
1793 silly reify mark retired [ 'D:\\Job_Portal\\node_modules\\estree-walker' ]
1794 silly reify mark retired [ 'D:\\Job_Portal\\node_modules\\es-object-atoms' ]
1795 silly reify mark retired [ 'D:\\Job_Portal\\node_modules\\events' ]
1796 silly reify mark retired [ 'D:\\Job_Portal\\node_modules\\filelist' ]
1797 silly reify mark retired [ 'D:\\Job_Portal\\node_modules\\es-to-primitive' ]
1798 silly reify mark retired [ 'D:\\Job_Portal\\node_modules\\es-module-lexer' ]
1799 silly reify mark retired [ 'D:\\Job_Portal\\node_modules\\for-each' ]
1800 silly reify mark retired [ 'D:\\Job_Portal\\node_modules\\function.prototype.name' ]
1801 silly reify mark retired [ 'D:\\Job_Portal\\node_modules\\esutils' ]
1802 silly reify mark retired [ 'D:\\Job_Portal\\node_modules\\find-up' ]
1803 silly reify mark retired [ 'D:\\Job_Portal\\node_modules\\find-cache-dir' ]
1804 silly reify mark retired [ 'D:\\Job_Portal\\node_modules\\generator-function' ]
1805 silly reify mark retired [ 'D:\\Job_Portal\\node_modules\\functions-have-names' ]
1806 silly reify mark retired [ 'D:\\Job_Portal\\node_modules\\gensync' ]
1807 silly reify mark retired [ 'D:\\Job_Portal\\node_modules\\get-symbol-description' ]
1808 silly reify mark retired [ 'D:\\Job_Portal\\node_modules\\get-intrinsic' ]
1809 silly reify mark retired [ 'D:\\Job_Portal\\node_modules\\get-own-enumerable-property-symbols' ]
1810 silly reify mark retired [ 'D:\\Job_Portal\\node_modules\\globby' ]
1811 silly reify mark retired [ 'D:\\Job_Portal\\node_modules\\globalthis' ]
1812 silly reify mark retired [ 'D:\\Job_Portal\\node_modules\\is-array-buffer' ]
1813 silly reify mark retired [ 'D:\\Job_Portal\\node_modules\\has-bigints' ]
1814 silly reify mark retired [ 'D:\\Job_Portal\\node_modules\\hasown' ]
1815 silly reify mark retired [ 'D:\\Job_Portal\\node_modules\\internal-slot' ]
1816 silly reify mark retired [ 'D:\\Job_Portal\\node_modules\\is-bigint' ]
1817 silly reify mark retired [ 'D:\\Job_Portal\\node_modules\\is-async-function' ]
1818 silly reify mark retired [ 'D:\\Job_Portal\\node_modules\\is-boolean-object' ]
1819 silly reify mark retired [ 'D:\\Job_Portal\\node_modules\\ignore' ]
1820 silly reify mark retired [ 'D:\\Job_Portal\\node_modules\\is-document.all' ]
1821 silly reify mark retired [ 'D:\\Job_Portal\\node_modules\\is-finalizationregistry' ]
1822 silly reify mark retired [ 'D:\\Job_Portal\\node_modules\\is-date-object' ]
1823 silly reify mark retired [ 'D:\\Job_Portal\\node_modules\\is-callable' ]
1824 silly reify mark retired [ 'D:\\Job_Portal\\node_modules\\is-module' ]
1825 silly reify mark retired [ 'D:\\Job_Portal\\node_modules\\is-data-view' ]
1826 silly reify mark retired [ 'D:\\Job_Portal\\node_modules\\is-generator-function' ]
1827 silly reify mark retired [ 'D:\\Job_Portal\\node_modules\\is-number-object' ]
1828 silly reify mark retired [ 'D:\\Job_Portal\\node_modules\\is-map' ]
1829 silly reify mark retired [ 'D:\\Job_Portal\\node_modules\\is-negative-zero' ]
1830 silly reify mark retired [ 'D:\\Job_Portal\\node_modules\\is-path-in-cwd' ]
1831 silly reify mark retired [ 'D:\\Job_Portal\\node_modules\\is-path-cwd' ]
1832 silly reify mark retired [ 'D:\\Job_Portal\\node_modules\\is-path-inside' ]
1833 silly reify mark retired [ 'D:\\Job_Portal\\node_modules\\is-regexp' ]
1834 silly reify mark retired [ 'D:\\Job_Portal\\node_modules\\is-set' ]
1835 silly reify mark retired [ 'D:\\Job_Portal\\node_modules\\has-proto' ]
1836 silly reify mark retired [ 'D:\\Job_Portal\\node_modules\\is-regex' ]
1837 silly reify mark retired [ 'D:\\Job_Portal\\node_modules\\is-string' ]
1838 silly reify mark retired [ 'D:\\Job_Portal\\node_modules\\is-weakref' ]
1839 silly reify mark retired [ 'D:\\Job_Portal\\node_modules\\is-symbol' ]
1840 silly reify mark retired [ 'D:\\Job_Portal\\node_modules\\is-typed-array' ]
1841 silly reify mark retired [
1841 silly reify   'D:\\Job_Portal\\node_modules\\jake',
1841 silly reify   'D:\\Job_Portal\\node_modules\\.bin\\jake',
1841 silly reify   'D:\\Job_Portal\\node_modules\\.bin\\jake.cmd',
1841 silly reify   'D:\\Job_Portal\\node_modules\\.bin\\jake.ps1'
1841 silly reify ]
1842 silly reify mark retired [ 'D:\\Job_Portal\\node_modules\\jest-worker' ]
1843 silly reify mark retired [ 'D:\\Job_Portal\\node_modules\\is-weakmap' ]
1844 silly reify mark retired [ 'D:\\Job_Portal\\node_modules\\is-weakset' ]
1845 silly reify mark retired [ 'D:\\Job_Portal\\node_modules\\is-shared-array-buffer' ]
1846 silly reify mark retired [ 'D:\\Job_Portal\\node_modules\\jsonpointer' ]
1847 silly reify mark retired [ 'D:\\Job_Portal\\node_modules\\leven' ]
1848 silly reify mark retired [
1848 silly reify   'D:\\Job_Portal\\node_modules\\jsesc',
1848 silly reify   'D:\\Job_Portal\\node_modules\\.bin\\jsesc',
1848 silly reify   'D:\\Job_Portal\\node_modules\\.bin\\jsesc.cmd',
1848 silly reify   'D:\\Job_Portal\\node_modules\\.bin\\jsesc.ps1'
1848 silly reify ]
1849 silly reify mark retired [ 'D:\\Job_Portal\\node_modules\\leaflet' ]
1850 silly reify mark retired [ 'D:\\Job_Portal\\node_modules\\locate-path' ]
1851 silly reify mark retired [ 'D:\\Job_Portal\\node_modules\\loader-utils' ]
1852 silly reify mark retired [ 'D:\\Job_Portal\\node_modules\\next-pwa' ]
1853 silly reify mark retired [ 'D:\\Job_Portal\\node_modules\\merge-stream' ]
1854 silly reify mark retired [ 'D:\\Job_Portal\\node_modules\\lodash.debounce' ]
1855 silly reify mark retired [ 'D:\\Job_Portal\\node_modules\\minimizer-webpack-plugin' ]
1856 silly reify mark retired [ 'D:\\Job_Portal\\node_modules\\node-releases' ]
1857 silly reify mark retired [ 'D:\\Job_Portal\\node_modules\\object.assign' ]
1858 silly reify mark retired [ 'D:\\Job_Portal\\node_modules\\own-keys' ]
1859 silly reify mark retired [ 'D:\\Job_Portal\\node_modules\\p-locate' ]
1860 silly reify mark retired [ 'D:\\Job_Portal\\node_modules\\p-map' ]
1861 silly reify mark retired [ 'D:\\Job_Portal\\node_modules\\p-try' ]
1862 silly reify mark retired [ 'D:\\Job_Portal\\node_modules\\path-is-inside' ]
1863 silly reify mark retired [ 'D:\\Job_Portal\\node_modules\\pinkie' ]
1864 silly reify mark retired [ 'D:\\Job_Portal\\node_modules\\possible-typed-array-names' ]
1865 silly reify mark retired [ 'D:\\Job_Portal\\node_modules\\path-exists' ]
1866 silly reify mark retired [ 'D:\\Job_Portal\\node_modules\\pkg-dir' ]
1867 silly reify mark retired [ 'D:\\Job_Portal\\node_modules\\path-type' ]
1868 silly reify mark retired [ 'D:\\Job_Portal\\node_modules\\pinkie-promise' ]
1869 silly reify mark retired [ 'D:\\Job_Portal\\node_modules\\pretty-bytes' ]
1870 silly reify mark retired [ 'D:\\Job_Portal\\node_modules\\randombytes' ]
1871 silly reify mark retired [ 'D:\\Job_Portal\\node_modules\\reflect.getprototypeof' ]
1872 silly reify mark retired [ 'D:\\Job_Portal\\node_modules\\regenerate' ]
1873 silly reify mark retired [ 'D:\\Job_Portal\\node_modules\\regenerate-unicode-properties' ]
1874 silly reify mark retired [ 'D:\\Job_Portal\\node_modules\\regjsgen' ]
1875 silly reify mark retired [ 'D:\\Job_Portal\\node_modules\\react-leaflet' ]
1876 silly reify mark retired [
1876 silly reify   'D:\\Job_Portal\\node_modules\\regjsparser',
1876 silly reify   'D:\\Job_Portal\\node_modules\\.bin\\regjsparser',
1876 silly reify   'D:\\Job_Portal\\node_modules\\.bin\\regjsparser.cmd',
1876 silly reify   'D:\\Job_Portal\\node_modules\\.bin\\regjsparser.ps1'
1876 silly reify ]
1877 silly reify mark retired [ 'D:\\Job_Portal\\node_modules\\regexp.prototype.flags' ]
1878 silly reify mark retired [
1878 silly reify   'D:\\Job_Portal\\node_modules\\resolve',
1878 silly reify   'D:\\Job_Portal\\node_modules\\.bin\\resolve',
1878 silly reify   'D:\\Job_Portal\\node_modules\\.bin\\resolve.cmd',
1878 silly reify   'D:\\Job_Portal\\node_modules\\.bin\\resolve.ps1'
1878 silly reify ]
1879 silly reify mark retired [ 'D:\\Job_Portal\\node_modules\\regexpu-core' ]
1880 silly reify mark retired [ 'D:\\Job_Portal\\node_modules\\safe-array-concat' ]
1881 silly reify mark retired [
1881 silly reify   'D:\\Job_Portal\\node_modules\\rollup',
1881 silly reify   'D:\\Job_Portal\\node_modules\\.bin\\rollup',
1881 silly reify   'D:\\Job_Portal\\node_modules\\.bin\\rollup.cmd',
1881 silly reify   'D:\\Job_Portal\\node_modules\\.bin\\rollup.ps1'
1881 silly reify ]
1882 silly reify mark retired [ 'D:\\Job_Portal\\node_modules\\rollup-plugin-terser' ]
1883 silly reify mark retired [ 'D:\\Job_Portal\\node_modules\\safe-push-apply' ]
1884 silly reify mark retired [ 'D:\\Job_Portal\\node_modules\\schema-utils' ]
1885 silly reify mark retired [ 'D:\\Job_Portal\\node_modules\\safe-regex-test' ]
1886 silly reify mark retired [ 'D:\\Job_Portal\\node_modules\\serialize-javascript' ]
1887 silly reify mark retired [ 'D:\\Job_Portal\\node_modules\\set-function-name' ]
1888 silly reify mark retired [ 'D:\\Job_Portal\\node_modules\\set-proto' ]
1889 silly reify mark retired [ 'D:\\Job_Portal\\node_modules\\side-channel' ]
1890 silly reify mark retired [ 'D:\\Job_Portal\\node_modules\\sourcemap-codec' ]
1891 silly reify mark retired [ 'D:\\Job_Portal\\node_modules\\source-list-map' ]
1892 silly reify mark retired [ 'D:\\Job_Portal\\node_modules\\source-map-support' ]
1893 silly reify mark retired [ 'D:\\Job_Portal\\node_modules\\side-channel-list' ]
1894 silly reify mark retired [ 'D:\\Job_Portal\\node_modules\\string.prototype.trim' ]
1895 silly reify mark retired [ 'D:\\Job_Portal\\node_modules\\string.prototype.trimend' ]
1896 silly reify mark retired [ 'D:\\Job_Portal\\node_modules\\stop-iteration-iterator' ]
1897 silly reify mark retired [ 'D:\\Job_Portal\\node_modules\\string.prototype.matchall' ]
1898 silly reify mark retired [ 'D:\\Job_Portal\\node_modules\\stringify-object' ]
1899 silly reify mark retired [ 'D:\\Job_Portal\\node_modules\\strip-comments' ]
1900 silly reify mark retired [ 'D:\\Job_Portal\\node_modules\\string.prototype.trimstart' ]
1901 silly reify mark retired [ 'D:\\Job_Portal\\node_modules\\temp-dir' ]
1902 silly reify mark retired [ 'D:\\Job_Portal\\node_modules\\tapable' ]
1903 silly reify mark retired [ 'D:\\Job_Portal\\node_modules\\tempy' ]
1904 silly reify mark retired [ 'D:\\Job_Portal\\node_modules\\type-fest' ]
1905 silly reify mark retired [ 'D:\\Job_Portal\\node_modules\\terser-webpack-plugin' ]
1906 silly reify mark retired [ 'D:\\Job_Portal\\node_modules\\typed-array-buffer' ]
1907 silly reify mark retired [
1907 silly reify   'D:\\Job_Portal\\node_modules\\terser',
1907 silly reify   'D:\\Job_Portal\\node_modules\\.bin\\terser',
1907 silly reify   'D:\\Job_Portal\\node_modules\\.bin\\terser.cmd',
1907 silly reify   'D:\\Job_Portal\\node_modules\\.bin\\terser.ps1'
1907 silly reify ]
1908 silly reify mark retired [ 'D:\\Job_Portal\\node_modules\\typed-array-byte-length' ]
1909 silly reify mark retired [ 'D:\\Job_Portal\\node_modules\\typed-array-byte-offset' ]
1910 silly reify mark retired [ 'D:\\Job_Portal\\node_modules\\typed-array-length' ]
1911 silly reify mark retired [
1911 silly reify   'D:\\Job_Portal\\node_modules\\unicode-canonical-property-names-ecmascript'
1911 silly reify ]
1912 silly reify mark retired [ 'D:\\Job_Portal\\node_modules\\unbox-primitive' ]
1913 silly reify mark retired [ 'D:\\Job_Portal\\node_modules\\unicode-match-property-ecmascript' ]
1914 silly reify mark retired [
1914 silly reify   'D:\\Job_Portal\\node_modules\\unicode-match-property-value-ecmascript'
1914 silly reify ]
1915 silly reify mark retired [ 'D:\\Job_Portal\\node_modules\\unicode-property-aliases-ecmascript' ]
1916 silly reify mark retired [
1916 silly reify   'D:\\Job_Portal\\node_modules\\update-browserslist-db',
1916 silly reify   'D:\\Job_Portal\\node_modules\\.bin\\update-browserslist-db',
1916 silly reify   'D:\\Job_Portal\\node_modules\\.bin\\update-browserslist-db.cmd',
1916 silly reify   'D:\\Job_Portal\\node_modules\\.bin\\update-browserslist-db.ps1'
1916 silly reify ]
1917 silly reify mark retired [ 'D:\\Job_Portal\\node_modules\\upath' ]
1918 silly reify mark retired [ 'D:\\Job_Portal\\node_modules\\which-builtin-type' ]
1919 silly reify mark retired [ 'D:\\Job_Portal\\node_modules\\which-collection' ]
1920 silly reify mark retired [ 'D:\\Job_Portal\\node_modules\\watchpack' ]
1921 silly reify mark retired [ 'D:\\Job_Portal\\node_modules\\webpack-sources' ]
1922 silly reify mark retired [ 'D:\\Job_Portal\\node_modules\\which-boxed-primitive' ]
1923 silly reify mark retired [ 'D:\\Job_Portal\\node_modules\\workbox-background-sync' ]
1924 silly reify mark retired [ 'D:\\Job_Portal\\node_modules\\which-typed-array' ]
1925 silly reify mark retired [ 'D:\\Job_Portal\\node_modules\\workbox-build' ]
1926 silly reify mark retired [ 'D:\\Job_Portal\\node_modules\\workbox-core' ]
1927 silly reify mark retired [ 'D:\\Job_Portal\\node_modules\\workbox-cacheable-response' ]
1928 silly reify mark retired [ 'D:\\Job_Portal\\node_modules\\workbox-broadcast-update' ]
1929 silly reify mark retired [ 'D:\\Job_Portal\\node_modules\\workbox-expiration' ]
1930 silly reify mark retired [ 'D:\\Job_Portal\\node_modules\\workbox-google-analytics' ]
1931 silly reify mark retired [ 'D:\\Job_Portal\\node_modules\\workbox-navigation-preload' ]
1932 silly reify mark retired [ 'D:\\Job_Portal\\node_modules\\workbox-range-requests' ]
1933 silly reify mark retired [ 'D:\\Job_Portal\\node_modules\\workbox-precaching' ]
1934 silly reify mark retired [ 'D:\\Job_Portal\\node_modules\\workbox-recipes' ]
1935 silly reify mark retired [ 'D:\\Job_Portal\\node_modules\\workbox-strategies' ]
1936 silly reify mark retired [ 'D:\\Job_Portal\\node_modules\\workbox-routing' ]
1937 silly reify mark retired [ 'D:\\Job_Portal\\node_modules\\workbox-sw' ]
1938 silly reify mark retired [ 'D:\\Job_Portal\\node_modules\\workbox-webpack-plugin' ]
1939 silly reify mark retired [ 'D:\\Job_Portal\\node_modules\\workbox-window' ]
1940 silly reify mark retired [ 'D:\\Job_Portal\\node_modules\\workbox-streams' ]
1941 silly reify mark retired [ 'D:\\Job_Portal\\node_modules\\@apideck\\better-ajv-errors' ]
1942 silly reify mark retired [ 'D:\\Job_Portal\\node_modules\\@babel\\code-frame' ]
1943 silly reify mark retired [ 'D:\\Job_Portal\\node_modules\\@babel\\helper-annotate-as-pure' ]
1944 silly reify mark retired [ 'D:\\Job_Portal\\node_modules\\@babel\\compat-data' ]
1945 silly reify mark retired [
1945 silly reify   'D:\\Job_Portal\\node_modules\\@babel\\helper-create-class-features-plugin'
1945 silly reify ]
1946 silly reify mark retired [ 'D:\\Job_Portal\\node_modules\\@babel\\core' ]
1947 silly reify mark retired [ 'D:\\Job_Portal\\node_modules\\@babel\\helper-compilation-targets' ]
1948 silly reify mark retired [
1948 silly reify   'D:\\Job_Portal\\node_modules\\@babel\\helper-create-regexp-features-plugin'
1948 silly reify ]
1949 silly reify mark retired [
1949 silly reify   'D:\\Job_Portal\\node_modules\\@babel\\helper-member-expression-to-functions'
1949 silly reify ]
1950 silly reify mark retired [
1950 silly reify   'D:\\Job_Portal\\node_modules\\@babel\\helper-define-polyfill-provider'
1950 silly reify ]
1951 silly reify mark retired [ 'D:\\Job_Portal\\node_modules\\@babel\\generator' ]
1952 silly reify mark retired [ 'D:\\Job_Portal\\node_modules\\@babel\\helper-globals' ]
1953 silly reify mark retired [ 'D:\\Job_Portal\\node_modules\\@babel\\helper-module-transforms' ]
1954 silly reify mark retired [
1954 silly reify   'D:\\Job_Portal\\node_modules\\@babel\\helper-optimise-call-expression'
1954 silly reify ]
1955 silly reify mark retired [ 'D:\\Job_Portal\\node_modules\\@babel\\helper-module-imports' ]
1956 silly reify mark retired [
1956 silly reify   'D:\\Job_Portal\\node_modules\\@babel\\helper-remap-async-to-generator'
1956 silly reify ]
1957 silly reify mark retired [ 'D:\\Job_Portal\\node_modules\\@babel\\helper-plugin-utils' ]
1958 silly reify mark retired [ 'D:\\Job_Portal\\node_modules\\@babel\\helper-string-parser' ]
1959 silly reify mark retired [
1959 silly reify   'D:\\Job_Portal\\node_modules\\@babel\\helper-skip-transparent-expression-wrappers'
1959 silly reify ]
1960 silly reify mark retired [ 'D:\\Job_Portal\\node_modules\\@babel\\helper-replace-supers' ]
1961 silly reify mark retired [ 'D:\\Job_Portal\\node_modules\\@babel\\helper-validator-identifier' ]
1962 silly reify mark retired [ 'D:\\Job_Portal\\node_modules\\@babel\\helper-validator-option' ]
1963 silly reify mark retired [ 'D:\\Job_Portal\\node_modules\\@babel\\helpers' ]
1964 silly reify mark retired [
1964 silly reify   'D:\\Job_Portal\\node_modules\\@babel\\plugin-bugfix-firefox-class-in-computed-class-key'
1964 silly reify ]
1965 silly reify mark retired [
1965 silly reify   'D:\\Job_Portal\\node_modules\\@babel\\parser',
1965 silly reify   'D:\\Job_Portal\\node_modules\\.bin\\parser',
1965 silly reify   'D:\\Job_Portal\\node_modules\\.bin\\parser.cmd',
1965 silly reify   'D:\\Job_Portal\\node_modules\\.bin\\parser.ps1'
1965 silly reify ]
1966 silly reify mark retired [
1966 silly reify   'D:\\Job_Portal\\node_modules\\@babel\\plugin-bugfix-safari-class-field-initializer-scope'
1966 silly reify ]
1967 silly reify mark retired [ 'D:\\Job_Portal\\node_modules\\@babel\\helper-wrap-function' ]
1968 silly reify mark retired [
1968 silly reify   'D:\\Job_Portal\\node_modules\\@babel\\plugin-proposal-private-property-in-object'
1968 silly reify ]
1969 silly reify mark retired [
1969 silly reify   'D:\\Job_Portal\\node_modules\\@babel\\plugin-bugfix-safari-rest-destructuring-rhs-array'
1969 silly reify ]
1970 silly reify mark retired [
1970 silly reify   'D:\\Job_Portal\\node_modules\\@babel\\plugin-syntax-import-assertions'
1970 silly reify ]
1971 silly reify mark retired [
1971 silly reify   'D:\\Job_Portal\\node_modules\\@babel\\plugin-bugfix-v8-spread-parameters-in-optional-chaining'
1971 silly reify ]
1972 silly reify mark retired [
1972 silly reify   'D:\\Job_Portal\\node_modules\\@babel\\plugin-transform-async-generator-functions'
1972 silly reify ]
1973 silly reify mark retired [
1973 silly reify   'D:\\Job_Portal\\node_modules\\@babel\\plugin-bugfix-safari-id-destructuring-collision-in-function-expression'
1973 silly reify ]
1974 silly reify mark retired [
1974 silly reify   'D:\\Job_Portal\\node_modules\\@babel\\plugin-bugfix-v8-static-class-fields-redefine-readonly'
1974 silly reify ]
1975 silly reify mark retired [
1975 silly reify   'D:\\Job_Portal\\node_modules\\@babel\\plugin-syntax-unicode-sets-regex'
1975 silly reify ]
1976 silly reify mark retired [
1976 silly reify   'D:\\Job_Portal\\node_modules\\@babel\\plugin-transform-block-scoped-functions'
1976 silly reify ]
1977 silly reify mark retired [
1977 silly reify   'D:\\Job_Portal\\node_modules\\@babel\\plugin-transform-arrow-functions'
1977 silly reify ]
1978 silly reify mark retired [
1978 silly reify   'D:\\Job_Portal\\node_modules\\@babel\\plugin-transform-async-to-generator'
1978 silly reify ]
1979 silly reify mark retired [
1979 silly reify   'D:\\Job_Portal\\node_modules\\@babel\\plugin-transform-destructuring'
1979 silly reify ]
1980 silly reify mark retired [
1980 silly reify   'D:\\Job_Portal\\node_modules\\@babel\\plugin-transform-class-static-block'
1980 silly reify ]
1981 silly reify mark retired [
1981 silly reify   'D:\\Job_Portal\\node_modules\\@babel\\plugin-transform-class-properties'
1981 silly reify ]
1982 silly reify mark retired [
1982 silly reify   'D:\\Job_Portal\\node_modules\\@babel\\plugin-transform-duplicate-keys'
1982 silly reify ]
1983 silly reify mark retired [
1983 silly reify   'D:\\Job_Portal\\node_modules\\@babel\\plugin-transform-block-scoping'
1983 silly reify ]
1984 silly reify mark retired [
1984 silly reify   'D:\\Job_Portal\\node_modules\\@babel\\plugin-transform-duplicate-named-capturing-groups-regex'
1984 silly reify ]
1985 silly reify mark retired [
1985 silly reify   'D:\\Job_Portal\\node_modules\\@babel\\plugin-transform-computed-properties'
1985 silly reify ]
1986 silly reify mark retired [
1986 silly reify   'D:\\Job_Portal\\node_modules\\@babel\\plugin-transform-explicit-resource-management'
1986 silly reify ]
1987 silly reify mark retired [ 'D:\\Job_Portal\\node_modules\\@babel\\plugin-transform-classes' ]
1988 silly reify mark retired [
1988 silly reify   'D:\\Job_Portal\\node_modules\\@babel\\plugin-transform-dotall-regex'
1988 silly reify ]
1989 silly reify mark retired [
1989 silly reify   'D:\\Job_Portal\\node_modules\\@babel\\plugin-transform-dynamic-import'
1989 silly reify ]
1990 silly reify mark retired [
1990 silly reify   'D:\\Job_Portal\\node_modules\\@babel\\plugin-transform-export-namespace-from'
1990 silly reify ]
1991 silly reify mark retired [
1991 silly reify   'D:\\Job_Portal\\node_modules\\@babel\\plugin-transform-exponentiation-operator'
1991 silly reify ]
1992 silly reify mark retired [
1992 silly reify   'D:\\Job_Portal\\node_modules\\@babel\\plugin-transform-function-name'
1992 silly reify ]
1993 silly reify mark retired [ 'D:\\Job_Portal\\node_modules\\@babel\\plugin-transform-for-of' ]
1994 silly reify mark retired [ 'D:\\Job_Portal\\node_modules\\@babel\\plugin-transform-literals' ]
1995 silly reify mark retired [
1995 silly reify   'D:\\Job_Portal\\node_modules\\@babel\\plugin-transform-modules-amd'
1995 silly reify ]
1996 silly reify mark retired [
1996 silly reify   'D:\\Job_Portal\\node_modules\\@babel\\plugin-transform-modules-commonjs'
1996 silly reify ]
1997 silly reify mark retired [
1997 silly reify   'D:\\Job_Portal\\node_modules\\@babel\\plugin-transform-json-strings'
1997 silly reify ]
1998 silly reify mark retired [
1998 silly reify   'D:\\Job_Portal\\node_modules\\@babel\\plugin-transform-modules-umd'
1998 silly reify ]
1999 silly reify mark retired [
1999 silly reify   'D:\\Job_Portal\\node_modules\\@babel\\plugin-syntax-import-attributes'
1999 silly reify ]
2000 silly reify mark retired [
2000 silly reify   'D:\\Job_Portal\\node_modules\\@babel\\plugin-transform-modules-systemjs'
2000 silly reify ]
2001 silly reify mark retired [
2001 silly reify   'D:\\Job_Portal\\node_modules\\@babel\\plugin-transform-logical-assignment-operators'
2001 silly reify ]
2002 silly reify mark retired [ 'D:\\Job_Portal\\node_modules\\@babel\\plugin-transform-new-target' ]
2003 silly reify mark retired [
2003 silly reify   'D:\\Job_Portal\\node_modules\\@babel\\plugin-transform-named-capturing-groups-regex'
2003 silly reify ]
2004 silly reify mark retired [
2004 silly reify   'D:\\Job_Portal\\node_modules\\@babel\\plugin-transform-nullish-coalescing-operator'
2004 silly reify ]
2005 silly reify mark retired [
2005 silly reify   'D:\\Job_Portal\\node_modules\\@babel\\plugin-transform-numeric-separator'
2005 silly reify ]
2006 silly reify mark retired [
2006 silly reify   'D:\\Job_Portal\\node_modules\\@babel\\plugin-transform-object-rest-spread'
2006 silly reify ]
2007 silly reify mark retired [
2007 silly reify   'D:\\Job_Portal\\node_modules\\@babel\\plugin-transform-optional-chaining'
2007 silly reify ]
2008 silly reify mark retired [
2008 silly reify   'D:\\Job_Portal\\node_modules\\@babel\\plugin-transform-optional-catch-binding'
2008 silly reify ]
2009 silly reify mark retired [
2009 silly reify   'D:\\Job_Portal\\node_modules\\@babel\\plugin-transform-private-methods'
2009 silly reify ]
2010 silly reify mark retired [
2010 silly reify   'D:\\Job_Portal\\node_modules\\@babel\\plugin-transform-object-super'
2010 silly reify ]
2011 silly reify mark retired [ 'D:\\Job_Portal\\node_modules\\@babel\\plugin-transform-parameters' ]
2012 silly reify mark retired [
2012 silly reify   'D:\\Job_Portal\\node_modules\\@babel\\plugin-transform-member-expression-literals'
2012 silly reify ]
2013 silly reify mark retired [
2013 silly reify   'D:\\Job_Portal\\node_modules\\@babel\\plugin-transform-private-property-in-object'
2013 silly reify ]
2014 silly reify mark retired [
2014 silly reify   'D:\\Job_Portal\\node_modules\\@babel\\plugin-transform-reserved-words'
2014 silly reify ]
2015 silly reify mark retired [
2015 silly reify   'D:\\Job_Portal\\node_modules\\@babel\\plugin-transform-property-literals'
2015 silly reify ]
2016 silly reify mark retired [
2016 silly reify   'D:\\Job_Portal\\node_modules\\@babel\\plugin-transform-sticky-regex'
2016 silly reify ]
2017 silly reify mark retired [
2017 silly reify   'D:\\Job_Portal\\node_modules\\@babel\\plugin-transform-template-literals'
2017 silly reify ]
2018 silly reify mark retired [
2018 silly reify   'D:\\Job_Portal\\node_modules\\@babel\\plugin-transform-regexp-modifiers'
2018 silly reify ]
2019 silly reify mark retired [
2019 silly reify   'D:\\Job_Portal\\node_modules\\@babel\\plugin-transform-regenerator'
2019 silly reify ]
2020 silly reify mark retired [ 'D:\\Job_Portal\\node_modules\\@babel\\plugin-transform-spread' ]
2021 silly reify mark retired [
2021 silly reify   'D:\\Job_Portal\\node_modules\\@babel\\plugin-transform-unicode-escapes'
2021 silly reify ]
2022 silly reify mark retired [
2022 silly reify   'D:\\Job_Portal\\node_modules\\@babel\\plugin-transform-typeof-symbol'
2022 silly reify ]
2023 silly reify mark retired [
2023 silly reify   'D:\\Job_Portal\\node_modules\\@babel\\plugin-transform-unicode-property-regex'
2023 silly reify ]
2024 silly reify mark retired [
2024 silly reify   'D:\\Job_Portal\\node_modules\\@babel\\plugin-transform-unicode-sets-regex'
2024 silly reify ]
2025 silly reify mark retired [
2025 silly reify   'D:\\Job_Portal\\node_modules\\@babel\\plugin-transform-shorthand-properties'
2025 silly reify ]
2026 silly reify mark retired [
2026 silly reify   'D:\\Job_Portal\\node_modules\\@babel\\plugin-transform-unicode-regex'
2026 silly reify ]
2027 silly reify mark retired [ 'D:\\Job_Portal\\node_modules\\@babel\\preset-modules' ]
2028 silly reify mark retired [ 'D:\\Job_Portal\\node_modules\\@babel\\template' ]
2029 silly reify mark retired [ 'D:\\Job_Portal\\node_modules\\@babel\\preset-env' ]
2030 silly reify mark retired [ 'D:\\Job_Portal\\node_modules\\@babel\\traverse' ]
2031 silly reify mark retired [ 'D:\\Job_Portal\\node_modules\\@jridgewell\\gen-mapping' ]
2032 silly reify mark retired [ 'D:\\Job_Portal\\node_modules\\@jridgewell\\remapping' ]
2033 silly reify mark retired [ 'D:\\Job_Portal\\node_modules\\@babel\\types' ]
2034 silly reify mark retired [ 'D:\\Job_Portal\\node_modules\\@jridgewell\\trace-mapping' ]
2035 silly reify mark retired [ 'D:\\Job_Portal\\node_modules\\@jridgewell\\source-map' ]
2036 silly reify mark retired [ 'D:\\Job_Portal\\node_modules\\@rollup\\plugin-babel' ]
2037 silly reify mark retired [ 'D:\\Job_Portal\\node_modules\\@react-leaflet\\core' ]
2038 silly reify mark retired [ 'D:\\Job_Portal\\node_modules\\@rollup\\plugin-node-resolve' ]
2039 silly reify mark retired [ 'D:\\Job_Portal\\node_modules\\@types\\estree' ]
2040 silly reify mark retired [ 'D:\\Job_Portal\\node_modules\\@types\\glob' ]
2041 silly reify mark retired [ 'D:\\Job_Portal\\node_modules\\@types\\geojson' ]
2042 silly reify mark retired [ 'D:\\Job_Portal\\node_modules\\@types\\leaflet' ]
2043 silly reify mark retired [ 'D:\\Job_Portal\\node_modules\\@types\\minimatch' ]
2044 silly reify mark retired [ 'D:\\Job_Portal\\node_modules\\@rollup\\plugin-replace' ]
2045 silly reify mark retired [ 'D:\\Job_Portal\\node_modules\\@types\\resolve' ]
2046 silly reify mark retired [ 'D:\\Job_Portal\\node_modules\\@types\\trusted-types' ]
2047 silly reify mark retired [ 'D:\\Job_Portal\\node_modules\\@rollup\\pluginutils' ]
2048 silly reify mark retired [
2048 silly reify   'D:\\Job_Portal\\node_modules\\@surma\\rollup-plugin-off-main-thread'
2048 silly reify ]
2049 silly reify mark retired [
2049 silly reify   'D:\\Job_Portal\\node_modules\\@webassemblyjs\\floating-point-hex-parser'
2049 silly reify ]
2050 silly reify mark retired [ 'D:\\Job_Portal\\node_modules\\@webassemblyjs\\ast' ]
2051 silly reify mark retired [ 'D:\\Job_Portal\\node_modules\\@webassemblyjs\\helper-api-error' ]
2052 silly reify mark retired [ 'D:\\Job_Portal\\node_modules\\@webassemblyjs\\helper-numbers' ]
2053 silly reify mark retired [ 'D:\\Job_Portal\\node_modules\\@webassemblyjs\\helper-wasm-section' ]
2054 silly reify mark retired [
2054 silly reify   'D:\\Job_Portal\\node_modules\\@webassemblyjs\\helper-wasm-bytecode'
2054 silly reify ]
2055 silly reify mark retired [ 'D:\\Job_Portal\\node_modules\\@webassemblyjs\\helper-buffer' ]
2056 silly reify mark retired [ 'D:\\Job_Portal\\node_modules\\@webassemblyjs\\utf8' ]
2057 silly reify mark retired [ 'D:\\Job_Portal\\node_modules\\@webassemblyjs\\ieee754' ]
2058 silly reify mark retired [ 'D:\\Job_Portal\\node_modules\\@webassemblyjs\\wasm-edit' ]
2059 silly reify mark retired [ 'D:\\Job_Portal\\node_modules\\@webassemblyjs\\wasm-gen' ]
2060 silly reify mark retired [ 'D:\\Job_Portal\\node_modules\\@webassemblyjs\\leb128' ]
2061 silly reify mark retired [ 'D:\\Job_Portal\\node_modules\\@webassemblyjs\\wasm-parser' ]
2062 silly reify mark retired [ 'D:\\Job_Portal\\node_modules\\@xtuc\\ieee754' ]
2063 silly reify mark retired [ 'D:\\Job_Portal\\node_modules\\@webassemblyjs\\wasm-opt' ]
2064 silly reify mark retired [ 'D:\\Job_Portal\\node_modules\\@webassemblyjs\\wast-printer' ]
2065 silly reify mark retired [ 'D:\\Job_Portal\\node_modules\\@xtuc\\long' ]
2066 silly reify moves {
2066 silly reify   'D:\\Job_Portal\\node_modules\\magic-string': 'D:\\Job_Portal\\node_modules\\.magic-string-NbUEM294',
2066 silly reify   'D:\\Job_Portal\\node_modules\\webpack': 'D:\\Job_Portal\\node_modules\\.webpack-BG8UVQkQ',
2066 silly reify   'D:\\Job_Portal\\node_modules\\array-buffer-byte-length': 'D:\\Job_Portal\\node_modules\\.array-buffer-byte-length-WK8OHflj',
2066 silly reify   'D:\\Job_Portal\\node_modules\\acorn': 'D:\\Job_Portal\\node_modules\\.acorn-BVqQHgNb',
2066 silly reify   'D:\\Job_Portal\\node_modules\\.bin\\acorn': 'D:\\Job_Portal\\node_modules\\.bin\\.acorn-mJUdzV77',
2066 silly reify   'D:\\Job_Portal\\node_modules\\.bin\\acorn.cmd': 'D:\\Job_Portal\\node_modules\\.bin\\.acorn.cmd-xPXVubmQ',
2066 silly reify   'D:\\Job_Portal\\node_modules\\.bin\\acorn.ps1': 'D:\\Job_Portal\\node_modules\\.bin\\.acorn.ps1-o8DJyDl3',
2066 silly reify   'D:\\Job_Portal\\node_modules\\array-union': 'D:\\Job_Portal\\node_modules\\.array-union-qCqwpxCB',
2066 silly reify   'D:\\Job_Portal\\node_modules\\ajv-keywords': 'D:\\Job_Portal\\node_modules\\.ajv-keywords-8IyUjJEH',
2066 silly reify   'D:\\Job_Portal\\node_modules\\array-uniq': 'D:\\Job_Portal\\node_modules\\.array-uniq-96ak8Cco',
2066 silly reify   'D:\\Job_Portal\\node_modules\\available-typed-arrays': 'D:\\Job_Portal\\node_modules\\.available-typed-arrays-0C9VnJeF',
2066 silly reify   'D:\\Job_Portal\\node_modules\\babel-loader': 'D:\\Job_Portal\\node_modules\\.babel-loader-JEp3zhoe',
2066 silly reify   'D:\\Job_Portal\\node_modules\\arraybuffer.prototype.slice': 'D:\\Job_Portal\\node_modules\\.arraybuffer.prototype.slice-euLEMbgt',
2066 silly reify   'D:\\Job_Portal\\node_modules\\babel-plugin-polyfill-corejs2': 'D:\\Job_Portal\\node_modules\\.babel-plugin-polyfill-corejs2-yi1sv9sq',
2066 silly reify   'D:\\Job_Portal\\node_modules\\baseline-browser-mapping': 'D:\\Job_Portal\\node_modules\\.baseline-browser-mapping-UoaPeI3x',
2066 silly reify   'D:\\Job_Portal\\node_modules\\.bin\\baseline-browser-mapping': 'D:\\Job_Portal\\node_modules\\.bin\\.baseline-browser-mapping-rZnoVM9D',
2066 silly reify   'D:\\Job_Portal\\node_modules\\.bin\\baseline-browser-mapping.cmd': 'D:\\Job_Portal\\node_modules\\.bin\\.baseline-browser-mapping.cmd-ljcfq4S0',
2066 silly reify   'D:\\Job_Portal\\node_modules\\.bin\\baseline-browser-mapping.ps1': 'D:\\Job_Portal\\node_modules\\.bin\\.baseline-browser-mapping.ps1-2oMZTLDK',
2066 silly reify   'D:\\Job_Portal\\node_modules\\async-function': 'D:\\Job_Portal\\node_modules\\.async-function-AqmculwL',
2066 silly reify   'D:\\Job_Portal\\node_modules\\browserslist': 'D:\\Job_Portal\\node_modules\\.browserslist-QA6pQkqJ',
2066 silly reify   'D:\\Job_Portal\\node_modules\\.bin\\browserslist': 'D:\\Job_Portal\\node_modules\\.bin\\.browserslist-ywwaF4Up',
2066 silly reify   'D:\\Job_Portal\\node_modules\\.bin\\browserslist.cmd': 'D:\\Job_Portal\\node_modules\\.bin\\.browserslist.cmd-JXajr6ZF',
2066 silly reify   'D:\\Job_Portal\\node_modules\\.bin\\browserslist.ps1': 'D:\\Job_Portal\\node_modules\\.bin\\.browserslist.ps1-oqGExwCN',
2066 silly reify   'D:\\Job_Portal\\node_modules\\babel-plugin-polyfill-corejs3': 'D:\\Job_Portal\\node_modules\\.babel-plugin-polyfill-corejs3-FSF7haGg',
2066 silly reify   'D:\\Job_Portal\\node_modules\\babel-plugin-polyfill-regenerator': 'D:\\Job_Portal\\node_modules\\.babel-plugin-polyfill-regenerator-1zoJ5wQV',
2066 silly reify   'D:\\Job_Portal\\node_modules\\big.js': 'D:\\Job_Portal\\node_modules\\.big.js-x3jFZkCZ',
2066 silly reify   'D:\\Job_Portal\\node_modules\\builtin-modules': 'D:\\Job_Portal\\node_modules\\.builtin-modules-FbBCnfuf',
2066 silly reify   'D:\\Job_Portal\\node_modules\\call-bind-apply-helpers': 'D:\\Job_Portal\\node_modules\\.call-bind-apply-helpers-eZ36mIGG',
2066 silly reify   'D:\\Job_Portal\\node_modules\\buffer-from': 'D:\\Job_Portal\\node_modules\\.buffer-from-OC4g3pDb',
2066 silly reify   'D:\\Job_Portal\\node_modules\\chrome-trace-event': 'D:\\Job_Portal\\node_modules\\.chrome-trace-event-9Tu5EY86',
2066 silly reify   'D:\\Job_Portal\\node_modules\\caniuse-lite': 'D:\\Job_Portal\\node_modules\\.caniuse-lite-pMrQ1bA4',
2066 silly reify   'D:\\Job_Portal\\node_modules\\call-bound': 'D:\\Job_Portal\\node_modules\\.call-bound-gGFno8Ly',
2066 silly reify   'D:\\Job_Portal\\node_modules\\call-bind': 'D:\\Job_Portal\\node_modules\\.call-bind-6HTLmOHV',
2066 silly reify   'D:\\Job_Portal\\node_modules\\commondir': 'D:\\Job_Portal\\node_modules\\.commondir-7m4KQtnK',
2066 silly reify   'D:\\Job_Portal\\node_modules\\convert-source-map': 'D:\\Job_Portal\\node_modules\\.convert-source-map-Hsvwlbyp',
2066 silly reify   'D:\\Job_Portal\\node_modules\\clean-webpack-plugin': 'D:\\Job_Portal\\node_modules\\.clean-webpack-plugin-kAG6rAEv',
2066 silly reify   'D:\\Job_Portal\\node_modules\\common-tags': 'D:\\Job_Portal\\node_modules\\.common-tags-zWVHRx3v',
2066 silly reify   'D:\\Job_Portal\\node_modules\\core-js-compat': 'D:\\Job_Portal\\node_modules\\.core-js-compat-qLCJeUxD',
2066 silly reify   'D:\\Job_Portal\\node_modules\\data-view-byte-length': 'D:\\Job_Portal\\node_modules\\.data-view-byte-length-QXG6d9MC',
2066 silly reify   'D:\\Job_Portal\\node_modules\\data-view-buffer': 'D:\\Job_Portal\\node_modules\\.data-view-buffer-5xNTFJNG',
2066 silly reify   'D:\\Job_Portal\\node_modules\\data-view-byte-offset': 'D:\\Job_Portal\\node_modules\\.data-view-byte-offset-7XjHRVLO',
2066 silly reify   'D:\\Job_Portal\\node_modules\\deepmerge': 'D:\\Job_Portal\\node_modules\\.deepmerge-CH1E2ggq',
2066 silly reify   'D:\\Job_Portal\\node_modules\\del': 'D:\\Job_Portal\\node_modules\\.del-EswyczHM',
2066 silly reify   'D:\\Job_Portal\\node_modules\\dir-glob': 'D:\\Job_Portal\\node_modules\\.dir-glob-1AuxC78W',
2066 silly reify   'D:\\Job_Portal\\node_modules\\define-properties': 'D:\\Job_Portal\\node_modules\\.define-properties-tIDvovuH',
2066 silly reify   'D:\\Job_Portal\\node_modules\\electron-to-chromium': 'D:\\Job_Portal\\node_modules\\.electron-to-chromium-3Oqh6VEW',
2066 silly reify   'D:\\Job_Portal\\node_modules\\emojis-list': 'D:\\Job_Portal\\node_modules\\.emojis-list-kXyzQJoR',
2066 silly reify   'D:\\Job_Portal\\node_modules\\ejs': 'D:\\Job_Portal\\node_modules\\.ejs-JzaktFyb',
2066 silly reify   'D:\\Job_Portal\\node_modules\\.bin\\ejs': 'D:\\Job_Portal\\node_modules\\.bin\\.ejs-K5MjwBXn',
2066 silly reify   'D:\\Job_Portal\\node_modules\\.bin\\ejs.cmd': 'D:\\Job_Portal\\node_modules\\.bin\\.ejs.cmd-0IpYIwVx',
2066 silly reify   'D:\\Job_Portal\\node_modules\\.bin\\ejs.ps1': 'D:\\Job_Portal\\node_modules\\.bin\\.ejs.ps1-AaqahKIz',
2066 silly reify   'D:\\Job_Portal\\node_modules\\enhanced-resolve': 'D:\\Job_Portal\\node_modules\\.enhanced-resolve-p1NJ0SON',
2066 silly reify   'D:\\Job_Portal\\node_modules\\es-abstract-get': 'D:\\Job_Portal\\node_modules\\.es-abstract-get-WzbHLF7W',
2066 silly reify   'D:\\Job_Portal\\node_modules\\es-abstract': 'D:\\Job_Portal\\node_modules\\.es-abstract-W8IynvRW',
2066 silly reify   'D:\\Job_Portal\\node_modules\\estree-walker': 'D:\\Job_Portal\\node_modules\\.estree-walker-ERK9ey8w',
2066 silly reify   'D:\\Job_Portal\\node_modules\\es-object-atoms': 'D:\\Job_Portal\\node_modules\\.es-object-atoms-rydIjEap',
2066 silly reify   'D:\\Job_Portal\\node_modules\\events': 'D:\\Job_Portal\\node_modules\\.events-u1kCjmni',
2066 silly reify   'D:\\Job_Portal\\node_modules\\filelist': 'D:\\Job_Portal\\node_modules\\.filelist-WNOaav6T',
2066 silly reify   'D:\\Job_Portal\\node_modules\\es-to-primitive': 'D:\\Job_Portal\\node_modules\\.es-to-primitive-yxMvAt1n',
2066 silly reify   'D:\\Job_Portal\\node_modules\\es-module-lexer': 'D:\\Job_Portal\\node_modules\\.es-module-lexer-hvapdnZo',
2066 silly reify   'D:\\Job_Portal\\node_modules\\for-each': 'D:\\Job_Portal\\node_modules\\.for-each-iW8jrr19',
2066 silly reify   'D:\\Job_Portal\\node_modules\\function.prototype.name': 'D:\\Job_Portal\\node_modules\\.function.prototype.name-OcNK84To',
2066 silly reify   'D:\\Job_Portal\\node_modules\\esutils': 'D:\\Job_Portal\\node_modules\\.esutils-t0Ww0nH1',
2066 silly reify   'D:\\Job_Portal\\node_modules\\find-up': 'D:\\Job_Portal\\node_modules\\.find-up-pzUYIW4a',
2066 silly reify   'D:\\Job_Portal\\node_modules\\find-cache-dir': 'D:\\Job_Portal\\node_modules\\.find-cache-dir-gkfeMfbq',
2066 silly reify   'D:\\Job_Portal\\node_modules\\generator-function': 'D:\\Job_Portal\\node_modules\\.generator-function-hLJEw25L',
2066 silly reify   'D:\\Job_Portal\\node_modules\\functions-have-names': 'D:\\Job_Portal\\node_modules\\.functions-have-names-GFvU4u3e',
2066 silly reify   'D:\\Job_Portal\\node_modules\\gensync': 'D:\\Job_Portal\\node_modules\\.gensync-4EGxGmAr',
2066 silly reify   'D:\\Job_Portal\\node_modules\\get-symbol-description': 'D:\\Job_Portal\\node_modules\\.get-symbol-description-4VX5IjPJ',
2066 silly reify   'D:\\Job_Portal\\node_modules\\get-intrinsic': 'D:\\Job_Portal\\node_modules\\.get-intrinsic-bkBWn0QG',
2066 silly reify   'D:\\Job_Portal\\node_modules\\get-own-enumerable-property-symbols': 'D:\\Job_Portal\\node_modules\\.get-own-enumerable-property-symbols-iq49DtbM',
2066 silly reify   'D:\\Job_Portal\\node_modules\\globby': 'D:\\Job_Portal\\node_modules\\.globby-r2KQLufv',
2066 silly reify   'D:\\Job_Portal\\node_modules\\globalthis': 'D:\\Job_Portal\\node_modules\\.globalthis-ouPzEB0h',
2066 silly reify   'D:\\Job_Portal\\node_modules\\is-array-buffer': 'D:\\Job_Portal\\node_modules\\.is-array-buffer-3UN1bHfz',
2066 silly reify   'D:\\Job_Portal\\node_modules\\has-bigints': 'D:\\Job_Portal\\node_modules\\.has-bigints-3rwMmaI1',
2066 silly reify   'D:\\Job_Portal\\node_modules\\hasown': 'D:\\Job_Portal\\node_modules\\.hasown-k7P8NiYV',
2066 silly reify   'D:\\Job_Portal\\node_modules\\internal-slot': 'D:\\Job_Portal\\node_modules\\.internal-slot-MInjsX5b',
2066 silly reify   'D:\\Job_Portal\\node_modules\\is-bigint': 'D:\\Job_Portal\\node_modules\\.is-bigint-4r22wUmw',
2066 silly reify   'D:\\Job_Portal\\node_modules\\is-async-function': 'D:\\Job_Portal\\node_modules\\.is-async-function-yHDX2TtW',
2066 silly reify   'D:\\Job_Portal\\node_modules\\is-boolean-object': 'D:\\Job_Portal\\node_modules\\.is-boolean-object-C3e6Bnj1',
2066 silly reify   'D:\\Job_Portal\\node_modules\\ignore': 'D:\\Job_Portal\\node_modules\\.ignore-zqWVaFw1',
2066 silly reify   'D:\\Job_Portal\\node_modules\\is-document.all': 'D:\\Job_Portal\\node_modules\\.is-document.all-25Ir8Lrg',
2066 silly reify   'D:\\Job_Portal\\node_modules\\is-finalizationregistry': 'D:\\Job_Portal\\node_modules\\.is-finalizationregistry-KV4QRHN0',
2066 silly reify   'D:\\Job_Portal\\node_modules\\is-date-object': 'D:\\Job_Portal\\node_modules\\.is-date-object-Tr6tXMt5',
2066 silly reify   'D:\\Job_Portal\\node_modules\\is-callable': 'D:\\Job_Portal\\node_modules\\.is-callable-gjFxYXyc',
2066 silly reify   'D:\\Job_Portal\\node_modules\\is-module': 'D:\\Job_Portal\\node_modules\\.is-module-lCCEZ8A7',
2066 silly reify   'D:\\Job_Portal\\node_modules\\is-data-view': 'D:\\Job_Portal\\node_modules\\.is-data-view-Y3FzZNbQ',
2066 silly reify   'D:\\Job_Portal\\node_modules\\is-generator-function': 'D:\\Job_Portal\\node_modules\\.is-generator-function-yPIauru7',
2066 silly reify   'D:\\Job_Portal\\node_modules\\is-number-object': 'D:\\Job_Portal\\node_modules\\.is-number-object-h5ZBb7Rf',
2066 silly reify   'D:\\Job_Portal\\node_modules\\is-map': 'D:\\Job_Portal\\node_modules\\.is-map-eCXzKJvf',
2066 silly reify   'D:\\Job_Portal\\node_modules\\is-negative-zero': 'D:\\Job_Portal\\node_modules\\.is-negative-zero-Y0ESNVMe',
2066 silly reify   'D:\\Job_Portal\\node_modules\\is-path-in-cwd': 'D:\\Job_Portal\\node_modules\\.is-path-in-cwd-61wyGHdR',
2066 silly reify   'D:\\Job_Portal\\node_modules\\is-path-cwd': 'D:\\Job_Portal\\node_modules\\.is-path-cwd-IsGTJGJR',
2066 silly reify   'D:\\Job_Portal\\node_modules\\is-path-inside': 'D:\\Job_Portal\\node_modules\\.is-path-inside-1vsjpuai',
2066 silly reify   'D:\\Job_Portal\\node_modules\\is-regexp': 'D:\\Job_Portal\\node_modules\\.is-regexp-tf4Gm2R0',
2066 silly reify   'D:\\Job_Portal\\node_modules\\is-set': 'D:\\Job_Portal\\node_modules\\.is-set-1lYdT7au',
2066 silly reify   'D:\\Job_Portal\\node_modules\\has-proto': 'D:\\Job_Portal\\node_modules\\.has-proto-rLDKL9by',
2066 silly reify   'D:\\Job_Portal\\node_modules\\is-regex': 'D:\\Job_Portal\\node_modules\\.is-regex-KDcuxwe3',
2066 silly reify   'D:\\Job_Portal\\node_modules\\is-string': 'D:\\Job_Portal\\node_modules\\.is-string-YswY5oru',
2066 silly reify   'D:\\Job_Portal\\node_modules\\is-weakref': 'D:\\Job_Portal\\node_modules\\.is-weakref-tbMM3R9m',
2066 silly reify   'D:\\Job_Portal\\node_modules\\is-symbol': 'D:\\Job_Portal\\node_modules\\.is-symbol-0i75NVaP',
2066 silly reify   'D:\\Job_Portal\\node_modules\\is-typed-array': 'D:\\Job_Portal\\node_modules\\.is-typed-array-V6s4qx3w',
2066 silly reify   'D:\\Job_Portal\\node_modules\\jake': 'D:\\Job_Portal\\node_modules\\.jake-AkacE9RA',
2066 silly reify   'D:\\Job_Portal\\node_modules\\.bin\\jake': 'D:\\Job_Portal\\node_modules\\.bin\\.jake-AeuE8T96',
2066 silly reify   'D:\\Job_Portal\\node_modules\\.bin\\jake.cmd': 'D:\\Job_Portal\\node_modules\\.bin\\.jake.cmd-o4tz8ID8',
2066 silly reify   'D:\\Job_Portal\\node_modules\\.bin\\jake.ps1': 'D:\\Job_Portal\\node_modules\\.bin\\.jake.ps1-jsKhwUQh',
2066 silly reify   'D:\\Job_Portal\\node_modules\\jest-worker': 'D:\\Job_Portal\\node_modules\\.jest-worker-mu8gDZPr',
2066 silly reify   'D:\\Job_Portal\\node_modules\\is-weakmap': 'D:\\Job_Portal\\node_modules\\.is-weakmap-LaHKNeyc',
2066 silly reify   'D:\\Job_Portal\\node_modules\\is-weakset': 'D:\\Job_Portal\\node_modules\\.is-weakset-FJ4OlHV7',
2066 silly reify   'D:\\Job_Portal\\node_modules\\is-shared-array-buffer': 'D:\\Job_Portal\\node_modules\\.is-shared-array-buffer-c2GGEaXx',
2066 silly reify   'D:\\Job_Portal\\node_modules\\jsonpointer': 'D:\\Job_Portal\\node_modules\\.jsonpointer-1gN7HAU4',
2066 silly reify   'D:\\Job_Portal\\node_modules\\leven': 'D:\\Job_Portal\\node_modules\\.leven-7ayIYynR',
2066 silly reify   'D:\\Job_Portal\\node_modules\\jsesc': 'D:\\Job_Portal\\node_modules\\.jsesc-BdJh4uL7',
2066 silly reify   'D:\\Job_Portal\\node_modules\\.bin\\jsesc': 'D:\\Job_Portal\\node_modules\\.bin\\.jsesc-pPns1EFl',
2066 silly reify   'D:\\Job_Portal\\node_modules\\.bin\\jsesc.cmd': 'D:\\Job_Portal\\node_modules\\.bin\\.jsesc.cmd-PJynNMNo',
2066 silly reify   'D:\\Job_Portal\\node_modules\\.bin\\jsesc.ps1': 'D:\\Job_Portal\\node_modules\\.bin\\.jsesc.ps1-WeJXOsDU',
2066 silly reify   'D:\\Job_Portal\\node_modules\\leaflet': 'D:\\Job_Portal\\node_modules\\.leaflet-ck8qsVk1',
2066 silly reify   'D:\\Job_Portal\\node_modules\\locate-path': 'D:\\Job_Portal\\node_modules\\.locate-path-QUn79jYz',
2066 silly reify   'D:\\Job_Portal\\node_modules\\loader-utils': 'D:\\Job_Portal\\node_modules\\.loader-utils-vDMmRBAw',
2066 silly reify   'D:\\Job_Portal\\node_modules\\next-pwa': 'D:\\Job_Portal\\node_modules\\.next-pwa-ZyNjWOZq',
2066 silly reify   'D:\\Job_Portal\\node_modules\\merge-stream': 'D:\\Job_Portal\\node_modules\\.merge-stream-VvT1mU7j',
2066 silly reify   'D:\\Job_Portal\\node_modules\\lodash.debounce': 'D:\\Job_Portal\\node_modules\\.lodash.debounce-MHZ6UDHN',
2066 silly reify   'D:\\Job_Portal\\node_modules\\minimizer-webpack-plugin': 'D:\\Job_Portal\\node_modules\\.minimizer-webpack-plugin-ElhkyYoN',
2066 silly reify   'D:\\Job_Portal\\node_modules\\node-releases': 'D:\\Job_Portal\\node_modules\\.node-releases-F0zZyn9j',
2066 silly reify   'D:\\Job_Portal\\node_modules\\object.assign': 'D:\\Job_Portal\\node_modules\\.object.assign-l86xxmnv',
2066 silly reify   'D:\\Job_Portal\\node_modules\\own-keys': 'D:\\Job_Portal\\node_modules\\.own-keys-JU9R0F09',
2066 silly reify   'D:\\Job_Portal\\node_modules\\p-locate': 'D:\\Job_Portal\\node_modules\\.p-locate-Aqmv1zKt',
2066 silly reify   'D:\\Job_Portal\\node_modules\\p-map': 'D:\\Job_Portal\\node_modules\\.p-map-b5M0KC84',
2066 silly reify   'D:\\Job_Portal\\node_modules\\p-try': 'D:\\Job_Portal\\node_modules\\.p-try-XeyOS1WT',
2066 silly reify   'D:\\Job_Portal\\node_modules\\path-is-inside': 'D:\\Job_Portal\\node_modules\\.path-is-inside-5ryCOjCH',
2066 silly reify   'D:\\Job_Portal\\node_modules\\pinkie': 'D:\\Job_Portal\\node_modules\\.pinkie-5oCSzJnv',
2066 silly reify   'D:\\Job_Portal\\node_modules\\possible-typed-array-names': 'D:\\Job_Portal\\node_modules\\.possible-typed-array-names-vtYdcdfe',
2066 silly reify   'D:\\Job_Portal\\node_modules\\path-exists': 'D:\\Job_Portal\\node_modules\\.path-exists-IbTAfMuG',
2066 silly reify   'D:\\Job_Portal\\node_modules\\pkg-dir': 'D:\\Job_Portal\\node_modules\\.pkg-dir-BaF8HK4G',
2066 silly reify   'D:\\Job_Portal\\node_modules\\path-type': 'D:\\Job_Portal\\node_modules\\.path-type-qKQc0alu',
2066 silly reify   'D:\\Job_Portal\\node_modules\\pinkie-promise': 'D:\\Job_Portal\\node_modules\\.pinkie-promise-nun7Jza6',
2066 silly reify   'D:\\Job_Portal\\node_modules\\pretty-bytes': 'D:\\Job_Portal\\node_modules\\.pretty-bytes-InI4MPZO',
2066 silly reify   'D:\\Job_Portal\\node_modules\\randombytes': 'D:\\Job_Portal\\node_modules\\.randombytes-fED5HZwH',
2066 silly reify   'D:\\Job_Portal\\node_modules\\reflect.getprototypeof': 'D:\\Job_Portal\\node_modules\\.reflect.getprototypeof-jmDcPrYf',
2066 silly reify   'D:\\Job_Portal\\node_modules\\regenerate': 'D:\\Job_Portal\\node_modules\\.regenerate-93zHXqSS',
2066 silly reify   'D:\\Job_Portal\\node_modules\\regenerate-unicode-properties': 'D:\\Job_Portal\\node_modules\\.regenerate-unicode-properties-5w4jj3JG',
2066 silly reify   'D:\\Job_Portal\\node_modules\\regjsgen': 'D:\\Job_Portal\\node_modules\\.regjsgen-eBm9Ejjr',
2066 silly reify   'D:\\Job_Portal\\node_modules\\react-leaflet': 'D:\\Job_Portal\\node_modules\\.react-leaflet-aVPSus9U',
2066 silly reify   'D:\\Job_Portal\\node_modules\\regjsparser': 'D:\\Job_Portal\\node_modules\\.regjsparser-zTgJUxtG',
2066 silly reify   'D:\\Job_Portal\\node_modules\\.bin\\regjsparser': 'D:\\Job_Portal\\node_modules\\.bin\\.regjsparser-ZZYgZMF7',
2066 silly reify   'D:\\Job_Portal\\node_modules\\.bin\\regjsparser.cmd': 'D:\\Job_Portal\\node_modules\\.bin\\.regjsparser.cmd-F3uvTXyG',
2066 silly reify   'D:\\Job_Portal\\node_modules\\.bin\\regjsparser.ps1': 'D:\\Job_Portal\\node_modules\\.bin\\.regjsparser.ps1-oFm6hizP',
2066 silly reify   'D:\\Job_Portal\\node_modules\\regexp.prototype.flags': 'D:\\Job_Portal\\node_modules\\.regexp.prototype.flags-RWt3Dut2',
2066 silly reify   'D:\\Job_Portal\\node_modules\\resolve': 'D:\\Job_Portal\\node_modules\\.resolve-EOfhXWrh',
2066 silly reify   'D:\\Job_Portal\\node_modules\\.bin\\resolve': 'D:\\Job_Portal\\node_modules\\.bin\\.resolve-Kpu1egB2',
2066 silly reify   'D:\\Job_Portal\\node_modules\\.bin\\resolve.cmd': 'D:\\Job_Portal\\node_modules\\.bin\\.resolve.cmd-NVayVsny',
2066 silly reify   'D:\\Job_Portal\\node_modules\\.bin\\resolve.ps1': 'D:\\Job_Portal\\node_modules\\.bin\\.resolve.ps1-EdaG19yD',
2066 silly reify   'D:\\Job_Portal\\node_modules\\regexpu-core': 'D:\\Job_Portal\\node_modules\\.regexpu-core-PiT39nBr',
2066 silly reify   'D:\\Job_Portal\\node_modules\\safe-array-concat': 'D:\\Job_Portal\\node_modules\\.safe-array-concat-gsEXiloM',
2066 silly reify   'D:\\Job_Portal\\node_modules\\rollup': 'D:\\Job_Portal\\node_modules\\.rollup-w0GTG3ms',
2066 silly reify   'D:\\Job_Portal\\node_modules\\.bin\\rollup': 'D:\\Job_Portal\\node_modules\\.bin\\.rollup-WSevwZkP',
2066 silly reify   'D:\\Job_Portal\\node_modules\\.bin\\rollup.cmd': 'D:\\Job_Portal\\node_modules\\.bin\\.rollup.cmd-01pUDE2W',
2066 silly reify   'D:\\Job_Portal\\node_modules\\.bin\\rollup.ps1': 'D:\\Job_Portal\\node_modules\\.bin\\.rollup.ps1-sUysOgDJ',
2066 silly reify   'D:\\Job_Portal\\node_modules\\rollup-plugin-terser': 'D:\\Job_Portal\\node_modules\\.rollup-plugin-terser-Nt7vRNXT',
2066 silly reify   'D:\\Job_Portal\\node_modules\\safe-push-apply': 'D:\\Job_Portal\\node_modules\\.safe-push-apply-i2s7B4sC',
2066 silly reify   'D:\\Job_Portal\\node_modules\\schema-utils': 'D:\\Job_Portal\\node_modules\\.schema-utils-vhbLc0ub',
2066 silly reify   'D:\\Job_Portal\\node_modules\\safe-regex-test': 'D:\\Job_Portal\\node_modules\\.safe-regex-test-UMgJjuyx',
2066 silly reify   'D:\\Job_Portal\\node_modules\\serialize-javascript': 'D:\\Job_Portal\\node_modules\\.serialize-javascript-SArobFNP',
2066 silly reify   'D:\\Job_Portal\\node_modules\\set-function-name': 'D:\\Job_Portal\\node_modules\\.set-function-name-3Ypsd4Yf',
2066 silly reify   'D:\\Job_Portal\\node_modules\\set-proto': 'D:\\Job_Portal\\node_modules\\.set-proto-ExovxMMs',
2066 silly reify   'D:\\Job_Portal\\node_modules\\side-channel': 'D:\\Job_Portal\\node_modules\\.side-channel-epezmcGx',
2066 silly reify   'D:\\Job_Portal\\node_modules\\sourcemap-codec': 'D:\\Job_Portal\\node_modules\\.sourcemap-codec-ZKSScJKz',
2066 silly reify   'D:\\Job_Portal\\node_modules\\source-list-map': 'D:\\Job_Portal\\node_modules\\.source-list-map-UDre1zjF',
2066 silly reify   'D:\\Job_Portal\\node_modules\\source-map-support': 'D:\\Job_Portal\\node_modules\\.source-map-support-uEs6dIPZ',
2066 silly reify   'D:\\Job_Portal\\node_modules\\side-channel-list': 'D:\\Job_Portal\\node_modules\\.side-channel-list-B1YLhFEE',
2066 silly reify   'D:\\Job_Portal\\node_modules\\string.prototype.trim': 'D:\\Job_Portal\\node_modules\\.string.prototype.trim-ltjFkxVc',
2066 silly reify   'D:\\Job_Portal\\node_modules\\string.prototype.trimend': 'D:\\Job_Portal\\node_modules\\.string.prototype.trimend-dA9BK5lB',
2066 silly reify   'D:\\Job_Portal\\node_modules\\stop-iteration-iterator': 'D:\\Job_Portal\\node_modules\\.stop-iteration-iterator-SvkrTuXN',
2066 silly reify   'D:\\Job_Portal\\node_modules\\string.prototype.matchall': 'D:\\Job_Portal\\node_modules\\.string.prototype.matchall-EAsJnxXe',
2066 silly reify   'D:\\Job_Portal\\node_modules\\stringify-object': 'D:\\Job_Portal\\node_modules\\.stringify-object-4G8Pc0d2',
2066 silly reify   'D:\\Job_Portal\\node_modules\\strip-comments': 'D:\\Job_Portal\\node_modules\\.strip-comments-DxgEX2ET',
2066 silly reify   'D:\\Job_Portal\\node_modules\\string.prototype.trimstart': 'D:\\Job_Portal\\node_modules\\.string.prototype.trimstart-Zd5USt4e',
2066 silly reify   'D:\\Job_Portal\\node_modules\\temp-dir': 'D:\\Job_Portal\\node_modules\\.temp-dir-d296JSnF',
2066 silly reify   'D:\\Job_Portal\\node_modules\\tapable': 'D:\\Job_Portal\\node_modules\\.tapable-wQGyxrLQ',
2066 silly reify   'D:\\Job_Portal\\node_modules\\tempy': 'D:\\Job_Portal\\node_modules\\.tempy-dK9wJ10o',
2066 silly reify   'D:\\Job_Portal\\node_modules\\type-fest': 'D:\\Job_Portal\\node_modules\\.type-fest-G3CRnLP7',
2066 silly reify   'D:\\Job_Portal\\node_modules\\terser-webpack-plugin': 'D:\\Job_Portal\\node_modules\\.terser-webpack-plugin-bFcIMdGQ',
2066 silly reify   'D:\\Job_Portal\\node_modules\\typed-array-buffer': 'D:\\Job_Portal\\node_modules\\.typed-array-buffer-igNrks6E',
2066 silly reify   'D:\\Job_Portal\\node_modules\\terser': 'D:\\Job_Portal\\node_modules\\.terser-fRlVOvkT',
2066 silly reify   'D:\\Job_Portal\\node_modules\\.bin\\terser': 'D:\\Job_Portal\\node_modules\\.bin\\.terser-SzSpPqMf',
2066 silly reify   'D:\\Job_Portal\\node_modules\\.bin\\terser.cmd': 'D:\\Job_Portal\\node_modules\\.bin\\.terser.cmd-mUOBQ7aU',
2066 silly reify   'D:\\Job_Portal\\node_modules\\.bin\\terser.ps1': 'D:\\Job_Portal\\node_modules\\.bin\\.terser.ps1-kgomcHK9',
2066 silly reify   'D:\\Job_Portal\\node_modules\\typed-array-byte-length': 'D:\\Job_Portal\\node_modules\\.typed-array-byte-length-kurG3O9H',
2066 silly reify   'D:\\Job_Portal\\node_modules\\typed-array-byte-offset': 'D:\\Job_Portal\\node_modules\\.typed-array-byte-offset-BuTA7ss1',
2066 silly reify   'D:\\Job_Portal\\node_modules\\typed-array-length': 'D:\\Job_Portal\\node_modules\\.typed-array-length-cHqVU0uY',
2066 silly reify   'D:\\Job_Portal\\node_modules\\unicode-canonical-property-names-ecmascript': 'D:\\Job_Portal\\node_modules\\.unicode-canonical-property-names-ecmascript-bRtgiMNr',
2066 silly reify   'D:\\Job_Portal\\node_modules\\unbox-primitive': 'D:\\Job_Portal\\node_modules\\.unbox-primitive-mFxDyoeW',
2066 silly reify   'D:\\Job_Portal\\node_modules\\unicode-match-property-ecmascript': 'D:\\Job_Portal\\node_modules\\.unicode-match-property-ecmascript-obzIOE8F',
2066 silly reify   'D:\\Job_Portal\\node_modules\\unicode-match-property-value-ecmascript': 'D:\\Job_Portal\\node_modules\\.unicode-match-property-value-ecmascript-rfx776bg',
2066 silly reify   'D:\\Job_Portal\\node_modules\\unicode-property-aliases-ecmascript': 'D:\\Job_Portal\\node_modules\\.unicode-property-aliases-ecmascript-nrhRVNm9',
2066 silly reify   'D:\\Job_Portal\\node_modules\\update-browserslist-db': 'D:\\Job_Portal\\node_modules\\.update-browserslist-db-FKzUeapM',
2066 silly reify   'D:\\Job_Portal\\node_modules\\.bin\\update-browserslist-db': 'D:\\Job_Portal\\node_modules\\.bin\\.update-browserslist-db-ewm6Yiyn',
2066 silly reify   'D:\\Job_Portal\\node_modules\\.bin\\update-browserslist-db.cmd': 'D:\\Job_Portal\\node_modules\\.bin\\.update-browserslist-db.cmd-rGpKjLkz',
2066 silly reify   'D:\\Job_Portal\\node_modules\\.bin\\update-browserslist-db.ps1': 'D:\\Job_Portal\\node_modules\\.bin\\.update-browserslist-db.ps1-QSpICCvr',
2066 silly reify   'D:\\Job_Portal\\node_modules\\upath': 'D:\\Job_Portal\\node_modules\\.upath-BYTEyfQZ',
2066 silly reify   'D:\\Job_Portal\\node_modules\\which-builtin-type': 'D:\\Job_Portal\\node_modules\\.which-builtin-type-WvDFUlc3',
2066 silly reify   'D:\\Job_Portal\\node_modules\\which-collection': 'D:\\Job_Portal\\node_modules\\.which-collection-IjBni9rE',
2066 silly reify   'D:\\Job_Portal\\node_modules\\watchpack': 'D:\\Job_Portal\\node_modules\\.watchpack-mACt4D6M',
2066 silly reify   'D:\\Job_Portal\\node_modules\\webpack-sources': 'D:\\Job_Portal\\node_modules\\.webpack-sources-IqufPZfS',
2066 silly reify   'D:\\Job_Portal\\node_modules\\which-boxed-primitive': 'D:\\Job_Portal\\node_modules\\.which-boxed-primitive-Sp8GgIuU',
2066 silly reify   'D:\\Job_Portal\\node_modules\\workbox-background-sync': 'D:\\Job_Portal\\node_modules\\.workbox-background-sync-41OBvft4',
2066 silly reify   'D:\\Job_Portal\\node_modules\\which-typed-array': 'D:\\Job_Portal\\node_modules\\.which-typed-array-gI4isJND',
2066 silly reify   'D:\\Job_Portal\\node_modules\\workbox-build': 'D:\\Job_Portal\\node_modules\\.workbox-build-id4aA3XA',
2066 silly reify   'D:\\Job_Portal\\node_modules\\workbox-core': 'D:\\Job_Portal\\node_modules\\.workbox-core-DDxgMoNh',
2066 silly reify   'D:\\Job_Portal\\node_modules\\workbox-cacheable-response': 'D:\\Job_Portal\\node_modules\\.workbox-cacheable-response-uqPWiUPi',
2066 silly reify   'D:\\Job_Portal\\node_modules\\workbox-broadcast-update': 'D:\\Job_Portal\\node_modules\\.workbox-broadcast-update-miFE4dn9',
2066 silly reify   'D:\\Job_Portal\\node_modules\\workbox-expiration': 'D:\\Job_Portal\\node_modules\\.workbox-expiration-JTo1sJzd',
2066 silly reify   'D:\\Job_Portal\\node_modules\\workbox-google-analytics': 'D:\\Job_Portal\\node_modules\\.workbox-google-analytics-jZEw7HOL',
2066 silly reify   'D:\\Job_Portal\\node_modules\\workbox-navigation-preload': 'D:\\Job_Portal\\node_modules\\.workbox-navigation-preload-mzPqJkQw',
2066 silly reify   'D:\\Job_Portal\\node_modules\\workbox-range-requests': 'D:\\Job_Portal\\node_modules\\.workbox-range-requests-J8IXKlKh',
2066 silly reify   'D:\\Job_Portal\\node_modules\\workbox-precaching': 'D:\\Job_Portal\\node_modules\\.workbox-precaching-PDRX23GA',
2066 silly reify   'D:\\Job_Portal\\node_modules\\workbox-recipes': 'D:\\Job_Portal\\node_modules\\.workbox-recipes-Yw36qvPf',
2066 silly reify   'D:\\Job_Portal\\node_modules\\workbox-strategies': 'D:\\Job_Portal\\node_modules\\.workbox-strategies-dk3gvas3',
2066 silly reify   'D:\\Job_Portal\\node_modules\\workbox-routing': 'D:\\Job_Portal\\node_modules\\.workbox-routing-XGILYNBz',
2066 silly reify   'D:\\Job_Portal\\node_modules\\workbox-sw': 'D:\\Job_Portal\\node_modules\\.workbox-sw-bE0pR7xa',
2066 silly reify   'D:\\Job_Portal\\node_modules\\workbox-webpack-plugin': 'D:\\Job_Portal\\node_modules\\.workbox-webpack-plugin-kfvhLYZd',
2066 silly reify   'D:\\Job_Portal\\node_modules\\workbox-window': 'D:\\Job_Portal\\node_modules\\.workbox-window-WOJIWSvH',
2066 silly reify   'D:\\Job_Portal\\node_modules\\workbox-streams': 'D:\\Job_Portal\\node_modules\\.workbox-streams-GsPubmED',
2066 silly reify   'D:\\Job_Portal\\node_modules\\@apideck\\better-ajv-errors': 'D:\\Job_Portal\\node_modules\\@apideck\\.better-ajv-errors-wCA0MJzB',
2066 silly reify   'D:\\Job_Portal\\node_modules\\@babel\\code-frame': 'D:\\Job_Portal\\node_modules\\@babel\\.code-frame-Uyg8OMjM',
2066 silly reify   'D:\\Job_Portal\\node_modules\\@babel\\helper-annotate-as-pure': 'D:\\Job_Portal\\node_modules\\@babel\\.helper-annotate-as-pure-LlQTJc0T',
2066 silly reify   'D:\\Job_Portal\\node_modules\\@babel\\compat-data': 'D:\\Job_Portal\\node_modules\\@babel\\.compat-data-AvkTBS7I',
2066 silly reify   'D:\\Job_Portal\\node_modules\\@babel\\helper-create-class-features-plugin': 'D:\\Job_Portal\\node_modules\\@babel\\.helper-create-class-features-plugin-g8eQg7Vd',
2066 silly reify   'D:\\Job_Portal\\node_modules\\@babel\\core': 'D:\\Job_Portal\\node_modules\\@babel\\.core-jE2Jyee7',
2066 silly reify   'D:\\Job_Portal\\node_modules\\@babel\\helper-compilation-targets': 'D:\\Job_Portal\\node_modules\\@babel\\.helper-compilation-targets-Cw08JUhK',
2066 silly reify   'D:\\Job_Portal\\node_modules\\@babel\\helper-create-regexp-features-plugin': 'D:\\Job_Portal\\node_modules\\@babel\\.helper-create-regexp-features-plugin-b5fwzFcI',
2066 silly reify   'D:\\Job_Portal\\node_modules\\@babel\\helper-member-expression-to-functions': 'D:\\Job_Portal\\node_modules\\@babel\\.helper-member-expression-to-functions-9X7EECOB',
2066 silly reify   'D:\\Job_Portal\\node_modules\\@babel\\helper-define-polyfill-provider': 'D:\\Job_Portal\\node_modules\\@babel\\.helper-define-polyfill-provider-nAj9ts8j',
2066 silly reify   'D:\\Job_Portal\\node_modules\\@babel\\generator': 'D:\\Job_Portal\\node_modules\\@babel\\.generator-xjDOpXGN',
2066 silly reify   'D:\\Job_Portal\\node_modules\\@babel\\helper-globals': 'D:\\Job_Portal\\node_modules\\@babel\\.helper-globals-vGs5L0Mt',
2066 silly reify   'D:\\Job_Portal\\node_modules\\@babel\\helper-module-transforms': 'D:\\Job_Portal\\node_modules\\@babel\\.helper-module-transforms-hl5nK2Tb',
2066 silly reify   'D:\\Job_Portal\\node_modules\\@babel\\helper-optimise-call-expression': 'D:\\Job_Portal\\node_modules\\@babel\\.helper-optimise-call-expression-Km70r2iS',
2066 silly reify   'D:\\Job_Portal\\node_modules\\@babel\\helper-module-imports': 'D:\\Job_Portal\\node_modules\\@babel\\.helper-module-imports-YOD9dg8l',
2066 silly reify   'D:\\Job_Portal\\node_modules\\@babel\\helper-remap-async-to-generator': 'D:\\Job_Portal\\node_modules\\@babel\\.helper-remap-async-to-generator-sgGmWyxF',
2066 silly reify   'D:\\Job_Portal\\node_modules\\@babel\\helper-plugin-utils': 'D:\\Job_Portal\\node_modules\\@babel\\.helper-plugin-utils-wzodH89U',
2066 silly reify   'D:\\Job_Portal\\node_modules\\@babel\\helper-string-parser': 'D:\\Job_Portal\\node_modules\\@babel\\.helper-string-parser-0PBN5VyR',
2066 silly reify   'D:\\Job_Portal\\node_modules\\@babel\\helper-skip-transparent-expression-wrappers': 'D:\\Job_Portal\\node_modules\\@babel\\.helper-skip-transparent-expression-wrappers-SDfxodrX',
2066 silly reify   'D:\\Job_Portal\\node_modules\\@babel\\helper-replace-supers': 'D:\\Job_Portal\\node_modules\\@babel\\.helper-replace-supers-flTrjhwc',
2066 silly reify   'D:\\Job_Portal\\node_modules\\@babel\\helper-validator-identifier': 'D:\\Job_Portal\\node_modules\\@babel\\.helper-validator-identifier-Ofvq8iy2',
2066 silly reify   'D:\\Job_Portal\\node_modules\\@babel\\helper-validator-option': 'D:\\Job_Portal\\node_modules\\@babel\\.helper-validator-option-5HYo8esm',
2066 silly reify   'D:\\Job_Portal\\node_modules\\@babel\\helpers': 'D:\\Job_Portal\\node_modules\\@babel\\.helpers-oEibS3XA',
2066 silly reify   'D:\\Job_Portal\\node_modules\\@babel\\plugin-bugfix-firefox-class-in-computed-class-key': 'D:\\Job_Portal\\node_modules\\@babel\\.plugin-bugfix-firefox-class-in-computed-class-key-mAokWm0B',
2066 silly reify   'D:\\Job_Portal\\node_modules\\@babel\\parser': 'D:\\Job_Portal\\node_modules\\@babel\\.parser-iS6OtdK4',
2066 silly reify   'D:\\Job_Portal\\node_modules\\.bin\\parser': 'D:\\Job_Portal\\node_modules\\.bin\\.parser-oZ40BAMI',
2066 silly reify   'D:\\Job_Portal\\node_modules\\.bin\\parser.cmd': 'D:\\Job_Portal\\node_modules\\.bin\\.parser.cmd-kxdZCcq7',
2066 silly reify   'D:\\Job_Portal\\node_modules\\.bin\\parser.ps1': 'D:\\Job_Portal\\node_modules\\.bin\\.parser.ps1-VnUCmEbx',
2066 silly reify   'D:\\Job_Portal\\node_modules\\@babel\\plugin-bugfix-safari-class-field-initializer-scope': 'D:\\Job_Portal\\node_modules\\@babel\\.plugin-bugfix-safari-class-field-initializer-scope-UPD41Zyt',
2066 silly reify   'D:\\Job_Portal\\node_modules\\@babel\\helper-wrap-function': 'D:\\Job_Portal\\node_modules\\@babel\\.helper-wrap-function-eJqpjgZr',
2066 silly reify   'D:\\Job_Portal\\node_modules\\@babel\\plugin-proposal-private-property-in-object': 'D:\\Job_Portal\\node_modules\\@babel\\.plugin-proposal-private-property-in-object-p6Yyroyf',
2066 silly reify   'D:\\Job_Portal\\node_modules\\@babel\\plugin-bugfix-safari-rest-destructuring-rhs-array': 'D:\\Job_Portal\\node_modules\\@babel\\.plugin-bugfix-safari-rest-destructuring-rhs-array-s1S0F5YR',
2066 silly reify   'D:\\Job_Portal\\node_modules\\@babel\\plugin-syntax-import-assertions': 'D:\\Job_Portal\\node_modules\\@babel\\.plugin-syntax-import-assertions-pql2TEAo',
2066 silly reify   'D:\\Job_Portal\\node_modules\\@babel\\plugin-bugfix-v8-spread-parameters-in-optional-chaining': 'D:\\Job_Portal\\node_modules\\@babel\\.plugin-bugfix-v8-spread-parameters-in-optional-chaining-OCQ5Ho30',
2066 silly reify   'D:\\Job_Portal\\node_modules\\@babel\\plugin-transform-async-generator-functions': 'D:\\Job_Portal\\node_modules\\@babel\\.plugin-transform-async-generator-functions-7Y6bnDT0',
2066 silly reify   'D:\\Job_Portal\\node_modules\\@babel\\plugin-bugfix-safari-id-destructuring-collision-in-function-expression': 'D:\\Job_Portal\\node_modules\\@babel\\.plugin-bugfix-safari-id-destructuring-collision-in-function-expression-gOYWTCwH',
2066 silly reify   'D:\\Job_Portal\\node_modules\\@babel\\plugin-bugfix-v8-static-class-fields-redefine-readonly': 'D:\\Job_Portal\\node_modules\\@babel\\.plugin-bugfix-v8-static-class-fields-redefine-readonly-9gV47T3l',
2066 silly reify   'D:\\Job_Portal\\node_modules\\@babel\\plugin-syntax-unicode-sets-regex': 'D:\\Job_Portal\\node_modules\\@babel\\.plugin-syntax-unicode-sets-regex-BhO1NTkT',
2066 silly reify   'D:\\Job_Portal\\node_modules\\@babel\\plugin-transform-block-scoped-functions': 'D:\\Job_Portal\\node_modules\\@babel\\.plugin-transform-block-scoped-functions-wekUICB4',
2066 silly reify   'D:\\Job_Portal\\node_modules\\@babel\\plugin-transform-arrow-functions': 'D:\\Job_Portal\\node_modules\\@babel\\.plugin-transform-arrow-functions-7zzTENcl',
2066 silly reify   'D:\\Job_Portal\\node_modules\\@babel\\plugin-transform-async-to-generator': 'D:\\Job_Portal\\node_modules\\@babel\\.plugin-transform-async-to-generator-HEUeEesW',
2066 silly reify   'D:\\Job_Portal\\node_modules\\@babel\\plugin-transform-destructuring': 'D:\\Job_Portal\\node_modules\\@babel\\.plugin-transform-destructuring-Is6Uv5eE',
2066 silly reify   'D:\\Job_Portal\\node_modules\\@babel\\plugin-transform-class-static-block': 'D:\\Job_Portal\\node_modules\\@babel\\.plugin-transform-class-static-block-pEDnkLPL',
2066 silly reify   'D:\\Job_Portal\\node_modules\\@babel\\plugin-transform-class-properties': 'D:\\Job_Portal\\node_modules\\@babel\\.plugin-transform-class-properties-OMC0qyMr',
2066 silly reify   'D:\\Job_Portal\\node_modules\\@babel\\plugin-transform-duplicate-keys': 'D:\\Job_Portal\\node_modules\\@babel\\.plugin-transform-duplicate-keys-UNLEAbZq',
2066 silly reify   'D:\\Job_Portal\\node_modules\\@babel\\plugin-transform-block-scoping': 'D:\\Job_Portal\\node_modules\\@babel\\.plugin-transform-block-scoping-QHyovSp3',
2066 silly reify   'D:\\Job_Portal\\node_modules\\@babel\\plugin-transform-duplicate-named-capturing-groups-regex': 'D:\\Job_Portal\\node_modules\\@babel\\.plugin-transform-duplicate-named-capturing-groups-regex-vEPMBtkg',
2066 silly reify   'D:\\Job_Portal\\node_modules\\@babel\\plugin-transform-computed-properties': 'D:\\Job_Portal\\node_modules\\@babel\\.plugin-transform-computed-properties-nISH26pt',
2066 silly reify   'D:\\Job_Portal\\node_modules\\@babel\\plugin-transform-explicit-resource-management': 'D:\\Job_Portal\\node_modules\\@babel\\.plugin-transform-explicit-resource-management-TCTF1d56',
2066 silly reify   'D:\\Job_Portal\\node_modules\\@babel\\plugin-transform-classes': 'D:\\Job_Portal\\node_modules\\@babel\\.plugin-transform-classes-jIXQvVG8',
2066 silly reify   'D:\\Job_Portal\\node_modules\\@babel\\plugin-transform-dotall-regex': 'D:\\Job_Portal\\node_modules\\@babel\\.plugin-transform-dotall-regex-pSYrvF3M',
2066 silly reify   'D:\\Job_Portal\\node_modules\\@babel\\plugin-transform-dynamic-import': 'D:\\Job_Portal\\node_modules\\@babel\\.plugin-transform-dynamic-import-d4ZrRIcp',
2066 silly reify   'D:\\Job_Portal\\node_modules\\@babel\\plugin-transform-export-namespace-from': 'D:\\Job_Portal\\node_modules\\@babel\\.plugin-transform-export-namespace-from-9TCMY1vX',
2066 silly reify   'D:\\Job_Portal\\node_modules\\@babel\\plugin-transform-exponentiation-operator': 'D:\\Job_Portal\\node_modules\\@babel\\.plugin-transform-exponentiation-operator-zkkofHhk',
2066 silly reify   'D:\\Job_Portal\\node_modules\\@babel\\plugin-transform-function-name': 'D:\\Job_Portal\\node_modules\\@babel\\.plugin-transform-function-name-cfCGFE3E',
2066 silly reify   'D:\\Job_Portal\\node_modules\\@babel\\plugin-transform-for-of': 'D:\\Job_Portal\\node_modules\\@babel\\.plugin-transform-for-of-RPaVK5RK',
2066 silly reify   'D:\\Job_Portal\\node_modules\\@babel\\plugin-transform-literals': 'D:\\Job_Portal\\node_modules\\@babel\\.plugin-transform-literals-RSp0z3cT',
2066 silly reify   'D:\\Job_Portal\\node_modules\\@babel\\plugin-transform-modules-amd': 'D:\\Job_Portal\\node_modules\\@babel\\.plugin-transform-modules-amd-gzeecNVz',
2066 silly reify   'D:\\Job_Portal\\node_modules\\@babel\\plugin-transform-modules-commonjs': 'D:\\Job_Portal\\node_modules\\@babel\\.plugin-transform-modules-commonjs-PIUPF8eM',
2066 silly reify   'D:\\Job_Portal\\node_modules\\@babel\\plugin-transform-json-strings': 'D:\\Job_Portal\\node_modules\\@babel\\.plugin-transform-json-strings-jmJwQ1d2',
2066 silly reify   'D:\\Job_Portal\\node_modules\\@babel\\plugin-transform-modules-umd': 'D:\\Job_Portal\\node_modules\\@babel\\.plugin-transform-modules-umd-SRjQfGmH',
2066 silly reify   'D:\\Job_Portal\\node_modules\\@babel\\plugin-syntax-import-attributes': 'D:\\Job_Portal\\node_modules\\@babel\\.plugin-syntax-import-attributes-zsaHuNv1',
2066 silly reify   'D:\\Job_Portal\\node_modules\\@babel\\plugin-transform-modules-systemjs': 'D:\\Job_Portal\\node_modules\\@babel\\.plugin-transform-modules-systemjs-n8A3dTwU',
2066 silly reify   'D:\\Job_Portal\\node_modules\\@babel\\plugin-transform-logical-assignment-operators': 'D:\\Job_Portal\\node_modules\\@babel\\.plugin-transform-logical-assignment-operators-8Y26Bopp',
2066 silly reify   'D:\\Job_Portal\\node_modules\\@babel\\plugin-transform-new-target': 'D:\\Job_Portal\\node_modules\\@babel\\.plugin-transform-new-target-OaM5xkVi',
2066 silly reify   'D:\\Job_Portal\\node_modules\\@babel\\plugin-transform-named-capturing-groups-regex': 'D:\\Job_Portal\\node_modules\\@babel\\.plugin-transform-named-capturing-groups-regex-uFDnNDPj',
2066 silly reify   'D:\\Job_Portal\\node_modules\\@babel\\plugin-transform-nullish-coalescing-operator': 'D:\\Job_Portal\\node_modules\\@babel\\.plugin-transform-nullish-coalescing-operator-si3H8tnu',
2066 silly reify   'D:\\Job_Portal\\node_modules\\@babel\\plugin-transform-numeric-separator': 'D:\\Job_Portal\\node_modules\\@babel\\.plugin-transform-numeric-separator-aW6GFnKk',
2066 silly reify   'D:\\Job_Portal\\node_modules\\@babel\\plugin-transform-object-rest-spread': 'D:\\Job_Portal\\node_modules\\@babel\\.plugin-transform-object-rest-spread-NcOSWJ42',
2066 silly reify   'D:\\Job_Portal\\node_modules\\@babel\\plugin-transform-optional-chaining': 'D:\\Job_Portal\\node_modules\\@babel\\.plugin-transform-optional-chaining-HYahUdfO',
2066 silly reify   'D:\\Job_Portal\\node_modules\\@babel\\plugin-transform-optional-catch-binding': 'D:\\Job_Portal\\node_modules\\@babel\\.plugin-transform-optional-catch-binding-r3E1Wkbo',
2066 silly reify   'D:\\Job_Portal\\node_modules\\@babel\\plugin-transform-private-methods': 'D:\\Job_Portal\\node_modules\\@babel\\.plugin-transform-private-methods-yBSPAZ53',
2066 silly reify   'D:\\Job_Portal\\node_modules\\@babel\\plugin-transform-object-super': 'D:\\Job_Portal\\node_modules\\@babel\\.plugin-transform-object-super-TdcNGS4f',
2066 silly reify   'D:\\Job_Portal\\node_modules\\@babel\\plugin-transform-parameters': 'D:\\Job_Portal\\node_modules\\@babel\\.plugin-transform-parameters-vXmWBwWi',
2066 silly reify   'D:\\Job_Portal\\node_modules\\@babel\\plugin-transform-member-expression-literals': 'D:\\Job_Portal\\node_modules\\@babel\\.plugin-transform-member-expression-literals-pXToFUg8',
2066 silly reify   'D:\\Job_Portal\\node_modules\\@babel\\plugin-transform-private-property-in-object': 'D:\\Job_Portal\\node_modules\\@babel\\.plugin-transform-private-property-in-object-s6G4upqX',
2066 silly reify   'D:\\Job_Portal\\node_modules\\@babel\\plugin-transform-reserved-words': 'D:\\Job_Portal\\node_modules\\@babel\\.plugin-transform-reserved-words-HOAE1thL',
2066 silly reify   'D:\\Job_Portal\\node_modules\\@babel\\plugin-transform-property-literals': 'D:\\Job_Portal\\node_modules\\@babel\\.plugin-transform-property-literals-GbKVdaP4',
2066 silly reify   'D:\\Job_Portal\\node_modules\\@babel\\plugin-transform-sticky-regex': 'D:\\Job_Portal\\node_modules\\@babel\\.plugin-transform-sticky-regex-adCSVxQC',
2066 silly reify   'D:\\Job_Portal\\node_modules\\@babel\\plugin-transform-template-literals': 'D:\\Job_Portal\\node_modules\\@babel\\.plugin-transform-template-literals-e9sl8YQk',
2066 silly reify   'D:\\Job_Portal\\node_modules\\@babel\\plugin-transform-regexp-modifiers': 'D:\\Job_Portal\\node_modules\\@babel\\.plugin-transform-regexp-modifiers-aHovNIyO',
2066 silly reify   'D:\\Job_Portal\\node_modules\\@babel\\plugin-transform-regenerator': 'D:\\Job_Portal\\node_modules\\@babel\\.plugin-transform-regenerator-HAz5yJJ9',
2066 silly reify   'D:\\Job_Portal\\node_modules\\@babel\\plugin-transform-spread': 'D:\\Job_Portal\\node_modules\\@babel\\.plugin-transform-spread-nh8rJK9T',
2066 silly reify   'D:\\Job_Portal\\node_modules\\@babel\\plugin-transform-unicode-escapes': 'D:\\Job_Portal\\node_modules\\@babel\\.plugin-transform-unicode-escapes-VEYbL8EQ',
2066 silly reify   'D:\\Job_Portal\\node_modules\\@babel\\plugin-transform-typeof-symbol': 'D:\\Job_Portal\\node_modules\\@babel\\.plugin-transform-typeof-symbol-F6NnQODq',
2066 silly reify   'D:\\Job_Portal\\node_modules\\@babel\\plugin-transform-unicode-property-regex': 'D:\\Job_Portal\\node_modules\\@babel\\.plugin-transform-unicode-property-regex-PGsZbwkA',
2066 silly reify   'D:\\Job_Portal\\node_modules\\@babel\\plugin-transform-unicode-sets-regex': 'D:\\Job_Portal\\node_modules\\@babel\\.plugin-transform-unicode-sets-regex-TeXDsm0Q',
2066 silly reify   'D:\\Job_Portal\\node_modules\\@babel\\plugin-transform-shorthand-properties': 'D:\\Job_Portal\\node_modules\\@babel\\.plugin-transform-shorthand-properties-VMPEdSy8',
2066 silly reify   'D:\\Job_Portal\\node_modules\\@babel\\plugin-transform-unicode-regex': 'D:\\Job_Portal\\node_modules\\@babel\\.plugin-transform-unicode-regex-BdY28YQI',
2066 silly reify   'D:\\Job_Portal\\node_modules\\@babel\\preset-modules': 'D:\\Job_Portal\\node_modules\\@babel\\.preset-modules-PogAM7lg',
2066 silly reify   'D:\\Job_Portal\\node_modules\\@babel\\template': 'D:\\Job_Portal\\node_modules\\@babel\\.template-UmflXhcU',
2066 silly reify   'D:\\Job_Portal\\node_modules\\@babel\\preset-env': 'D:\\Job_Portal\\node_modules\\@babel\\.preset-env-6ptjK4Kz',
2066 silly reify   'D:\\Job_Portal\\node_modules\\@babel\\traverse': 'D:\\Job_Portal\\node_modules\\@babel\\.traverse-Flb1gkAs',
2066 silly reify   'D:\\Job_Portal\\node_modules\\@jridgewell\\gen-mapping': 'D:\\Job_Portal\\node_modules\\@jridgewell\\.gen-mapping-djr3hJWZ',
2066 silly reify   'D:\\Job_Portal\\node_modules\\@jridgewell\\remapping': 'D:\\Job_Portal\\node_modules\\@jridgewell\\.remapping-m1Frdng4',
2066 silly reify   'D:\\Job_Portal\\node_modules\\@babel\\types': 'D:\\Job_Portal\\node_modules\\@babel\\.types-Mp5ViE4E',
2066 silly reify   'D:\\Job_Portal\\node_modules\\@jridgewell\\trace-mapping': 'D:\\Job_Portal\\node_modules\\@jridgewell\\.trace-mapping-rVfAPvMq',
2066 silly reify   'D:\\Job_Portal\\node_modules\\@jridgewell\\source-map': 'D:\\Job_Portal\\node_modules\\@jridgewell\\.source-map-Mij3i7ty',
2066 silly reify   'D:\\Job_Portal\\node_modules\\@rollup\\plugin-babel': 'D:\\Job_Portal\\node_modules\\@rollup\\.plugin-babel-1k3l4V7f',
2066 silly reify   'D:\\Job_Portal\\node_modules\\@react-leaflet\\core': 'D:\\Job_Portal\\node_modules\\@react-leaflet\\.core-J2wTHHnv',
2066 silly reify   'D:\\Job_Portal\\node_modules\\@rollup\\plugin-node-resolve': 'D:\\Job_Portal\\node_modules\\@rollup\\.plugin-node-resolve-ul4nF2gI',
2066 silly reify   'D:\\Job_Portal\\node_modules\\@types\\estree': 'D:\\Job_Portal\\node_modules\\@types\\.estree-MYuAnMPZ',
2066 silly reify   'D:\\Job_Portal\\node_modules\\@types\\glob': 'D:\\Job_Portal\\node_modules\\@types\\.glob-75Eglybv',
2066 silly reify   'D:\\Job_Portal\\node_modules\\@types\\geojson': 'D:\\Job_Portal\\node_modules\\@types\\.geojson-2Qw43mVW',
2066 silly reify   'D:\\Job_Portal\\node_modules\\@types\\leaflet': 'D:\\Job_Portal\\node_modules\\@types\\.leaflet-cOzuJ4iP',
2066 silly reify   'D:\\Job_Portal\\node_modules\\@types\\minimatch': 'D:\\Job_Portal\\node_modules\\@types\\.minimatch-ENps4w6S',
2066 silly reify   'D:\\Job_Portal\\node_modules\\@rollup\\plugin-replace': 'D:\\Job_Portal\\node_modules\\@rollup\\.plugin-replace-c6kvpKwS',
2066 silly reify   'D:\\Job_Portal\\node_modules\\@types\\resolve': 'D:\\Job_Portal\\node_modules\\@types\\.resolve-M9HRLwko',
2066 silly reify   'D:\\Job_Portal\\node_modules\\@types\\trusted-types': 'D:\\Job_Portal\\node_modules\\@types\\.trusted-types-48seQI8Q',
2066 silly reify   'D:\\Job_Portal\\node_modules\\@rollup\\pluginutils': 'D:\\Job_Portal\\node_modules\\@rollup\\.pluginutils-SQw50eUe',
2066 silly reify   'D:\\Job_Portal\\node_modules\\@surma\\rollup-plugin-off-main-thread': 'D:\\Job_Portal\\node_modules\\@surma\\.rollup-plugin-off-main-thread-dy4uc3M0',
2066 silly reify   'D:\\Job_Portal\\node_modules\\@webassemblyjs\\floating-point-hex-parser': 'D:\\Job_Portal\\node_modules\\@webassemblyjs\\.floating-point-hex-parser-ZgvshFPX',
2066 silly reify   'D:\\Job_Portal\\node_modules\\@webassemblyjs\\ast': 'D:\\Job_Portal\\node_modules\\@webassemblyjs\\.ast-rOelfXky',
2066 silly reify   'D:\\Job_Portal\\node_modules\\@webassemblyjs\\helper-api-error': 'D:\\Job_Portal\\node_modules\\@webassemblyjs\\.helper-api-error-0FXCeIad',
2066 silly reify   'D:\\Job_Portal\\node_modules\\@webassemblyjs\\helper-numbers': 'D:\\Job_Portal\\node_modules\\@webassemblyjs\\.helper-numbers-bsAIAROx',
2066 silly reify   'D:\\Job_Portal\\node_modules\\@webassemblyjs\\helper-wasm-section': 'D:\\Job_Portal\\node_modules\\@webassemblyjs\\.helper-wasm-section-mZDMrpVk',
2066 silly reify   'D:\\Job_Portal\\node_modules\\@webassemblyjs\\helper-wasm-bytecode': 'D:\\Job_Portal\\node_modules\\@webassemblyjs\\.helper-wasm-bytecode-kftGIVtm',
2066 silly reify   'D:\\Job_Portal\\node_modules\\@webassemblyjs\\helper-buffer': 'D:\\Job_Portal\\node_modules\\@webassemblyjs\\.helper-buffer-3PUMJVql',
2066 silly reify   'D:\\Job_Portal\\node_modules\\@webassemblyjs\\utf8': 'D:\\Job_Portal\\node_modules\\@webassemblyjs\\.utf8-kigXPGO2',
2066 silly reify   'D:\\Job_Portal\\node_modules\\@webassemblyjs\\ieee754': 'D:\\Job_Portal\\node_modules\\@webassemblyjs\\.ieee754-XgizHAd8',
2066 silly reify   'D:\\Job_Portal\\node_modules\\@webassemblyjs\\wasm-edit': 'D:\\Job_Portal\\node_modules\\@webassemblyjs\\.wasm-edit-auNGlWZT',
2066 silly reify   'D:\\Job_Portal\\node_modules\\@webassemblyjs\\wasm-gen': 'D:\\Job_Portal\\node_modules\\@webassemblyjs\\.wasm-gen-7h2HqnOF',
2066 silly reify   'D:\\Job_Portal\\node_modules\\@webassemblyjs\\leb128': 'D:\\Job_Portal\\node_modules\\@webassemblyjs\\.leb128-KDx7CMIQ',
2066 silly reify   'D:\\Job_Portal\\node_modules\\@webassemblyjs\\wasm-parser': 'D:\\Job_Portal\\node_modules\\@webassemblyjs\\.wasm-parser-aynquA2u',
2066 silly reify   'D:\\Job_Portal\\node_modules\\@xtuc\\ieee754': 'D:\\Job_Portal\\node_modules\\@xtuc\\.ieee754-RSYxDvZu',
2066 silly reify   'D:\\Job_Portal\\node_modules\\@webassemblyjs\\wasm-opt': 'D:\\Job_Portal\\node_modules\\@webassemblyjs\\.wasm-opt-uFFv0K7b',
2066 silly reify   'D:\\Job_Portal\\node_modules\\@webassemblyjs\\wast-printer': 'D:\\Job_Portal\\node_modules\\@webassemblyjs\\.wast-printer-dhyxdKS7',
2066 silly reify   'D:\\Job_Portal\\node_modules\\@xtuc\\long': 'D:\\Job_Portal\\node_modules\\@xtuc\\.long-D26JBQUE'
2066 silly reify }
2067 silly audit bulk request {
2067 silly audit   '@alloc/quick-lru': [ '5.2.0' ],
2067 silly audit   '@asteasolutions/zod-to-openapi': [ '7.3.4' ],
2067 silly audit   '@babel/runtime': [ '7.28.4' ],
2067 silly audit   '@cfworker/json-schema': [ '4.1.1' ],
2067 silly audit   '@colors/colors': [ '1.6.0' ],
2067 silly audit   '@dabh/diagnostics': [ '2.0.8' ],
2067 silly audit   '@date-fns/tz': [ '1.4.1' ],
2067 silly audit   '@emnapi/runtime': [ '1.7.1' ],
2067 silly audit   '@esbuild/aix-ppc64': [ '0.27.2' ],
2067 silly audit   '@esbuild/android-arm': [ '0.27.2' ],
2067 silly audit   '@esbuild/android-arm64': [ '0.27.2' ],
2067 silly audit   '@esbuild/android-x64': [ '0.27.2' ],
2067 silly audit   '@esbuild/darwin-arm64': [ '0.27.2' ],
2067 silly audit   '@esbuild/darwin-x64': [ '0.27.2' ],
2067 silly audit   '@esbuild/freebsd-arm64': [ '0.27.2' ],
2067 silly audit   '@esbuild/freebsd-x64': [ '0.27.2' ],
2067 silly audit   '@esbuild/linux-arm': [ '0.27.2' ],
2067 silly audit   '@esbuild/linux-arm64': [ '0.27.2' ],
2067 silly audit   '@esbuild/linux-ia32': [ '0.27.2' ],
2067 silly audit   '@esbuild/linux-loong64': [ '0.27.2' ],
2067 silly audit   '@esbuild/linux-mips64el': [ '0.27.2' ],
2067 silly audit   '@esbuild/linux-ppc64': [ '0.27.2' ],
2067 silly audit   '@esbuild/linux-riscv64': [ '0.27.2' ],
2067 silly audit   '@esbuild/linux-s390x': [ '0.27.2' ],
2067 silly audit   '@esbuild/linux-x64': [ '0.27.2' ],
2067 silly audit   '@esbuild/netbsd-arm64': [ '0.27.2' ],
2067 silly audit   '@esbuild/netbsd-x64': [ '0.27.2' ],
2067 silly audit   '@esbuild/openbsd-arm64': [ '0.27.2' ],
2067 silly audit   '@esbuild/openbsd-x64': [ '0.27.2' ],
2067 silly audit   '@esbuild/openharmony-arm64': [ '0.27.2' ],
2067 silly audit   '@esbuild/sunos-x64': [ '0.27.2' ],
2067 silly audit   '@esbuild/win32-arm64': [ '0.27.2' ],
2067 silly audit   '@esbuild/win32-ia32': [ '0.27.2' ],
2067 silly audit   '@esbuild/win32-x64': [ '0.27.2' ],
2067 silly audit   '@fastify/busboy': [ '3.2.0' ],
2067 silly audit   '@firebase/ai': [ '1.4.0' ],
2067 silly audit   '@firebase/analytics': [ '0.10.16' ],
2067 silly audit   '@firebase/analytics-compat': [ '0.2.22' ],
2067 silly audit   '@firebase/analytics-types': [ '0.8.3' ],
2067 silly audit   '@firebase/app': [ '0.13.1' ],
2067 silly audit   '@firebase/app-check': [ '0.10.0' ],
2067 silly audit   '@firebase/app-check-compat': [ '0.3.25' ],
2067 silly audit   '@firebase/app-check-interop-types': [ '0.3.3', '0.3.2' ],
2067 silly audit   '@firebase/app-check-types': [ '0.5.3' ],
2067 silly audit   '@firebase/app-compat': [ '0.4.1' ],
2067 silly audit   '@firebase/app-types': [ '0.9.3', '0.9.2' ],
2067 silly audit   '@firebase/auth-compat': [ '0.5.27' ],
2067 silly audit   '@firebase/auth': [ '1.10.7' ],
2067 silly audit   '@firebase/auth-interop-types': [ '0.2.4', '0.2.3' ],
2067 silly audit   '@firebase/auth-types': [ '0.13.0' ],
2067 silly audit   '@firebase/component': [ '0.6.17', '0.6.9' ],
2067 silly audit   '@firebase/data-connect': [ '0.3.9' ],
2067 silly audit   '@firebase/database': [ '1.0.19', '1.0.8' ],
2067 silly audit   '@firebase/database-compat': [ '2.0.10', '1.0.8' ],
2067 silly audit   '@firebase/database-types': [ '1.0.14', '1.0.5' ],
2067 silly audit   '@firebase/firestore': [ '4.7.17' ],
2067 silly audit   '@firebase/firestore-compat': [ '0.3.52' ],
2067 silly audit   '@firebase/firestore-types': [ '3.0.3' ],
2067 silly audit   '@grpc/grpc-js': [ '1.9.15', '1.14.3' ],
2067 silly audit   '@firebase/functions': [ '0.12.8' ],
2067 silly audit   '@firebase/functions-compat': [ '0.3.25' ],
2067 silly audit   '@firebase/functions-types': [ '0.6.3' ],
2067 silly audit   '@firebase/installations': [ '0.6.17' ],
2067 silly audit   '@firebase/installations-compat': [ '0.2.17' ],
2067 silly audit   '@firebase/installations-types': [ '0.5.3' ],
2067 silly audit   '@firebase/logger': [ '0.4.4', '0.4.2' ],
2067 silly audit   '@firebase/messaging': [ '0.12.21' ],
2067 silly audit   '@firebase/messaging-compat': [ '0.2.21' ],
2067 silly audit   '@firebase/messaging-interop-types': [ '0.2.3' ],
2067 silly audit   '@firebase/performance': [ '0.7.6' ],
2067 silly audit   '@firebase/performance-compat': [ '0.2.19' ],
2067 silly audit   '@firebase/performance-types': [ '0.2.3' ],
2067 silly audit   '@firebase/remote-config': [ '0.6.4' ],
2067 silly audit   '@firebase/remote-config-compat': [ '0.2.17' ],
2067 silly audit   '@firebase/remote-config-types': [ '0.4.0' ],
2067 silly audit   '@firebase/storage': [ '0.13.13' ],
2067 silly audit   '@firebase/storage-compat': [ '0.3.23' ],
2067 silly audit   '@firebase/storage-types': [ '0.8.3' ],
2067 silly audit   '@firebase/util': [ '1.12.0', '1.10.0' ],
2067 silly audit   '@firebase/webchannel-wrapper': [ '1.0.3' ],
2067 silly audit   '@floating-ui/core': [ '1.7.3' ],
2067 silly audit   '@floating-ui/dom': [ '1.7.4' ],
2067 silly audit   '@floating-ui/react-dom': [ '2.1.6' ],
2067 silly audit   '@floating-ui/utils': [ '0.2.10' ],
2067 silly audit   '@genkit-ai/ai': [ '1.28.0' ],
2067 silly audit   '@genkit-ai/core': [ '1.28.0' ],
2067 silly audit   '@genkit-ai/firebase': [ '1.28.0' ],
2067 silly audit   '@genkit-ai/google-cloud': [ '1.28.0' ],
2067 silly audit   '@genkit-ai/google-genai': [ '1.28.0' ],
2067 silly audit   '@genkit-ai/telemetry-server': [ '1.28.0' ],
2067 silly audit   '@genkit-ai/tools-common': [ '1.28.0' ],
2067 silly audit   commander: [ '11.1.0', '4.1.1', '2.20.3' ],
2067 silly audit   uuid: [ '9.0.1', '8.3.2', '10.0.0' ],
2067 silly audit   '@google-cloud/common': [ '5.0.2' ],
2067 silly audit   '@google-cloud/firestore': [ '7.11.6' ],
2067 silly audit   '@google-cloud/logging': [ '11.2.1' ],
2067 silly audit   '@google-cloud/logging-winston': [ '6.0.1' ],
2067 silly audit   '@google-cloud/modelarmor': [ '0.4.1' ],
2067 silly audit   '@grpc/proto-loader': [ '0.8.0', '0.7.13' ],
2067 silly audit   'agent-base': [ '6.0.2', '7.1.3' ],
2067 silly audit   debug: [ '4.4.3', '2.6.9', '4.4.0' ],
2067 silly audit   gaxios: [ '7.1.3', '6.7.1' ],
2067 silly audit   'gcp-metadata': [ '8.1.2', '6.1.1' ],
2067 silly audit   'google-auth-library': [ '10.5.0', '9.15.1' ],
2067 silly audit   'google-gax': [ '5.0.6', '4.6.1' ],
2067 silly audit   'google-logging-utils': [ '1.1.3', '0.0.2' ],
2067 silly audit   gtoken: [ '8.0.0', '7.1.0' ],
2067 silly audit   ms: [ '2.1.3', '2.0.0' ],
2067 silly audit   'proto3-json-serializer': [ '3.0.4', '2.0.2' ],
2067 silly audit   'retry-request': [ '8.0.2', '7.0.2' ],
2067 silly audit   rimraf: [ '5.0.10', '2.7.1' ],
2067 silly audit   'teeny-request': [ '10.1.0', '9.0.0' ],
2067 silly audit   'https-proxy-agent': [ '5.0.1', '7.0.6' ],
2067 silly audit   '@google-cloud/opentelemetry-cloud-monitoring-exporter': [ '0.19.0' ],
2067 silly audit   '@google-cloud/opentelemetry-cloud-trace-exporter': [ '2.4.1' ],
2067 silly audit   '@google-cloud/opentelemetry-resource-util': [ '2.4.0' ],
2067 silly audit   '@google-cloud/paginator': [ '5.0.2' ],
2067 silly audit   '@google-cloud/precise-date': [ '4.0.0' ],
2067 silly audit   '@google-cloud/projectify': [ '4.0.0' ],
2067 silly audit   '@google-cloud/promisify': [ '4.0.0' ],
2067 silly audit   '@google-cloud/storage': [ '7.18.0' ],
2067 silly audit   '@hookform/resolvers': [ '4.1.3' ],
2067 silly audit   '@img/colour': [ '1.0.0' ],
2067 silly audit   '@img/sharp-darwin-arm64': [ '0.34.5' ],
2067 silly audit   '@img/sharp-darwin-x64': [ '0.34.5' ],
2067 silly audit   '@img/sharp-libvips-darwin-arm64': [ '1.2.4' ],
2067 silly audit   '@img/sharp-libvips-darwin-x64': [ '1.2.4' ],
2067 silly audit   '@img/sharp-libvips-linux-arm': [ '1.2.4' ],
2067 silly audit   '@img/sharp-libvips-linux-arm64': [ '1.2.4' ],
2067 silly audit   '@img/sharp-libvips-linux-ppc64': [ '1.2.4' ],
2067 silly audit   '@img/sharp-libvips-linux-riscv64': [ '1.2.4' ],
2067 silly audit   '@img/sharp-libvips-linux-s390x': [ '1.2.4' ],
2067 silly audit   '@img/sharp-libvips-linux-x64': [ '1.2.4' ],
2067 silly audit   '@img/sharp-libvips-linuxmusl-arm64': [ '1.2.4' ],
2067 silly audit   '@img/sharp-libvips-linuxmusl-x64': [ '1.2.4' ],
2067 silly audit   '@img/sharp-linux-arm': [ '0.34.5' ],
2067 silly audit   '@img/sharp-linux-arm64': [ '0.34.5' ],
2067 silly audit   '@img/sharp-linux-ppc64': [ '0.34.5' ],
2067 silly audit   '@img/sharp-linux-riscv64': [ '0.34.5' ],
2067 silly audit   '@img/sharp-linux-s390x': [ '0.34.5' ],
2067 silly audit   '@img/sharp-linux-x64': [ '0.34.5' ],
2067 silly audit   '@img/sharp-linuxmusl-arm64': [ '0.34.5' ],
2067 silly audit   '@img/sharp-linuxmusl-x64': [ '0.34.5' ],
2067 silly audit   '@img/sharp-wasm32': [ '0.34.5' ],
2067 silly audit   '@img/sharp-win32-arm64': [ '0.34.5' ],
2067 silly audit   '@img/sharp-win32-ia32': [ '0.34.5' ],
2067 silly audit   '@img/sharp-win32-x64': [ '0.34.5' ],
2067 silly audit   '@inquirer/ansi': [ '1.0.2' ],
2067 silly audit   '@inquirer/checkbox': [ '4.3.2' ],
2067 silly audit   '@inquirer/confirm': [ '5.1.21' ],
2067 silly audit   '@inquirer/core': [ '10.3.2' ],
2067 silly audit   'ansi-regex': [ '5.0.1', '6.1.0' ],
2067 silly audit   'ansi-styles': [ '4.3.0', '6.2.1' ],
2067 silly audit   'emoji-regex': [ '8.0.0', '9.2.2' ],
2067 silly audit   'string-width': [ '4.2.3', '5.1.2' ],
2067 silly audit   'strip-ansi': [ '6.0.1', '7.1.0' ],
2067 silly audit   'wrap-ansi': [ '6.2.0', '7.0.0', '8.1.0' ],
2067 silly audit   '@inquirer/editor': [ '4.2.23' ],
2067 silly audit   '@inquirer/expand': [ '4.0.23' ],
2067 silly audit   '@inquirer/external-editor': [ '1.0.3' ],
2067 silly audit   'iconv-lite': [ '0.7.2', '0.6.3', '0.7.0', '0.4.24' ],
2067 silly audit   '@inquirer/figures': [ '1.0.15' ],
2067 silly audit   '@inquirer/input': [ '4.3.1' ],
2067 silly audit   '@inquirer/number': [ '3.0.23' ],
2067 silly audit   '@inquirer/password': [ '4.0.23' ],
2067 silly audit   '@inquirer/prompts': [ '7.10.1' ],
2067 silly audit   '@inquirer/rawlist': [ '4.1.11' ],
2067 silly audit   '@inquirer/search': [ '3.2.2' ],
2067 silly audit   '@inquirer/select': [ '4.4.2' ],
2067 silly audit   '@inquirer/type': [ '3.0.10' ],
2067 silly audit   '@isaacs/cliui': [ '8.0.2' ],
2067 silly audit   '@jridgewell/resolve-uri': [ '3.1.2' ],
2067 silly audit   '@jridgewell/sourcemap-codec': [ '1.5.0' ],
2067 silly audit   '@js-sdsl/ordered-map': [ '4.4.2' ],
2067 silly audit   '@jsep-plugin/assignment': [ '1.3.0' ],
2067 silly audit   '@jsep-plugin/regex': [ '1.0.4' ],
2067 silly audit   '@modelcontextprotocol/sdk': [ '1.18.2' ],
2067 silly audit   accepts: [ '2.0.0', '1.3.8' ],
2067 silly audit   ajv: [ '6.12.6', '8.17.1', '6.15.0' ],
2067 silly audit   'body-parser': [ '2.2.0', '1.20.3' ],
2067 silly audit   'content-disposition': [ '1.0.0', '0.5.4' ],
2067 silly audit   'cookie-signature': [ '1.2.2', '1.0.6' ],
2067 silly audit   express: [ '5.1.0', '4.21.2' ],
2067 silly audit   finalhandler: [ '2.1.0', '1.3.1' ],
2067 silly audit   fresh: [ '2.0.0', '0.5.2' ],
2067 silly audit   'json-schema-traverse': [ '0.4.1', '1.0.0' ],
2067 silly audit   'media-typer': [ '1.1.0', '0.3.0' ],
2067 silly audit   'merge-descriptors': [ '2.0.0', '1.0.3' ],
2067 silly audit   'mime-db': [ '1.54.0', '1.52.0' ],
2067 silly audit   'mime-types': [ '3.0.1', '2.1.35' ],
2067 silly audit   negotiator: [ '1.0.0', '0.6.3' ],
2067 silly audit   qs: [ '6.14.0', '6.13.0' ],
2067 silly audit   'raw-body': [ '3.0.1', '2.5.2' ],
2067 silly audit   send: [ '1.2.0', '0.19.0' ],
2067 silly audit   'serve-static': [ '2.2.0', '1.16.2' ],
2067 silly audit   'type-is': [ '2.0.1', '1.6.18' ],
2067 silly audit   '@next/env': [ '15.5.9' ],
2067 silly audit   '@next/swc-darwin-arm64': [ '15.5.7' ],
2067 silly audit   '@next/swc-darwin-x64': [ '15.5.7' ],
2067 silly audit   '@next/swc-linux-arm64-gnu': [ '15.5.7' ],
2067 silly audit   '@next/swc-linux-arm64-musl': [ '15.5.7' ],
2067 silly audit   '@next/swc-linux-x64-gnu': [ '15.5.7' ],
2067 silly audit   '@next/swc-linux-x64-musl': [ '15.5.7' ],
2067 silly audit   '@next/swc-win32-arm64-msvc': [ '15.5.7' ],
2067 silly audit   '@next/swc-win32-x64-msvc': [ '15.5.7' ],
2067 silly audit   '@nodelib/fs.scandir': [ '2.1.5' ],
2067 silly audit   '@nodelib/fs.stat': [ '2.0.5' ],
2067 silly audit   '@nodelib/fs.walk': [ '1.2.8' ],
2067 silly audit   '@opentelemetry/api': [ '1.9.0' ],
2067 silly audit   '@opentelemetry/api-logs': [ '0.52.1' ],
2067 silly audit   '@opentelemetry/auto-instrumentations-node': [ '0.49.2' ],
2067 silly audit   '@opentelemetry/context-async-hooks': [ '1.25.1' ],
2067 silly audit   '@opentelemetry/core': [ '1.25.1', '1.30.1' ],
2067 silly audit   '@opentelemetry/semantic-conventions': [ '1.25.1', '1.28.0', '1.39.0' ],
2067 silly audit   '@opentelemetry/exporter-jaeger': [ '1.30.1' ],
2067 silly audit   '@opentelemetry/resources': [ '1.30.1', '1.25.1' ],
2067 silly audit   '@opentelemetry/sdk-trace-base': [ '1.30.1', '1.25.1' ],
2067 silly audit   '@opentelemetry/exporter-trace-otlp-grpc': [ '0.52.1' ],
2067 silly audit   '@opentelemetry/exporter-trace-otlp-http': [ '0.52.1' ],
2067 silly audit   '@opentelemetry/exporter-trace-otlp-proto': [ '0.52.1' ],
2067 silly audit   '@opentelemetry/exporter-zipkin': [ '1.25.1' ],
2067 silly audit   '@opentelemetry/instrumentation': [ '0.52.1' ],
2067 silly audit   '@opentelemetry/instrumentation-amqplib': [ '0.41.0' ],
2067 silly audit   '@opentelemetry/instrumentation-aws-lambda': [ '0.43.0' ],
2067 silly audit   '@opentelemetry/instrumentation-aws-sdk': [ '0.43.1' ],
2067 silly audit   '@opentelemetry/instrumentation-bunyan': [ '0.40.0' ],
2067 silly audit   '@opentelemetry/instrumentation-cassandra-driver': [ '0.40.0' ],
2067 silly audit   '@opentelemetry/instrumentation-connect': [ '0.38.0' ],
2067 silly audit   '@opentelemetry/instrumentation-cucumber': [ '0.8.0' ],
2067 silly audit   '@opentelemetry/instrumentation-dataloader': [ '0.11.0' ],
2067 silly audit   '@opentelemetry/instrumentation-dns': [ '0.38.0' ],
2067 silly audit   '@opentelemetry/instrumentation-express': [ '0.41.1' ],
2067 silly audit   '@opentelemetry/instrumentation-fastify': [ '0.38.0' ],
2067 silly audit   '@opentelemetry/instrumentation-fs': [ '0.14.0' ],
2067 silly audit   '@opentelemetry/instrumentation-generic-pool': [ '0.38.1' ],
2067 silly audit   '@opentelemetry/instrumentation-graphql': [ '0.42.0' ],
2067 silly audit   '@opentelemetry/instrumentation-grpc': [ '0.52.1' ],
2067 silly audit   '@opentelemetry/instrumentation-hapi': [ '0.40.0' ],
2067 silly audit   '@opentelemetry/instrumentation-http': [ '0.52.1' ],
2067 silly audit   '@opentelemetry/instrumentation-ioredis': [ '0.42.0' ],
2067 silly audit   '@opentelemetry/instrumentation-kafkajs': [ '0.2.0' ],
2067 silly audit   '@opentelemetry/instrumentation-knex': [ '0.39.0' ],
2067 silly audit   '@opentelemetry/instrumentation-koa': [ '0.42.0' ],
2067 silly audit   '@opentelemetry/instrumentation-lru-memoizer': [ '0.39.0' ],
2067 silly audit   '@opentelemetry/instrumentation-memcached': [ '0.38.0' ],
2067 silly audit   '@opentelemetry/instrumentation-mongodb': [ '0.46.0' ],
2067 silly audit   '@opentelemetry/instrumentation-mongoose': [ '0.41.0' ],
2067 silly audit   '@opentelemetry/instrumentation-mysql': [ '0.40.0' ],
2067 silly audit   '@opentelemetry/instrumentation-mysql2': [ '0.40.0' ],
2067 silly audit   '@opentelemetry/instrumentation-nestjs-core': [ '0.39.0' ],
2067 silly audit   '@opentelemetry/instrumentation-net': [ '0.38.0' ],
2067 silly audit   '@opentelemetry/instrumentation-pg': [ '0.43.0' ],
2067 silly audit   '@opentelemetry/instrumentation-pino': [ '0.41.0' ],
2067 silly audit   '@opentelemetry/instrumentation-redis': [ '0.41.0' ],
2067 silly audit   '@opentelemetry/instrumentation-redis-4': [ '0.41.1' ],
2067 silly audit   '@opentelemetry/instrumentation-restify': [ '0.40.0' ],
2067 silly audit   '@opentelemetry/instrumentation-router': [ '0.39.0' ],
2067 silly audit   '@opentelemetry/instrumentation-socket.io': [ '0.41.0' ],
2067 silly audit   '@opentelemetry/instrumentation-tedious': [ '0.13.0' ],
2067 silly audit   '@opentelemetry/instrumentation-undici': [ '0.5.0' ],
2067 silly audit   '@opentelemetry/instrumentation-winston': [ '0.39.0' ],
2067 silly audit   '@opentelemetry/otlp-exporter-base': [ '0.52.1' ],
2067 silly audit   '@opentelemetry/otlp-grpc-exporter-base': [ '0.52.1' ],
2067 silly audit   '@opentelemetry/otlp-transformer': [ '0.52.1' ],
2067 silly audit   '@opentelemetry/propagation-utils': [ '0.30.16' ],
2067 silly audit   '@opentelemetry/propagator-aws-xray': [ '1.26.2' ],
2067 silly audit   '@opentelemetry/propagator-b3': [ '1.25.1' ],
2067 silly audit   '@opentelemetry/propagator-jaeger': [ '1.25.1' ],
2067 silly audit   '@opentelemetry/redis-common': [ '0.36.2' ],
2067 silly audit   '@opentelemetry/resource-detector-alibaba-cloud': [ '0.29.7' ],
2067 silly audit   '@opentelemetry/resource-detector-aws': [ '1.12.0' ],
2067 silly audit   '@opentelemetry/resource-detector-azure': [ '0.2.12' ],
2067 silly audit   '@opentelemetry/resource-detector-container': [ '0.4.4' ],
2067 silly audit   '@opentelemetry/resource-detector-gcp': [ '0.29.13' ],
2067 silly audit   '@opentelemetry/sdk-logs': [ '0.52.1' ],
2067 silly audit   '@opentelemetry/sdk-metrics': [ '1.25.1' ],
2067 silly audit   '@opentelemetry/sdk-node': [ '0.52.1' ],
2067 silly audit   '@opentelemetry/sdk-trace-node': [ '1.25.1' ],
2067 silly audit   '@opentelemetry/sql-common': [ '0.40.1' ],
2067 silly audit   '@pkgjs/parseargs': [ '0.11.0' ],
2067 silly audit   '@protobufjs/aspromise': [ '1.1.2' ],
2067 silly audit   '@protobufjs/base64': [ '1.1.2' ],
2067 silly audit   '@protobufjs/codegen': [ '2.0.4' ],
2067 silly audit   '@protobufjs/eventemitter': [ '1.1.0' ],
2067 silly audit   '@protobufjs/fetch': [ '1.1.0' ],
2067 silly audit   '@protobufjs/float': [ '1.0.2' ],
2067 silly audit   '@protobufjs/inquire': [ '1.1.0' ],
2067 silly audit   '@protobufjs/path': [ '1.1.2' ],
2067 silly audit   '@protobufjs/pool': [ '1.1.0' ],
2067 silly audit   '@protobufjs/utf8': [ '1.1.0' ],
2067 silly audit   '@radix-ui/number': [ '1.1.0' ],
2067 silly audit   '@radix-ui/primitive': [ '1.1.1', '1.1.2', '1.1.3' ],
2067 silly audit   '@radix-ui/react-accordion': [ '1.2.3' ],
2067 silly audit   '@radix-ui/react-collapsible': [ '1.1.3', '1.1.11' ],
2067 silly audit   '@radix-ui/react-alert-dialog': [ '1.1.6' ],
2067 silly audit   '@radix-ui/react-dialog': [ '1.1.6', '1.1.15' ],
2067 silly audit   '@radix-ui/react-dismissable-layer': [ '1.1.5', '1.1.11' ],
2067 silly audit   '@radix-ui/react-focus-scope': [ '1.1.2', '1.1.7' ],
2067 silly audit   '@radix-ui/react-portal': [ '1.1.4', '1.1.9' ],
2067 silly audit   '@radix-ui/react-slot': [ '1.1.2', '1.2.3' ],
2067 silly audit   '@radix-ui/react-use-escape-keydown': [ '1.1.0', '1.1.1' ],
2067 silly audit   '@radix-ui/react-arrow': [ '1.1.2' ],
2067 silly audit   '@radix-ui/react-avatar': [ '1.1.3' ],
2067 silly audit   '@radix-ui/react-checkbox': [ '1.1.4' ],
2067 silly audit   '@radix-ui/react-compose-refs': [ '1.1.2', '1.1.1' ],
2067 silly audit   '@radix-ui/react-context': [ '1.1.2', '1.1.1' ],
2067 silly audit   '@radix-ui/react-id': [ '1.1.1', '1.1.0' ],
2067 silly audit   '@radix-ui/react-presence': [ '1.1.4', '1.1.5', '1.1.2' ],
2067 silly audit   '@radix-ui/react-primitive': [ '2.1.3', '2.0.2' ],
2067 silly audit   '@radix-ui/react-use-controllable-state': [ '1.2.2', '1.1.0' ],
2067 silly audit   '@radix-ui/react-use-layout-effect': [ '1.1.1', '1.1.0' ],
2067 silly audit   '@radix-ui/react-collection': [ '1.1.2' ],
2067 silly audit   '@radix-ui/react-focus-guards': [ '1.1.3', '1.1.1' ],
2067 silly audit   '@radix-ui/react-direction': [ '1.1.0' ],
2067 silly audit   '@radix-ui/react-use-callback-ref': [ '1.1.1', '1.1.0' ],
2067 silly audit   '@radix-ui/react-dropdown-menu': [ '2.1.6' ],
2067 silly audit   '@radix-ui/react-label': [ '2.1.2' ],
2067 silly audit   '@radix-ui/react-menu': [ '2.1.6' ],
2067 silly audit   '@radix-ui/react-menubar': [ '1.1.6' ],
2067 silly audit   '@radix-ui/react-popover': [ '1.1.6' ],
2067 silly audit   '@radix-ui/react-popper': [ '1.2.2' ],
2067 silly audit   '@radix-ui/react-progress': [ '1.1.2' ],
2067 silly audit   '@radix-ui/react-radio-group': [ '1.2.3' ],
2067 silly audit   '@radix-ui/react-roving-focus': [ '1.1.2' ],
2067 silly audit   '@radix-ui/react-scroll-area': [ '1.2.3' ],
2067 silly audit   '@radix-ui/react-select': [ '2.1.6' ],
2067 silly audit   '@radix-ui/react-separator': [ '1.1.2' ],
2067 silly audit   '@radix-ui/react-slider': [ '1.2.3' ],
2067 silly audit   '@radix-ui/react-switch': [ '1.1.3' ],
2067 silly audit   '@radix-ui/react-tabs': [ '1.1.3' ],
2067 silly audit   '@radix-ui/react-toast': [ '1.2.6' ],
2067 silly audit   '@radix-ui/react-tooltip': [ '1.1.8' ],
2067 silly audit   '@radix-ui/react-use-effect-event': [ '0.0.2' ],
2067 silly audit   '@radix-ui/react-use-previous': [ '1.1.0' ],
2067 silly audit   '@radix-ui/react-use-rect': [ '1.1.0' ],
2067 silly audit   '@radix-ui/react-use-size': [ '1.1.0' ],
2067 silly audit   '@radix-ui/react-visually-hidden': [ '1.1.2' ],
2067 silly audit   '@radix-ui/rect': [ '1.1.0' ],
2067 silly audit   '@so-ric/colorspace': [ '1.1.6' ],
2067 silly audit   '@standard-schema/utils': [ '0.3.0' ],
2067 silly audit   '@swc/helpers': [ '0.5.15' ],
2067 silly audit   '@tootallnate/once': [ '2.0.0' ],
2067 silly audit   '@trpc/server': [ '10.45.4' ],
2067 silly audit   '@types/aws-lambda': [ '8.10.122' ],
2067 silly audit   '@types/bunyan': [ '1.8.9' ],
2067 silly audit   '@types/caseless': [ '0.12.5' ],
2067 silly audit   '@types/connect': [ '3.4.36' ],
2067 silly audit   '@types/d3-array': [ '3.2.1' ],
2067 silly audit   '@types/d3-color': [ '3.1.3' ],
2067 silly audit   '@types/d3-ease': [ '3.0.2' ],
2067 silly audit   '@types/d3-interpolate': [ '3.0.4' ],
2067 silly audit   '@types/d3-path': [ '3.1.1' ],
2067 silly audit   '@types/d3-scale': [ '4.0.9' ],
2067 silly audit   '@types/d3-shape': [ '3.1.7' ],
2067 silly audit   '@types/d3-time': [ '3.0.4' ],
2067 silly audit   '@types/d3-timer': [ '3.0.2' ],
2067 silly audit   '@types/json-schema': [ '7.0.15' ],
2067 silly audit   '@types/jsonwebtoken': [ '9.0.10' ],
2067 silly audit   '@types/long': [ '4.0.2' ],
2067 silly audit   '@types/memcached': [ '2.2.10' ],
2067 silly audit   '@types/ms': [ '2.1.0' ],
2067 silly audit   '@types/mysql': [ '2.15.22' ],
2067 silly audit   '@types/node': [ '20.17.17', '22.19.7' ],
2067 silly audit   '@types/pg': [ '8.6.1' ],
2067 silly audit   '@types/pg-pool': [ '2.0.4' ],
2067 silly audit   '@types/raf': [ '3.4.3' ],
2067 silly audit   '@types/react': [ '19.2.7' ],
2067 silly audit   '@types/react-dom': [ '19.2.3' ],
2067 silly audit   '@types/request': [ '2.48.13' ],
2067 silly audit   'form-data': [ '2.5.5', '4.0.5' ],
2067 silly audit   '@types/shimmer': [ '1.2.0' ],
2067 silly audit   '@types/tedious': [ '4.0.14' ],
2067 silly audit   '@types/tough-cookie': [ '4.0.5' ],
2067 silly audit   '@types/triple-beam': [ '1.3.5' ],
2067 silly audit   '@types/yauzl': [ '2.10.3' ],
2067 silly audit   '@yarnpkg/lockfile': [ '1.1.0' ],
2067 silly audit   'abort-controller': [ '3.0.0' ],
2067 silly audit   acorn: [ '8.15.0' ],
2067 silly audit   'acorn-import-attributes': [ '1.9.5' ],
2067 silly audit   'adm-zip': [ '0.5.16' ],
2067 silly audit   'ajv-formats': [ '3.0.1', '2.1.1' ],
2067 silly audit   'ansi-color': [ '0.2.2' ],
2067 silly audit   'any-promise': [ '1.3.0' ],
2067 silly audit   anymatch: [ '3.1.3' ],
2067 silly audit   arg: [ '5.0.2' ],
2067 silly audit   argparse: [ '2.0.1' ],
2067 silly audit   'aria-hidden': [ '1.2.4' ],
2067 silly audit   'array-flatten': [ '1.1.1' ],
2067 silly audit   arrify: [ '2.0.1' ],
2067 silly audit   async: [ '3.2.6' ],
2067 silly audit   'async-mutex': [ '0.5.0' ],
2067 silly audit   'async-retry': [ '1.3.3' ],
2067 silly audit   asynckit: [ '0.4.0' ],
2067 silly audit   'at-least-node': [ '1.0.0' ],
2067 silly audit   atob: [ '2.1.2' ],
2067 silly audit   axios: [ '1.13.3' ],
2067 silly audit   'balanced-match': [ '1.0.2' ],
2067 silly audit   'base64-arraybuffer': [ '1.0.2' ],
2067 silly audit   'base64-js': [ '1.5.1' ],
2067 silly audit   'bignumber.js': [ '9.1.2' ],
2067 silly audit   'binary-extensions': [ '2.3.0' ],
2067 silly audit   bl: [ '4.1.0' ],
2067 silly audit   'brace-expansion': [ '2.0.1', '1.1.11', '1.1.18' ],
2067 silly audit   braces: [ '3.0.3' ],
2067 silly audit   btoa: [ '1.2.1' ],
2067 silly audit   buffer: [ '5.7.1' ],
2067 silly audit   'buffer-crc32': [ '0.2.13' ],
2067 silly audit   'buffer-equal-constant-time': [ '1.0.1' ],
2067 silly audit   bufrw: [ '1.4.0' ],
2067 silly audit   bytes: [ '3.1.2' ],
2067 silly audit   'camelcase-css': [ '2.0.1' ],
2067 silly audit   canvg: [ '3.0.11' ],
2067 silly audit   chalk: [ '4.1.2' ],
2067 silly audit   chardet: [ '2.1.1' ],
2067 silly audit   chokidar: [ '3.6.0' ],
2067 silly audit   'glob-parent': [ '5.1.2', '6.0.2' ],
2067 silly audit   'ci-info': [ '3.9.0' ],
2067 silly audit   'cjs-module-lexer': [ '1.4.3' ],
2067 silly audit   'class-variance-authority': [ '0.7.1' ],
2067 silly audit   'cli-cursor': [ '3.1.0' ],
2067 silly audit   'cli-spinners': [ '2.9.2' ],
2067 silly audit   'cli-width': [ '4.1.0' ],
2067 silly audit   'client-only': [ '0.0.1' ],
2067 silly audit   cliui: [ '8.0.1' ],
2067 silly audit   clone: [ '1.0.4' ],
2067 silly audit   clsx: [ '2.1.1' ],
2067 silly audit   color: [ '5.0.3' ],
2067 silly audit   'color-convert': [ '2.0.1', '3.1.3' ],
2067 silly audit   'color-name': [ '1.1.4', '2.1.0' ],
2067 silly audit   'color-string': [ '2.1.4' ],
2067 silly audit   colorette: [ '2.0.20' ],
2067 silly audit   'combined-stream': [ '1.0.8' ],
2067 silly audit   'concat-map': [ '0.0.1' ],
2067 silly audit   configstore: [ '5.0.1' ],
2067 silly audit   'dot-prop': [ '5.3.0', '6.0.1' ],
2067 silly audit   'content-type': [ '1.0.5' ],
2067 silly audit   cookie: [ '0.7.1' ],
2067 silly audit   'core-js': [ '3.50.0' ],
2067 silly audit   cors: [ '2.8.5' ],
2067 silly audit   'cross-spawn': [ '7.0.6' ],
2067 silly audit   'crypto-random-string': [ '2.0.0' ],
2067 silly audit   'css-line-break': [ '2.1.0' ],
2067 silly audit   cssesc: [ '3.0.0' ],
2067 silly audit   csstype: [ '3.2.3' ],
2067 silly audit   'd3-array': [ '3.2.4' ],
2067 silly audit   'd3-color': [ '3.1.0' ],
2067 silly audit   'd3-ease': [ '3.0.1' ],
2067 silly audit   'd3-format': [ '3.1.0' ],
2067 silly audit   'd3-interpolate': [ '3.0.1' ],
2067 silly audit   'd3-path': [ '3.1.0' ],
2067 silly audit   'd3-scale': [ '4.0.2' ],
2067 silly audit   'd3-shape': [ '3.2.0' ],
2067 silly audit   'd3-time': [ '3.1.0' ],
2067 silly audit   'd3-time-format': [ '4.1.0' ],
2067 silly audit   'd3-timer': [ '3.0.1' ],
2067 silly audit   'data-uri-to-buffer': [ '4.0.1' ],
2067 silly audit   'date-fns': [ '3.6.0', '4.1.0' ],
2067 silly audit   'date-fns-jalali': [ '4.1.0-0' ],
2067 silly audit   'decimal.js-light': [ '2.5.1' ],
2067 silly audit   deeks: [ '3.1.0' ],
2067 silly audit   defaults: [ '1.0.4' ],
2067 silly audit   'define-data-property': [ '1.1.4' ],
2067 silly audit   'delayed-stream': [ '1.0.0' ],
2067 silly audit   depd: [ '2.0.0' ],
2067 silly audit   destroy: [ '1.2.0' ],
2067 silly audit   'detect-libc': [ '2.1.2' ],
2067 silly audit   'detect-node-es': [ '1.1.0' ],
2067 silly audit   didyoumean: [ '1.2.2' ],
2067 silly audit   dlv: [ '1.1.3' ],
2067 silly audit   'doc-path': [ '4.1.1' ],
2067 silly audit   'dom-helpers': [ '5.2.1' ],
2067 silly audit   dompurify: [ '2.5.9' ],
2067 silly audit   dotenv: [ '16.5.0' ],
2067 silly audit   dotprompt: [ '1.1.2' ],
2067 silly audit   'dunder-proto': [ '1.0.1' ],
2067 silly audit   duplexer: [ '0.1.2' ],
2067 silly audit   duplexify: [ '4.1.3' ],
2067 silly audit   eastasianwidth: [ '0.2.0' ],
2067 silly audit   'ecdsa-sig-formatter': [ '1.0.11' ],
2067 silly audit   'ee-first': [ '1.1.1' ],
2067 silly audit   'embla-carousel': [ '8.6.0' ],
2067 silly audit   'embla-carousel-react': [ '8.6.0' ],
2067 silly audit   'embla-carousel-reactive-utils': [ '8.6.0' ],
2067 silly audit   enabled: [ '2.0.0' ],
2067 silly audit   encodeurl: [ '2.0.0', '1.0.2' ],
2067 silly audit   'end-of-stream': [ '1.4.4' ],
2067 silly audit   error: [ '7.0.2' ],
2067 silly audit   'es-define-property': [ '1.0.1' ],
2067 silly audit   'es-errors': [ '1.3.0' ],
2067 silly audit   'es-set-tostringtag': [ '2.1.0' ],
2067 silly audit   esbuild: [ '0.27.2' ],
2067 silly audit   escalade: [ '3.2.0' ],
2067 silly audit   'escape-html': [ '1.0.3' ],
2067 silly audit   etag: [ '1.8.1' ],
2067 silly audit   'event-stream': [ '3.3.4' ],
2067 silly audit   'event-target-shim': [ '5.0.1' ],
2067 silly audit   eventemitter3: [ '4.0.7' ],
2067 silly audit   eventid: [ '2.0.1' ],
2067 silly audit   eventsource: [ '3.0.7' ],
2067 silly audit   'eventsource-parser': [ '3.0.6' ],
2067 silly audit   'express-rate-limit': [ '7.5.1' ],
2067 silly audit   extend: [ '3.0.2' ],
2067 silly audit   'extract-zip': [ '2.0.1' ],
2067 silly audit   'farmhash-modern': [ '1.1.0' ],
2067 silly audit   'fast-deep-equal': [ '3.1.3' ],
2067 silly audit   'fast-equals': [ '5.3.3' ],
2067 silly audit   'fast-glob': [ '3.3.3' ],
2067 silly audit   'fast-json-stable-stringify': [ '2.1.0' ],
2067 silly audit   'fast-uri': [ '3.1.0' ],
2067 silly audit   'fast-xml-parser': [ '4.5.3' ],
2067 silly audit   fastq: [ '1.19.0' ],
2067 silly audit   'faye-websocket': [ '0.11.4' ],
2067 silly audit   'fd-slicer': [ '1.1.0' ],
2067 silly audit   fecha: [ '4.2.3' ],
2067 silly audit   'fetch-blob': [ '3.2.0' ],
2067 silly audit   fflate: [ '0.8.3' ],
2067 silly audit   'fill-range': [ '7.1.1' ],
2067 silly audit   'find-yarn-workspace-root': [ '2.0.0' ],
2067 silly audit   firebase: [ '11.9.1' ],
2067 silly audit   'firebase-admin': [ '12.7.0' ],
2067 silly audit   'undici-types': [ '6.21.0', '6.19.8' ],
2067 silly audit   'fn.name': [ '1.1.0' ],
2067 silly audit   'follow-redirects': [ '1.15.11' ],
2067 silly audit   'foreground-child': [ '3.3.0' ],
2067 silly audit   'formdata-polyfill': [ '4.0.10' ],
2067 silly audit   forwarded: [ '0.2.0' ],
2067 silly audit   from: [ '0.1.7' ],
2067 silly audit   'fs-extra': [ '9.1.0' ],
2067 silly audit   'fs.realpath': [ '1.0.0' ],
2067 silly audit   fsevents: [ '2.3.3' ],
2067 silly audit   'function-bind': [ '1.1.2' ],
2067 silly audit   'functional-red-black-tree': [ '1.0.1' ],
2067 silly audit   'node-fetch': [ '2.7.0', '3.3.2' ],
2067 silly audit   genkit: [ '1.28.0' ],
2067 silly audit   'genkit-cli': [ '1.28.0' ],
2067 silly audit   'get-caller-file': [ '2.0.5' ],
2067 silly audit   'get-nonce': [ '1.0.1' ],
2067 silly audit   'get-port': [ '5.1.1' ],
2067 silly audit   'get-proto': [ '1.0.1' ],
2067 silly audit   'get-stream': [ '5.2.0' ],
2067 silly audit   'get-tsconfig': [ '4.13.0' ],
2067 silly audit   glob: [ '10.4.5', '7.2.3' ],
2067 silly audit   googleapis: [ '137.1.0' ],
2067 silly audit   'googleapis-common': [ '7.2.0' ],
2067 silly audit   gopd: [ '1.2.0' ],
2067 silly audit   'graceful-fs': [ '4.2.11' ],
2067 silly audit   handlebars: [ '4.7.8' ],
2067 silly audit   'has-flag': [ '4.0.0' ],
2067 silly audit   'has-property-descriptors': [ '1.0.2' ],
2067 silly audit   'has-symbols': [ '1.1.0' ],
2067 silly audit   'has-tostringtag': [ '1.0.2' ],
2067 silly audit   hexer: [ '1.5.0' ],
2067 silly audit   'html-entities': [ '2.6.0' ],
2067 silly audit   html2canvas: [ '1.4.1' ],
2067 silly audit   'http-errors': [ '2.0.0' ],
2067 silly audit   'http-parser-js': [ '0.5.10' ],
2067 silly audit   'http-proxy-agent': [ '5.0.0' ],
2067 silly audit   idb: [ '7.1.1' ],
2067 silly audit   ieee754: [ '1.2.1' ],
2067 silly audit   'import-in-the-middle': [ '1.15.0' ],
2067 silly audit   imurmurhash: [ '0.1.4' ],
2067 silly audit   inflight: [ '1.0.6' ],
2067 silly audit   inherits: [ '2.0.4' ],
2067 silly audit   internmap: [ '2.0.3' ],
2067 silly audit   'ipaddr.js': [ '1.9.1' ],
2067 silly audit   'is-binary-path': [ '2.1.0' ],
2067 silly audit   'is-core-module': [ '2.16.1' ],
2067 silly audit   'is-docker': [ '2.2.1' ],
2067 silly audit   'is-extglob': [ '2.1.1' ],
2067 silly audit   'is-fullwidth-code-point': [ '3.0.0' ],
2067 silly audit   'is-glob': [ '4.0.3' ],
2067 silly audit   'is-interactive': [ '1.0.0' ],
2067 silly audit   'is-number': [ '7.0.0' ],
2067 silly audit   'is-obj': [ '2.0.0', '1.0.1' ],
2067 silly audit   'is-promise': [ '4.0.0' ],
2067 silly audit   'is-stream': [ '2.0.1' ],
2067 silly audit   'is-typedarray': [ '1.0.0' ],
2067 silly audit   'is-unicode-supported': [ '0.1.0' ],
2067 silly audit   'is-wsl': [ '1.1.0', '2.2.0' ],
2067 silly audit   isarray: [ '2.0.5' ],
2067 silly audit   isexe: [ '2.0.0' ],
2067 silly audit   jackspeak: [ '3.4.3' ],
2067 silly audit   'jaeger-client': [ '3.19.0' ],
2067 silly audit   jiti: [ '1.21.7' ],
2067 silly audit   jose: [ '4.15.9' ],
2067 silly audit   'js-tokens': [ '4.0.0' ],
2067 silly audit   'js-yaml': [ '4.1.1' ],
2067 silly audit   jsep: [ '1.4.0' ],
2067 silly audit   'json-2-csv': [ '5.5.10' ],
2067 silly audit   'json-bigint': [ '1.0.0' ],
2067 silly audit   'json-schema': [ '0.4.0' ],
2067 silly audit   'json-stable-stringify': [ '1.2.1' ],
2067 silly audit   json5: [ '2.2.3' ],
2067 silly audit   jsonfile: [ '6.1.0' ],
2067 silly audit   jsonify: [ '0.0.1' ],
2067 silly audit   'jsonpath-plus': [ '10.3.0' ],
2067 silly audit   jsonwebtoken: [ '9.0.3' ],
2067 silly audit   jspdf: [ '2.5.2' ],
2067 silly audit   jwa: [ '2.0.1' ],
2067 silly audit   'jwks-rsa': [ '3.2.2' ],
2067 silly audit   jws: [ '4.0.1' ],
2067 silly audit   'klaw-sync': [ '6.0.0' ],
2067 silly audit   kuler: [ '2.0.0' ],
2067 silly audit   lilconfig: [ '3.1.3' ],
2067 silly audit   limiter: [ '1.1.5' ],
2067 silly audit   'lines-and-columns': [ '1.2.4' ],
2067 silly audit   lockfile: [ '1.0.4' ],
2067 silly audit   'signal-exit': [ '3.0.7', '4.1.0' ],
2067 silly audit   lodash: [ '4.17.21' ],
2067 silly audit   'lodash.camelcase': [ '4.3.0' ],
2067 silly audit   'lodash.clonedeep': [ '4.5.0' ],
2067 silly audit   'lodash.includes': [ '4.3.0' ],
2067 silly audit   'lodash.isboolean': [ '3.0.3' ],
2067 silly audit   'lodash.isinteger': [ '4.0.4' ],
2067 silly audit   'lodash.isnumber': [ '3.0.3' ],
2067 silly audit   'lodash.isplainobject': [ '4.0.6' ],
2067 silly audit   'lodash.isstring': [ '4.0.1' ],
2067 silly audit   'lodash.mapvalues': [ '4.6.0' ],
2067 silly audit   'lodash.merge': [ '4.6.2' ],
2067 silly audit   'lodash.once': [ '4.1.1' ],
2067 silly audit   'log-symbols': [ '4.1.0' ],
2067 silly audit   logform: [ '2.7.0' ],
2067 silly audit   long: [ '5.3.0', '2.4.0' ],
2067 silly audit   'loose-envify': [ '1.4.0' ],
2067 silly audit   'lru-cache': [ '10.4.3', '6.0.0', '5.1.1' ],
2067 silly audit   'lru-memoizer': [ '2.3.0' ],
2067 silly audit   'lucide-react': [ '0.475.0' ],
2067 silly audit   'make-dir': [ '3.1.0' ],
2067 silly audit   semver: [ '6.3.1', '7.7.3' ],
2067 silly audit   'map-stream': [ '0.1.0' ],
2067 silly audit   'math-intrinsics': [ '1.1.0' ],
2067 silly audit   merge2: [ '1.4.1' ],
2067 silly audit   methods: [ '1.1.2' ],
2067 silly audit   micromatch: [ '4.0.8' ],
2067 silly audit   mime: [ '3.0.0', '1.6.0' ],
2067 silly audit   'mimic-fn': [ '2.1.0' ],
2067 silly audit   minimatch: [ '9.0.5', '3.1.2', '5.1.9', '3.1.5' ],
2067 silly audit   minimist: [ '1.2.8' ],
2067 silly audit   minipass: [ '7.1.2' ],
2067 silly audit   'module-details-from-path': [ '1.0.4' ],
2067 silly audit   'mute-stream': [ '2.0.0' ],
2067 silly audit   mz: [ '2.7.0' ],
2067 silly audit   nanoid: [ '3.3.8' ],
2067 silly audit   'neo-async': [ '2.6.2' ],
2067 silly audit   next: [ '15.5.9' ],
2067 silly audit   postcss: [ '8.4.31', '8.5.2' ],
2067 silly audit   'node-domexception': [ '1.0.0' ],
2067 silly audit   'node-forge': [ '1.3.3' ],
2067 silly audit   'node-int64': [ '0.4.0' ],
2067 silly audit   'normalize-path': [ '3.0.0' ],
2067 silly audit   'object-assign': [ '4.1.1' ],
2067 silly audit   'object-hash': [ '3.0.0' ],
2067 silly audit   'object-inspect': [ '1.13.4' ],
2067 silly audit   'object-keys': [ '1.1.1' ],
2067 silly audit   'on-finished': [ '2.4.1' ],
2067 silly audit   once: [ '1.4.0' ],
2067 silly audit   'one-time': [ '1.0.0' ],
2067 silly audit   onetime: [ '5.1.2' ],
2067 silly audit   open: [ '6.4.0', '7.4.2' ],
2067 silly audit   'openapi3-ts': [ '4.5.0' ],
2067 silly audit   opentracing: [ '0.14.7' ],
2067 silly audit   ora: [ '5.4.1' ],
2067 silly audit   'os-tmpdir': [ '1.0.2' ],
2067 silly audit   'p-limit': [ '3.1.0', '2.3.0' ],
2067 silly audit   'package-json-from-dist': [ '1.0.1' ],
2067 silly audit   parseurl: [ '1.3.3' ],
2067 silly audit   'partial-json': [ '0.1.7' ],
2067 silly audit   'patch-package': [ '8.0.0' ],
2067 silly audit   'path-is-absolute': [ '1.0.1' ],
2067 silly audit   'path-key': [ '3.1.1' ],
2067 silly audit   'path-parse': [ '1.0.7' ],
2067 silly audit   'path-scurry': [ '1.11.1' ],
2067 silly audit   'path-to-regexp': [ '0.1.12', '8.3.0' ],
2067 silly audit   'pause-stream': [ '0.0.11' ],
2067 silly audit   pend: [ '1.2.0' ],
2067 silly audit   'performance-now': [ '2.1.0' ],
2067 silly audit   'pg-int8': [ '1.0.1' ],
2067 silly audit   'pg-protocol': [ '1.11.0' ],
2067 silly audit   'pg-types': [ '2.2.0' ],
2067 silly audit   picocolors: [ '1.1.1' ],
2067 silly audit   picomatch: [ '2.3.1' ],
2067 silly audit   pify: [ '2.3.0', '4.0.1' ],
2067 silly audit   pirates: [ '4.0.6' ],
2067 silly audit   'pkce-challenge': [ '5.0.0' ],
2067 silly audit   'postcss-import': [ '15.1.0' ],
2067 silly audit   'postcss-js': [ '4.0.1' ],
2067 silly audit   'postcss-load-config': [ '4.0.2' ],
2067 silly audit   'postcss-nested': [ '6.2.0' ],
2067 silly audit   'postcss-selector-parser': [ '6.1.2' ],
2067 silly audit   'postcss-value-parser': [ '4.2.0' ],
2067 silly audit   'postgres-array': [ '2.0.0' ],
2067 silly audit   'postgres-bytea': [ '1.0.1' ],
2067 silly audit   'postgres-date': [ '1.0.7' ],
2067 silly audit   'postgres-interval': [ '1.2.0' ],
2067 silly audit   process: [ '0.10.1' ],
2067 silly audit   'prop-types': [ '15.8.1' ],
2067 silly audit   'react-is': [ '16.13.1', '18.3.1' ],
2067 silly audit   protobufjs: [ '7.5.4' ],
2067 silly audit   'proxy-addr': [ '2.0.7' ],
2067 silly audit   'proxy-from-env': [ '1.1.0' ],
2067 silly audit   'ps-tree': [ '1.2.0' ],
2067 silly audit   pump: [ '3.0.2' ],
2067 silly audit   pumpify: [ '2.0.1' ],
2067 silly audit   punycode: [ '2.3.1' ],
2067 silly audit   'queue-microtask': [ '1.2.3' ],
2067 silly audit   raf: [ '3.4.1' ],
2067 silly audit   'range-parser': [ '1.2.1' ],
2067 silly audit   razorpay: [ '2.9.6' ],
2067 silly audit   react: [ '19.2.1' ],
2067 silly audit   'react-day-picker': [ '9.11.3' ],
2067 silly audit   'react-dom': [ '19.2.1' ],
2067 silly audit   'react-hook-form': [ '7.54.2' ],
2067 silly audit   'react-remove-scroll': [ '2.6.3' ],
2067 silly audit   'react-remove-scroll-bar': [ '2.3.8' ],
2067 silly audit   'react-smooth': [ '4.0.4' ],
2067 silly audit   'react-style-singleton': [ '2.2.3' ],
2067 silly audit   'react-transition-group': [ '4.4.5' ],
2067 silly audit   'read-cache': [ '1.0.0' ],
2067 silly audit   'readable-stream': [ '3.6.2' ],
2067 silly audit   readdirp: [ '3.6.0' ],
2067 silly audit   recharts: [ '2.15.1' ],
2067 silly audit   'recharts-scale': [ '0.4.5' ],
2067 silly audit   'regenerator-runtime': [ '0.13.11' ],
2067 silly audit   'require-directory': [ '2.1.1' ],
2067 silly audit   'require-from-string': [ '2.0.2' ],
2067 silly audit   'require-in-the-middle': [ '7.5.2' ],
2067 silly audit   'resolve-pkg-maps': [ '1.0.0' ],
2067 silly audit   'restore-cursor': [ '3.1.0' ],
2067 silly audit   retry: [ '0.13.1' ],
2067 silly audit   reusify: [ '1.0.4' ],
2067 silly audit   rgbcolor: [ '1.0.1' ],
2067 silly audit   router: [ '2.2.0' ],
2067 silly audit   'run-parallel': [ '1.2.0' ],
2067 silly audit   'safe-buffer': [ '5.2.1' ],
2067 silly audit   'safe-stable-stringify': [ '2.5.0' ],
2067 silly audit   'safer-buffer': [ '2.1.2' ],
2067 silly audit   scheduler: [ '0.27.0' ],
2067 silly audit   'set-function-length': [ '1.2.2' ],
2067 silly audit   setprototypeof: [ '1.2.0' ],
2067 silly audit   sharp: [ '0.34.5' ],
2067 silly audit   'shebang-command': [ '2.0.0' ],
2067 silly audit   'shebang-regex': [ '3.0.0' ],
2067 silly audit   shimmer: [ '1.2.1' ],
2067 silly audit   'side-channel-map': [ '1.0.1' ],
2067 silly audit   'side-channel-weakmap': [ '1.0.2' ],
2067 silly audit   slash: [ '2.0.0', '3.0.0' ],
2067 silly audit   'source-map': [ '0.6.1', '0.8.0' ],
2067 silly audit   'source-map-js': [ '1.2.1' ],
2067 silly audit   split: [ '0.3.3' ],
2067 silly audit   'stack-trace': [ '0.0.10' ],
2067 silly audit   'stackblur-canvas': [ '2.7.0' ],
2067 silly audit   statuses: [ '2.0.1' ],
2067 silly audit   'stream-combiner': [ '0.0.4' ],
2067 silly audit   'stream-events': [ '1.0.5' ],
2067 silly audit   'stream-shift': [ '1.0.3' ],
2067 silly audit   string_decoder: [ '1.3.0' ],
2067 silly audit   'string-template': [ '0.2.1' ],
2067 silly audit   strnum: [ '1.1.2' ],
2067 silly audit   stubs: [ '3.0.0' ],
2067 silly audit   'styled-jsx': [ '5.1.6' ],
2067 silly audit   sucrase: [ '3.35.0' ],
2067 silly audit   'supports-color': [ '7.2.0', '8.1.1' ],
2067 silly audit   'supports-preserve-symlinks-flag': [ '1.0.0' ],
2067 silly audit   'svg-pathdata': [ '6.0.3' ],
2067 silly audit   'tailwind-merge': [ '3.0.1' ],
2067 silly audit   tailwindcss: [ '3.4.17' ],
2067 silly audit   'tailwindcss-animate': [ '1.0.7' ],
2067 silly audit   terminate: [ '2.8.0' ],
2067 silly audit   'text-hex': [ '1.0.0' ],
2067 silly audit   'text-segmentation': [ '1.0.3' ],
2067 silly audit   thenify: [ '3.3.1' ],
2067 silly audit   'thenify-all': [ '1.6.0' ],
2067 silly audit   thriftrw: [ '3.11.4' ],
2067 silly audit   through: [ '2.3.8' ],
2067 silly audit   'tiny-invariant': [ '1.3.3' ],
2067 silly audit   tmp: [ '0.0.33' ],
2067 silly audit   'to-regex-range': [ '5.0.1' ],
2067 silly audit   toidentifier: [ '1.0.1' ],
2067 silly audit   tr46: [ '0.0.3' ],
2067 silly audit   'triple-beam': [ '1.4.1' ],
2067 silly audit   'ts-interface-checker': [ '0.1.13' ],
2067 silly audit   tslib: [ '2.8.1' ],
2067 silly audit   tsx: [ '4.21.0' ],
2067 silly audit   'typedarray-to-buffer': [ '3.1.5' ],
2067 silly audit   typescript: [ '5.7.3' ],
2067 silly audit   'uglify-js': [ '3.19.3' ],
2067 silly audit   'unique-string': [ '2.0.0' ],
2067 silly audit   universalify: [ '2.0.1' ],
2067 silly audit   unpipe: [ '1.0.0' ],
2067 silly audit   'uri-js': [ '4.4.1' ],
2067 silly audit   'uri-templates': [ '0.2.0' ],
2067 silly audit   'url-template': [ '2.0.8' ],
2067 silly audit   'use-callback-ref': [ '1.3.3' ],
2067 silly audit   'use-sidecar': [ '1.1.3' ],
2067 silly audit   'util-deprecate': [ '1.0.2' ],
2067 silly audit   'utils-merge': [ '1.0.1' ],
2067 silly audit   utrie: [ '1.0.2' ],
2067 silly audit   vary: [ '1.1.2' ],
2067 silly audit   'victory-vendor': [ '36.9.2' ],
2067 silly audit   wcwidth: [ '1.0.1' ],
2067 silly audit   'web-streams-polyfill': [ '3.3.3' ],
2067 silly audit   'web-vitals': [ '4.2.4' ],
2067 silly audit   'webidl-conversions': [ '3.0.1' ],
2067 silly audit   'websocket-driver': [ '0.7.4' ],
2067 silly audit   'websocket-extensions': [ '0.1.4' ],
2067 silly audit   'whatwg-url': [ '5.0.0' ],
2067 silly audit   which: [ '2.0.2' ],
2067 silly audit   winston: [ '3.19.0' ],
2067 silly audit   'winston-transport': [ '4.9.0' ],
2067 silly audit   wordwrap: [ '1.0.0' ],
2067 silly audit   wrappy: [ '1.0.2' ],
2067 silly audit   'write-file-atomic': [ '3.0.3' ],
2067 silly audit   'xdg-basedir': [ '4.0.0' ],
2067 silly audit   xorshift: [ '1.2.0' ],
2067 silly audit   xtend: [ '4.0.2' ],
2067 silly audit   y18n: [ '5.0.8' ],
2067 silly audit   yallist: [ '4.0.0', '3.1.1' ],
2067 silly audit   yaml: [ '2.8.0' ],
2067 silly audit   yargs: [ '17.7.2' ],
2067 silly audit   'yargs-parser': [ '21.1.1' ],
2067 silly audit   yauzl: [ '2.10.0' ],
2067 silly audit   'yocto-queue': [ '0.1.0' ],
2067 silly audit   'yoctocolors-cjs': [ '2.1.3' ],
2067 silly audit   zod: [ '3.24.2' ],
2067 silly audit   'zod-to-json-schema': [ '3.24.6' ],
2067 silly audit   '@types/leaflet': [ '1.9.22' ],
2067 silly audit   leaflet: [ '1.9.4' ],
2067 silly audit   'next-pwa': [ '5.6.0' ],
2067 silly audit   'react-leaflet': [ '5.0.0' ],
2067 silly audit   '@types/geojson': [ '7946.0.16' ],
2067 silly audit   'babel-loader': [ '8.4.1' ],
2067 silly audit   'clean-webpack-plugin': [ '4.0.0' ],
2067 silly audit   globby: [ '11.1.0', '6.1.0' ],
2067 silly audit   'terser-webpack-plugin': [ '5.6.1' ],
2067 silly audit   'workbox-webpack-plugin': [ '6.6.0' ],
2067 silly audit   'workbox-window': [ '6.6.0' ],
2067 silly audit   'find-cache-dir': [ '3.3.2' ],
2067 silly audit   'loader-utils': [ '2.0.4' ],
2067 silly audit   'schema-utils': [ '2.7.1', '4.3.3' ],
2067 silly audit   del: [ '4.1.1' ],
2067 silly audit   '@types/glob': [ '7.2.0' ],
2067 silly audit   'is-path-cwd': [ '2.2.0' ],
2067 silly audit   'is-path-in-cwd': [ '2.1.0' ],
2067 silly audit   'p-map': [ '2.1.0' ],
2067 silly audit   '@types/minimatch': [ '5.1.2' ],
2067 silly audit   commondir: [ '1.0.1' ],
2067 silly audit   'pkg-dir': [ '4.2.0' ],
2067 silly audit   'array-union': [ '2.1.0', '1.0.2' ],
2067 silly audit   'dir-glob': [ '3.0.1' ],
2067 silly audit   ignore: [ '5.3.2' ],
2067 silly audit   'path-type': [ '4.0.0' ],
2067 silly audit   'is-path-inside': [ '2.1.0' ],
2067 silly audit   'path-is-inside': [ '1.0.2' ],
2067 silly audit   'big.js': [ '5.2.2' ],
2067 silly audit   'emojis-list': [ '3.0.0' ],
2067 silly audit   'find-up': [ '4.1.0' ],
2067 silly audit   'locate-path': [ '5.0.0' ],
2067 silly audit   'path-exists': [ '4.0.0' ],
2067 silly audit   'p-locate': [ '4.1.0' ],
2067 silly audit   '@react-leaflet/core': [ '3.0.0' ],
2067 silly audit   'ajv-keywords': [ '3.5.2', '5.1.0' ],
2067 silly audit   'jest-worker': [ '27.5.1', '26.6.2' ],
2067 silly audit   terser: [ '5.51.2' ],
2067 silly audit   'merge-stream': [ '2.0.0' ],
2067 silly audit   '@jridgewell/source-map': [ '0.3.11' ],
2067 silly audit   'source-map-support': [ '0.5.21' ],
2067 silly audit   'buffer-from': [ '1.1.2' ],
2067 silly audit   'pretty-bytes': [ '5.6.0' ],
2067 silly audit   upath: [ '1.2.0' ],
2067 silly audit   'webpack-sources': [ '1.4.3' ],
2067 silly audit   'workbox-build': [ '6.6.0' ],
2067 silly audit   'source-list-map': [ '2.0.1' ],
2067 silly audit   '@apideck/better-ajv-errors': [ '0.3.7' ],
2067 silly audit   '@babel/core': [ '7.29.7' ],
2067 silly audit   '@babel/preset-env': [ '7.29.7' ],
2067 silly audit   '@rollup/plugin-babel': [ '5.3.1' ],
2067 silly audit   '@rollup/plugin-node-resolve': [ '11.2.1' ],
2067 silly audit   '@rollup/plugin-replace': [ '2.4.2' ],
2067 silly audit   '@surma/rollup-plugin-off-main-thread': [ '2.2.3' ],
2067 silly audit   'common-tags': [ '1.8.2' ],
2067 silly audit   rollup: [ '2.80.0' ],
2067 silly audit   'rollup-plugin-terser': [ '7.0.2' ],
2067 silly audit   'stringify-object': [ '3.3.0' ],
2067 silly audit   'strip-comments': [ '2.0.1' ],
2067 silly audit   tempy: [ '0.6.0' ],
2067 silly audit   'workbox-background-sync': [ '6.6.0' ],
2067 silly audit   'workbox-broadcast-update': [ '6.6.0' ],
2067 silly audit   'workbox-cacheable-response': [ '6.6.0' ],
2067 silly audit   'workbox-core': [ '6.6.0' ],
2067 silly audit   'workbox-expiration': [ '6.6.0' ],
2067 silly audit   'workbox-google-analytics': [ '6.6.0' ],
2067 silly audit   'workbox-navigation-preload': [ '6.6.0' ],
2067 silly audit   'workbox-precaching': [ '6.6.0' ],
2067 silly audit   'workbox-range-requests': [ '6.6.0' ],
2067 silly audit   'workbox-recipes': [ '6.6.0' ],
2067 silly audit   'workbox-routing': [ '6.6.0' ],
2067 silly audit   'workbox-strategies': [ '6.6.0' ],
2067 silly audit   'workbox-streams': [ '6.6.0' ],
2067 silly audit   'workbox-sw': [ '6.6.0' ],
2067 silly audit   jsonpointer: [ '5.0.1' ],
2067 silly audit   leven: [ '3.1.0' ],
2067 silly audit   '@babel/code-frame': [ '7.29.7' ],
2067 silly audit   '@babel/generator': [ '7.29.8' ],
2067 silly audit   '@babel/helper-compilation-targets': [ '7.29.7' ],
2067 silly audit   '@babel/helper-module-transforms': [ '7.29.7' ],
2067 silly audit   '@babel/helpers': [ '7.29.7' ],
2067 silly audit   '@babel/parser': [ '7.29.8' ],
2067 silly audit   '@babel/template': [ '7.29.7' ],
2067 silly audit   '@babel/traverse': [ '7.29.8' ],
2067 silly audit   '@babel/types': [ '7.29.8' ],
2067 silly audit   '@jridgewell/remapping': [ '2.3.5' ],
2067 silly audit   'convert-source-map': [ '2.0.0' ],
2067 silly audit   gensync: [ '1.0.0-beta.2' ],
2067 silly audit   '@babel/helper-validator-identifier': [ '7.29.7' ],
2067 silly audit   '@jridgewell/gen-mapping': [ '0.3.13' ],
2067 silly audit   '@jridgewell/trace-mapping': [ '0.3.31' ],
2067 silly audit   jsesc: [ '3.1.0' ],
2067 silly audit   '@babel/compat-data': [ '7.29.7' ],
2067 silly audit   '@babel/helper-validator-option': [ '7.29.7' ],
2067 silly audit   browserslist: [ '4.28.9' ],
2067 silly audit   '@babel/helper-module-imports': [ '7.29.7' ],
2067 silly audit   '@babel/helper-plugin-utils': [ '7.29.7' ],
2067 silly audit   '@babel/plugin-bugfix-firefox-class-in-computed-class-key': [ '7.29.7' ],
2067 silly audit   '@babel/plugin-bugfix-safari-class-field-initializer-scope': [ '7.29.7' ],
2067 silly audit   '@babel/plugin-bugfix-safari-id-destructuring-collision-in-function-expression': [ '7.29.7' ],
2067 silly audit   '@babel/plugin-bugfix-safari-rest-destructuring-rhs-array': [ '7.29.7' ],
2067 silly audit   '@babel/plugin-bugfix-v8-spread-parameters-in-optional-chaining': [ '7.29.7' ],
2067 silly audit   '@babel/plugin-bugfix-v8-static-class-fields-redefine-readonly': [ '7.29.7' ],
2067 silly audit   '@babel/plugin-proposal-private-property-in-object': [ '7.21.0-placeholder-for-preset-env.2' ],
2067 silly audit   '@babel/plugin-syntax-import-assertions': [ '7.29.7' ],
2067 silly audit   '@babel/plugin-syntax-import-attributes': [ '7.29.7' ],
2067 silly audit   '@babel/plugin-syntax-unicode-sets-regex': [ '7.18.6' ],
2067 silly audit   '@babel/plugin-transform-arrow-functions': [ '7.29.7' ],
2067 silly audit   '@babel/plugin-transform-async-generator-functions': [ '7.29.7' ],
2067 silly audit   '@babel/plugin-transform-async-to-generator': [ '7.29.7' ],
2067 silly audit   '@babel/plugin-transform-block-scoped-functions': [ '7.29.7' ],
2067 silly audit   '@babel/plugin-transform-block-scoping': [ '7.29.7' ],
2067 silly audit   '@babel/plugin-transform-class-properties': [ '7.29.7' ],
2067 silly audit   '@babel/plugin-transform-class-static-block': [ '7.29.7' ],
2067 silly audit   '@babel/plugin-transform-classes': [ '7.29.7' ],
2067 silly audit   '@babel/plugin-transform-computed-properties': [ '7.29.7' ],
2067 silly audit   '@babel/plugin-transform-destructuring': [ '7.29.7' ],
2067 silly audit   '@babel/plugin-transform-dotall-regex': [ '7.29.7' ],
2067 silly audit   '@babel/plugin-transform-duplicate-keys': [ '7.29.7' ],
2067 silly audit   '@babel/plugin-transform-duplicate-named-capturing-groups-regex': [ '7.29.7' ],
2067 silly audit   '@babel/plugin-transform-dynamic-import': [ '7.29.7' ],
2067 silly audit   '@babel/plugin-transform-explicit-resource-management': [ '7.29.7' ],
2067 silly audit   '@babel/plugin-transform-exponentiation-operator': [ '7.29.7' ],
2067 silly audit   '@babel/plugin-transform-export-namespace-from': [ '7.29.7' ],
2067 silly audit   '@babel/plugin-transform-for-of': [ '7.29.7' ],
2067 silly audit   '@babel/plugin-transform-function-name': [ '7.29.7' ],
2067 silly audit   '@babel/plugin-transform-json-strings': [ '7.29.7' ],
2067 silly audit   '@babel/plugin-transform-literals': [ '7.29.7' ],
2067 silly audit   '@babel/plugin-transform-logical-assignment-operators': [ '7.29.7' ],
2067 silly audit   '@babel/plugin-transform-member-expression-literals': [ '7.29.7' ],
2067 silly audit   '@babel/plugin-transform-modules-amd': [ '7.29.7' ],
2067 silly audit   '@babel/plugin-transform-modules-commonjs': [ '7.29.7' ],
2067 silly audit   '@babel/plugin-transform-modules-systemjs': [ '7.29.8' ],
2067 silly audit   '@babel/plugin-transform-modules-umd': [ '7.29.7' ],
2067 silly audit   '@babel/plugin-transform-named-capturing-groups-regex': [ '7.29.7' ],
2067 silly audit   '@babel/plugin-transform-new-target': [ '7.29.7' ],
2067 silly audit   '@babel/plugin-transform-nullish-coalescing-operator': [ '7.29.7' ],
2067 silly audit   '@babel/plugin-transform-numeric-separator': [ '7.29.7' ],
2067 silly audit   '@babel/plugin-transform-object-rest-spread': [ '7.29.7' ],
2067 silly audit   '@babel/plugin-transform-object-super': [ '7.29.7' ],
2067 silly audit   '@babel/plugin-transform-optional-catch-binding': [ '7.29.7' ],
2067 silly audit   '@babel/plugin-transform-optional-chaining': [ '7.29.7' ],
2067 silly audit   '@babel/plugin-transform-parameters': [ '7.29.7' ],
2067 silly audit   '@babel/plugin-transform-private-methods': [ '7.29.7' ],
2067 silly audit   '@babel/plugin-transform-private-property-in-object': [ '7.29.7' ],
2067 silly audit   '@babel/plugin-transform-property-literals': [ '7.29.7' ],
2067 silly audit   '@babel/plugin-transform-regenerator': [ '7.29.8' ],
2067 silly audit   '@babel/plugin-transform-regexp-modifiers': [ '7.29.7' ],
2067 silly audit   '@babel/plugin-transform-reserved-words': [ '7.29.7' ],
2067 silly audit   '@babel/plugin-transform-shorthand-properties': [ '7.29.7' ],
2067 silly audit   '@babel/plugin-transform-spread': [ '7.29.8' ],
2067 silly audit   '@babel/plugin-transform-sticky-regex': [ '7.29.7' ],
2067 silly audit   '@babel/plugin-transform-template-literals': [ '7.29.7' ],
2067 silly audit   '@babel/plugin-transform-typeof-symbol': [ '7.29.7' ],
2067 silly audit   '@babel/plugin-transform-unicode-escapes': [ '7.29.7' ],
2067 silly audit   '@babel/plugin-transform-unicode-property-regex': [ '7.29.7' ],
2067 silly audit   '@babel/plugin-transform-unicode-regex': [ '7.29.7' ],
2067 silly audit   '@babel/plugin-transform-unicode-sets-regex': [ '7.29.7' ],
2067 silly audit   '@babel/preset-modules': [ '0.1.6-no-external-plugins' ],
2067 silly audit   'babel-plugin-polyfill-corejs2': [ '0.4.17' ],
2067 silly audit   'babel-plugin-polyfill-corejs3': [ '0.14.2' ],
2067 silly audit   'babel-plugin-polyfill-regenerator': [ '0.6.8' ],
2067 silly audit   'core-js-compat': [ '3.50.0' ],
2067 silly audit   '@babel/helper-skip-transparent-expression-wrappers': [ '7.29.7' ],
2067 silly audit   '@babel/helper-create-regexp-features-plugin': [ '7.29.7' ],
2067 silly audit   '@babel/helper-annotate-as-pure': [ '7.29.7' ],
2067 silly audit   'regexpu-core': [ '6.4.0' ],
2067 silly audit   '@babel/helper-remap-async-to-generator': [ '7.29.7' ],
2067 silly audit   '@babel/helper-wrap-function': [ '7.29.7' ],
2067 silly audit   '@babel/helper-create-class-features-plugin': [ '7.29.7' ],
2067 silly audit   '@babel/helper-member-expression-to-functions': [ '7.29.7' ],
2067 silly audit   '@babel/helper-optimise-call-expression': [ '7.29.7' ],
2067 silly audit   '@babel/helper-replace-supers': [ '7.29.7' ],
2067 silly audit   '@babel/helper-globals': [ '7.29.7' ],
2067 silly audit   esutils: [ '2.0.3' ],
2067 silly audit   '@babel/helper-string-parser': [ '7.29.7' ],
2067 silly audit   '@rollup/pluginutils': [ '3.1.0' ],
2067 silly audit   '@types/resolve': [ '1.17.1' ],
2067 silly audit   'builtin-modules': [ '3.3.0' ],
2067 silly audit   deepmerge: [ '4.3.1' ],
2067 silly audit   'is-module': [ '1.0.0' ],
2067 silly audit   'magic-string': [ '0.25.9' ],
2067 silly audit   '@types/estree': [ '0.0.39' ],
2067 silly audit   'estree-walker': [ '1.0.1' ],
2067 silly audit   ejs: [ '3.1.10' ],
2067 silly audit   'string.prototype.matchall': [ '4.1.0' ],
2067 silly audit   '@babel/helper-define-polyfill-provider': [ '0.6.8' ],
2067 silly audit   'lodash.debounce': [ '4.0.8' ],
2067 silly audit   resolve: [ '1.22.12' ],
2067 silly audit   'baseline-browser-mapping': [ '2.11.21' ],
2067 silly audit   'caniuse-lite': [ '1.0.30001810' ],
2067 silly audit   'electron-to-chromium': [ '1.5.422' ],
2067 silly audit   'node-releases': [ '2.0.54' ],
2067 silly audit   'update-browserslist-db': [ '1.3.2' ],
2067 silly audit   jake: [ '10.9.4' ],
2067 silly audit   filelist: [ '1.0.6' ],
2067 silly audit   'sourcemap-codec': [ '1.4.8' ],
2067 silly audit   regenerate: [ '1.4.2' ],
2067 silly audit   'regenerate-unicode-properties': [ '10.2.2' ],
2067 silly audit   regjsgen: [ '0.8.0' ],
2067 silly audit   regjsparser: [ '0.13.2' ],
2067 silly audit   'unicode-match-property-ecmascript': [ '2.0.0' ],
2067 silly audit   'unicode-match-property-value-ecmascript': [ '2.2.1' ],
2067 silly audit   'serialize-javascript': [ '4.0.0' ],
2067 silly audit   randombytes: [ '2.1.0' ],
2067 silly audit   'call-bind': [ '1.0.9' ],
2067 silly audit   'call-bound': [ '1.0.4' ],
2067 silly audit   'define-properties': [ '1.2.1' ],
2067 silly audit   'es-abstract': [ '1.24.2' ],
2067 silly audit   'es-object-atoms': [ '1.1.2' ],
2067 silly audit   'get-intrinsic': [ '1.3.0' ],
2067 silly audit   'internal-slot': [ '1.1.0' ],
2067 silly audit   'regexp.prototype.flags': [ '1.5.4' ],
2067 silly audit   'set-function-name': [ '2.0.2' ],
2067 silly audit   'side-channel': [ '1.1.1' ],
2067 silly audit   'call-bind-apply-helpers': [ '1.0.2' ],
2067 silly audit   'array-buffer-byte-length': [ '1.0.2' ],
2067 silly audit   'arraybuffer.prototype.slice': [ '1.0.4' ],
2067 silly audit   'available-typed-arrays': [ '1.0.7' ],
2067 silly audit   'data-view-buffer': [ '1.0.2' ],
2067 silly audit   'data-view-byte-length': [ '1.0.2' ],
2067 silly audit   'data-view-byte-offset': [ '1.0.1' ],
2067 silly audit   'es-to-primitive': [ '1.3.4' ],
2067 silly audit   'function.prototype.name': [ '1.2.0' ],
2067 silly audit   'get-symbol-description': [ '1.1.0' ],
2067 silly audit   globalthis: [ '1.0.4' ],
2067 silly audit   'has-proto': [ '1.2.0' ],
2067 silly audit   'is-array-buffer': [ '3.0.5' ],
2067 silly audit   'is-callable': [ '1.2.7' ],
2067 silly audit   'is-data-view': [ '1.0.2' ],
2067 silly audit   'is-negative-zero': [ '2.0.3' ],
2067 silly audit   'is-regex': [ '1.2.1' ],
2067 silly audit   'is-set': [ '2.0.3' ],
2067 silly audit   'is-shared-array-buffer': [ '1.0.4' ],
2067 silly audit   'is-string': [ '1.1.1' ],
2067 silly audit   'is-typed-array': [ '1.1.15' ],
2067 silly audit   'is-weakref': [ '1.1.1' ],
2067 silly audit   'object.assign': [ '4.1.7' ],
2067 silly audit   'own-keys': [ '1.0.2' ],
2067 silly audit   'safe-array-concat': [ '1.1.4' ],
2067 silly audit   'safe-push-apply': [ '1.0.0' ],
2067 silly audit   'safe-regex-test': [ '1.1.0' ],
2067 silly audit   'set-proto': [ '1.0.0' ],
2067 silly audit   'stop-iteration-iterator': [ '1.1.0' ],
2067 silly audit   'string.prototype.trim': [ '1.2.11' ],
2067 silly audit   'string.prototype.trimend': [ '1.0.10' ],
2067 silly audit   'string.prototype.trimstart': [ '1.0.8' ],
2067 silly audit   'typed-array-buffer': [ '1.0.3' ],
2067 silly audit   'typed-array-byte-length': [ '1.0.3' ],
2067 silly audit   'typed-array-byte-offset': [ '1.0.4' ],
2067 silly audit   'typed-array-length': [ '1.0.8' ],
2067 silly audit   'unbox-primitive': [ '1.1.0' ],
2067 silly audit   'which-typed-array': [ '1.1.22' ],
2067 silly audit   'possible-typed-array-names': [ '1.1.0' ],
2067 silly audit   'es-abstract-get': [ '1.0.0' ],
2067 silly audit   'is-date-object': [ '1.1.0' ],
2067 silly audit   'is-symbol': [ '1.1.1' ],
2067 silly audit   'functions-have-names': [ '1.2.3' ],
2067 silly audit   hasown: [ '2.0.4' ],
2067 silly audit   'is-document.all': [ '1.0.0' ],
2067 silly audit   'side-channel-list': [ '1.0.1' ],
2067 silly audit   'get-own-enumerable-property-symbols': [ '3.0.2' ],
2067 silly audit   'is-regexp': [ '1.0.0' ],
2067 silly audit   'temp-dir': [ '2.0.0' ],
2067 silly audit   'type-fest': [ '0.16.0' ],
2067 silly audit   'for-each': [ '0.3.5' ],
2067 silly audit   'reflect.getprototypeof': [ '1.0.10' ],
2067 silly audit   'which-builtin-type': [ '1.2.1' ],
2067 silly audit   'has-bigints': [ '1.1.0' ],
2067 silly audit   'which-boxed-primitive': [ '1.1.1' ],
2067 silly audit   'unicode-canonical-property-names-ecmascript': [ '2.0.1' ],
2067 silly audit   'unicode-property-aliases-ecmascript': [ '2.2.0' ],
2067 silly audit   'is-bigint': [ '1.1.0' ],
2067 silly audit   'is-boolean-object': [ '1.2.2' ],
2067 silly audit   'is-number-object': [ '1.1.1' ],
2067 silly audit   'is-async-function': [ '2.1.1' ],
2067 silly audit   'is-finalizationregistry': [ '1.1.1' ],
2067 silly audit   'is-generator-function': [ '1.1.2' ],
2067 silly audit   'which-collection': [ '1.0.2' ],
2067 silly audit   'async-function': [ '1.0.0' ],
2067 silly audit   'generator-function': [ '2.0.1' ],
2067 silly audit   'is-map': [ '2.0.3' ],
2067 silly audit   'is-weakmap': [ '2.0.2' ],
2067 silly audit   'is-weakset': [ '2.0.4' ],
2067 silly audit   '@types/trusted-types': [ '2.0.7' ],
2067 silly audit   'pinkie-promise': [ '2.0.1' ],
2067 silly audit   pinkie: [ '2.0.4' ],
2067 silly audit   'array-uniq': [ '1.0.3' ],
2067 silly audit   'p-try': [ '2.2.0' ]
2067 silly audit }
2068 http cache @rollup/pluginutils@https://registry.npmjs.org/@rollup/pluginutils/-/pluginutils-3.1.0.tgz 0ms (cache hit)
2069 http cache workbox-webpack-plugin@https://registry.npmjs.org/workbox-webpack-plugin/-/workbox-webpack-plugin-6.6.0.tgz 0ms (cache hit)
2070 http cache @surma/rollup-plugin-off-main-thread@https://registry.npmjs.org/@surma/rollup-plugin-off-main-thread/-/rollup-plugin-off-main-thread-2.2.3.tgz 0ms (cache hit)
2071 http cache @types/trusted-types@https://registry.npmjs.org/@types/trusted-types/-/trusted-types-2.0.7.tgz 0ms (cache hit)
2072 http cache @types/minimatch@https://registry.npmjs.org/@types/minimatch/-/minimatch-5.1.2.tgz 0ms (cache hit)
2073 http cache @types/resolve@https://registry.npmjs.org/@types/resolve/-/resolve-1.17.1.tgz 0ms (cache hit)
2074 http cache @rollup/plugin-replace@https://registry.npmjs.org/@rollup/plugin-replace/-/plugin-replace-2.4.2.tgz 0ms (cache hit)
2075 http cache @rollup/plugin-node-resolve@https://registry.npmjs.org/@rollup/plugin-node-resolve/-/plugin-node-resolve-11.2.1.tgz 0ms (cache hit)
2076 http cache @types/leaflet@https://registry.npmjs.org/@types/leaflet/-/leaflet-1.9.22.tgz 0ms (cache hit)
2077 http cache @types/geojson@https://registry.npmjs.org/@types/geojson/-/geojson-7946.0.16.tgz 0ms (cache hit)
2078 http cache @types/estree@https://registry.npmjs.org/@types/estree/-/estree-0.0.39.tgz 0ms (cache hit)
2079 http cache @types/glob@https://registry.npmjs.org/@types/glob/-/glob-7.2.0.tgz 0ms (cache hit)
2080 http cache @rollup/plugin-babel@https://registry.npmjs.org/@rollup/plugin-babel/-/plugin-babel-5.3.1.tgz 0ms (cache hit)
2081 http cache @babel/types@https://registry.npmjs.org/@babel/types/-/types-7.29.8.tgz 0ms (cache hit)
2082 http cache @react-leaflet/core@https://registry.npmjs.org/@react-leaflet/core/-/core-3.0.0.tgz 0ms (cache hit)
2083 http cache @jridgewell/source-map@https://registry.npmjs.org/@jridgewell/source-map/-/source-map-0.3.11.tgz 0ms (cache hit)
2084 http cache @jridgewell/trace-mapping@https://registry.npmjs.org/@jridgewell/trace-mapping/-/trace-mapping-0.3.31.tgz 0ms (cache hit)
2085 http cache @jridgewell/remapping@https://registry.npmjs.org/@jridgewell/remapping/-/remapping-2.3.5.tgz 0ms (cache hit)
2086 http cache @babel/traverse@https://registry.npmjs.org/@babel/traverse/-/traverse-7.29.8.tgz 0ms (cache hit)
2087 http cache @jridgewell/gen-mapping@https://registry.npmjs.org/@jridgewell/gen-mapping/-/gen-mapping-0.3.13.tgz 0ms (cache hit)
2088 http cache @babel/preset-env@https://registry.npmjs.org/@babel/preset-env/-/preset-env-7.29.7.tgz 0ms (cache hit)
2089 http cache @babel/template@https://registry.npmjs.org/@babel/template/-/template-7.29.7.tgz 0ms (cache hit)
2090 http cache @babel/plugin-transform-unicode-sets-regex@https://registry.npmjs.org/@babel/plugin-transform-unicode-sets-regex/-/plugin-transform-unicode-sets-regex-7.29.7.tgz 0ms (cache hit)
2091 http cache @babel/preset-modules@https://registry.npmjs.org/@babel/preset-modules/-/preset-modules-0.1.6-no-external-plugins.tgz 0ms (cache hit)
2092 http cache @babel/plugin-transform-unicode-regex@https://registry.npmjs.org/@babel/plugin-transform-unicode-regex/-/plugin-transform-unicode-regex-7.29.7.tgz 0ms (cache hit)
2093 http cache @babel/plugin-transform-shorthand-properties@https://registry.npmjs.org/@babel/plugin-transform-shorthand-properties/-/plugin-transform-shorthand-properties-7.29.7.tgz 0ms (cache hit)
2094 http cache @babel/plugin-transform-typeof-symbol@https://registry.npmjs.org/@babel/plugin-transform-typeof-symbol/-/plugin-transform-typeof-symbol-7.29.7.tgz 0ms (cache hit)
2095 http cache @babel/plugin-transform-unicode-property-regex@https://registry.npmjs.org/@babel/plugin-transform-unicode-property-regex/-/plugin-transform-unicode-property-regex-7.29.7.tgz 1ms (cache hit)
2096 http cache @babel/plugin-transform-unicode-escapes@https://registry.npmjs.org/@babel/plugin-transform-unicode-escapes/-/plugin-transform-unicode-escapes-7.29.7.tgz 0ms (cache hit)
2097 http cache @babel/plugin-transform-regenerator@https://registry.npmjs.org/@babel/plugin-transform-regenerator/-/plugin-transform-regenerator-7.29.8.tgz 0ms (cache hit)
2098 http cache @babel/plugin-transform-spread@https://registry.npmjs.org/@babel/plugin-transform-spread/-/plugin-transform-spread-7.29.8.tgz 0ms (cache hit)
2099 http cache @babel/plugin-transform-regexp-modifiers@https://registry.npmjs.org/@babel/plugin-transform-regexp-modifiers/-/plugin-transform-regexp-modifiers-7.29.7.tgz 0ms (cache hit)
2100 http cache @babel/plugin-transform-sticky-regex@https://registry.npmjs.org/@babel/plugin-transform-sticky-regex/-/plugin-transform-sticky-regex-7.29.7.tgz 0ms (cache hit)
2101 http cache @babel/plugin-transform-template-literals@https://registry.npmjs.org/@babel/plugin-transform-template-literals/-/plugin-transform-template-literals-7.29.7.tgz 0ms (cache hit)
2102 http cache @babel/plugin-transform-property-literals@https://registry.npmjs.org/@babel/plugin-transform-property-literals/-/plugin-transform-property-literals-7.29.7.tgz 0ms (cache hit)
2103 http cache @babel/plugin-transform-reserved-words@https://registry.npmjs.org/@babel/plugin-transform-reserved-words/-/plugin-transform-reserved-words-7.29.7.tgz 0ms (cache hit)
2104 http cache @babel/plugin-transform-member-expression-literals@https://registry.npmjs.org/@babel/plugin-transform-member-expression-literals/-/plugin-transform-member-expression-literals-7.29.7.tgz 0ms (cache hit)
2105 http cache @babel/plugin-transform-private-property-in-object@https://registry.npmjs.org/@babel/plugin-transform-private-property-in-object/-/plugin-transform-private-property-in-object-7.29.7.tgz 0ms (cache hit)
2106 http cache @babel/plugin-transform-parameters@https://registry.npmjs.org/@babel/plugin-transform-parameters/-/plugin-transform-parameters-7.29.7.tgz 0ms (cache hit)
2107 http cache @babel/plugin-transform-private-methods@https://registry.npmjs.org/@babel/plugin-transform-private-methods/-/plugin-transform-private-methods-7.29.7.tgz 0ms (cache hit)
2108 http cache @babel/plugin-transform-object-super@https://registry.npmjs.org/@babel/plugin-transform-object-super/-/plugin-transform-object-super-7.29.7.tgz 0ms (cache hit)
2109 http cache @babel/plugin-transform-optional-chaining@https://registry.npmjs.org/@babel/plugin-transform-optional-chaining/-/plugin-transform-optional-chaining-7.29.7.tgz 0ms (cache hit)
2110 http cache @babel/plugin-transform-optional-catch-binding@https://registry.npmjs.org/@babel/plugin-transform-optional-catch-binding/-/plugin-transform-optional-catch-binding-7.29.7.tgz 0ms (cache hit)
2111 http cache @babel/plugin-transform-object-rest-spread@https://registry.npmjs.org/@babel/plugin-transform-object-rest-spread/-/plugin-transform-object-rest-spread-7.29.7.tgz 0ms (cache hit)
2112 http cache @babel/plugin-transform-nullish-coalescing-operator@https://registry.npmjs.org/@babel/plugin-transform-nullish-coalescing-operator/-/plugin-transform-nullish-coalescing-operator-7.29.7.tgz 0ms (cache hit)
2113 http cache @babel/plugin-transform-numeric-separator@https://registry.npmjs.org/@babel/plugin-transform-numeric-separator/-/plugin-transform-numeric-separator-7.29.7.tgz 0ms (cache hit)
2114 http cache @babel/plugin-transform-new-target@https://registry.npmjs.org/@babel/plugin-transform-new-target/-/plugin-transform-new-target-7.29.7.tgz 0ms (cache hit)
2115 http cache @babel/plugin-transform-logical-assignment-operators@https://registry.npmjs.org/@babel/plugin-transform-logical-assignment-operators/-/plugin-transform-logical-assignment-operators-7.29.7.tgz 0ms (cache hit)
2116 http cache @babel/plugin-syntax-import-attributes@https://registry.npmjs.org/@babel/plugin-syntax-import-attributes/-/plugin-syntax-import-attributes-7.29.7.tgz 0ms (cache hit)
2117 http cache @babel/plugin-transform-modules-umd@https://registry.npmjs.org/@babel/plugin-transform-modules-umd/-/plugin-transform-modules-umd-7.29.7.tgz 0ms (cache hit)
2118 http cache @babel/plugin-transform-modules-systemjs@https://registry.npmjs.org/@babel/plugin-transform-modules-systemjs/-/plugin-transform-modules-systemjs-7.29.8.tgz 0ms (cache hit)
2119 http cache @babel/plugin-transform-json-strings@https://registry.npmjs.org/@babel/plugin-transform-json-strings/-/plugin-transform-json-strings-7.29.7.tgz 0ms (cache hit)
2120 http cache @babel/plugin-transform-named-capturing-groups-regex@https://registry.npmjs.org/@babel/plugin-transform-named-capturing-groups-regex/-/plugin-transform-named-capturing-groups-regex-7.29.7.tgz 0ms (cache hit)
2121 http cache @babel/plugin-transform-modules-commonjs@https://registry.npmjs.org/@babel/plugin-transform-modules-commonjs/-/plugin-transform-modules-commonjs-7.29.7.tgz 0ms (cache hit)
2122 http cache @babel/plugin-transform-modules-amd@https://registry.npmjs.org/@babel/plugin-transform-modules-amd/-/plugin-transform-modules-amd-7.29.7.tgz 0ms (cache hit)
2123 http cache @babel/plugin-transform-literals@https://registry.npmjs.org/@babel/plugin-transform-literals/-/plugin-transform-literals-7.29.7.tgz 0ms (cache hit)
2124 http cache @babel/plugin-transform-function-name@https://registry.npmjs.org/@babel/plugin-transform-function-name/-/plugin-transform-function-name-7.29.7.tgz 0ms (cache hit)
2125 http cache @babel/plugin-transform-dynamic-import@https://registry.npmjs.org/@babel/plugin-transform-dynamic-import/-/plugin-transform-dynamic-import-7.29.7.tgz 0ms (cache hit)
2126 http cache @babel/plugin-transform-exponentiation-operator@https://registry.npmjs.org/@babel/plugin-transform-exponentiation-operator/-/plugin-transform-exponentiation-operator-7.29.7.tgz 0ms (cache hit)
2127 http cache @babel/plugin-transform-for-of@https://registry.npmjs.org/@babel/plugin-transform-for-of/-/plugin-transform-for-of-7.29.7.tgz 0ms (cache hit)
2128 http cache @babel/plugin-transform-export-namespace-from@https://registry.npmjs.org/@babel/plugin-transform-export-namespace-from/-/plugin-transform-export-namespace-from-7.29.7.tgz 0ms (cache hit)
2129 http cache @babel/plugin-transform-dotall-regex@https://registry.npmjs.org/@babel/plugin-transform-dotall-regex/-/plugin-transform-dotall-regex-7.29.7.tgz 0ms (cache hit)
2130 http cache @babel/plugin-transform-classes@https://registry.npmjs.org/@babel/plugin-transform-classes/-/plugin-transform-classes-7.29.7.tgz 0ms (cache hit)
2131 http cache @babel/plugin-transform-computed-properties@https://registry.npmjs.org/@babel/plugin-transform-computed-properties/-/plugin-transform-computed-properties-7.29.7.tgz 0ms (cache hit)
2132 http cache @babel/plugin-transform-duplicate-named-capturing-groups-regex@https://registry.npmjs.org/@babel/plugin-transform-duplicate-named-capturing-groups-regex/-/plugin-transform-duplicate-named-capturing-groups-regex-7.29.7.tgz 0ms (cache hit)
2133 http cache @babel/plugin-transform-duplicate-keys@https://registry.npmjs.org/@babel/plugin-transform-duplicate-keys/-/plugin-transform-duplicate-keys-7.29.7.tgz 0ms (cache hit)
2134 http cache @babel/plugin-transform-class-properties@https://registry.npmjs.org/@babel/plugin-transform-class-properties/-/plugin-transform-class-properties-7.29.7.tgz 0ms (cache hit)
2135 http cache @babel/plugin-transform-block-scoping@https://registry.npmjs.org/@babel/plugin-transform-block-scoping/-/plugin-transform-block-scoping-7.29.7.tgz 0ms (cache hit)
2136 http cache @babel/plugin-transform-explicit-resource-management@https://registry.npmjs.org/@babel/plugin-transform-explicit-resource-management/-/plugin-transform-explicit-resource-management-7.29.7.tgz 0ms (cache hit)
2137 http cache @babel/plugin-transform-class-static-block@https://registry.npmjs.org/@babel/plugin-transform-class-static-block/-/plugin-transform-class-static-block-7.29.7.tgz 0ms (cache hit)
2138 http cache @babel/plugin-transform-destructuring@https://registry.npmjs.org/@babel/plugin-transform-destructuring/-/plugin-transform-destructuring-7.29.7.tgz 0ms (cache hit)
2139 http cache @babel/plugin-transform-async-to-generator@https://registry.npmjs.org/@babel/plugin-transform-async-to-generator/-/plugin-transform-async-to-generator-7.29.7.tgz 0ms (cache hit)
2140 http cache @babel/plugin-transform-block-scoped-functions@https://registry.npmjs.org/@babel/plugin-transform-block-scoped-functions/-/plugin-transform-block-scoped-functions-7.29.7.tgz 0ms (cache hit)
2141 http cache @babel/plugin-syntax-unicode-sets-regex@https://registry.npmjs.org/@babel/plugin-syntax-unicode-sets-regex/-/plugin-syntax-unicode-sets-regex-7.18.6.tgz 0ms (cache hit)
2142 http cache @babel/plugin-transform-arrow-functions@https://registry.npmjs.org/@babel/plugin-transform-arrow-functions/-/plugin-transform-arrow-functions-7.29.7.tgz 0ms (cache hit)
2143 http cache @babel/plugin-bugfix-safari-id-destructuring-collision-in-function-expression@https://registry.npmjs.org/@babel/plugin-bugfix-safari-id-destructuring-collision-in-function-expression/-/plugin-bugfix-safari-id-destructuring-collision-in-function-expression-7.29.7.tgz 0ms (cache hit)
2144 http cache @babel/plugin-transform-async-generator-functions@https://registry.npmjs.org/@babel/plugin-transform-async-generator-functions/-/plugin-transform-async-generator-functions-7.29.7.tgz 0ms (cache hit)
2145 http cache @babel/plugin-bugfix-v8-static-class-fields-redefine-readonly@https://registry.npmjs.org/@babel/plugin-bugfix-v8-static-class-fields-redefine-readonly/-/plugin-bugfix-v8-static-class-fields-redefine-readonly-7.29.7.tgz 0ms (cache hit)
2146 http cache @babel/plugin-syntax-import-assertions@https://registry.npmjs.org/@babel/plugin-syntax-import-assertions/-/plugin-syntax-import-assertions-7.29.7.tgz 0ms (cache hit)
2147 http cache @babel/plugin-bugfix-safari-rest-destructuring-rhs-array@https://registry.npmjs.org/@babel/plugin-bugfix-safari-rest-destructuring-rhs-array/-/plugin-bugfix-safari-rest-destructuring-rhs-array-7.29.7.tgz 0ms (cache hit)
2148 http cache @babel/plugin-bugfix-v8-spread-parameters-in-optional-chaining@https://registry.npmjs.org/@babel/plugin-bugfix-v8-spread-parameters-in-optional-chaining/-/plugin-bugfix-v8-spread-parameters-in-optional-chaining-7.29.7.tgz 0ms (cache hit)
2149 http cache @babel/plugin-proposal-private-property-in-object@https://registry.npmjs.org/@babel/plugin-proposal-private-property-in-object/-/plugin-proposal-private-property-in-object-7.21.0-placeholder-for-preset-env.2.tgz 0ms (cache hit)
2150 http cache @babel/helper-wrap-function@https://registry.npmjs.org/@babel/helper-wrap-function/-/helper-wrap-function-7.29.7.tgz 0ms (cache hit)
2151 http cache @babel/plugin-bugfix-safari-class-field-initializer-scope@https://registry.npmjs.org/@babel/plugin-bugfix-safari-class-field-initializer-scope/-/plugin-bugfix-safari-class-field-initializer-scope-7.29.7.tgz 0ms (cache hit)
2152 http cache @babel/plugin-bugfix-firefox-class-in-computed-class-key@https://registry.npmjs.org/@babel/plugin-bugfix-firefox-class-in-computed-class-key/-/plugin-bugfix-firefox-class-in-computed-class-key-7.29.7.tgz 0ms (cache hit)
2153 http cache @babel/helpers@https://registry.npmjs.org/@babel/helpers/-/helpers-7.29.7.tgz 0ms (cache hit)
2154 http cache @babel/helper-validator-option@https://registry.npmjs.org/@babel/helper-validator-option/-/helper-validator-option-7.29.7.tgz 0ms (cache hit)
2155 http cache @babel/parser@https://registry.npmjs.org/@babel/parser/-/parser-7.29.8.tgz 0ms (cache hit)
2156 http cache @babel/helper-replace-supers@https://registry.npmjs.org/@babel/helper-replace-supers/-/helper-replace-supers-7.29.7.tgz 0ms (cache hit)
2157 http cache @babel/helper-skip-transparent-expression-wrappers@https://registry.npmjs.org/@babel/helper-skip-transparent-expression-wrappers/-/helper-skip-transparent-expression-wrappers-7.29.7.tgz 0ms (cache hit)
2158 http cache @babel/helper-validator-identifier@https://registry.npmjs.org/@babel/helper-validator-identifier/-/helper-validator-identifier-7.29.7.tgz 0ms (cache hit)
2159 http cache @babel/helper-plugin-utils@https://registry.npmjs.org/@babel/helper-plugin-utils/-/helper-plugin-utils-7.29.7.tgz 0ms (cache hit)
2160 http cache @babel/helper-remap-async-to-generator@https://registry.npmjs.org/@babel/helper-remap-async-to-generator/-/helper-remap-async-to-generator-7.29.7.tgz 0ms (cache hit)
2161 http cache @babel/helper-string-parser@https://registry.npmjs.org/@babel/helper-string-parser/-/helper-string-parser-7.29.7.tgz 0ms (cache hit)
2162 http cache @babel/helper-optimise-call-expression@https://registry.npmjs.org/@babel/helper-optimise-call-expression/-/helper-optimise-call-expression-7.29.7.tgz 0ms (cache hit)
2163 http cache @babel/helper-module-transforms@https://registry.npmjs.org/@babel/helper-module-transforms/-/helper-module-transforms-7.29.7.tgz 0ms (cache hit)
2164 http cache @babel/helper-module-imports@https://registry.npmjs.org/@babel/helper-module-imports/-/helper-module-imports-7.29.7.tgz 0ms (cache hit)
2165 http cache @babel/helper-globals@https://registry.npmjs.org/@babel/helper-globals/-/helper-globals-7.29.7.tgz 0ms (cache hit)
2166 http cache @babel/helper-member-expression-to-functions@https://registry.npmjs.org/@babel/helper-member-expression-to-functions/-/helper-member-expression-to-functions-7.29.7.tgz 0ms (cache hit)
2167 http cache @babel/generator@https://registry.npmjs.org/@babel/generator/-/generator-7.29.8.tgz 0ms (cache hit)
2168 http cache @babel/helper-define-polyfill-provider@https://registry.npmjs.org/@babel/helper-define-polyfill-provider/-/helper-define-polyfill-provider-0.6.8.tgz 0ms (cache hit)
2169 http cache @babel/helper-create-regexp-features-plugin@https://registry.npmjs.org/@babel/helper-create-regexp-features-plugin/-/helper-create-regexp-features-plugin-7.29.7.tgz 0ms (cache hit)
2170 http cache @babel/helper-compilation-targets@https://registry.npmjs.org/@babel/helper-compilation-targets/-/helper-compilation-targets-7.29.7.tgz 0ms (cache hit)
2171 http cache @babel/compat-data@https://registry.npmjs.org/@babel/compat-data/-/compat-data-7.29.7.tgz 0ms (cache hit)
2172 http cache @babel/helper-create-class-features-plugin@https://registry.npmjs.org/@babel/helper-create-class-features-plugin/-/helper-create-class-features-plugin-7.29.7.tgz 0ms (cache hit)
2173 http cache @babel/helper-annotate-as-pure@https://registry.npmjs.org/@babel/helper-annotate-as-pure/-/helper-annotate-as-pure-7.29.7.tgz 0ms (cache hit)
2174 http cache @babel/core@https://registry.npmjs.org/@babel/core/-/core-7.29.7.tgz 0ms (cache hit)
2175 http cache @apideck/better-ajv-errors@https://registry.npmjs.org/@apideck/better-ajv-errors/-/better-ajv-errors-0.3.7.tgz 0ms (cache hit)
2176 http cache workbox-streams@https://registry.npmjs.org/workbox-streams/-/workbox-streams-6.6.0.tgz 0ms (cache hit)
2177 http cache @babel/code-frame@https://registry.npmjs.org/@babel/code-frame/-/code-frame-7.29.7.tgz 0ms (cache hit)
2178 http cache workbox-sw@https://registry.npmjs.org/workbox-sw/-/workbox-sw-6.6.0.tgz 0ms (cache hit)
2179 http cache workbox-routing@https://registry.npmjs.org/workbox-routing/-/workbox-routing-6.6.0.tgz 0ms (cache hit)
2180 http cache workbox-strategies@https://registry.npmjs.org/workbox-strategies/-/workbox-strategies-6.6.0.tgz 0ms (cache hit)
2181 http cache workbox-recipes@https://registry.npmjs.org/workbox-recipes/-/workbox-recipes-6.6.0.tgz 0ms (cache hit)
2182 http cache workbox-window@https://registry.npmjs.org/workbox-window/-/workbox-window-6.6.0.tgz 0ms (cache hit)
2183 http cache workbox-range-requests@https://registry.npmjs.org/workbox-range-requests/-/workbox-range-requests-6.6.0.tgz 0ms (cache hit)
2184 http cache workbox-precaching@https://registry.npmjs.org/workbox-precaching/-/workbox-precaching-6.6.0.tgz 0ms (cache hit)
2185 http cache workbox-google-analytics@https://registry.npmjs.org/workbox-google-analytics/-/workbox-google-analytics-6.6.0.tgz 0ms (cache hit)
2186 http cache workbox-navigation-preload@https://registry.npmjs.org/workbox-navigation-preload/-/workbox-navigation-preload-6.6.0.tgz 0ms (cache hit)
2187 http cache workbox-expiration@https://registry.npmjs.org/workbox-expiration/-/workbox-expiration-6.6.0.tgz 0ms (cache hit)
2188 http cache workbox-broadcast-update@https://registry.npmjs.org/workbox-broadcast-update/-/workbox-broadcast-update-6.6.0.tgz 0ms (cache hit)
2189 http cache workbox-cacheable-response@https://registry.npmjs.org/workbox-cacheable-response/-/workbox-cacheable-response-6.6.0.tgz 0ms (cache hit)
2190 http cache workbox-core@https://registry.npmjs.org/workbox-core/-/workbox-core-6.6.0.tgz 0ms (cache hit)
2191 http cache workbox-build@https://registry.npmjs.org/workbox-build/-/workbox-build-6.6.0.tgz 0ms (cache hit)
2192 http cache which-typed-array@https://registry.npmjs.org/which-typed-array/-/which-typed-array-1.1.22.tgz 0ms (cache hit)
2193 http cache workbox-background-sync@https://registry.npmjs.org/workbox-background-sync/-/workbox-background-sync-6.6.0.tgz 0ms (cache hit)
2194 http cache which-collection@https://registry.npmjs.org/which-collection/-/which-collection-1.0.2.tgz 0ms (cache hit)
2195 http cache which-boxed-primitive@https://registry.npmjs.org/which-boxed-primitive/-/which-boxed-primitive-1.1.1.tgz 0ms (cache hit)
2196 http cache which-builtin-type@https://registry.npmjs.org/which-builtin-type/-/which-builtin-type-1.2.1.tgz 0ms (cache hit)
2197 http cache webpack-sources@https://registry.npmjs.org/webpack-sources/-/webpack-sources-1.4.3.tgz 0ms (cache hit)
2198 http cache upath@https://registry.npmjs.org/upath/-/upath-1.2.0.tgz 0ms (cache hit)
2199 http cache unicode-property-aliases-ecmascript@https://registry.npmjs.org/unicode-property-aliases-ecmascript/-/unicode-property-aliases-ecmascript-2.2.0.tgz 0ms (cache hit)
2200 http cache unicode-match-property-ecmascript@https://registry.npmjs.org/unicode-match-property-ecmascript/-/unicode-match-property-ecmascript-2.0.0.tgz 0ms (cache hit)
2201 http cache unicode-match-property-value-ecmascript@https://registry.npmjs.org/unicode-match-property-value-ecmascript/-/unicode-match-property-value-ecmascript-2.2.1.tgz 0ms (cache hit)
2202 http cache update-browserslist-db@https://registry.npmjs.org/update-browserslist-db/-/update-browserslist-db-1.3.2.tgz 0ms (cache hit)
2203 http cache unbox-primitive@https://registry.npmjs.org/unbox-primitive/-/unbox-primitive-1.1.0.tgz 0ms (cache hit)
2204 http cache unicode-canonical-property-names-ecmascript@https://registry.npmjs.org/unicode-canonical-property-names-ecmascript/-/unicode-canonical-property-names-ecmascript-2.0.1.tgz 0ms (cache hit)
2205 http cache typed-array-length@https://registry.npmjs.org/typed-array-length/-/typed-array-length-1.0.8.tgz 0ms (cache hit)
2206 http cache typed-array-byte-length@https://registry.npmjs.org/typed-array-byte-length/-/typed-array-byte-length-1.0.3.tgz 0ms (cache hit)
2207 http cache typed-array-byte-offset@https://registry.npmjs.org/typed-array-byte-offset/-/typed-array-byte-offset-1.0.4.tgz 0ms (cache hit)
2208 http cache terser@https://registry.npmjs.org/terser/-/terser-5.51.2.tgz 0ms (cache hit)
2209 http cache terser-webpack-plugin@https://registry.npmjs.org/terser-webpack-plugin/-/terser-webpack-plugin-5.6.1.tgz 0ms (cache hit)
2210 http cache typed-array-buffer@https://registry.npmjs.org/typed-array-buffer/-/typed-array-buffer-1.0.3.tgz 0ms (cache hit)
2211 http cache tempy@https://registry.npmjs.org/tempy/-/tempy-0.6.0.tgz 0ms (cache hit)
2212 http cache temp-dir@https://registry.npmjs.org/temp-dir/-/temp-dir-2.0.0.tgz 0ms (cache hit)
2213 http cache type-fest@https://registry.npmjs.org/type-fest/-/type-fest-0.16.0.tgz 0ms (cache hit)
2214 http cache string.prototype.matchall@https://registry.npmjs.org/string.prototype.matchall/-/string.prototype.matchall-4.1.0.tgz 0ms (cache hit)
2215 http cache string.prototype.trimstart@https://registry.npmjs.org/string.prototype.trimstart/-/string.prototype.trimstart-1.0.8.tgz 0ms (cache hit)
2216 http cache strip-comments@https://registry.npmjs.org/strip-comments/-/strip-comments-2.0.1.tgz 0ms (cache hit)
2217 http cache stop-iteration-iterator@https://registry.npmjs.org/stop-iteration-iterator/-/stop-iteration-iterator-1.1.0.tgz 0ms (cache hit)
2218 http cache stringify-object@https://registry.npmjs.org/stringify-object/-/stringify-object-3.3.0.tgz 0ms (cache hit)
2219 http cache string.prototype.trim@https://registry.npmjs.org/string.prototype.trim/-/string.prototype.trim-1.2.11.tgz 0ms (cache hit)
2220 http cache string.prototype.trimend@https://registry.npmjs.org/string.prototype.trimend/-/string.prototype.trimend-1.0.10.tgz 0ms (cache hit)
2221 http cache side-channel-list@https://registry.npmjs.org/side-channel-list/-/side-channel-list-1.0.1.tgz 0ms (cache hit)
2222 http cache side-channel@https://registry.npmjs.org/side-channel/-/side-channel-1.1.1.tgz 0ms (cache hit)
2223 http cache sourcemap-codec@https://registry.npmjs.org/sourcemap-codec/-/sourcemap-codec-1.4.8.tgz 0ms (cache hit)
2224 http cache source-map-support@https://registry.npmjs.org/source-map-support/-/source-map-support-0.5.21.tgz 0ms (cache hit)
2225 http cache source-list-map@https://registry.npmjs.org/source-list-map/-/source-list-map-2.0.1.tgz 0ms (cache hit)
2226 http cache set-proto@https://registry.npmjs.org/set-proto/-/set-proto-1.0.0.tgz 0ms (cache hit)
2227 http cache set-function-name@https://registry.npmjs.org/set-function-name/-/set-function-name-2.0.2.tgz 0ms (cache hit)
2228 http cache safe-push-apply@https://registry.npmjs.org/safe-push-apply/-/safe-push-apply-1.0.0.tgz 0ms (cache hit)
2229 http cache safe-regex-test@https://registry.npmjs.org/safe-regex-test/-/safe-regex-test-1.1.0.tgz 0ms (cache hit)
2230 http cache schema-utils@https://registry.npmjs.org/schema-utils/-/schema-utils-2.7.1.tgz 0ms (cache hit)
2231 http cache rollup-plugin-terser@https://registry.npmjs.org/rollup-plugin-terser/-/rollup-plugin-terser-7.0.2.tgz 0ms (cache hit)
2232 http cache serialize-javascript@https://registry.npmjs.org/serialize-javascript/-/serialize-javascript-4.0.0.tgz 0ms (cache hit)
2233 http cache regexpu-core@https://registry.npmjs.org/regexpu-core/-/regexpu-core-6.4.0.tgz 0ms (cache hit)
2234 http cache rollup@https://registry.npmjs.org/rollup/-/rollup-2.80.0.tgz 0ms (cache hit)
2235 http cache safe-array-concat@https://registry.npmjs.org/safe-array-concat/-/safe-array-concat-1.1.4.tgz 0ms (cache hit)
2236 http cache regexp.prototype.flags@https://registry.npmjs.org/regexp.prototype.flags/-/regexp.prototype.flags-1.5.4.tgz 0ms (cache hit)
2237 http cache regjsgen@https://registry.npmjs.org/regjsgen/-/regjsgen-0.8.0.tgz 0ms (cache hit)
2238 http cache resolve@https://registry.npmjs.org/resolve/-/resolve-1.22.12.tgz 0ms (cache hit)
2239 http cache regjsparser@https://registry.npmjs.org/regjsparser/-/regjsparser-0.13.2.tgz 0ms (cache hit)
2240 http cache react-leaflet@https://registry.npmjs.org/react-leaflet/-/react-leaflet-5.0.0.tgz 0ms (cache hit)
2241 http cache regenerate-unicode-properties@https://registry.npmjs.org/regenerate-unicode-properties/-/regenerate-unicode-properties-10.2.2.tgz 0ms (cache hit)
2242 http cache reflect.getprototypeof@https://registry.npmjs.org/reflect.getprototypeof/-/reflect.getprototypeof-1.0.10.tgz 0ms (cache hit)
2243 http cache regenerate@https://registry.npmjs.org/regenerate/-/regenerate-1.4.2.tgz 0ms (cache hit)
2244 http cache randombytes@https://registry.npmjs.org/randombytes/-/randombytes-2.1.0.tgz 0ms (cache hit)
2245 http cache pretty-bytes@https://registry.npmjs.org/pretty-bytes/-/pretty-bytes-5.6.0.tgz 0ms (cache hit)
2246 http cache pinkie-promise@https://registry.npmjs.org/pinkie-promise/-/pinkie-promise-2.0.1.tgz 0ms (cache hit)
2247 http cache possible-typed-array-names@https://registry.npmjs.org/possible-typed-array-names/-/possible-typed-array-names-1.1.0.tgz 0ms (cache hit)
2248 http cache path-exists@https://registry.npmjs.org/path-exists/-/path-exists-4.0.0.tgz 0ms (cache hit)
2249 http cache path-type@https://registry.npmjs.org/path-type/-/path-type-4.0.0.tgz 0ms (cache hit)
2250 http cache pkg-dir@https://registry.npmjs.org/pkg-dir/-/pkg-dir-4.2.0.tgz 0ms (cache hit)
2251 http cache pinkie@https://registry.npmjs.org/pinkie/-/pinkie-2.0.4.tgz 0ms (cache hit)
2252 http cache path-is-inside@https://registry.npmjs.org/path-is-inside/-/path-is-inside-1.0.2.tgz 0ms (cache hit)
2253 http cache own-keys@https://registry.npmjs.org/own-keys/-/own-keys-1.0.2.tgz 0ms (cache hit)
2254 http cache p-map@https://registry.npmjs.org/p-map/-/p-map-2.1.0.tgz 0ms (cache hit)
2255 http cache p-try@https://registry.npmjs.org/p-try/-/p-try-2.2.0.tgz 0ms (cache hit)
2256 http cache object.assign@https://registry.npmjs.org/object.assign/-/object.assign-4.1.7.tgz 0ms (cache hit)
2257 http cache node-releases@https://registry.npmjs.org/node-releases/-/node-releases-2.0.54.tgz 0ms (cache hit)
2258 http cache p-locate@https://registry.npmjs.org/p-locate/-/p-locate-4.1.0.tgz 0ms (cache hit)
2259 http cache merge-stream@https://registry.npmjs.org/merge-stream/-/merge-stream-2.0.0.tgz 0ms (cache hit)
2260 http cache lodash.debounce@https://registry.npmjs.org/lodash.debounce/-/lodash.debounce-4.0.8.tgz 0ms (cache hit)
2261 http cache next-pwa@https://registry.npmjs.org/next-pwa/-/next-pwa-5.6.0.tgz 0ms (cache hit)
2262 http cache locate-path@https://registry.npmjs.org/locate-path/-/locate-path-5.0.0.tgz 0ms (cache hit)
2263 http cache loader-utils@https://registry.npmjs.org/loader-utils/-/loader-utils-2.0.4.tgz 0ms (cache hit)
2264 http cache leven@https://registry.npmjs.org/leven/-/leven-3.1.0.tgz 0ms (cache hit)
2265 http cache jsesc@https://registry.npmjs.org/jsesc/-/jsesc-3.1.0.tgz 0ms (cache hit)
2266 http cache leaflet@https://registry.npmjs.org/leaflet/-/leaflet-1.9.4.tgz 0ms (cache hit)
2267 http cache jsonpointer@https://registry.npmjs.org/jsonpointer/-/jsonpointer-5.0.1.tgz 0ms (cache hit)
2268 http cache is-shared-array-buffer@https://registry.npmjs.org/is-shared-array-buffer/-/is-shared-array-buffer-1.0.4.tgz 0ms (cache hit)
2269 http cache is-weakmap@https://registry.npmjs.org/is-weakmap/-/is-weakmap-2.0.2.tgz 0ms (cache hit)
2270 http cache is-weakset@https://registry.npmjs.org/is-weakset/-/is-weakset-2.0.4.tgz 0ms (cache hit)
2271 http cache jest-worker@https://registry.npmjs.org/jest-worker/-/jest-worker-27.5.1.tgz 0ms (cache hit)
2272 http cache jake@https://registry.npmjs.org/jake/-/jake-10.9.4.tgz 0ms (cache hit)
2273 http cache is-weakref@https://registry.npmjs.org/is-weakref/-/is-weakref-1.1.1.tgz 0ms (cache hit)
2274 http cache is-symbol@https://registry.npmjs.org/is-symbol/-/is-symbol-1.1.1.tgz 0ms (cache hit)
2275 http cache is-typed-array@https://registry.npmjs.org/is-typed-array/-/is-typed-array-1.1.15.tgz 0ms (cache hit)
2276 http cache has-proto@https://registry.npmjs.org/has-proto/-/has-proto-1.2.0.tgz 0ms (cache hit)
2277 http cache is-string@https://registry.npmjs.org/is-string/-/is-string-1.1.1.tgz 0ms (cache hit)
2278 http cache is-regex@https://registry.npmjs.org/is-regex/-/is-regex-1.2.1.tgz 0ms (cache hit)
2279 http cache is-regexp@https://registry.npmjs.org/is-regexp/-/is-regexp-1.0.0.tgz 0ms (cache hit)
2280 http cache is-path-in-cwd@https://registry.npmjs.org/is-path-in-cwd/-/is-path-in-cwd-2.1.0.tgz 0ms (cache hit)
2281 http cache is-path-inside@https://registry.npmjs.org/is-path-inside/-/is-path-inside-2.1.0.tgz 0ms (cache hit)
2282 http cache is-path-cwd@https://registry.npmjs.org/is-path-cwd/-/is-path-cwd-2.2.0.tgz 0ms (cache hit)
2283 http cache is-set@https://registry.npmjs.org/is-set/-/is-set-2.0.3.tgz 0ms (cache hit)
2284 http cache is-negative-zero@https://registry.npmjs.org/is-negative-zero/-/is-negative-zero-2.0.3.tgz 0ms (cache hit)
2285 http cache is-map@https://registry.npmjs.org/is-map/-/is-map-2.0.3.tgz 0ms (cache hit)
2286 http cache is-data-view@https://registry.npmjs.org/is-data-view/-/is-data-view-1.0.2.tgz 0ms (cache hit)
2287 http cache is-number-object@https://registry.npmjs.org/is-number-object/-/is-number-object-1.1.1.tgz 0ms (cache hit)
2288 http cache is-generator-function@https://registry.npmjs.org/is-generator-function/-/is-generator-function-1.1.2.tgz 0ms (cache hit)
2289 http cache is-module@https://registry.npmjs.org/is-module/-/is-module-1.0.0.tgz 0ms (cache hit)
2290 http cache is-callable@https://registry.npmjs.org/is-callable/-/is-callable-1.2.7.tgz 0ms (cache hit)
2291 http cache is-document.all@https://registry.npmjs.org/is-document.all/-/is-document.all-1.0.0.tgz 0ms (cache hit)
2292 http cache is-date-object@https://registry.npmjs.org/is-date-object/-/is-date-object-1.1.0.tgz 0ms (cache hit)
2293 http cache ignore@https://registry.npmjs.org/ignore/-/ignore-5.3.2.tgz 0ms (cache hit)
2294 http cache is-boolean-object@https://registry.npmjs.org/is-boolean-object/-/is-boolean-object-1.2.2.tgz 0ms (cache hit)
2295 http cache is-finalizationregistry@https://registry.npmjs.org/is-finalizationregistry/-/is-finalizationregistry-1.1.1.tgz 0ms (cache hit)
2296 http cache is-async-function@https://registry.npmjs.org/is-async-function/-/is-async-function-2.1.1.tgz 0ms (cache hit)
2297 http cache is-bigint@https://registry.npmjs.org/is-bigint/-/is-bigint-1.1.0.tgz 0ms (cache hit)
2298 http cache internal-slot@https://registry.npmjs.org/internal-slot/-/internal-slot-1.1.0.tgz 0ms (cache hit)
2299 http cache has-bigints@https://registry.npmjs.org/has-bigints/-/has-bigints-1.1.0.tgz 0ms (cache hit)
2300 http cache is-array-buffer@https://registry.npmjs.org/is-array-buffer/-/is-array-buffer-3.0.5.tgz 0ms (cache hit)
2301 http cache globby@https://registry.npmjs.org/globby/-/globby-11.1.0.tgz 0ms (cache hit)
2302 http cache hasown@https://registry.npmjs.org/hasown/-/hasown-2.0.4.tgz 0ms (cache hit)
2303 http cache globalthis@https://registry.npmjs.org/globalthis/-/globalthis-1.0.4.tgz 0ms (cache hit)
2304 http cache get-own-enumerable-property-symbols@https://registry.npmjs.org/get-own-enumerable-property-symbols/-/get-own-enumerable-property-symbols-3.0.2.tgz 0ms (cache hit)
2305 http cache get-intrinsic@https://registry.npmjs.org/get-intrinsic/-/get-intrinsic-1.3.0.tgz 0ms (cache hit)
2306 http cache gensync@https://registry.npmjs.org/gensync/-/gensync-1.0.0-beta.2.tgz 0ms (cache hit)
2307 http cache find-cache-dir@https://registry.npmjs.org/find-cache-dir/-/find-cache-dir-3.3.2.tgz 0ms (cache hit)
2308 http cache get-symbol-description@https://registry.npmjs.org/get-symbol-description/-/get-symbol-description-1.1.0.tgz 0ms (cache hit)
2309 http cache functions-have-names@https://registry.npmjs.org/functions-have-names/-/functions-have-names-1.2.3.tgz 0ms (cache hit)
2310 http cache find-up@https://registry.npmjs.org/find-up/-/find-up-4.1.0.tgz 0ms (cache hit)
2311 http cache generator-function@https://registry.npmjs.org/generator-function/-/generator-function-2.0.1.tgz 0ms (cache hit)
2312 http cache for-each@https://registry.npmjs.org/for-each/-/for-each-0.3.5.tgz 0ms (cache hit)
2313 http cache es-to-primitive@https://registry.npmjs.org/es-to-primitive/-/es-to-primitive-1.3.4.tgz 0ms (cache hit)
2314 http cache esutils@https://registry.npmjs.org/esutils/-/esutils-2.0.3.tgz 0ms (cache hit)
2315 http cache function.prototype.name@https://registry.npmjs.org/function.prototype.name/-/function.prototype.name-1.2.0.tgz 0ms (cache hit)
2316 http cache filelist@https://registry.npmjs.org/filelist/-/filelist-1.0.6.tgz 0ms (cache hit)
2317 http cache es-object-atoms@https://registry.npmjs.org/es-object-atoms/-/es-object-atoms-1.1.2.tgz 1ms (cache hit)
2318 http cache es-abstract-get@https://registry.npmjs.org/es-abstract-get/-/es-abstract-get-1.0.0.tgz 0ms (cache hit)
2319 http cache es-abstract@https://registry.npmjs.org/es-abstract/-/es-abstract-1.24.2.tgz 0ms (cache hit)
2320 http cache ejs@https://registry.npmjs.org/ejs/-/ejs-3.1.10.tgz 0ms (cache hit)
2321 http cache estree-walker@https://registry.npmjs.org/estree-walker/-/estree-walker-1.0.1.tgz 0ms (cache hit)
2322 http cache emojis-list@https://registry.npmjs.org/emojis-list/-/emojis-list-3.0.0.tgz 0ms (cache hit)
2323 http cache define-properties@https://registry.npmjs.org/define-properties/-/define-properties-1.2.1.tgz 0ms (cache hit)
2324 http cache electron-to-chromium@https://registry.npmjs.org/electron-to-chromium/-/electron-to-chromium-1.5.422.tgz 0ms (cache hit)
2325 http cache del@https://registry.npmjs.org/del/-/del-4.1.1.tgz 0ms (cache hit)
2326 http cache deepmerge@https://registry.npmjs.org/deepmerge/-/deepmerge-4.3.1.tgz 0ms (cache hit)
2327 http cache dir-glob@https://registry.npmjs.org/dir-glob/-/dir-glob-3.0.1.tgz 0ms (cache hit)
2328 http cache data-view-buffer@https://registry.npmjs.org/data-view-buffer/-/data-view-buffer-1.0.2.tgz 0ms (cache hit)
2329 http cache data-view-byte-offset@https://registry.npmjs.org/data-view-byte-offset/-/data-view-byte-offset-1.0.1.tgz 0ms (cache hit)
2330 http cache data-view-byte-length@https://registry.npmjs.org/data-view-byte-length/-/data-view-byte-length-1.0.2.tgz 0ms (cache hit)
2331 http cache common-tags@https://registry.npmjs.org/common-tags/-/common-tags-1.8.2.tgz 0ms (cache hit)
2332 http cache clean-webpack-plugin@https://registry.npmjs.org/clean-webpack-plugin/-/clean-webpack-plugin-4.0.0.tgz 0ms (cache hit)
2333 http cache commondir@https://registry.npmjs.org/commondir/-/commondir-1.0.1.tgz 0ms (cache hit)
2334 http cache core-js-compat@https://registry.npmjs.org/core-js-compat/-/core-js-compat-3.50.0.tgz 0ms (cache hit)
2335 http cache convert-source-map@https://registry.npmjs.org/convert-source-map/-/convert-source-map-2.0.0.tgz 0ms (cache hit)
2336 http cache call-bind@https://registry.npmjs.org/call-bind/-/call-bind-1.0.9.tgz 0ms (cache hit)
2337 http cache call-bound@https://registry.npmjs.org/call-bound/-/call-bound-1.0.4.tgz 0ms (cache hit)
2338 http cache caniuse-lite@https://registry.npmjs.org/caniuse-lite/-/caniuse-lite-1.0.30001810.tgz 0ms (cache hit)
2339 http cache call-bind-apply-helpers@https://registry.npmjs.org/call-bind-apply-helpers/-/call-bind-apply-helpers-1.0.2.tgz 0ms (cache hit)
2340 http cache buffer-from@https://registry.npmjs.org/buffer-from/-/buffer-from-1.1.2.tgz 0ms (cache hit)
2341 http cache big.js@https://registry.npmjs.org/big.js/-/big.js-5.2.2.tgz 0ms (cache hit)
2342 http cache babel-plugin-polyfill-regenerator@https://registry.npmjs.org/babel-plugin-polyfill-regenerator/-/babel-plugin-polyfill-regenerator-0.6.8.tgz 0ms (cache hit)
2343 http cache builtin-modules@https://registry.npmjs.org/builtin-modules/-/builtin-modules-3.3.0.tgz 0ms (cache hit)
2344 http cache browserslist@https://registry.npmjs.org/browserslist/-/browserslist-4.28.9.tgz 0ms (cache hit)
2345 http cache async-function@https://registry.npmjs.org/async-function/-/async-function-1.0.0.tgz 0ms (cache hit)
2346 http cache baseline-browser-mapping@https://registry.npmjs.org/baseline-browser-mapping/-/baseline-browser-mapping-2.11.21.tgz 0ms (cache hit)
2347 http cache babel-plugin-polyfill-corejs2@https://registry.npmjs.org/babel-plugin-polyfill-corejs2/-/babel-plugin-polyfill-corejs2-0.4.17.tgz 0ms (cache hit)
2348 http cache arraybuffer.prototype.slice@https://registry.npmjs.org/arraybuffer.prototype.slice/-/arraybuffer.prototype.slice-1.0.4.tgz 0ms (cache hit)
2349 http cache babel-plugin-polyfill-corejs3@https://registry.npmjs.org/babel-plugin-polyfill-corejs3/-/babel-plugin-polyfill-corejs3-0.14.2.tgz 0ms (cache hit)
2350 http cache available-typed-arrays@https://registry.npmjs.org/available-typed-arrays/-/available-typed-arrays-1.0.7.tgz 0ms (cache hit)
2351 http cache array-uniq@https://registry.npmjs.org/array-uniq/-/array-uniq-1.0.3.tgz 0ms (cache hit)
2352 http cache babel-loader@https://registry.npmjs.org/babel-loader/-/babel-loader-8.4.1.tgz 0ms (cache hit)
2353 http cache ajv-keywords@https://registry.npmjs.org/ajv-keywords/-/ajv-keywords-3.5.2.tgz 0ms (cache hit)
2354 http cache array-buffer-byte-length@https://registry.npmjs.org/array-buffer-byte-length/-/array-buffer-byte-length-1.0.2.tgz 0ms (cache hit)
2355 http cache acorn@https://registry.npmjs.org/acorn/-/acorn-8.15.0.tgz 0ms (cache hit)
2356 http cache semver@https://registry.npmjs.org/semver/-/semver-6.3.1.tgz 0ms (cache hit)
2357 http cache magic-string@https://registry.npmjs.org/magic-string/-/magic-string-0.25.9.tgz 0ms (cache hit)
2358 http cache array-union@https://registry.npmjs.org/array-union/-/array-union-2.1.0.tgz 0ms (cache hit)
2359 http cache semver@https://registry.npmjs.org/semver/-/semver-6.3.1.tgz 0ms (cache hit)
2360 http cache ms@https://registry.npmjs.org/ms/-/ms-2.1.3.tgz 0ms (cache hit)
2361 http cache ms@https://registry.npmjs.org/ms/-/ms-2.1.3.tgz 0ms (cache hit)
2362 http cache debug@https://registry.npmjs.org/debug/-/debug-4.4.3.tgz 0ms (cache hit)
2363 http cache debug@https://registry.npmjs.org/debug/-/debug-4.4.3.tgz 0ms (cache hit)
2364 http cache lru-cache@https://registry.npmjs.org/lru-cache/-/lru-cache-5.1.1.tgz 0ms (cache hit)
2365 http cache debug@https://registry.npmjs.org/debug/-/debug-4.4.3.tgz 0ms (cache hit)
2366 http cache yallist@https://registry.npmjs.org/yallist/-/yallist-3.1.1.tgz 0ms (cache hit)
2367 http cache ms@https://registry.npmjs.org/ms/-/ms-2.1.3.tgz 0ms (cache hit)
2368 http cache semver@https://registry.npmjs.org/semver/-/semver-6.3.1.tgz 0ms (cache hit)
2369 http cache source-map@https://registry.npmjs.org/source-map/-/source-map-0.8.0.tgz 0ms (cache hit)
2370 http cache semver@https://registry.npmjs.org/semver/-/semver-6.3.1.tgz 0ms (cache hit)
2371 http cache semver@https://registry.npmjs.org/semver/-/semver-6.3.1.tgz 0ms (cache hit)
2372 http cache commander@https://registry.npmjs.org/commander/-/commander-2.20.3.tgz 0ms (cache hit)
2373 http cache brace-expansion@https://registry.npmjs.org/brace-expansion/-/brace-expansion-1.1.18.tgz 0ms (cache hit)
2374 http cache ajv-keywords@https://registry.npmjs.org/ajv-keywords/-/ajv-keywords-5.1.0.tgz 0ms (cache hit)
2375 http cache schema-utils@https://registry.npmjs.org/schema-utils/-/schema-utils-4.3.3.tgz 0ms (cache hit)
2376 http cache minimatch@https://registry.npmjs.org/minimatch/-/minimatch-3.1.5.tgz 0ms (cache hit)
2377 http cache is-obj@https://registry.npmjs.org/is-obj/-/is-obj-1.0.1.tgz 0ms (cache hit)
2378 http cache json-schema-traverse@https://registry.npmjs.org/json-schema-traverse/-/json-schema-traverse-0.4.1.tgz 0ms (cache hit)
2379 http cache ajv-formats@https://registry.npmjs.org/ajv-formats/-/ajv-formats-2.1.1.tgz 0ms (cache hit)
2380 http cache ajv@https://registry.npmjs.org/ajv/-/ajv-6.15.0.tgz 0ms (cache hit)
2381 http cache glob@https://registry.npmjs.org/glob/-/glob-7.2.3.tgz 0ms (cache hit)
2382 http cache jest-worker@https://registry.npmjs.org/jest-worker/-/jest-worker-26.6.2.tgz 0ms (cache hit)
2383 http cache supports-color@https://registry.npmjs.org/supports-color/-/supports-color-8.1.1.tgz 0ms (cache hit)
2384 http cache slash@https://registry.npmjs.org/slash/-/slash-3.0.0.tgz 0ms (cache hit)
2385 http cache p-limit@https://registry.npmjs.org/p-limit/-/p-limit-2.3.0.tgz 0ms (cache hit)
2386 http cache minimatch@https://registry.npmjs.org/minimatch/-/minimatch-5.1.9.tgz 0ms (cache hit)
2387 http cache pify@https://registry.npmjs.org/pify/-/pify-4.0.1.tgz 0ms (cache hit)
2388 http cache pify@https://registry.npmjs.org/pify/-/pify-2.3.0.tgz 0ms (cache hit)
2389 http cache globby@https://registry.npmjs.org/globby/-/globby-6.1.0.tgz 0ms (cache hit)
2390 http cache minimatch@https://registry.npmjs.org/minimatch/-/minimatch-3.1.5.tgz 0ms (cache hit)
2391 http cache semver@https://registry.npmjs.org/semver/-/semver-6.3.1.tgz 0ms (cache hit)
2392 http cache brace-expansion@https://registry.npmjs.org/brace-expansion/-/brace-expansion-1.1.18.tgz 0ms (cache hit)
2393 http cache array-union@https://registry.npmjs.org/array-union/-/array-union-1.0.2.tgz 0ms (cache hit)
2394 http cache glob@https://registry.npmjs.org/glob/-/glob-7.2.3.tgz 0ms (cache hit)
2395 silly tarball no local data for acorn@https://registry.npmjs.org/acorn/-/acorn-8.15.0.tgz. Extracting by manifest.
2396 http fetch POST 200 https://registry.npmjs.org/-/npm/v1/security/advisories/bulk 1178ms
2397 silly audit report {
2397 silly audit report   '@grpc/grpc-js': [
2397 silly audit report     {
2397 silly audit report       id: 1120582,
2397 silly audit report       url: 'https://github.com/advisories/GHSA-5375-pq7m-f5r2',
2397 silly audit report       title: '@grpc/grpc-js: A malformed request can cause a server crash',
2397 silly audit report       severity: 'high',
2397 silly audit report       vulnerable_versions: '>=1.14.0 <1.14.4',
2397 silly audit report       cwe: [Array],
2397 silly audit report       cvss: [Object]
2397 silly audit report     },
2397 silly audit report     {
2397 silly audit report       id: 1120587,
2397 silly audit report       url: 'https://github.com/advisories/GHSA-5375-pq7m-f5r2',
2397 silly audit report       title: '@grpc/grpc-js: A malformed request can cause a server crash',
2397 silly audit report       severity: 'high',
2397 silly audit report       vulnerable_versions: '<1.9.16',
2397 silly audit report       cwe: [Array],
2397 silly audit report       cvss: [Object]
2397 silly audit report     },
2397 silly audit report     {
2397 silly audit report       id: 1120588,
2397 silly audit report       url: 'https://github.com/advisories/GHSA-99f4-grh7-6pcq',
2397 silly audit report       title: '@grpc/grpc-js: An incoming malformed compressed message can cause a client or server crash',
2397 silly audit report       severity: 'high',
2397 silly audit report       vulnerable_versions: '>=1.14.0 <1.14.4',
2397 silly audit report       cwe: [Array],
2397 silly audit report       cvss: [Object]
2397 silly audit report     },
2397 silly audit report     {
2397 silly audit report       id: 1120593,
2397 silly audit report       url: 'https://github.com/advisories/GHSA-99f4-grh7-6pcq',
2397 silly audit report       title: '@grpc/grpc-js: An incoming malformed compressed message can cause a client or server crash',
2397 silly audit report       severity: 'high',
2397 silly audit report       vulnerable_versions: '<1.9.16',
2397 silly audit report       cwe: [Array],
2397 silly audit report       cvss: [Object]
2397 silly audit report     }
2397 silly audit report   ],
2397 silly audit report   uuid: [
2397 silly audit report     {
2397 silly audit report       id: 1119441,
2397 silly audit report       url: 'https://github.com/advisories/GHSA-w5hq-g745-h8pq',
2397 silly audit report       title: 'uuid: Missing buffer bounds check in v3/v5/v6 when buf is provided',
2397 silly audit report       severity: 'moderate',
2397 silly audit report       vulnerable_versions: '<11.1.1',
2397 silly audit report       cwe: [Array],
2397 silly audit report       cvss: [Object]
2397 silly audit report     }
2397 silly audit report   ],
2397 silly audit report   '@modelcontextprotocol/sdk': [
2397 silly audit report     {
2397 silly audit report       id: 1113080,
2397 silly audit report       url: 'https://github.com/advisories/GHSA-345p-7cg4-v4c7',
2397 silly audit report       title: '@modelcontextprotocol/sdk has cross-client data leak via shared server/transport instance reuse',
2397 silly audit report       severity: 'high',
2397 silly audit report       vulnerable_versions: '>=1.10.0 <=1.25.3',
2397 silly audit report       cwe: [Array],
2397 silly audit report       cvss: [Object]
2397 silly audit report     },
2397 silly audit report     {
2397 silly audit report       id: 1113213,
2397 silly audit report       url: 'https://github.com/advisories/GHSA-w48q-cv73-mx4w',
2397 silly audit report       title: 'Model Context Protocol (MCP) TypeScript SDK does not enable DNS rebinding protection by default',
2397 silly audit report       severity: 'high',
2397 silly audit report       vulnerable_versions: '<1.24.0',
2397 silly audit report       cwe: [Array],
2397 silly audit report       cvss: [Object]
2397 silly audit report     },
2397 silly audit report     {
2397 silly audit report       id: 1123467,
2397 silly audit report       url: 'https://github.com/advisories/GHSA-8r9q-7v3j-jr4g',
2397 silly audit report       title: "Anthropic's MCP TypeScript SDK has a ReDoS vulnerability",
2397 silly audit report       severity: 'high',
2397 silly audit report       vulnerable_versions: '>=1.3.0 <1.25.2',
2397 silly audit report       cwe: [Array],
2397 silly audit report       cvss: [Object]
2397 silly audit report     }
2397 silly audit report   ],
2397 silly audit report   ajv: [
2397 silly audit report     {
2397 silly audit report       id: 1113714,
2397 silly audit report       url: 'https://github.com/advisories/GHSA-2g4f-4pwh-qvx6',
2397 silly audit report       title: 'ajv has ReDoS when using `$data` option',
2397 silly audit report       severity: 'moderate',
2397 silly audit report       vulnerable_versions: '<6.14.0',
2397 silly audit report       cwe: [Array],
2397 silly audit report       cvss: [Object]
2397 silly audit report     },
2397 silly audit report     {
2397 silly audit report       id: 1113715,
2397 silly audit report       url: 'https://github.com/advisories/GHSA-2g4f-4pwh-qvx6',
2397 silly audit report       title: 'ajv has ReDoS when using `$data` option',
2397 silly audit report       severity: 'moderate',
2397 silly audit report       vulnerable_versions: '>=7.0.0-alpha.0 <8.18.0',
2397 silly audit report       cwe: [Array],
2397 silly audit report       cvss: [Object]
2397 silly audit report     }
2397 silly audit report   ],
2397 silly audit report   'body-parser': [
2397 silly audit report     {
2397 silly audit report       id: 1110858,
2397 silly audit report       url: 'https://github.com/advisories/GHSA-wqch-xfxh-vrr4',
2397 silly audit report       title: 'body-parser is vulnerable to denial of service when url encoding is used',
2397 silly audit report       severity: 'moderate',
2397 silly audit report       vulnerable_versions: '>=2.2.0 <2.2.1',
2397 silly audit report       cwe: [Array],
2397 silly audit report       cvss: [Object]
2397 silly audit report     },
2397 silly audit report     {
2397 silly audit report       id: 1123976,
2397 silly audit report       url: 'https://github.com/advisories/GHSA-v422-hmwv-36x6',
2397 silly audit report       title: 'body-parser vulnerable to denial of service when invalid limit value silently disables size enforcement',
2397 silly audit report       severity: 'low',
2397 silly audit report       vulnerable_versions: '>=2.0.0 <2.3.0',
2397 silly audit report       cwe: [Array],
2397 silly audit report       cvss: [Object]
2397 silly audit report     },
2397 silly audit report     {
2397 silly audit report       id: 1123977,
2397 silly audit report       url: 'https://github.com/advisories/GHSA-v422-hmwv-36x6',
2397 silly audit report       title: 'body-parser vulnerable to denial of service when invalid limit value silently disables size enforcement',
2397 silly audit report       severity: 'low',
2397 silly audit report       vulnerable_versions: '<1.20.6',
2397 silly audit report       cwe: [Array],
2397 silly audit report       cvss: [Object]
2397 silly audit report     }
2397 silly audit report   ],
2397 silly audit report   qs: [
2397 silly audit report     {
2397 silly audit report       id: 1158507,
2397 silly audit report       url: 'https://github.com/advisories/GHSA-4mjr-xmp4-gh2g',
2397 silly audit report       title: 'qs: Denial of Service via Attacker Controlled isBuffer',
2397 silly audit report       severity: 'moderate',
2397 silly audit report       vulnerable_versions: '>=2.2.5 <6.16.0',
2397 silly audit report       cwe: [Array],
2397 silly audit report       cvss: [Object]
2397 silly audit report     },
2397 silly audit report     {
2397 silly audit report       id: 1119502,
2397 silly audit report       url: 'https://github.com/advisories/GHSA-q8mj-m7cp-5q26',
2397 silly audit report       title: 'qs has a remotely triggerable DoS: qs.stringify crashes with TypeError on null/undefined entries in comma-format arrays when encodeValuesOnly is set',
2397 silly audit report       severity: 'moderate',
2397 silly audit report       vulnerable_versions: '>=6.11.1 <=6.15.1',
2397 silly audit report       cwe: [Array],
2397 silly audit report       cvss: [Object]
2397 silly audit report     },
2397 silly audit report     {
2397 silly audit report       id: 1113161,
2397 silly audit report       url: 'https://github.com/advisories/GHSA-w7fw-mjwx-w883',
2397 silly audit report       title: "qs's arrayLimit bypass in comma parsing allows denial of service",
2397 silly audit report       severity: 'low',
2397 silly audit report       vulnerable_versions: '>=6.7.0 <=6.14.1',
2397 silly audit report       cwe: [Array],
2397 silly audit report       cvss: [Object]
2397 silly audit report     },
2397 silly audit report     {
2397 silly audit report       id: 1113719,
2397 silly audit report       url: 'https://github.com/advisories/GHSA-6rw7-vpxm-498p',
2397 silly audit report       title: "qs's arrayLimit bypass in its bracket notation allows DoS via memory exhaustion",
2397 silly audit report       severity: 'moderate',
2397 silly audit report       vulnerable_versions: '<6.14.1',
2397 silly audit report       cwe: [Array],
2397 silly audit report       cvss: [Object]
2397 silly audit report     }
2397 silly audit report   ],
2397 silly audit report   '@opentelemetry/auto-instrumentations-node': [
2397 silly audit report     {
2397 silly audit report       id: 1120251,
2397 silly audit report       url: 'https://github.com/advisories/GHSA-q7rr-3cgh-j5r3',
2397 silly audit report       title: 'Prometheus exporter process crash via malformed HTTP request',
2397 silly audit report       severity: 'high',
2397 silly audit report       vulnerable_versions: '<0.75.0',
2397 silly audit report       cwe: [Array],
2397 silly audit report       cvss: [Object]
2397 silly audit report     }
2397 silly audit report   ],
2397 silly audit report   '@opentelemetry/core': [
2397 silly audit report     {
2397 silly audit report       id: 1153174,
2397 silly audit report       url: 'https://github.com/advisories/GHSA-8988-4f7v-96qf',
2397 silly audit report       title: 'OpenTelemetry Core: Unbounded memory allocation in W3C Baggage propagation',
2397 silly audit report       severity: 'moderate',
2397 silly audit report       vulnerable_versions: '<2.8.0',
2397 silly audit report       cwe: [Array],
2397 silly audit report       cvss: [Object]
2397 silly audit report     }
2397 silly audit report   ],
2397 silly audit report   '@opentelemetry/propagator-jaeger': [
2397 silly audit report     {
2397 silly audit report       id: 1124011,
2397 silly audit report       url: 'https://github.com/advisories/GHSA-45rx-2jwx-cxfr',
2397 silly audit report       title: 'OpenTelemetry JavaScript: Denial of service in `JaegerPropagator` via unhandled exception on a malformed header',
2397 silly audit report       severity: 'high',
2397 silly audit report       vulnerable_versions: '<2.9.0',
2397 silly audit report       cwe: [Array],
2397 silly audit report       cvss: [Object]
2397 silly audit report     }
2397 silly audit report   ],
2397 silly audit report   '@opentelemetry/sdk-node': [
2397 silly audit report     {
2397 silly audit report       id: 1120252,
2397 silly audit report       url: 'https://github.com/advisories/GHSA-q7rr-3cgh-j5r3',
2397 silly audit report       title: 'Prometheus exporter process crash via malformed HTTP request',
2397 silly audit report       severity: 'high',
2397 silly audit report       vulnerable_versions: '<0.217.0',
2397 silly audit report       cwe: [Array],
2397 silly audit report       cvss: [Object]
2397 silly audit report     }
2397 silly audit report   ],
2397 silly audit report   '@protobufjs/utf8': [
2397 silly audit report     {
2397 silly audit report       id: 1118933,
2397 silly audit report       url: 'https://github.com/advisories/GHSA-q6x5-8v7m-xcrf',
2397 silly audit report       title: 'protobufjs has overlong UTF-8 decoding',
2397 silly audit report       severity: 'moderate',
2397 silly audit report       vulnerable_versions: '<=1.1.0',
2397 silly audit report       cwe: [Array],
2397 silly audit report       cvss: [Object]
2397 silly audit report     }
2397 silly audit report   ],
2397 silly audit report   '@tootallnate/once': [
2397 silly audit report     {
2397 silly audit report       id: 1119438,
2397 silly audit report       url: 'https://github.com/advisories/GHSA-vpq2-c234-7xj6',
2397 silly audit report       title: '@tootallnate/once vulnerable to Incorrect Control Flow Scoping',
2397 silly audit report       severity: 'low',
2397 silly audit report       vulnerable_versions: '<2.0.1',
2397 silly audit report       cwe: [Array],
2397 silly audit report       cvss: [Object]
2397 silly audit report     }
2397 silly audit report   ],
2397 silly audit report   'form-data': [
2397 silly audit report     {
2397 silly audit report       id: 1120743,
2397 silly audit report       url: 'https://github.com/advisories/GHSA-hmw2-7cc7-3qxx',
2397 silly audit report       title: 'form-data: CRLF injection in form-data via unescaped multipart field names and filenames',
2397 silly audit report       severity: 'high',
2397 silly audit report       vulnerable_versions: '>=4.0.0 <4.0.6',
2397 silly audit report       cwe: [Array],
2397 silly audit report       cvss: [Object]
2397 silly audit report     },
2397 silly audit report     {
2397 silly audit report       id: 1120745,
2397 silly audit report       url: 'https://github.com/advisories/GHSA-hmw2-7cc7-3qxx',
2397 silly audit report       title: 'form-data: CRLF injection in form-data via unescaped multipart field names and filenames',
2397 silly audit report       severity: 'high',
2397 silly audit report       vulnerable_versions: '<2.5.6',
2397 silly audit report       cwe: [Array],
2397 silly audit report       cvss: [Object]
2397 silly audit report     }
2397 silly audit report   ],
2397 silly audit report   'adm-zip': [
2397 silly audit report     {
2397 silly audit report       id: 1123686,
2397 silly audit report       url: 'https://github.com/advisories/GHSA-xcpc-8h2w-3j85',
2397 silly audit report       title: 'adm-zip: Crafted ZIP file triggers 4GB memory allocation',
2397 silly audit report       severity: 'high',
2397 silly audit report       vulnerable_versions: '<0.6.0',
2397 silly audit report       cwe: [Array],
2397 silly audit report       cvss: [Object]
2397 silly audit report     }
2397 silly audit report   ],
2397 silly audit report   axios: [
2397 silly audit report     {
2397 silly audit report       id: 1118607,
2397 silly audit report       url: 'https://github.com/advisories/GHSA-q8qp-cvcw-x6jj',
2397 silly audit report       title: 'Axios has prototype pollution read-side gadgets in HTTP adapter that allow credential injection and request hijacking',
2397 silly audit report       severity: 'high',
2397 silly audit report       vulnerable_versions: '>=1.0.0 <1.15.2',
2397 silly audit report       cwe: [Array],
2397 silly audit report       cvss: [Object]
2397 silly audit report     },
2397 silly audit report     {
2397 silly audit report       id: 1119404,
2397 silly audit report       url: 'https://github.com/advisories/GHSA-fvcv-3m26-pcqx',
2397 silly audit report       title: 'Axios has Unrestricted Cloud Metadata Exfiltration via Header Injection Chain',
2397 silly audit report       severity: 'moderate',
2397 silly audit report       vulnerable_versions: '>=1.0.0 <1.15.0',
2397 silly audit report       cwe: [Array],
2397 silly audit report       cvss: [Object]
2397 silly audit report     },
2397 silly audit report     {
2397 silly audit report       id: 1120125,
2397 silly audit report       url: 'https://github.com/advisories/GHSA-62hf-57xw-28j9',
2397 silly audit report       title: 'Axios: unbounded recursion in toFormData causes DoS via deeply nested request data',
2397 silly audit report       severity: 'moderate',
2397 silly audit report       vulnerable_versions: '>=1.0.0 <1.15.1',
2397 silly audit report       cwe: [Array],
2397 silly audit report       cvss: [Object]
2397 silly audit report     },
2397 silly audit report     {
2397 silly audit report       id: 1120547,
2397 silly audit report       url: 'https://github.com/advisories/GHSA-hfxv-24rg-xrqf',
2397 silly audit report       title: 'Axios: Regular Expression Denial of Service (ReDoS) via Cookie Name Injection',
2397 silly audit report       severity: 'high',
2397 silly audit report       vulnerable_versions: '>=1.0.0 <1.16.0',
2397 silly audit report       cwe: [Array],
2397 silly audit report       cvss: [Object]
2397 silly audit report     },
2397 silly audit report     {
2397 silly audit report       id: 1120643,
2397 silly audit report       url: 'https://github.com/advisories/GHSA-777c-7fjr-54vf',
2397 silly audit report       title: 'Allocation of Resources Without Limits or Throttling in Axios',
2397 silly audit report       severity: 'high',
2397 silly audit report       vulnerable_versions: '>=1.7.0 <1.16.0',
2397 silly audit report       cwe: [Array],
2397 silly audit report       cvss: [Object]
2397 silly audit report     },
2397 silly audit report     {
2397 silly audit report       id: 1120645,
2397 silly audit report       url: 'https://github.com/advisories/GHSA-p92q-9vqr-4j8v',
2397 silly audit report       title: 'Axios: Proxy-Authorization Credential Leak to Origin Server Across HTTP-to-HTTPS Redirect in Axios Node.js HTTP Adapter',
2397 silly audit report       severity: 'high',
2397 silly audit report       vulnerable_versions: '>=1.0.0 <1.16.0',
2397 silly audit report       cwe: [Array],
2397 silly audit report       cvss: [Object]
2397 silly audit report     },
2397 silly audit report     {
2397 silly audit report       id: 1120647,
2397 silly audit report       url: 'https://github.com/advisories/GHSA-j5f8-grm9-p9fc',
2397 silly audit report       title: 'Axios: Proxy-Authorization header leaks to redirect target when proxy is re-evaluated to direct connection',
2397 silly audit report       severity: 'high',
2397 silly audit report       vulnerable_versions: '>=1.0.0 <1.16.0',
2397 silly audit report       cwe: [Array],
2397 silly audit report       cvss: [Object]
2397 silly audit report     },
2397 silly audit report     {
2397 silly audit report       id: 1120649,
2397 silly audit report       url: 'https://github.com/advisories/GHSA-3g43-6gmg-66jw',
2397 silly audit report       title: 'axios Vulnerable to Credential Theft and Response Hijacking via Prototype Pollution Gadget in Config Merge',
2397 silly audit report       severity: 'high',
2397 silly audit report       vulnerable_versions: '>=1.0.0 <1.15.2',
2397 silly audit report       cwe: [Array],
2397 silly audit report       cvss: [Object]
2397 silly audit report     },
2397 silly audit report     {
2397 silly audit report       id: 1120650,
2397 silly audit report       url: 'https://github.com/advisories/GHSA-35jp-ww65-95wh',
2397 silly audit report       title: 'axios Vulnerable to Full Man-in-the-Middle via Prototype Pollution Gadget in `config.proxy`',
2397 silly audit report       severity: 'high',
2397 silly audit report       vulnerable_versions: '>=1.0.0 <1.16.0',
2397 silly audit report       cwe: [Array],
2397 silly audit report       cvss: [Object]
2397 silly audit report     },
2397 silly audit report     {
2397 silly audit report       id: 1120652,
2397 silly audit report       url: 'https://github.com/advisories/GHSA-898c-q2cr-xwhg',
2397 silly audit report       title: 'axios has DoS & Header Injection via Prototype Pollution Read-Side Gadgets in axios merge functions',
2397 silly audit report       severity: 'moderate',
2397 silly audit report       vulnerable_versions: '>=1.0.0 <1.16.0',
2397 silly audit report       cwe: [Array],
2397 silly audit report       cvss: [Object]
2397 silly audit report     },
2397 silly audit report     {
2397 silly audit report       id: 1116673,
2397 silly audit report       url: 'https://github.com/advisories/GHSA-3p68-rc4w-qgx5',
2397 silly audit report       title: 'Axios has a NO_PROXY Hostname Normalization Bypass that Leads to SSRF',
2397 silly audit report       severity: 'moderate',
2397 silly audit report       vulnerable_versions: '>=1.0.0 <1.15.0',
2397 silly audit report       cwe: [Array],
2397 silly audit report       cvss: [Object]
2397 silly audit report     },
2397 silly audit report     {
2397 silly audit report       id: 1117574,
2397 silly audit report       url: 'https://github.com/advisories/GHSA-w9j2-pvgh-6h63',
2397 silly audit report       title: 'Axios: Authentication Bypass via Prototype Pollution Gadget in `validateStatus` Merge Strategy',
2397 silly audit report       severity: 'moderate',
2397 silly audit report       vulnerable_versions: '>=1.0.0 <1.15.1',
2397 silly audit report       cwe: [Array],
2397 silly audit report       cvss: [Object]
2397 silly audit report     },
2397 silly audit report     {
2397 silly audit report       id: 1117576,
2397 silly audit report       url: 'https://github.com/advisories/GHSA-pmwg-cvhr-8vh7',
2397 silly audit report       title: 'Axios: Incomplete Fix for CVE-2025-62718 — NO_PROXY Protection Bypassed via RFC 1122 Loopback Subnet (127.0.0.0/8) in Axios 1.15.0',
2397 silly audit report       severity: 'high',
2397 silly audit report       vulnerable_versions: '>=1.0.0 <1.15.1',
2397 silly audit report       cwe: [Array],
2397 silly audit report       cvss: [Object]
2397 silly audit report     },
2397 silly audit report     {
2397 silly audit report       id: 1117577,
2397 silly audit report       url: 'https://github.com/advisories/GHSA-3w6x-2g7m-8v23',
2397 silly audit report       title: 'Axios: Invisible JSON Response Tampering via Prototype Pollution Gadget in `parseReviver`',
2397 silly audit report       severity: 'moderate',
2397 silly audit report       vulnerable_versions: '>=1.0.0 <1.15.2',
2397 silly audit report       cwe: [Array],
2397 silly audit report       cvss: [Object]
2397 silly audit report     },
2397 silly audit report     {
2397 silly audit report       id: 1117580,
2397 silly audit report       url: 'https://github.com/advisories/GHSA-xhjh-pmcv-23jw',
2397 silly audit report       title: 'Axios: Null Byte Injection via Reverse-Encoding in AxiosURLSearchParams',
2397 silly audit report       severity: 'low',
2397 silly audit report       vulnerable_versions: '>=1.0.0 <1.15.1',
2397 silly audit report       cwe: [Array],
2397 silly audit report       cvss: [Object]
2397 silly audit report     },
2397 silly audit report     {
2397 silly audit report       id: 1117581,
2397 silly audit report       url: 'https://github.com/advisories/GHSA-445q-vr5w-6q77',
2397 silly audit report       title: 'Axios: CRLF Injection in multipart/form-data body via unsanitized blob.type in formDataToStream',
2397 silly audit report       severity: 'moderate',
2397 silly audit report       vulnerable_versions: '>=1.0.0 <1.15.1',
2397 silly audit report       cwe: [Array],
2397 silly audit report       cvss: [Object]
2397 silly audit report     },
2397 silly audit report     {
2397 silly audit report       id: 1117583,
2397 silly audit report       url: 'https://github.com/advisories/GHSA-m7pr-hjqh-92cm',
2397 silly audit report       title: 'Axios: no_proxy bypass via IP alias allows SSRF',
2397 silly audit report       severity: 'moderate',
2397 silly audit report       vulnerable_versions: '>=1.0.0 <1.15.1',
2397 silly audit report       cwe: [Array],
2397 silly audit report       cvss: [Object]
2397 silly audit report     },
2397 silly audit report     {
2397 silly audit report       id: 1117587,
2397 silly audit report       url: 'https://github.com/advisories/GHSA-5c9x-8gcm-mpgx',
2397 silly audit report       title: "Axios' HTTP adapter-streamed uploads bypass maxBodyLength when maxRedirects: 0",
2397 silly audit report       severity: 'moderate',
2397 silly audit report       vulnerable_versions: '>=1.0.0 <1.15.1',
2397 silly audit report       cwe: [Array],
2397 silly audit report       cvss: [Object]
2397 silly audit report     },
2397 silly audit report     {
2397 silly audit report       id: 1117589,
2397 silly audit report       url: 'https://github.com/advisories/GHSA-vf2m-468p-8v99',
2397 silly audit report       title: 'Axios: HTTP adapter streamed responses bypass maxContentLength',
2397 silly audit report       severity: 'moderate',
2397 silly audit report       vulnerable_versions: '>=1.0.0 <1.15.1',
2397 silly audit report       cwe: [Array],
2397 silly audit report       cvss: [Object]
2397 silly audit report     },
2397 silly audit report     {
2397 silly audit report       id: 1117591,
2397 silly audit report       url: 'https://github.com/advisories/GHSA-pf86-5x62-jrwf',
2397 silly audit report       title: 'Axios: Prototype Pollution Gadgets - Response Tampering, Data Exfiltration, and Request Hijacking',
2397 silly audit report       severity: 'high',
2397 silly audit report       vulnerable_versions: '>=1.0.0 <1.15.1',
2397 silly audit report       cwe: [Array],
2397 silly audit report       cvss: [Object]
2397 silly audit report     },
2397 silly audit report     {
2397 silly audit report       id: 1117593,
2397 silly audit report       url: 'https://github.com/advisories/GHSA-6chq-wfr3-2hj9',
2397 silly audit report       title: 'Axios: Header Injection via Prototype Pollution',
2397 silly audit report       severity: 'high',
2397 silly audit report       vulnerable_versions: '>=1.0.0 <1.15.1',
2397 silly audit report       cwe: [Array],
2397 silly audit report       cvss: [Object]
2397 silly audit report     },
2397 silly audit report     {
2397 silly audit report       id: 1117595,
2397 silly audit report       url: 'https://github.com/advisories/GHSA-xx6v-rp6x-q39c',
2397 silly audit report       title: 'Axios: XSRF Token Cross-Origin Leakage via Prototype Pollution Gadget in `withXSRFToken` Boolean Coercion',
2397 silly audit report       severity: 'moderate',
2397 silly audit report       vulnerable_versions: '>=1.0.0 <1.15.1',
2397 silly audit report       cwe: [Array],
2397 silly audit report       cvss: [Object]
2397 silly audit report     },
2397 silly audit report     {
2397 silly audit report       id: 1117858,
2397 silly audit report       url: 'https://github.com/advisories/GHSA-43fc-jf86-j433',
2397 silly audit report       title: 'Axios is Vulnerable to Denial of Service via __proto__ Key in mergeConfig',
2397 silly audit report       severity: 'high',
2397 silly audit report       vulnerable_versions: '>=1.0.0 <=1.13.4',
2397 silly audit report       cwe: [Array],
2397 silly audit report       cvss: [Object]
2397 silly audit report     },
2397 silly audit report     {
2397 silly audit report       id: 1147949,
2397 silly audit report       url: 'https://github.com/advisories/GHSA-mmx7-hfxf-jppx',
2397 silly audit report       title: 'Axios: Prototype pollution gadgets can alter axios request construction',
2397 silly audit report       severity: 'moderate',
2397 silly audit report       vulnerable_versions: '>=1.0.0 <1.18.0',
2397 silly audit report       cwe: [Array],
2397 silly audit report       cvss: [Object]
2397 silly audit report     },
2397 silly audit report     {
2397 silly audit report       id: 1147950,
2397 silly audit report       url: 'https://github.com/advisories/GHSA-pmv8-rq9r-6j72',
2397 silly audit report       title: 'Axios: Deep formToJSON Key Recursion Can Cause Denial of Service',
2397 silly audit report       severity: 'moderate',
2397 silly audit report       vulnerable_versions: '>=1.0.0 <1.18.0',
2397 silly audit report       cwe: [Array],
2397 silly audit report       cvss: [Object]
2397 silly audit report     },
2397 silly audit report     {
2397 silly audit report       id: 1153175,
2397 silly audit report       url: 'https://github.com/advisories/GHSA-mwf2-3pr3-8698',
2397 silly audit report       title: 'Axios: HTTP/2 streamed uploads bypass `maxBodyLength`',
2397 silly audit report       severity: 'moderate',
2397 silly audit report       vulnerable_versions: '>=1.13.0 <1.18.0',
2397 silly audit report       cwe: [Array],
2397 silly audit report       cvss: [Object]
2397 silly audit report     },
2397 silly audit report     {
2397 silly audit report       id: 1153180,
2397 silly audit report       url: 'https://github.com/advisories/GHSA-7q8q-rj6j-mhjq',
2397 silly audit report       title: 'Axios: Nested axios option objects can consume polluted prototype values',
2397 silly audit report       severity: 'moderate',
2397 silly audit report       vulnerable_versions: '>=1.0.0 <1.18.0',
2397 silly audit report       cwe: [Array],
2397 silly audit report       cvss: [Object]
2397 silly audit report     },
2397 silly audit report     {
2397 silly audit report       id: 1153182,
2397 silly audit report       url: 'https://github.com/advisories/GHSA-jqh4-m9w3-8hp9',
2397 silly audit report       title: 'Axios: Fetch adapter `ReadableStream` uploads bypass `maxBodyLength`',
2397 silly audit report       severity: 'moderate',
2397 silly audit report       vulnerable_versions: '>=1.7.0 <1.18.0',
2397 silly audit report       cwe: [Array],
2397 silly audit report       cvss: [Object]
2397 silly audit report     },
2397 silly audit report     {
2397 silly audit report       id: 1153185,
2397 silly audit report       url: 'https://github.com/advisories/GHSA-42h9-826w-cgv3',
2397 silly audit report       title: 'Axios: Excessive recursion in formDataToJSON can cause denial of service',
2397 silly audit report       severity: 'moderate',
2397 silly audit report       vulnerable_versions: '>=1.0.0 <1.18.0',
2397 silly audit report       cwe: [Array],
2397 silly audit report       cvss: [Object]
2397 silly audit report     }
2397 silly audit report   ],
2397 silly audit report   'brace-expansion': [
2397 silly audit report     {
2397 silly audit report       id: 1105443,
2397 silly audit report       url: 'https://github.com/advisories/GHSA-v6h2-p8h4-qcjw',
2397 silly audit report       title: 'brace-expansion Regular Expression Denial of Service vulnerability',
2397 silly audit report       severity: 'low',
2397 silly audit report       vulnerable_versions: '>=1.0.0 <=1.1.11',
2397 silly audit report       cwe: [Array],
2397 silly audit report       cvss: [Object]
2397 silly audit report     },
2397 silly audit report     {
2397 silly audit report       id: 1105444,
2397 silly audit report       url: 'https://github.com/advisories/GHSA-v6h2-p8h4-qcjw',
2397 silly audit report       title: 'brace-expansion Regular Expression Denial of Service vulnerability',
2397 silly audit report       severity: 'low',
2397 silly audit report       vulnerable_versions: '>=2.0.0 <=2.0.1',
2397 silly audit report       cwe: [Array],
2397 silly audit report       cvss: [Object]
2397 silly audit report     },
2397 silly audit report     {
2397 silly audit report       id: 1130588,
2397 silly audit report       url: 'https://github.com/advisories/GHSA-mh99-v99m-4gvg',
2397 silly audit report       title: 'brace-expansion: DoS via unbounded expansion length causing an out-of-memory process crash',
2397 silly audit report       severity: 'high',
2397 silly audit report       vulnerable_versions: '<1.1.17',
2397 silly audit report       cwe: [Array],
2397 silly audit report       cvss: [Object]
2397 silly audit report     },
2397 silly audit report     {
2397 silly audit report       id: 1130589,
2397 silly audit report       url: 'https://github.com/advisories/GHSA-mh99-v99m-4gvg',
2397 silly audit report       title: 'brace-expansion: DoS via unbounded expansion length causing an out-of-memory process crash',
2397 silly audit report       severity: 'high',
2397 silly audit report       vulnerable_versions: '>=2.0.0 <2.1.3',
2397 silly audit report       cwe: [Array],
2397 silly audit report       cvss: [Object]
2397 silly audit report     },
2397 silly audit report     {
2397 silly audit report       id: 1130736,
2397 silly audit report       url: 'https://github.com/advisories/GHSA-rgw5-rvv9-x895',
2397 silly audit report       title: 'brace-expansion: DoS via unbounded intermediate arrays, bypassing the CVE-2026-14257 mitigation',
2397 silly audit report       severity: 'high',
2397 silly audit report       vulnerable_versions: '>=2.0.0 <2.1.4',
2397 silly audit report       cwe: [Array],
2397 silly audit report       cvss: [Object]
2397 silly audit report     },
2397 silly audit report     {
2397 silly audit report       id: 1130737,
2397 silly audit report       url: 'https://github.com/advisories/GHSA-rgw5-rvv9-x895',
2397 silly audit report       title: 'brace-expansion: DoS via unbounded intermediate arrays, bypassing the CVE-2026-14257 mitigation',
2397 silly audit report       severity: 'high',
2397 silly audit report       vulnerable_versions: '<1.1.18',
2397 silly audit report       cwe: [Array],
2397 silly audit report       cvss: [Object]
2397 silly audit report     },
2397 silly audit report     {
2397 silly audit report       id: 1115540,
2397 silly audit report       url: 'https://github.com/advisories/GHSA-f886-m6hf-6m8v',
2397 silly audit report       title: 'brace-expansion: Zero-step sequence causes process hang and memory exhaustion',
2397 silly audit report       severity: 'moderate',
2397 silly audit report       vulnerable_versions: '<1.1.13',
2397 silly audit report       cwe: [Array],
2397 silly audit report       cvss: [Object]
2397 silly audit report     },
2397 silly audit report     {
2397 silly audit report       id: 1115541,
2397 silly audit report       url: 'https://github.com/advisories/GHSA-f886-m6hf-6m8v',
2397 silly audit report       title: 'brace-expansion: Zero-step sequence causes process hang and memory exhaustion',
2397 silly audit report       severity: 'moderate',
2397 silly audit report       vulnerable_versions: '>=2.0.0 <2.0.3',
2397 silly audit report       cwe: [Array],
2397 silly audit report       cvss: [Object]
2397 silly audit report     },
2397 silly audit report     {
2397 silly audit report       id: 1123896,
2397 silly audit report       url: 'https://github.com/advisories/GHSA-3jxr-9vmj-r5cp',
2397 silly audit report       title: 'brace-expansion: DoS via exponential-time expansion of consecutive non-expanding {} groups',
2397 silly audit report       severity: 'high',
2397 silly audit report       vulnerable_versions: '>=2.0.0 <2.1.2',
2397 silly audit report       cwe: [Array],
2397 silly audit report       cvss: [Object]
2397 silly audit report     },
2397 silly audit report     {
2397 silly audit report       id: 1123897,
2397 silly audit report       url: 'https://github.com/advisories/GHSA-3jxr-9vmj-r5cp',
2397 silly audit report       title: 'brace-expansion: DoS via exponential-time expansion of consecutive non-expanding {} groups',
2397 silly audit report       severity: 'high',
2397 silly audit report       vulnerable_versions: '<1.1.16',
2397 silly audit report       cwe: [Array],
2397 silly audit report       cvss: [Object]
2397 silly audit report     }
2397 silly audit report   ],
2397 silly audit report   dompurify: [
2397 silly audit report     {
2397 silly audit report       id: 1105772,
2397 silly audit report       url: 'https://github.com/advisories/GHSA-vhxf-7vqr-mrjg',
2397 silly audit report       title: 'DOMPurify allows Cross-site Scripting (XSS)',
2397 silly audit report       severity: 'moderate',
2397 silly audit report       vulnerable_versions: '<3.2.4',
2397 silly audit report       cwe: [Array],
2397 silly audit report       cvss: [Object]
2397 silly audit report     },
2397 silly audit report     {
2397 silly audit report       id: 1120802,
2397 silly audit report       url: 'https://github.com/advisories/GHSA-hpcv-96wg-7vj8',
2397 silly audit report       title: 'DOMPurify: Cross-realm IN_PLACE sanitization leaves executable markup intact via realm-bound `instanceof` checks',
2397 silly audit report       severity: 'moderate',
2397 silly audit report       vulnerable_versions: '<=3.4.5',
2397 silly audit report       cwe: [Array],
2397 silly audit report       cvss: [Object]
2397 silly audit report     },
2397 silly audit report     {
2397 silly audit report       id: 1120803,
2397 silly audit report       url: 'https://github.com/advisories/GHSA-r47g-fvhr-h676',
2397 silly audit report       title: 'DOMPurify: IN_PLACE mode preserves attributes of a clobbered root element, allowing XSS via attacker-controlled root DOM',
2397 silly audit report       severity: 'moderate',
2397 silly audit report       vulnerable_versions: '<=3.4.5',
2397 silly audit report       cwe: [Array],
2397 silly audit report       cvss: [Object]
2397 silly audit report     },
2397 silly audit report     {
2397 silly audit report       id: 1120813,
2397 silly audit report       url: 'https://github.com/advisories/GHSA-rp9w-3fw7-7cwq',
2397 silly audit report       title: 'DOMPurify IN_PLACE Sanitization Bypass via Attached Shadow Root Inside <template>.content',
2397 silly audit report       severity: 'moderate',
2397 silly audit report       vulnerable_versions: '<=3.4.6',
2397 silly audit report       cwe: [Array],
2397 silly audit report       cvss: [Object]
2397 silly audit report     },
2397 silly audit report     {
2397 silly audit report       id: 1117138,
2397 silly audit report       url: 'https://github.com/advisories/GHSA-h7mw-gpvr-xq4m',
2397 silly audit report       title: 'DOMPurify: FORBID_TAGS bypassed by function-based ADD_TAGS predicate (asymmetry with FORBID_ATTR fix)',
2397 silly audit report       severity: 'moderate',
2397 silly audit report       vulnerable_versions: '<3.4.0',
2397 silly audit report       cwe: [Array],
2397 silly audit report       cvss: [Object]
2397 silly audit report     },
2397 silly audit report     {
2397 silly audit report       id: 1117139,
2397 silly audit report       url: 'https://github.com/advisories/GHSA-crv5-9vww-q3g8',
2397 silly audit report       title: 'DOMPurify has a SAFE_FOR_TEMPLATES bypass in RETURN_DOM mode',
2397 silly audit report       severity: 'moderate',
2397 silly audit report       vulnerable_versions: '>=1.0.10 <3.4.0',
2397 silly audit report       cwe: [Array],
2397 silly audit report       cvss: [Object]
2397 silly audit report     },
2397 silly audit report     {
2397 silly audit report       id: 1124022,
2397 silly audit report       url: 'https://github.com/advisories/GHSA-c2j3-45gr-mqc4',
2397 silly audit report       title: 'DOMPurify: `CUSTOM_ELEMENT_HANDLING` bypasses `afterSanitizeElements` for allowed custom elements.',
2397 silly audit report       severity: 'low',
2397 silly audit report       vulnerable_versions: '<=3.4.11',
2397 silly audit report       cwe: [Array],
2397 silly audit report       cvss: [Object]
2397 silly audit report     },
2397 silly audit report     {
2397 silly audit report       id: 1124233,
2397 silly audit report       url: 'https://github.com/advisories/GHSA-cmwh-pvxp-8882',
2397 silly audit report       title: 'DOMPurify: Permanent `ALLOWED_ATTR` pollution via `setConfig()` bypassing the hook clone-guard (incomplete fix of the 3.4.7 hook-pollution patch)',
2397 silly audit report       severity: 'moderate',
2397 silly audit report       vulnerable_versions: '<=3.4.10',
2397 silly audit report       cwe: [Array],
2397 silly audit report       cvss: [Object]
2397 silly audit report     },
2397 silly audit report     {
2397 silly audit report       id: 1124234,
2397 silly audit report       url: 'https://github.com/advisories/GHSA-vxr8-fq34-vvx9',
2397 silly audit report       title: 'DOMPurify: Trusted Types policy survives `clearConfig()` and can poison later `RETURN_TRUSTED_TYPE` output',
2397 silly audit report       severity: 'low',
2397 silly audit report       vulnerable_versions: '<3.4.9',
2397 silly audit report       cwe: [Array],
2397 silly audit report       cvss: [Object]
2397 silly audit report     },
2397 silly audit report     {
2397 silly audit report       id: 1124236,
2397 silly audit report       url: 'https://github.com/advisories/GHSA-x4vx-rjvf-j5p4',
2397 silly audit report       title: 'DOMPurify: `IN_PLACE` mode trusts attacker-controlled `nodeName` on live non-form nodes, allowing script retention and XSS via attacker-supplied DOM objects',
2397 silly audit report       severity: 'low',
2397 silly audit report       vulnerable_versions: '<=3.4.6',
2397 silly audit report       cwe: [Array],
2397 silly audit report       cvss: [Object]
2397 silly audit report     },
2397 silly audit report     {
2397 silly audit report       id: 1124237,
2397 silly audit report       url: 'https://github.com/advisories/GHSA-76mc-f452-cxcm',
2397 silly audit report       title: 'DOMPurify: Hook mutation of `data.allowedTags` / `data.allowedAttributes` permanently pollutes `DEFAULT_ALLOWED_TAGS` / `DEFAULT_ALLOWED_ATTR`',
2397 silly audit report       severity: 'moderate',
2397 silly audit report       vulnerable_versions: '<3.4.7',
2397 silly audit report       cwe: [Array],
2397 silly audit report       cvss: [Object]
2397 silly audit report     },
2397 silly audit report     {
2397 silly audit report       id: 1124238,
2397 silly audit report       url: 'https://github.com/advisories/GHSA-39q2-94rc-95cp',
2397 silly audit report       title: "DOMPurify's ADD_TAGS function form bypasses FORBID_TAGS due to short-circuit evaluation",
2397 silly audit report       severity: 'moderate',
2397 silly audit report       vulnerable_versions: '<=3.3.3',
2397 silly audit report       cwe: [Array],
2397 silly audit report       cvss: [Object]
2397 silly audit report     },
2397 silly audit report     {
2397 silly audit report       id: 1124239,
2397 silly audit report       url: 'https://github.com/advisories/GHSA-cjmm-f4jc-qw8r',
2397 silly audit report       title: 'DOMPurify ADD_ATTR predicate skips URI validation',
2397 silly audit report       severity: 'moderate',
2397 silly audit report       vulnerable_versions: '<=3.3.1',
2397 silly audit report       cwe: [Array],
2397 silly audit report       cvss: [Object]
2397 silly audit report     },
2397 silly audit report     {
2397 silly audit report       id: 1124240,
2397 silly audit report       url: 'https://github.com/advisories/GHSA-cj63-jhhr-wcxv',
2397 silly audit report       title: 'DOMPurify USE_PROFILES prototype pollution allows event handlers',
2397 silly audit report       severity: 'moderate',
2397 silly audit report       vulnerable_versions: '<=3.3.1',
2397 silly audit report       cwe: [Array],
2397 silly audit report       cvss: [Object]
2397 silly audit report     },
2397 silly audit report     {
2397 silly audit report       id: 1124241,
2397 silly audit report       url: 'https://github.com/advisories/GHSA-h8r8-wccr-v5f2',
2397 silly audit report       title: 'DOMPurify is vulnerable to mutation-XSS via Re-Contextualization ',
2397 silly audit report       severity: 'moderate',
2397 silly audit report       vulnerable_versions: '<3.3.2',
2397 silly audit report       cwe: [Array],
2397 silly audit report       cvss: [Object]
2397 silly audit report     },
2397 silly audit report     {
2397 silly audit report       id: 1138538,
2397 silly audit report       url: 'https://github.com/advisories/GHSA-55q2-fjhq-7xh7',
2397 silly audit report       title: 'DOMPurify: IN_PLACE hook removal leaves a detached subtree executable, causing XSS',
2397 silly audit report       severity: 'moderate',
2397 silly audit report       vulnerable_versions: '<=3.4.12',
2397 silly audit report       cwe: [Array],
2397 silly audit report       cvss: [Object]
2397 silly audit report     }
2397 silly audit report   ],
2397 silly audit report   'extract-zip': [
2397 silly audit report     {
2397 silly audit report       id: 1139346,
2397 silly audit report       url: 'https://github.com/advisories/GHSA-jmr9-qjv8-65gv',
2397 silly audit report       title: 'extract-zip unvalidated symlink path traversal',
2397 silly audit report       severity: 'high',
2397 silly audit report       vulnerable_versions: '<=2.0.1',
2397 silly audit report       cwe: [Array],
2397 silly audit report       cvss: [Object]
2397 silly audit report     }
2397 silly audit report   ],
2397 silly audit report   'fast-uri': [
2397 silly audit report     {
2397 silly audit report       id: 1158524,
2397 silly audit report       url: 'https://github.com/advisories/GHSA-f65p-4m7j-42xc',
2397 silly audit report       title: 'fast-uri vulnerable to server-side request forgery via malformed IPv6 normalization',
2397 silly audit report       severity: 'high',
2397 silly audit report       vulnerable_versions: '>=3.0.0 <3.1.6',
2397 silly audit report       cwe: [Array],
2397 silly audit report       cvss: [Object]
2397 silly audit report     },
2397 silly audit report     {
2397 silly audit report       id: 1158530,
2397 silly audit report       url: 'https://github.com/advisories/GHSA-jqff-g426-hqxp',
2397 silly audit report       title: 'fast-uri vulnerable to host confusion via percent-encoded scheme normalization',
2397 silly audit report       severity: 'high',
2397 silly audit report       vulnerable_versions: '>=3.0.0 <3.1.6',
2397 silly audit report       cwe: [Array],
2397 silly audit report       cvss: [Object]
2397 silly audit report     },
2397 silly audit report     {
2397 silly audit report       id: 1130720,
2397 silly audit report       url: 'https://github.com/advisories/GHSA-7p8r-x3mc-p8w7',
2397 silly audit report       title: 'fast-uri vulnerable to host confusion via backslash authority introducer',
2397 silly audit report       severity: 'high',
2397 silly audit report       vulnerable_versions: '>=3.0.0 <3.1.5',
2397 silly audit report       cwe: [Array],
2397 silly audit report       cvss: [Object]
2397 silly audit report     },
2397 silly audit report     {
2397 silly audit report       id: 1124064,
2397 silly audit report       url: 'https://github.com/advisories/GHSA-v2hh-gcrm-f6hx',
2397 silly audit report       title: 'fast-uri vulnerable to host confusion via literal backslash authority delimiter',
2397 silly audit report       severity: 'high',
2397 silly audit report       vulnerable_versions: '>=3.0.0 <=3.1.3',
2397 silly audit report       cwe: [Array],
2397 silly audit report       cvss: [Object]
2397 silly audit report     },
2397 silly audit report     {
2397 silly audit report       id: 1145559,
2397 silly audit report       url: 'https://github.com/advisories/GHSA-q3j6-qgpj-74h6',
2397 silly audit report       title: 'fast-uri vulnerable to path traversal via percent-encoded dot segments',
2397 silly audit report       severity: 'high',
2397 silly audit report       vulnerable_versions: '>=3.0.0 <=3.1.0',
2397 silly audit report       cwe: [Array],
2397 silly audit report       cvss: [Object]
2397 silly audit report     },
2397 silly audit report     {
2397 silly audit report       id: 1147878,
2397 silly audit report       url: 'https://github.com/advisories/GHSA-4c8g-83qw-93j6',
2397 silly audit report       title: 'fast-uri vulnerable to host confusion via failed IDN canonicalization',
2397 silly audit report       severity: 'high',
2397 silly audit report       vulnerable_versions: '>=3.0.0 <3.1.3',
2397 silly audit report       cwe: [Array],
2397 silly audit report       cvss: [Object]
2397 silly audit report     },
2397 silly audit report     {
2397 silly audit report       id: 1153168,
2397 silly audit report       url: 'https://github.com/advisories/GHSA-v39h-62p7-jpjc',
2397 silly audit report       title: 'fast-uri vulnerable to host confusion via percent-encoded authority delimiters',
2397 silly audit report       severity: 'high',
2397 silly audit report       vulnerable_versions: '>=3.0.0 <=3.1.1',
2397 silly audit report       cwe: [Array],
2397 silly audit report       cvss: [Object]
2397 silly audit report     }
2397 silly audit report   ],
2397 silly audit report   'fast-xml-parser': [
2397 silly audit report     {
2397 silly audit report       id: 1117911,
2397 silly audit report       url: 'https://github.com/advisories/GHSA-gh4j-gqv2-49f6',
2397 silly audit report       title: 'fast-xml-parser XMLBuilder: XML Comment and CDATA Injection via Unescaped Delimiters',
2397 silly audit report       severity: 'moderate',
2397 silly audit report       vulnerable_versions: '<5.7.0',
2397 silly audit report       cwe: [Array],
2397 silly audit report       cvss: [Object]
2397 silly audit report     },
2397 silly audit report     {
2397 silly audit report       id: 1113567,
2397 silly audit report       url: 'https://github.com/advisories/GHSA-m7jm-9gc2-mpf2',
2397 silly audit report       title: 'fast-xml-parser has an entity encoding bypass via regex injection in DOCTYPE entity names',
2397 silly audit report       severity: 'critical',
2397 silly audit report       vulnerable_versions: '>=4.1.3 <4.5.4',
2397 silly audit report       cwe: [Array],
2397 silly audit report       cvss: [Object]
2397 silly audit report     },
2397 silly audit report     {
2397 silly audit report       id: 1113570,
2397 silly audit report       url: 'https://github.com/advisories/GHSA-jmr7-xgp7-cmfj',
2397 silly audit report       title: 'fast-xml-parser affected by DoS through entity expansion in DOCTYPE (no expansion limit)',
2397 silly audit report       severity: 'high',
2397 silly audit report       vulnerable_versions: '>=4.1.3 <4.5.4',
2397 silly audit report       cwe: [Array],
2397 silly audit report       cvss: [Object]
2397 silly audit report     },
2397 silly audit report     {
2397 silly audit report       id: 1114149,
2397 silly audit report       url: 'https://github.com/advisories/GHSA-fj3w-jwp8-x2g3',
2397 silly audit report       title: 'fast-xml-parser has stack overflow in XMLBuilder with preserveOrder',
2397 silly audit report       severity: 'low',
2397 silly audit report       vulnerable_versions: '>=4.0.0-beta.0 <4.5.4',
2397 silly audit report       cwe: [Array],
2397 silly audit report       cvss: [Object]
2397 silly audit report     },
2397 silly audit report     {
2397 silly audit report       id: 1115338,
2397 silly audit report       url: 'https://github.com/advisories/GHSA-8gc5-j5rx-235r',
2397 silly audit report       title: 'fast-xml-parser affected by numeric entity expansion bypassing all entity expansion limits (incomplete fix for CVE-2026-26278)',
2397 silly audit report       severity: 'high',
2397 silly audit report       vulnerable_versions: '>=4.0.0-beta.3 <4.5.5',
2397 silly audit report       cwe: [Array],
2397 silly audit report       cvss: [Object]
2397 silly audit report     },
2397 silly audit report     {
2397 silly audit report       id: 1116308,
2397 silly audit report       url: 'https://github.com/advisories/GHSA-jp2q-39xq-3w4g',
2397 silly audit report       title: 'Entity Expansion Limits Bypassed When Set to Zero Due to JavaScript Falsy Evaluation in fast-xml-parser',
2397 silly audit report       severity: 'moderate',
2397 silly audit report       vulnerable_versions: '>=4.0.0-beta.3 <4.5.5',
2397 silly audit report       cwe: [Array],
2397 silly audit report       cvss: [Object]
2397 silly audit report     }
2397 silly audit report   ],
2397 silly audit report   'follow-redirects': [
2397 silly audit report     {
2397 silly audit report       id: 1116560,
2397 silly audit report       url: 'https://github.com/advisories/GHSA-r4q5-vmmm-2653',
2397 silly audit report       title: 'follow-redirects leaks Custom Authentication Headers to Cross-Domain Redirect Targets',
2397 silly audit report       severity: 'moderate',
2397 silly audit report       vulnerable_versions: '<=1.15.11',
2397 silly audit report       cwe: [Array],
2397 silly audit report       cvss: [Object]
2397 silly audit report     }
2397 silly audit report   ],
2397 silly audit report   glob: [
2397 silly audit report     {
2397 silly audit report       id: 1109842,
2397 silly audit report       url: 'https://github.com/advisories/GHSA-5j98-mcp5-4vw2',
2397 silly audit report       title: 'glob CLI: Command injection via -c/--cmd executes matches with shell:true',
2397 silly audit report       severity: 'high',
2397 silly audit report       vulnerable_versions: '>=10.2.0 <10.5.0',
2397 silly audit report       cwe: [Array],
2397 silly audit report       cvss: [Object]
2397 silly audit report     }
2397 silly audit report   ],
2397 silly audit report   handlebars: [
2397 silly audit report     {
2397 silly audit report       id: 1115538,
2397 silly audit report       url: 'https://github.com/advisories/GHSA-3mfm-83xf-c92r',
2397 silly audit report       title: 'Handlebars.js has JavaScript Injection via AST Type Confusion by tampering @partial-block',
2397 silly audit report       severity: 'high',
2397 silly audit report       vulnerable_versions: '>=4.0.0 <=4.7.8',
2397 silly audit report       cwe: [Array],
2397 silly audit report       cvss: [Object]
2397 silly audit report     },
2397 silly audit report     {
2397 silly audit report       id: 1115539,
2397 silly audit report       url: 'https://github.com/advisories/GHSA-2w6w-674q-4c4q',
2397 silly audit report       title: 'Handlebars.js has JavaScript Injection via AST Type Confusion',
2397 silly audit report       severity: 'critical',
2397 silly audit report       vulnerable_versions: '>=4.0.0 <=4.7.8',
2397 silly audit report       cwe: [Array],
2397 silly audit report       cvss: [Object]
2397 silly audit report     },
2397 silly audit report     {
2397 silly audit report       id: 1115544,
2397 silly audit report       url: 'https://github.com/advisories/GHSA-2qvq-rjwj-gvw9',
2397 silly audit report       title: 'Handlebars.js has Prototype Pollution Leading to XSS through Partial Template Injection',
2397 silly audit report       severity: 'moderate',
2397 silly audit report       vulnerable_versions: '>=4.0.0 <4.7.9',
2397 silly audit report       cwe: [Array],
2397 silly audit report       cvss: [Object]
2397 silly audit report     },
2397 silly audit report     {
2397 silly audit report       id: 1115588,
2397 silly audit report       url: 'https://github.com/advisories/GHSA-7rx3-28cr-v5wh',
2397 silly audit report       title: 'Handlebars.js has a Prototype Method Access Control Gap via Missing __lookupSetter__ Blocklist Entry',
2397 silly audit report       severity: 'moderate',
2397 silly audit report       vulnerable_versions: '>=4.6.0 <=4.7.8',
2397 silly audit report       cwe: [Array],
2397 silly audit report       cvss: [Object]
2397 silly audit report     },
2397 silly audit report     {
2397 silly audit report       id: 1115589,
2397 silly audit report       url: 'https://github.com/advisories/GHSA-442j-39wm-28r2',
2397 silly audit report       title: 'Handlebars.js has a Property Access Validation Bypass in container.lookup',
2397 silly audit report       severity: 'low',
2397 silly audit report       vulnerable_versions: '>=4.0.0 <=4.7.8',
2397 silly audit report       cwe: [Array],
2397 silly audit report       cvss: [Object]
2397 silly audit report     },
2397 silly audit report     {
2397 silly audit report       id: 1115693,
2397 silly audit report       url: 'https://github.com/advisories/GHSA-xhpv-hc6g-r9c6',
2397 silly audit report       title: 'Handlebars.js has JavaScript Injection via AST Type Confusion when passing an object as dynamic partial',
2397 silly audit report       severity: 'high',
2397 silly audit report       vulnerable_versions: '>=4.0.0 <=4.7.8',
2397 silly audit report       cwe: [Array],
2397 silly audit report       cvss: [Object]
2397 silly audit report     },
2397 silly audit report     {
2397 silly audit report       id: 1115694,
2397 silly audit report       url: 'https://github.com/advisories/GHSA-9cx6-37pm-9jff',
2397 silly audit report       title: 'Handlebars.js has Denial of Service via Malformed Decorator Syntax in Template Compilation',
2397 silly audit report       severity: 'high',
2397 silly audit report       vulnerable_versions: '>=4.0.0 <=4.7.8',
2397 silly audit report       cwe: [Array],
2397 silly audit report       cvss: [Object]
2397 silly audit report     },
2397 silly audit report     {
2397 silly audit report       id: 1117465,
2397 silly audit report       url: 'https://github.com/advisories/GHSA-xjpj-3mr7-gcpf',
2397 silly audit report       title: 'Handlebars.js has JavaScript Injection in CLI Precompiler via Unescaped Names and Options',
2397 silly audit report       severity: 'high',
2397 silly audit report       vulnerable_versions: '>=4.0.0 <=4.7.8',
2397 silly audit report       cwe: [Array],
2397 silly audit report       cvss: [Object]
2397 silly audit report     }
2397 silly audit report   ],
2397 silly audit report   'js-yaml': [
2397 silly audit report     {
2397 silly audit report       id: 1121860,
2397 silly audit report       url: 'https://github.com/advisories/GHSA-h67p-54hq-rp68',
2397 silly audit report       title: 'JS-YAML: Quadratic-complexity DoS in merge key handling via repeated aliases',
2397 silly audit report       severity: 'moderate',
2397 silly audit report       vulnerable_versions: '>=4.0.0 <=4.1.1',
2397 silly audit report       cwe: [Array],
2397 silly audit report       cvss: [Object]
2397 silly audit report     },
2397 silly audit report     {
2397 silly audit report       id: 1123911,
2397 silly audit report       url: 'https://github.com/advisories/GHSA-52cp-r559-cp3m',
2397 silly audit report       title: 'js-yaml: YAML merge-key chains can force quadratic CPU consumption',
2397 silly audit report       severity: 'high',
2397 silly audit report       vulnerable_versions: '>=4.0.0 <4.3.0',
2397 silly audit report       cwe: [Array],
2397 silly audit report       cvss: [Object]
2397 silly audit report     },
2397 silly audit report     {
2397 silly audit report       id: 1138115,
2397 silly audit report       url: 'https://github.com/advisories/GHSA-5p4m-2wfm-xmqj',
2397 silly audit report       title: 'JS-YAML: Quadratic CPU consumption in !!omap resolution (3.x and 4.x) — CVE-2026-59870 fix not backported',
2397 silly audit report       severity: 'high',
2397 silly audit report       vulnerable_versions: '>=4.0.0 <4.3.1',
2397 silly audit report       cwe: [Array],
2397 silly audit report       cvss: [Object]
2397 silly audit report     }
2397 silly audit report   ],
2397 silly audit report   'json-2-csv': [
2397 silly audit report     {
2397 silly audit report       id: 1122166,
2397 silly audit report       url: 'https://github.com/advisories/GHSA-g27c-q7cp-mhx6',
2397 silly audit report       title: 'json-2-csv vulnerable to CSV Injection via the preventCsvInjection optio',
2397 silly audit report       severity: 'moderate',
2397 silly audit report       vulnerable_versions: '>=3.15.0 <5.5.11',
2397 silly audit report       cwe: [Array],
2397 silly audit report       cvss: [Object]
2397 silly audit report     }
2397 silly audit report   ],
2397 silly audit report   jspdf: [
2397 silly audit report     {
2397 silly audit report       id: 1103308,
2397 silly audit report       url: 'https://github.com/advisories/GHSA-w532-jxjh-hjhj',
2397 silly audit report       title: 'jsPDF Bypass Regular Expression Denial of Service (ReDoS)',
2397 silly audit report       severity: 'high',
2397 silly audit report       vulnerable_versions: '<3.0.1',
2397 silly audit report       cwe: [Array],
2397 silly audit report       cvss: [Object]
2397 silly audit report     },
2397 silly audit report     {
2397 silly audit report       id: 1107412,
2397 silly audit report       url: 'https://github.com/advisories/GHSA-8mvj-3j78-4qmw',
2397 silly audit report       title: 'jsPDF Denial of Service (DoS)',
2397 silly audit report       severity: 'high',
2397 silly audit report       vulnerable_versions: '<=3.0.1',
2397 silly audit report       cwe: [Array],
2397 silly audit report       cvss: [Object]
2397 silly audit report     },
2397 silly audit report     {
2397 silly audit report       id: 1112264,
2397 silly audit report       url: 'https://github.com/advisories/GHSA-f8cm-6447-x5h2',
2397 silly audit report       title: 'jsPDF has Local File Inclusion/Path Traversal vulnerability',
2397 silly audit report       severity: 'critical',
2397 silly audit report       vulnerable_versions: '<=3.0.4',
2397 silly audit report       cwe: [Array],
2397 silly audit report       cvss: [Object]
2397 silly audit report     },
2397 silly audit report     {
2397 silly audit report       id: 1112801,
2397 silly audit report       url: 'https://github.com/advisories/GHSA-pqxr-3g65-p328',
2397 silly audit report       title: 'jsPDF has PDF Injection in AcroFormChoiceField that allows Arbitrary JavaScript Execution',
2397 silly audit report       severity: 'high',
2397 silly audit report       vulnerable_versions: '<=4.0.0',
2397 silly audit report       cwe: [Array],
2397 silly audit report       cvss: [Object]
2397 silly audit report     },
2397 silly audit report     {
2397 silly audit report       id: 1112802,
2397 silly audit report       url: 'https://github.com/advisories/GHSA-95fx-jjr5-f39c',
2397 silly audit report       title: 'jsPDF Vulnerable to Denial of Service (DoS) via Unvalidated BMP Dimensions in BMPDecoder',
2397 silly audit report       severity: 'high',
2397 silly audit report       vulnerable_versions: '<=4.0.0',
2397 silly audit report       cwe: [Array],
2397 silly audit report       cvss: [Object]
2397 silly audit report     },
2397 silly audit report     {
2397 silly audit report       id: 1112803,
2397 silly audit report       url: 'https://github.com/advisories/GHSA-vm32-vv63-w422',
2397 silly audit report       title: 'jsPDF Vulnerable to Stored XMP Metadata Injection (Spoofing & Integrity Violation)',
2397 silly audit report       severity: 'moderate',
2397 silly audit report       vulnerable_versions: '<=4.0.0',
2397 silly audit report       cwe: [Array],
2397 silly audit report       cvss: [Object]
2397 silly audit report     },
2397 silly audit report     {
2397 silly audit report       id: 1112804,
2397 silly audit report       url: 'https://github.com/advisories/GHSA-cjw8-79x6-5cj4',
2397 silly audit report       title: 'jsPDF has Shared State Race Condition in addJS Plugin',
2397 silly audit report       severity: 'moderate',
2397 silly audit report       vulnerable_versions: '<=4.0.0',
2397 silly audit report       cwe: [Array],
2397 silly audit report       cvss: [Object]
2397 silly audit report     },
2397 silly audit report     {
2397 silly audit report       id: 1113310,
2397 silly audit report       url: 'https://github.com/advisories/GHSA-9vjf-qc39-jprp',
2397 silly audit report       title: 'jsPDF has a PDF Object Injection via Unsanitized Input in addJS Method',
2397 silly audit report       severity: 'high',
2397 silly audit report       vulnerable_versions: '<4.2.0',
2397 silly audit report       cwe: [Array],
2397 silly audit report       cvss: [Object]
2397 silly audit report     },
2397 silly audit report     {
2397 silly audit report       id: 1113324,
2397 silly audit report       url: 'https://github.com/advisories/GHSA-67pg-wm7f-q7fj',
2397 silly audit report       title: 'jsPDF Affected by Client-Side/Server-Side Denial of Service via Malicious GIF Dimensions',
2397 silly audit report       severity: 'high',
2397 silly audit report       vulnerable_versions: '<4.2.0',
2397 silly audit report       cwe: [Array],
2397 silly audit report       cvss: [Object]
2397 silly audit report     },
2397 silly audit report     {
2397 silly audit report       id: 1114396,
2397 silly audit report       url: 'https://github.com/advisories/GHSA-p5xg-68wr-hm3m',
2397 silly audit report       title: 'jsPDF has a PDF Injection in AcroForm module allows Arbitrary JavaScript Execution (RadioButton.createOption and "AS" property)',
2397 silly audit report       severity: 'high',
2397 silly audit report       vulnerable_versions: '<4.2.0',
2397 silly audit report       cwe: [Array],
2397 silly audit report       cvss: [Object]
2397 silly audit report     },
2397 silly audit report     {
2397 silly audit report       id: 1114950,
2397 silly audit report       url: 'https://github.com/advisories/GHSA-7x6v-j9x4-qf24',
2397 silly audit report       title: 'jsPDF has a PDF Object Injection via FreeText color',
2397 silly audit report       severity: 'high',
2397 silly audit report       vulnerable_versions: '<=4.2.0',
2397 silly audit report       cwe: [Array],
2397 silly audit report       cvss: [Object]
2397 silly audit report     },
2397 silly audit report     {
2397 silly audit report       id: 1114974,
2397 silly audit report       url: 'https://github.com/advisories/GHSA-wfv2-pwc8-crg5',
2397 silly audit report       title: 'jsPDF has HTML Injection in New Window paths',
2397 silly audit report       severity: 'critical',
2397 silly audit report       vulnerable_versions: '<=4.2.0',
2397 silly audit report       cwe: [Array],
2397 silly audit report       cvss: [Object]
2397 silly audit report     }
2397 silly audit report   ],
2397 silly audit report   lodash: [
2397 silly audit report     {
2397 silly audit report       id: 1120370,
2397 silly audit report       url: 'https://github.com/advisories/GHSA-xxjr-mmjv-4gpg',
2397 silly audit report       title: 'Lodash has Prototype Pollution Vulnerability in `_.unset` and `_.omit` functions',
2397 silly audit report       severity: 'moderate',
2397 silly audit report       vulnerable_versions: '>=4.0.0 <=4.17.22',
2397 silly audit report       cwe: [Array],
2397 silly audit report       cvss: [Object]
2397 silly audit report     },
2397 silly audit report     {
2397 silly audit report       id: 1115806,
2397 silly audit report       url: 'https://github.com/advisories/GHSA-r5fr-rjxr-66jc',
2397 silly audit report       title: 'lodash vulnerable to Code Injection via `_.template` imports key names',
2397 silly audit report       severity: 'high',
2397 silly audit report       vulnerable_versions: '>=4.0.0 <=4.17.23',
2397 silly audit report       cwe: [Array],
2397 silly audit report       cvss: [Object]
2397 silly audit report     },
2397 silly audit report     {
2397 silly audit report       id: 1115810,
2397 silly audit report       url: 'https://github.com/advisories/GHSA-f23m-r3pf-42rh',
2397 silly audit report       title: 'lodash vulnerable to Prototype Pollution via array path bypass in `_.unset` and `_.omit`',
2397 silly audit report       severity: 'moderate',
2397 silly audit report       vulnerable_versions: '<=4.17.23',
2397 silly audit report       cwe: [Array],
2397 silly audit report       cvss: [Object]
2397 silly audit report     }
2397 silly audit report   ],
2397 silly audit report   minimatch: [
2397 silly audit report     {
2397 silly audit report       id: 1113459,
2397 silly audit report       url: 'https://github.com/advisories/GHSA-3ppc-4f35-3m26',
2397 silly audit report       title: 'minimatch has a ReDoS via repeated wildcards with non-matching literal in pattern',
2397 silly audit report       severity: 'high',
2397 silly audit report       vulnerable_versions: '<3.1.3',
2397 silly audit report       cwe: [Array],
2397 silly audit report       cvss: [Object]
2397 silly audit report     },
2397 silly audit report     {
2397 silly audit report       id: 1113465,
2397 silly audit report       url: 'https://github.com/advisories/GHSA-3ppc-4f35-3m26',
2397 silly audit report       title: 'minimatch has a ReDoS via repeated wildcards with non-matching literal in pattern',
2397 silly audit report       severity: 'high',
2397 silly audit report       vulnerable_versions: '>=9.0.0 <9.0.6',
2397 silly audit report       cwe: [Array],
2397 silly audit report       cvss: [Object]
2397 silly audit report     },
2397 silly audit report     {
2397 silly audit report       id: 1113538,
2397 silly audit report       url: 'https://github.com/advisories/GHSA-7r86-cg39-jmmj',
2397 silly audit report       title: 'minimatch has ReDoS: matchOne() combinatorial backtracking via multiple non-adjacent GLOBSTAR segments',
2397 silly audit report       severity: 'high',
2397 silly audit report       vulnerable_versions: '<3.1.3',
2397 silly audit report       cwe: [Array],
2397 silly audit report       cvss: [Object]
2397 silly audit report     },
2397 silly audit report     {
2397 silly audit report       id: 1113544,
2397 silly audit report       url: 'https://github.com/advisories/GHSA-7r86-cg39-jmmj',
2397 silly audit report       title: 'minimatch has ReDoS: matchOne() combinatorial backtracking via multiple non-adjacent GLOBSTAR segments',
2397 silly audit report       severity: 'high',
2397 silly audit report       vulnerable_versions: '>=9.0.0 <9.0.7',
2397 silly audit report       cwe: [Array],
2397 silly audit report       cvss: [Object]
2397 silly audit report     },
2397 silly audit report     {
2397 silly audit report       id: 1113546,
2397 silly audit report       url: 'https://github.com/advisories/GHSA-23c5-xmqv-rm74',
2397 silly audit report       title: 'minimatch ReDoS: nested *() extglobs generate catastrophically backtracking regular expressions',
2397 silly audit report       severity: 'high',
2397 silly audit report       vulnerable_versions: '<3.1.4',
2397 silly audit report       cwe: [Array],
2397 silly audit report       cvss: [Object]
2397 silly audit report     },
2397 silly audit report     {
2397 silly audit report       id: 1113552,
2397 silly audit report       url: 'https://github.com/advisories/GHSA-23c5-xmqv-rm74',
2397 silly audit report       title: 'minimatch ReDoS: nested *() extglobs generate catastrophically backtracking regular expressions',
2397 silly audit report       severity: 'high',
2397 silly audit report       vulnerable_versions: '>=9.0.0 <9.0.7',
2397 silly audit report       cwe: [Array],
2397 silly audit report       cvss: [Object]
2397 silly audit report     }
2397 silly audit report   ],
2397 silly audit report   nanoid: [
2397 silly audit report     {
2397 silly audit report       id: 1138811,
2397 silly audit report       url: 'https://github.com/advisories/GHSA-28wg-ghj8-5hjv',
2397 silly audit report       title: 'nanoid: non-secure generators can loop indefinitely with negative size',
2397 silly audit report       severity: 'high',
2397 silly audit report       vulnerable_versions: '<3.3.16',
2397 silly audit report       cwe: [Array],
2397 silly audit report       cvss: [Object]
2397 silly audit report     },
2397 silly audit report     {
2397 silly audit report       id: 1139427,
2397 silly audit report       url: 'https://github.com/advisories/GHSA-2v37-7h3g-55p8',
2397 silly audit report       title: 'nanoid: custom generators can loop indefinitely when size is zero',
2397 silly audit report       severity: 'high',
2397 silly audit report       vulnerable_versions: '<3.3.18',
2397 silly audit report       cwe: [Array],
2397 silly audit report       cvss: [Object]
2397 silly audit report     },
2397 silly audit report     {
2397 silly audit report       id: 1153189,
2397 silly audit report       url: 'https://github.com/advisories/GHSA-xwg4-73v4-xw9w',
2397 silly audit report       title: 'nanoid: Integer Overflow or Wraparound',
2397 silly audit report       severity: 'high',
2397 silly audit report       vulnerable_versions: '<3.3.12',
2397 silly audit report       cwe: [Array],
2397 silly audit report       cvss: [Object]
2397 silly audit report     }
2397 silly audit report   ],
2397 silly audit report   next: [
2397 silly audit report     {
2397 silly audit report       id: 1117931,
2397 silly audit report       url: 'https://github.com/advisories/GHSA-8h8q-6873-q5fj',
2397 silly audit report       title: 'Next.js Vulnerable to Denial of Service with Server Components',
2397 silly audit report       severity: 'high',
2397 silly audit report       vulnerable_versions: '>=13.0.0 <15.5.16',
2397 silly audit report       cwe: [Array],
2397 silly audit report       cvss: [Object]
2397 silly audit report     },
2397 silly audit report     {
2397 silly audit report       id: 1118939,
2397 silly audit report       url: 'https://github.com/advisories/GHSA-26hh-7cqf-hhc6',
2397 silly audit report       title: 'Next.js has a Middleware / Proxy bypass in App Router applications via segment-prefetch routes - Incomplete Fix Follow-Up',
2397 silly audit report       severity: 'high',
2397 silly audit report       vulnerable_versions: '>=15.2.0 <15.5.18',
2397 silly audit report       cwe: [Array],
2397 silly audit report       cvss: [Object]
2397 silly audit report     },
2397 silly audit report     {
2397 silly audit report       id: 1118942,
2397 silly audit report       url: 'https://github.com/advisories/GHSA-3g8h-86w9-wvmq',
2397 silly audit report       title: "Next.js's Middleware / Proxy redirects can be cache-poisoned",
2397 silly audit report       severity: 'low',
2397 silly audit report       vulnerable_versions: '>=12.2.0 <15.5.16',
2397 silly audit report       cwe: [Array],
2397 silly audit report       cvss: [Object]
2397 silly audit report     },
2397 silly audit report     {
2397 silly audit report       id: 1118944,
2397 silly audit report       url: 'https://github.com/advisories/GHSA-ffhc-5mcf-pf4q',
2397 silly audit report       title: 'Next.js vulnerable to cross-site scripting in App Router applications using CSP nonces',
2397 silly audit report       severity: 'moderate',
2397 silly audit report       vulnerable_versions: '>=13.4.0 <15.5.16',
2397 silly audit report       cwe: [Array],
2397 silly audit report       cvss: [Object]
2397 silly audit report     },
2397 silly audit report     {
2397 silly audit report       id: 1118946,
2397 silly audit report       url: 'https://github.com/advisories/GHSA-vfv6-92ff-j949',
2397 silly audit report       title: 'Next.js vulnerable to cache poisoning via collisions in React Server Component cache-busting',
2397 silly audit report       severity: 'low',
2397 silly audit report       vulnerable_versions: '>=13.4.6 <15.5.16',
2397 silly audit report       cwe: [Array],
2397 silly audit report       cvss: [Object]
2397 silly audit report     },
2397 silly audit report     {
2397 silly audit report       id: 1118948,
2397 silly audit report       url: 'https://github.com/advisories/GHSA-gx5p-jg67-6x7h',
2397 silly audit report       title: 'Next.js has cross-site scripting in beforeInteractive scripts with untrusted input',
2397 silly audit report       severity: 'moderate',
2397 silly audit report       vulnerable_versions: '>=13.0.0 <15.5.16',
2397 silly audit report       cwe: [Array],
2397 silly audit report       cvss: [Object]
2397 silly audit report     },
2397 silly audit report     {
2397 silly audit report       id: 1118950,
2397 silly audit report       url: 'https://github.com/advisories/GHSA-mg66-mrh9-m8jx',
2397 silly audit report       title: 'Next.js vulnerable to Denial of Service via connection exhaustion in applications using Cache Components',
2397 silly audit report       severity: 'high',
2397 silly audit report       vulnerable_versions: '>=15.0.0 <15.5.16',
2397 silly audit report       cwe: [Array],
2397 silly audit report       cvss: [Object]
2397 silly audit report     },
2397 silly audit report     {
2397 silly audit report       id: 1118952,
2397 silly audit report       url: 'https://github.com/advisories/GHSA-h64f-5h5j-jqjh',
2397 silly audit report       title: 'Next.js has a Denial of Service in the Image Optimization API',
2397 silly audit report       severity: 'moderate',
2397 silly audit report       vulnerable_versions: '>=10.0.0 <15.5.16',
2397 silly audit report       cwe: [Array],
2397 silly audit report       cvss: [Object]
2397 silly audit report     },
2397 silly audit report     {
2397 silly audit report       id: 1118954,
2397 silly audit report       url: 'https://github.com/advisories/GHSA-c4j6-fc7j-m34r',
2397 silly audit report       title: 'Next.js vulnerable to server-side request forgery in applications using WebSocket upgrades',
2397 silly audit report       severity: 'high',
2397 silly audit report       vulnerable_versions: '>=13.4.13 <15.5.16',
2397 silly audit report       cwe: [Array],
2397 silly audit report       cvss: [Object]
2397 silly audit report     },
2397 silly audit report     {
2397 silly audit report       id: 1118956,
2397 silly audit report       url: 'https://github.com/advisories/GHSA-492v-c6pp-mqqv',
2397 silly audit report       title: 'Next.js has a Middleware / Proxy bypass through dynamic route parameter injection',
2397 silly audit report       severity: 'high',
2397 silly audit report       vulnerable_versions: '>=15.4.0 <15.5.16',
2397 silly audit report       cwe: [Array],
2397 silly audit report       cvss: [Object]
2397 silly audit report     },
2397 silly audit report     {
2397 silly audit report       id: 1118958,
2397 silly audit report       url: 'https://github.com/advisories/GHSA-wfc6-r584-vfw7',
2397 silly audit report       title: 'Next.js vulnerable to cache poisoning in React Server Component responses',
2397 silly audit report       severity: 'moderate',
2397 silly audit report       vulnerable_versions: '>=14.2.0 <15.5.16',
2397 silly audit report       cwe: [Array],
2397 silly audit report       cvss: [Object]
2397 silly audit report     },
2397 silly audit report     {
2397 silly audit report       id: 1118960,
2397 silly audit report       url: 'https://github.com/advisories/GHSA-267c-6grr-h53f',
2397 silly audit report       title: 'Next.js has a Middleware / Proxy bypass in App Router applications via segment-prefetch routes',
2397 silly audit report       severity: 'high',
2397 silly audit report       vulnerable_versions: '>=15.2.0 <15.5.16',
2397 silly audit report       cwe: [Array],
2397 silly audit report       cvss: [Object]
2397 silly audit report     },
2397 silly audit report     {
2397 silly audit report       id: 1118962,
2397 silly audit report       url: 'https://github.com/advisories/GHSA-36qx-fr4f-26g5',
2397 silly audit report       title: 'Next.js has a Middleware / Proxy bypass in Pages Router applications using i18n',
2397 silly audit report       severity: 'high',
2397 silly audit report       vulnerable_versions: '>=12.2.0 <15.5.16',
2397 silly audit report       cwe: [Array],
2397 silly audit report       cvss: [Object]
2397 silly audit report     },
2397 silly audit report     {
2397 silly audit report       id: 1112593,
2397 silly audit report       url: 'https://github.com/advisories/GHSA-9g9p-9gw9-jx7f',
2397 silly audit report       title: 'Next.js self-hosted applications vulnerable to DoS via Image Optimizer remotePatterns configuration',
2397 silly audit report       severity: 'moderate',
2397 silly audit report       vulnerable_versions: '>=10.0.0 <15.5.10',
2397 silly audit report       cwe: [Array],
2397 silly audit report       cvss: [Object]
2397 silly audit report     },
2397 silly audit report     {
2397 silly audit report       id: 1112648,
2397 silly audit report       url: 'https://github.com/advisories/GHSA-h25m-26qc-wcjf',
2397 silly audit report       title: 'Next.js HTTP request deserialization can lead to DoS when using insecure React Server Components',
2397 silly audit report       severity: 'high',
2397 silly audit report       vulnerable_versions: '>=15.5.1-canary.0 <15.5.10',
2397 silly audit report       cwe: [Array],
2397 silly audit report       cvss: [Object]
2397 silly audit report     },
2397 silly audit report     {
2397 silly audit report       id: 1114897,
2397 silly audit report       url: 'https://github.com/advisories/GHSA-ggv3-7p47-pfv8',
2397 silly audit report       title: 'Next.js: HTTP request smuggling in rewrites',
2397 silly audit report       severity: 'moderate',
2397 silly audit report       vulnerable_versions: '>=9.5.0 <15.5.13',
2397 silly audit report       cwe: [Array],
2397 silly audit report       cvss: [Object]
2397 silly audit report     },
2397 silly audit report     {
2397 silly audit report       id: 1114940,
2397 silly audit report       url: 'https://github.com/advisories/GHSA-3x4c-7xq6-9pq8',
2397 silly audit report       title: 'Next.js: Unbounded next/image disk cache growth can exhaust storage',
2397 silly audit report       severity: 'moderate',
2397 silly audit report       vulnerable_versions: '>=10.0.0 <15.5.14',
2397 silly audit report       cwe: [Array],
2397 silly audit report       cvss: [Object]
2397 silly audit report     },
2397 silly audit report     {
2397 silly audit report       id: 1116376,
2397 silly audit report       url: 'https://github.com/advisories/GHSA-q4gf-8mx6-v5v3',
2397 silly audit report       title: 'Next.js has a Denial of Service with Server Components',
2397 silly audit report       severity: 'high',
2397 silly audit report       vulnerable_versions: '>=13.0.0 <15.5.15',
2397 silly audit report       cwe: [Array],
2397 silly audit report       cvss: [Object]
2397 silly audit report     },
2397 silly audit report     {
2397 silly audit report       id: 1124185,
2397 silly audit report       url: 'https://github.com/advisories/GHSA-89xv-2m56-2m9x',
2397 silly audit report       title: 'Next.js: Server-Side Request Forgery in Server Actions on custom servers',
2397 silly audit report       severity: 'high',
2397 silly audit report       vulnerable_versions: '>=14.1.1 <15.5.21',
2397 silly audit report       cwe: [Array],
2397 silly audit report       cvss: [Object]
2397 silly audit report     },
2397 silly audit report     {
2397 silly audit report       id: 1124172,
2397 silly audit report       url: 'https://github.com/advisories/GHSA-m99w-x7hq-7vfj',
2397 silly audit report       title: 'Next.js: Denial of Service in App Router using Server Actions',
2397 silly audit report       severity: 'high',
2397 silly audit report       vulnerable_versions: '>=13.0.0 <15.5.21',
2397 silly audit report       cwe: [Array],
2397 silly audit report       cvss: [Object]
2397 silly audit report     },
2397 silly audit report     {
2397 silly audit report       id: 1124187,
2397 silly audit report       url: 'https://github.com/advisories/GHSA-68g3-v927-f742',
2397 silly audit report       title: 'Next.js: Cache confusion of response bodies for requests with bodies',
2397 silly audit report       severity: 'moderate',
2397 silly audit report       vulnerable_versions: '>=13.0.0 <15.5.21',
2397 silly audit report       cwe: [Array],
2397 silly audit report       cvss: [Object]
2397 silly audit report     },
2397 silly audit report     {
2397 silly audit report       id: 1124189,
2397 silly audit report       url: 'https://github.com/advisories/GHSA-4633-3j49-mh5q',
2397 silly audit report       title: 'Next.js: Cache confusion of response bodies for requests with bodies containing invalid UTF-8 byte sequences',
2397 silly audit report       severity: 'moderate',
2397 silly audit report       vulnerable_versions: '>=13.0.0 <15.5.21',
2397 silly audit report       cwe: [Array],
2397 silly audit report       cvss: [Object]
2397 silly audit report     },
2397 silly audit report     {
2397 silly audit report       id: 1124191,
2397 silly audit report       url: 'https://github.com/advisories/GHSA-4c39-4ccg-62r3',
2397 silly audit report       title: 'Next.js: Unbounded Server Action payload in Edge runtime',
2397 silly audit report       severity: 'moderate',
2397 silly audit report       vulnerable_versions: '>=13.0.0 <15.5.21',
2397 silly audit report       cwe: [Array],
2397 silly audit report       cvss: [Object]
2397 silly audit report     },
2397 silly audit report     {
2397 silly audit report       id: 1124193,
2397 silly audit report       url: 'https://github.com/advisories/GHSA-p9j2-gv94-2wf4',
2397 silly audit report       title: 'Next.js: Server-Side Request Forgery in rewrites via attacker-controlled destination hostname',
2397 silly audit report       severity: 'high',
2397 silly audit report       vulnerable_versions: '>=12.0.0 <15.5.21',
2397 silly audit report       cwe: [Array],
2397 silly audit report       cvss: [Object]
2397 silly audit report     },
2397 silly audit report     {
2397 silly audit report       id: 1124195,
2397 silly audit report       url: 'https://github.com/advisories/GHSA-q8wf-6r8g-63ch',
2397 silly audit report       title: 'Next.js: Denial of Service in the Image Optimization API using SVGs',
2397 silly audit report       severity: 'moderate',
2397 silly audit report       vulnerable_versions: '>=15.5.0 <15.5.21',
2397 silly audit report       cwe: [Array],
2397 silly audit report       cvss: [Object]
2397 silly audit report     },
2397 silly audit report     {
2397 silly audit report       id: 1124197,
2397 silly audit report       url: 'https://github.com/advisories/GHSA-955p-x3mx-jcvp',
2397 silly audit report       title: 'Next.js: Unauthenticated disclosure of internal Server Function endpoints',
2397 silly audit report       severity: 'moderate',
2397 silly audit report       vulnerable_versions: '>=13.0.0 <15.5.21',
2397 silly audit report       cwe: [Array],
2397 silly audit report       cvss: [Object]
2397 silly audit report     }
2397 silly audit report   ],
2397 silly audit report   postcss: [
2397 silly audit report     {
2397 silly audit report       id: 1130709,
2397 silly audit report       url: 'https://github.com/advisories/GHSA-fxqj-rqcc-2cmp',
2397 silly audit report       title: 'PostCSS: incomplete fix of GHSA-6g55-p6wh-862q — attacker-controlled sourceMappingURL reads arbitrary .map files when `from` is unset',
2397 silly audit report       severity: 'moderate',
2397 silly audit report       vulnerable_versions: '<=8.5.22',
2397 silly audit report       cwe: [Array],
2397 silly audit report       cvss: [Object]
2397 silly audit report     },
2397 silly audit report     {
2397 silly audit report       id: 1117015,
2397 silly audit report       url: 'https://github.com/advisories/GHSA-qx2v-qp2m-jg93',
2397 silly audit report       title: 'PostCSS has XSS via Unescaped </style> in its CSS Stringify Output',
2397 silly audit report       severity: 'moderate',
2397 silly audit report       vulnerable_versions: '<8.5.10',
2397 silly audit report       cwe: [Array],
2397 silly audit report       cvss: [Object]
2397 silly audit report     },
2397 silly audit report     {
2397 silly audit report       id: 1124252,
2397 silly audit report       url: 'https://github.com/advisories/GHSA-6g55-p6wh-862q',
2397 silly audit report       title: 'PostCSS: Arbitrary file read and information disclosure via attacker-controlled sourceMappingURL in CSS comments',
2397 silly audit report       severity: 'high',
2397 silly audit report       vulnerable_versions: '<=8.5.11',
2397 silly audit report       cwe: [Array],
2397 silly audit report       cvss: [Object]
2397 silly audit report     },
2397 silly audit report     {
2397 silly audit report       id: 1139510,
2397 silly audit report       url: 'https://github.com/advisories/GHSA-r28c-9q8g-f849',
2397 silly audit report       title: 'PostCSS: Path Traversal in Previous Source Map Auto-Loading (sourceMappingURL) leads to Arbitrary .map File Disclosure',
2397 silly audit report       severity: 'high',
2397 silly audit report       vulnerable_versions: '<=8.5.17',
2397 silly audit report       cwe: [Array],
2397 silly audit report       cvss: [Object]
2397 silly audit report     }
2397 silly audit report   ],
2397 silly audit report   'node-forge': [
2397 silly audit report     {
2397 silly audit report       id: 1115545,
2397 silly audit report       url: 'https://github.com/advisories/GHSA-2328-f5f3-gj25',
2397 silly audit report       title: 'Forge has a basicConstraints bypass in its certificate chain verification (RFC 5280 violation)',
2397 silly audit report       severity: 'high',
2397 silly audit report       vulnerable_versions: '<=1.3.3',
2397 silly audit report       cwe: [Array],
2397 silly audit report       cvss: [Object]
2397 silly audit report     },
2397 silly audit report     {
2397 silly audit report       id: 1115546,
2397 silly audit report       url: 'https://github.com/advisories/GHSA-q67f-28xg-22rw',
2397 silly audit report       title: 'Forge has signature forgery in Ed25519 due to missing S > L check',
2397 silly audit report       severity: 'high',
2397 silly audit report       vulnerable_versions: '<1.4.0',
2397 silly audit report       cwe: [Array],
2397 silly audit report       cvss: [Object]
2397 silly audit report     },
2397 silly audit report     {
2397 silly audit report       id: 1115548,
2397 silly audit report       url: 'https://github.com/advisories/GHSA-5m6q-g25r-mvwx',
2397 silly audit report       title: 'Forge has Denial of Service via Infinite Loop in BigInteger.modInverse() with Zero Input',
2397 silly audit report       severity: 'high',
2397 silly audit report       vulnerable_versions: '<1.4.0',
2397 silly audit report       cwe: [Array],
2397 silly audit report       cvss: [Object]
2397 silly audit report     },
2397 silly audit report     {
2397 silly audit report       id: 1115612,
2397 silly audit report       url: 'https://github.com/advisories/GHSA-ppp5-5v6c-4jwp',
2397 silly audit report       title: 'Forge has signature forgery in RSA-PKCS due to ASN.1 extra field  ',
2397 silly audit report       severity: 'high',
2397 silly audit report       vulnerable_versions: '<1.4.0',
2397 silly audit report       cwe: [Array],
2397 silly audit report       cvss: [Object]
2397 silly audit report     }
2397 silly audit report   ],
2397 silly audit report   'path-to-regexp': [
2397 silly audit report     {
2397 silly audit report       id: 1115573,
2397 silly audit report       url: 'https://github.com/advisories/GHSA-j3q9-mxjg-w52f',
2397 silly audit report       title: 'path-to-regexp vulnerable to Denial of Service via sequential optional groups',
2397 silly audit report       severity: 'high',
2397 silly audit report       vulnerable_versions: '>=8.0.0 <8.4.0',
2397 silly audit report       cwe: [Array],
2397 silly audit report       cvss: [Object]
2397 silly audit report     },
2397 silly audit report     {
2397 silly audit report       id: 1115527,
2397 silly audit report       url: 'https://github.com/advisories/GHSA-37ch-88jc-xwx2',
2397 silly audit report       title: 'path-to-regexp vulnerable to Regular Expression Denial of Service via multiple route parameters',
2397 silly audit report       severity: 'high',
2397 silly audit report       vulnerable_versions: '<0.1.13',
2397 silly audit report       cwe: [Array],
2397 silly audit report       cvss: [Object]
2397 silly audit report     },
2397 silly audit report     {
2397 silly audit report       id: 1115582,
2397 silly audit report       url: 'https://github.com/advisories/GHSA-27v5-c462-wpq7',
2397 silly audit report       title: 'path-to-regexp vulnerable to Regular Expression Denial of Service via multiple wildcards',
2397 silly audit report       severity: 'moderate',
2397 silly audit report       vulnerable_versions: '>=8.0.0 <8.4.0',
2397 silly audit report       cwe: [Array],
2397 silly audit report       cvss: [Object]
2397 silly audit report     }
2397 silly audit report   ],
2397 silly audit report   picomatch: [
2397 silly audit report     {
2397 silly audit report       id: 1115549,
2397 silly audit report       url: 'https://github.com/advisories/GHSA-3v7f-55p6-f55p',
2397 silly audit report       title: 'Picomatch: Method Injection in POSIX Character Classes causes incorrect Glob Matching',
2397 silly audit report       severity: 'moderate',
2397 silly audit report       vulnerable_versions: '<2.3.2',
2397 silly audit report       cwe: [Array],
2397 silly audit report       cvss: [Object]
2397 silly audit report     },
2397 silly audit report     {
2397 silly audit report       id: 1115552,
2397 silly audit report       url: 'https://github.com/advisories/GHSA-c2c7-rcm5-vvqj',
2397 silly audit report       title: 'Picomatch has a ReDoS vulnerability via extglob quantifiers',
2397 silly audit report       severity: 'high',
2397 silly audit report       vulnerable_versions: '<2.3.2',
2397 silly audit report       cwe: [Array],
2397 silly audit report       cvss: [Object]
2397 silly audit report     }
2397 silly audit report   ],
2397 silly audit report   'postcss-selector-parser': [
2397 silly audit report     {
2397 silly audit report       id: 1153170,
2397 silly audit report       url: 'https://github.com/advisories/GHSA-w9m9-85wc-3x92',
2397 silly audit report       title: 'postcss-selector-parser allows denial of service through uncontrolled AST recursion',
2397 silly audit report       severity: 'low',
2397 silly audit report       vulnerable_versions: '>=6.1.0 <6.1.3',
2397 silly audit report       cwe: [Array],
2397 silly audit report       cvss: [Object]
2397 silly audit report     }
2397 silly audit report   ],
2397 silly audit report   protobufjs: [
2397 silly audit report     {
2397 silly audit report       id: 1118641,
2397 silly audit report       url: 'https://github.com/advisories/GHSA-66ff-xgx4-vchm',
2397 silly audit report       title: 'protobuf.js: Code injection through bytes field defaults in generated toObject code',
2397 silly audit report       severity: 'high',
2397 silly audit report       vulnerable_versions: '<=7.5.5',
2397 silly audit report       cwe: [Array],
2397 silly audit report       cvss: [Object]
2397 silly audit report     },
2397 silly audit report     {
2397 silly audit report       id: 1118924,
2397 silly audit report       url: 'https://github.com/advisories/GHSA-2pr8-phx7-x9h3',
2397 silly audit report       title: 'protobuf.js: Denial of service from crafted field names in generated code',
2397 silly audit report       severity: 'moderate',
2397 silly audit report       vulnerable_versions: '<=7.5.5',
2397 silly audit report       cwe: [Array],
2397 silly audit report       cvss: [Object]
2397 silly audit report     },
2397 silly audit report     {
2397 silly audit report       id: 1118926,
2397 silly audit report       url: 'https://github.com/advisories/GHSA-fx83-v9x8-x52w',
2397 silly audit report       title: 'protobuf.js: Prototype injection in generated message constructors',
2397 silly audit report       severity: 'moderate',
2397 silly audit report       vulnerable_versions: '<=7.5.5',
2397 silly audit report       cwe: [Array],
2397 silly audit report       cvss: [Object]
2397 silly audit report     },
2397 silly audit report     {
2397 silly audit report       id: 1118928,
2397 silly audit report       url: 'https://github.com/advisories/GHSA-75px-5xx7-5xc7',
2397 silly audit report       title: 'protobuf.js: Code generation gadget after prototype pollution',
2397 silly audit report       severity: 'high',
2397 silly audit report       vulnerable_versions: '<=7.5.5',
2397 silly audit report       cwe: [Array],
2397 silly audit report       cvss: [Object]
2397 silly audit report     },
2397 silly audit report     {
2397 silly audit report       id: 1118930,
2397 silly audit report       url: 'https://github.com/advisories/GHSA-jvwf-75h9-cwgg',
2397 silly audit report       title: 'protobuf.js: Process-wide denial of service through unsafe option paths',
2397 silly audit report       severity: 'high',
2397 silly audit report       vulnerable_versions: '<=7.5.5',
2397 silly audit report       cwe: [Array],
2397 silly audit report       cvss: [Object]
2397 silly audit report     },
2397 silly audit report     {
2397 silly audit report       id: 1118932,
2397 silly audit report       url: 'https://github.com/advisories/GHSA-685m-2w69-288q',
2397 silly audit report       title: 'protobuf.js: Denial of service through unbounded protobuf recursion',
2397 silly audit report       severity: 'high',
2397 silly audit report       vulnerable_versions: '<=7.5.5',
2397 silly audit report       cwe: [Array],
2397 silly audit report       cvss: [Object]
2397 silly audit report     },
2397 silly audit report     {
2397 silly audit report       id: 1118935,
2397 silly audit report       url: 'https://github.com/advisories/GHSA-q6x5-8v7m-xcrf',
2397 silly audit report       title: 'protobufjs has overlong UTF-8 decoding',
2397 silly audit report       severity: 'moderate',
2397 silly audit report       vulnerable_versions: '<=7.5.5',
2397 silly audit report       cwe: [Array],
2397 silly audit report       cvss: [Object]
2397 silly audit report     },
2397 silly audit report     {
2397 silly audit report       id: 1119378,
2397 silly audit report       url: 'https://github.com/advisories/GHSA-jggg-4jg4-v7c6',
2397 silly audit report       title: 'protobufjs: Denial of Service via unbounded recursive JSON descriptor expansion',
2397 silly audit report       severity: 'moderate',
2397 silly audit report       vulnerable_versions: '<=7.5.7',
2397 silly audit report       cwe: [Array],
2397 silly audit report       cvss: [Object]
2397 silly audit report     },
2397 silly audit report     {
2397 silly audit report       id: 1117571,
2397 silly audit report       url: 'https://github.com/advisories/GHSA-xq3m-2v4x-88gg',
2397 silly audit report       title: 'Arbitrary code execution in protobufjs',
2397 silly audit report       severity: 'critical',
2397 silly audit report       vulnerable_versions: '<7.5.5',
2397 silly audit report       cwe: [Array],
2397 silly audit report       cvss: [Object]
2397 silly audit report     },
2397 silly audit report     {
2397 silly audit report       id: 1123488,
2397 silly audit report       url: 'https://github.com/advisories/GHSA-wcpc-wj8m-hjx6',
2397 silly audit report       title: 'protobufjs: Denial of service through unbounded Any expansion during JSON conversion',
2397 silly audit report       severity: 'high',
2397 silly audit report       vulnerable_versions: '<=7.6.0',
2397 silly audit report       cwe: [Array],
2397 silly audit report       cvss: [Object]
2397 silly audit report     },
2397 silly audit report     {
2397 silly audit report       id: 1123492,
2397 silly audit report       url: 'https://github.com/advisories/GHSA-f38q-mgvj-vph7',
2397 silly audit report       title: 'protobufjs : Schema-derived names can shadow runtime-significant properties',
2397 silly audit report       severity: 'moderate',
2397 silly audit report       vulnerable_versions: '<=7.6.2',
2397 silly audit report       cwe: [Array],
2397 silly audit report       cvss: [Object]
2397 silly audit report     },
2397 silly audit report     {
2397 silly audit report       id: 1123964,
2397 silly audit report       url: 'https://github.com/advisories/GHSA-j3f2-48v5-ccww',
2397 silly audit report       title: 'protobufjs: Denial of Service via infinite loop in .proto option parsing',
2397 silly audit report       severity: 'moderate',
2397 silly audit report       vulnerable_versions: '>=7.5.0 <=7.6.4',
2397 silly audit report       cwe: [Array],
2397 silly audit report       cvss: [Object]
2397 silly audit report     }
2397 silly audit report   ],
2397 silly audit report   sharp: [
2397 silly audit report     {
2397 silly audit report       id: 1124066,
2397 silly audit report       url: 'https://github.com/advisories/GHSA-f88m-g3jw-g9cj',
2397 silly audit report       title: 'sharp inherited vulnerabilities in libvips: CVE-2026-33327, CVE-2026-33328, CVE-2026-35590, CVE-2026-35591',
2397 silly audit report       severity: 'high',
2397 silly audit report       vulnerable_versions: '<0.35.0',
2397 silly audit report       cwe: [Array],
2397 silly audit report       cvss: [Object]
2397 silly audit report     }
2397 silly audit report   ],
2397 silly audit report   tmp: [
2397 silly audit report     {
2397 silly audit report       id: 1109537,
2397 silly audit report       url: 'https://github.com/advisories/GHSA-52f5-9888-hmc6',
2397 silly audit report       title: 'tmp allows arbitrary temporary file / directory write via symbolic link `dir` parameter',
2397 silly audit report       severity: 'low',
2397 silly audit report       vulnerable_versions: '<=0.2.3',
2397 silly audit report       cwe: [Array],
2397 silly audit report       cvss: [Object]
2397 silly audit report     },
2397 silly audit report     {
2397 silly audit report       id: 1120654,
2397 silly audit report       url: 'https://github.com/advisories/GHSA-ph9p-34f9-6g65',
2397 silly audit report       title: 'tmp has Path Traversal via unsanitized prefix/postfix that enables directory escape',
2397 silly audit report       severity: 'high',
2397 silly audit report       vulnerable_versions: '<0.2.6',
2397 silly audit report       cwe: [Array],
2397 silly audit report       cvss: [Object]
2397 silly audit report     }
2397 silly audit report   ],
2397 silly audit report   'websocket-driver': [
2397 silly audit report     {
2397 silly audit report       id: 1123482,
2397 silly audit report       url: 'https://github.com/advisories/GHSA-mp7j-qc5w-4988',
2397 silly audit report       title: 'websocket-driver: Resource limit bypass via message compression',
2397 silly audit report       severity: 'moderate',
2397 silly audit report       vulnerable_versions: '<0.7.5',
2397 silly audit report       cwe: [Array],
2397 silly audit report       cvss: [Object]
2397 silly audit report     },
2397 silly audit report     {
2397 silly audit report       id: 1123483,
2397 silly audit report       url: 'https://github.com/advisories/GHSA-xv26-6w52-cph6',
2397 silly audit report       title: 'websocket-driver: Message corruption via abuse of protocol length headers',
2397 silly audit report       severity: 'critical',
2397 silly audit report       vulnerable_versions: '<0.7.5',
2397 silly audit report       cwe: [Array],
2397 silly audit report       cvss: [Object]
2397 silly audit report     }
2397 silly audit report   ],
2397 silly audit report   yaml: [
2397 silly audit report     {
2397 silly audit report       id: 1115556,
2397 silly audit report       url: 'https://github.com/advisories/GHSA-48c2-rrv3-qjmp',
2397 silly audit report       title: 'yaml is vulnerable to Stack Overflow via deeply nested YAML collections',
2397 silly audit report       severity: 'moderate',
2397 silly audit report       vulnerable_versions: '>=2.0.0 <2.8.3',
2397 silly audit report       cwe: [Array],
2397 silly audit report       cvss: [Object]
2397 silly audit report     }
2397 silly audit report   ],
2397 silly audit report   'serialize-javascript': [
2397 silly audit report     {
2397 silly audit report       id: 1113686,
2397 silly audit report       url: 'https://github.com/advisories/GHSA-5c6j-r48x-rmvq',
2397 silly audit report       title: 'Serialize JavaScript is Vulnerable to RCE via RegExp.flags and Date.prototype.toISOString()',
2397 silly audit report       severity: 'high',
2397 silly audit report       vulnerable_versions: '<=7.0.2',
2397 silly audit report       cwe: [Array],
2397 silly audit report       cvss: [Object]
2397 silly audit report     }
2397 silly audit report   ]
2397 silly audit report }
2398 silly packumentCache corgi:https://registry.npmjs.org/@grpc%2fgrpc-js cache-miss
2399 silly packumentCache corgi:https://registry.npmjs.org/uuid cache-miss
2400 silly packumentCache corgi:https://registry.npmjs.org/@modelcontextprotocol%2fsdk cache-miss
2401 silly packumentCache corgi:https://registry.npmjs.org/ajv cache-miss
2402 silly packumentCache corgi:https://registry.npmjs.org/body-parser cache-miss
2403 silly packumentCache corgi:https://registry.npmjs.org/qs cache-miss
2404 silly packumentCache corgi:https://registry.npmjs.org/@opentelemetry%2fauto-instrumentations-node cache-miss
2405 silly packumentCache corgi:https://registry.npmjs.org/@opentelemetry%2fcore cache-miss
2406 silly packumentCache corgi:https://registry.npmjs.org/@opentelemetry%2fpropagator-jaeger cache-miss
2407 silly packumentCache corgi:https://registry.npmjs.org/@opentelemetry%2fsdk-node cache-miss
2408 silly packumentCache corgi:https://registry.npmjs.org/@protobufjs%2futf8 cache-miss
2409 silly packumentCache corgi:https://registry.npmjs.org/@tootallnate%2fonce cache-miss
2410 silly packumentCache corgi:https://registry.npmjs.org/form-data cache-miss
2411 silly packumentCache corgi:https://registry.npmjs.org/adm-zip cache-miss
2412 silly packumentCache corgi:https://registry.npmjs.org/axios cache-miss
2413 silly packumentCache corgi:https://registry.npmjs.org/brace-expansion cache-miss
2414 silly packumentCache corgi:https://registry.npmjs.org/dompurify cache-miss
2415 silly packumentCache corgi:https://registry.npmjs.org/extract-zip cache-miss
2416 silly packumentCache corgi:https://registry.npmjs.org/fast-uri cache-miss
2417 silly packumentCache corgi:https://registry.npmjs.org/fast-xml-parser cache-miss
2418 silly packumentCache corgi:https://registry.npmjs.org/follow-redirects cache-miss
2419 silly packumentCache corgi:https://registry.npmjs.org/glob cache-miss
2420 silly packumentCache corgi:https://registry.npmjs.org/handlebars cache-miss
2421 silly packumentCache corgi:https://registry.npmjs.org/js-yaml cache-miss
2422 silly packumentCache corgi:https://registry.npmjs.org/json-2-csv cache-miss
2423 silly packumentCache corgi:https://registry.npmjs.org/jspdf cache-miss
2424 silly packumentCache corgi:https://registry.npmjs.org/lodash cache-miss
2425 silly packumentCache corgi:https://registry.npmjs.org/minimatch cache-miss
2426 silly packumentCache corgi:https://registry.npmjs.org/nanoid cache-miss
2427 silly packumentCache corgi:https://registry.npmjs.org/next cache-miss
2428 silly packumentCache corgi:https://registry.npmjs.org/postcss cache-miss
2429 silly packumentCache corgi:https://registry.npmjs.org/node-forge cache-miss
2430 silly packumentCache corgi:https://registry.npmjs.org/path-to-regexp cache-miss
2431 silly packumentCache corgi:https://registry.npmjs.org/picomatch cache-miss
2432 silly packumentCache corgi:https://registry.npmjs.org/postcss-selector-parser cache-miss
2433 silly packumentCache corgi:https://registry.npmjs.org/protobufjs cache-miss
2434 silly packumentCache corgi:https://registry.npmjs.org/sharp cache-miss
2435 silly packumentCache corgi:https://registry.npmjs.org/tmp cache-miss
2436 silly packumentCache corgi:https://registry.npmjs.org/websocket-driver cache-miss
2437 silly packumentCache corgi:https://registry.npmjs.org/yaml cache-miss
2438 silly packumentCache corgi:https://registry.npmjs.org/serialize-javascript cache-miss
2439 http fetch GET 200 https://registry.npmjs.org/uuid 872ms (cache revalidated)
2440 silly packumentCache corgi:https://registry.npmjs.org/uuid set size:84321 disposed:false
2441 http fetch GET 200 https://registry.npmjs.org/qs 872ms (cache revalidated)
2442 silly packumentCache corgi:https://registry.npmjs.org/qs set size:149425 disposed:false
2443 http fetch GET 200 https://registry.npmjs.org/body-parser 885ms (cache revalidated)
2444 silly packumentCache corgi:https://registry.npmjs.org/body-parser set size:81203 disposed:false
2445 http fetch GET 200 https://registry.npmjs.org/ajv 894ms (cache revalidated)
2446 silly packumentCache corgi:https://registry.npmjs.org/ajv set size:467559 disposed:false
2447 warn deprecated glob@7.2.3: Old versions of glob are not supported, and contain widely publicized security vulnerabilities, which have been fixed in the current version. Please update. Support for old versions may be purchased (at exorbitant rates) by contacting i@izs.me
2448 warn deprecated glob@7.2.3: Old versions of glob are not supported, and contain widely publicized security vulnerabilities, which have been fixed in the current version. Please update. Support for old versions may be purchased (at exorbitant rates) by contacting i@izs.me
2449 warn deprecated rollup-plugin-terser@7.0.2: This package has been deprecated and is no longer maintained. Please use @rollup/plugin-terser
2450 http fetch GET 200 https://registry.npmjs.org/axios 918ms (cache revalidated)
2451 silly packumentCache corgi:https://registry.npmjs.org/axios set size:301538 disposed:false
2452 http fetch GET 200 https://registry.npmjs.org/form-data 953ms (cache revalidated)
2453 silly packumentCache corgi:https://registry.npmjs.org/form-data set size:55002 disposed:false
2454 http fetch GET 200 https://registry.npmjs.org/fast-uri 965ms (cache revalidated)
2455 silly packumentCache corgi:https://registry.npmjs.org/fast-uri set size:36115 disposed:false
2456 http fetch GET 200 https://registry.npmjs.org/brace-expansion 1004ms (cache revalidated)
2457 silly packumentCache corgi:https://registry.npmjs.org/brace-expansion set size:34964 disposed:false
2458 http fetch GET 200 https://registry.npmjs.org/fast-xml-parser 1016ms (cache revalidated)
2459 silly packumentCache corgi:https://registry.npmjs.org/fast-xml-parser set size:268070 disposed:false
2460 http fetch GET 200 https://registry.npmjs.org/extract-zip 1047ms (cache revalidated)
2461 silly packumentCache corgi:https://registry.npmjs.org/extract-zip set size:22818 disposed:false
2462 http fetch GET 200 https://registry.npmjs.org/glob 1049ms (cache revalidated)
2463 silly packumentCache corgi:https://registry.npmjs.org/glob set size:199194 disposed:false
2464 http fetch GET 200 https://registry.npmjs.org/lodash 1066ms (cache revalidated)
2465 silly packumentCache corgi:https://registry.npmjs.org/lodash set size:69555 disposed:false
2466 http fetch GET 200 https://registry.npmjs.org/@modelcontextprotocol%2fsdk 1112ms (cache revalidated)
2467 silly packumentCache corgi:https://registry.npmjs.org/@modelcontextprotocol%2fsdk set size:118002 disposed:false
2468 http fetch GET 200 https://registry.npmjs.org/postcss 1084ms (cache revalidated)
2469 silly packumentCache corgi:https://registry.npmjs.org/postcss set size:357674 disposed:false
2470 http fetch GET 200 https://registry.npmjs.org/jspdf 1121ms (cache revalidated)
2471 silly packumentCache corgi:https://registry.npmjs.org/jspdf set size:68277 disposed:false
2472 http fetch GET 200 https://registry.npmjs.org/picomatch 1114ms (cache revalidated)
2473 silly packumentCache corgi:https://registry.npmjs.org/picomatch set size:46877 disposed:false
2474 http fetch GET 200 https://registry.npmjs.org/js-yaml 1140ms (cache revalidated)
2475 silly packumentCache corgi:https://registry.npmjs.org/js-yaml set size:76682 disposed:false
2476 http fetch GET 200 https://registry.npmjs.org/adm-zip 1220ms (cache revalidated)
2477 silly packumentCache corgi:https://registry.npmjs.org/adm-zip set size:39206 disposed:false
2478 warn deprecated sourcemap-codec@1.4.8: Please use @jridgewell/sourcemap-codec instead
2479 http fetch GET 200 https://registry.npmjs.org/handlebars 1260ms (cache revalidated)
2480 silly packumentCache corgi:https://registry.npmjs.org/handlebars set size:144279 disposed:false
2481 http fetch GET 200 https://registry.npmjs.org/nanoid 1307ms (cache revalidated)
2482 silly packumentCache corgi:https://registry.npmjs.org/nanoid set size:158420 disposed:false
2483 http fetch GET 200 https://registry.npmjs.org/json-2-csv 1318ms (cache revalidated)
2484 silly packumentCache corgi:https://registry.npmjs.org/json-2-csv set size:181008 disposed:false
2485 http fetch GET 200 https://registry.npmjs.org/@tootallnate%2fonce 1387ms (cache revalidated)
2486 silly packumentCache corgi:https://registry.npmjs.org/@tootallnate%2fonce set size:11748 disposed:false
2487 http fetch GET 200 https://registry.npmjs.org/follow-redirects 1379ms (cache revalidated)
2488 silly packumentCache corgi:https://registry.npmjs.org/follow-redirects set size:88479 disposed:false
2489 http fetch GET 200 https://registry.npmjs.org/@grpc%2fgrpc-js 1440ms (cache revalidated)
2490 silly packumentCache corgi:https://registry.npmjs.org/@grpc%2fgrpc-js set size:346199 disposed:false
2491 http fetch GET 200 https://registry.npmjs.org/websocket-driver 1389ms (cache revalidated)
2492 silly packumentCache corgi:https://registry.npmjs.org/websocket-driver set size:19937 disposed:false
2493 http fetch GET 200 https://registry.npmjs.org/node-forge 1404ms (cache revalidated)
2494 silly packumentCache corgi:https://registry.npmjs.org/node-forge set size:106633 disposed:false
2495 http fetch GET 200 https://registry.npmjs.org/@protobufjs%2futf8 1456ms (cache revalidated)
2496 silly packumentCache corgi:https://registry.npmjs.org/@protobufjs%2futf8 set size:5638 disposed:false
2497 http fetch GET 200 https://registry.npmjs.org/minimatch 1428ms (cache revalidated)
2498 silly packumentCache corgi:https://registry.npmjs.org/minimatch set size:169442 disposed:false
2499 http fetch GET 200 https://registry.npmjs.org/@opentelemetry%2fcore 1481ms (cache revalidated)
2500 silly packumentCache corgi:https://registry.npmjs.org/@opentelemetry%2fcore set size:388232 disposed:false
2501 http fetch GET 200 https://registry.npmjs.org/path-to-regexp 1451ms (cache revalidated)
2502 silly packumentCache corgi:https://registry.npmjs.org/path-to-regexp set size:66575 disposed:false
2503 http fetch GET 200 https://registry.npmjs.org/@opentelemetry%2fauto-instrumentations-node 1499ms (cache revalidated)
2504 silly packumentCache corgi:https://registry.npmjs.org/@opentelemetry%2fauto-instrumentations-node set size:361585 disposed:false
2505 http fetch GET 200 https://registry.npmjs.org/@opentelemetry%2fpropagator-jaeger 1503ms (cache revalidated)
2506 silly packumentCache corgi:https://registry.npmjs.org/@opentelemetry%2fpropagator-jaeger set size:306189 disposed:false
2507 http fetch GET 200 https://registry.npmjs.org/sharp 1461ms (cache revalidated)
2508 silly packumentCache corgi:https://registry.npmjs.org/sharp set size:296651 disposed:false
2509 http fetch GET 200 https://registry.npmjs.org/dompurify 1515ms (cache revalidated)
2510 silly packumentCache corgi:https://registry.npmjs.org/dompurify set size:258156 disposed:false
2511 http fetch GET 200 https://registry.npmjs.org/serialize-javascript 1512ms (cache revalidated)
2512 silly packumentCache corgi:https://registry.npmjs.org/serialize-javascript set size:39582 disposed:false
2513 http fetch GET 200 https://registry.npmjs.org/@opentelemetry%2fsdk-node 1613ms (cache revalidated)
2514 silly packumentCache corgi:https://registry.npmjs.org/@opentelemetry%2fsdk-node set size:574206 disposed:false
2515 http fetch GET 200 https://registry.npmjs.org/postcss-selector-parser 1612ms (cache revalidated)
2516 silly packumentCache corgi:https://registry.npmjs.org/postcss-selector-parser set size:90399 disposed:false
2517 http fetch GET 200 https://registry.npmjs.org/acorn/-/acorn-8.15.0.tgz 2771ms (cache miss)
2518 warn deprecated workbox-cacheable-response@6.6.0: workbox-background-sync@6.6.0
2519 warn deprecated workbox-google-analytics@6.6.0: It is not compatible with newer versions of GA starting with v4, as long as you are using GAv3 it should be ok, but the package is not longer being maintained
2520 http fetch GET 200 https://registry.npmjs.org/tmp 1719ms (cache revalidated)
2521 silly packumentCache corgi:https://registry.npmjs.org/tmp set size:25283 disposed:false
2522 http fetch GET 200 https://registry.npmjs.org/yaml 1720ms (cache revalidated)
2523 silly packumentCache corgi:https://registry.npmjs.org/yaml set size:163878 disposed:false
2524 http fetch GET 200 https://registry.npmjs.org/protobufjs 1740ms (cache revalidated)
2525 silly packumentCache corgi:https://registry.npmjs.org/protobufjs set size:295149 disposed:false
2526 http fetch GET 200 https://registry.npmjs.org/next 4111ms (cache miss)
2527 silly packumentCache corgi:https://registry.npmjs.org/next set size:undefined disposed:false
2528 silly packumentCache corgi:https://registry.npmjs.org/google-gax cache-miss
2529 silly packumentCache corgi:https://registry.npmjs.org/@google-cloud%2fopentelemetry-cloud-trace-exporter cache-miss
2530 silly packumentCache corgi:https://registry.npmjs.org/@opentelemetry%2fexporter-trace-otlp-grpc cache-miss
2531 silly packumentCache corgi:https://registry.npmjs.org/@opentelemetry%2fotlp-grpc-exporter-base cache-miss
2532 http fetch GET 200 https://registry.npmjs.org/google-gax 440ms (cache miss)
2533 silly packumentCache corgi:https://registry.npmjs.org/google-gax set size:undefined disposed:false
2534 http fetch GET 200 https://registry.npmjs.org/@opentelemetry%2fexporter-trace-otlp-grpc 502ms (cache miss)
2535 silly packumentCache corgi:https://registry.npmjs.org/@opentelemetry%2fexporter-trace-otlp-grpc set size:undefined disposed:false
2536 http fetch GET 200 https://registry.npmjs.org/@opentelemetry%2fotlp-grpc-exporter-base 1106ms (cache miss)
2537 silly packumentCache corgi:https://registry.npmjs.org/@opentelemetry%2fotlp-grpc-exporter-base set size:undefined disposed:false
2538 http fetch GET 200 https://registry.npmjs.org/@google-cloud%2fopentelemetry-cloud-trace-exporter 1119ms (cache miss)
2539 silly packumentCache corgi:https://registry.npmjs.org/@google-cloud%2fopentelemetry-cloud-trace-exporter set size:undefined disposed:false
2540 silly packumentCache corgi:https://registry.npmjs.org/@firebase%2ffirestore cache-miss
2541 http fetch GET 200 https://registry.npmjs.org/@firebase%2ffirestore 11579ms (cache miss)
2542 silly packumentCache corgi:https://registry.npmjs.org/@firebase%2ffirestore set size:undefined disposed:false
2543 silly packumentCache corgi:https://registry.npmjs.org/@genkit-ai%2ftools-common cache-miss
2544 silly packumentCache corgi:https://registry.npmjs.org/@google-cloud%2flogging cache-miss
2545 silly packumentCache corgi:https://registry.npmjs.org/@google-cloud%2fstorage cache-miss
2546 silly packumentCache corgi:https://registry.npmjs.org/eventid cache-miss
2547 silly packumentCache corgi:https://registry.npmjs.org/gaxios cache-miss
2548 silly packumentCache corgi:https://registry.npmjs.org/googleapis-common cache-miss
2549 silly packumentCache corgi:https://registry.npmjs.org/jaeger-client cache-miss
2550 silly packumentCache corgi:https://registry.npmjs.org/teeny-request cache-miss
2551 silly packumentCache corgi:https://registry.npmjs.org/@genkit-ai%2fai cache-miss
2552 silly packumentCache corgi:https://registry.npmjs.org/firebase-admin cache-miss
2553 silly packumentCache corgi:https://registry.npmjs.org/genkit cache-miss
2554 http fetch GET 200 https://registry.npmjs.org/eventid 738ms (cache miss)
2555 silly packumentCache corgi:https://registry.npmjs.org/eventid set size:undefined disposed:false
2556 http fetch GET 200 https://registry.npmjs.org/googleapis-common 896ms (cache miss)
2557 silly packumentCache corgi:https://registry.npmjs.org/googleapis-common set size:undefined disposed:false
2558 http fetch GET 200 https://registry.npmjs.org/jaeger-client 917ms (cache miss)
2559 silly packumentCache corgi:https://registry.npmjs.org/jaeger-client set size:undefined disposed:false
2560 http fetch GET 200 https://registry.npmjs.org/@genkit-ai%2ftools-common 1114ms (cache miss)
2561 silly packumentCache corgi:https://registry.npmjs.org/@genkit-ai%2ftools-common set size:undefined disposed:false
2562 http fetch GET 200 https://registry.npmjs.org/gaxios 1139ms (cache miss)
2563 silly packumentCache corgi:https://registry.npmjs.org/gaxios set size:undefined disposed:false
2564 http fetch GET 200 https://registry.npmjs.org/teeny-request 1232ms (cache miss)
2565 silly packumentCache corgi:https://registry.npmjs.org/teeny-request set size:undefined disposed:false
2566 http fetch GET 200 https://registry.npmjs.org/genkit 1339ms (cache miss)
2567 silly packumentCache corgi:https://registry.npmjs.org/genkit set size:undefined disposed:false
2568 http fetch GET 200 https://registry.npmjs.org/firebase-admin 1450ms (cache miss)
2569 silly packumentCache corgi:https://registry.npmjs.org/firebase-admin set size:undefined disposed:false
2570 http fetch GET 200 https://registry.npmjs.org/@google-cloud%2fstorage 1613ms (cache miss)
2571 silly packumentCache corgi:https://registry.npmjs.org/@google-cloud%2fstorage set size:undefined disposed:false
2572 http fetch GET 200 https://registry.npmjs.org/@google-cloud%2flogging 1693ms (cache miss)
2573 silly packumentCache corgi:https://registry.npmjs.org/@google-cloud%2flogging set size:undefined disposed:false
2574 http fetch GET 200 https://registry.npmjs.org/@genkit-ai%2fai 1698ms (cache miss)
2575 silly packumentCache corgi:https://registry.npmjs.org/@genkit-ai%2fai set size:undefined disposed:false
2576 silly packumentCache corgi:https://registry.npmjs.org/genkit-cli cache-miss
2577 http fetch GET 200 https://registry.npmjs.org/genkit-cli 308ms (cache miss)
2578 silly packumentCache corgi:https://registry.npmjs.org/genkit-cli set size:undefined disposed:false
2579 silly packumentCache corgi:https://registry.npmjs.org/@genkit-ai%2fcore cache-miss
2580 silly packumentCache corgi:https://registry.npmjs.org/ajv-formats cache-miss
2581 silly packumentCache corgi:https://registry.npmjs.org/schema-utils cache-miss
2582 silly packumentCache corgi:https://registry.npmjs.org/workbox-build cache-miss
2583 http fetch GET 200 https://registry.npmjs.org/schema-utils 144ms (cache miss)
2584 silly packumentCache corgi:https://registry.npmjs.org/schema-utils set size:undefined disposed:false
2585 http fetch GET 200 https://registry.npmjs.org/workbox-build 393ms (cache miss)
2586 silly packumentCache corgi:https://registry.npmjs.org/workbox-build set size:undefined disposed:false
2587 http fetch GET 200 https://registry.npmjs.org/ajv-formats 408ms (cache miss)
2588 silly packumentCache corgi:https://registry.npmjs.org/ajv-formats set size:undefined disposed:false
2589 http fetch GET 200 https://registry.npmjs.org/@genkit-ai%2fcore 808ms (cache miss)
2590 silly packumentCache corgi:https://registry.npmjs.org/@genkit-ai%2fcore set size:undefined disposed:false
2591 silly packumentCache corgi:https://registry.npmjs.org/express cache-miss
2592 http fetch GET 200 https://registry.npmjs.org/express 241ms (cache miss)
2593 silly packumentCache corgi:https://registry.npmjs.org/express set size:undefined disposed:false
2594 silly packumentCache corgi:https://registry.npmjs.org/@genkit-ai%2fgoogle-cloud cache-miss
2595 http fetch GET 200 https://registry.npmjs.org/@genkit-ai%2fgoogle-cloud 720ms (cache miss)
2596 silly packumentCache corgi:https://registry.npmjs.org/@genkit-ai%2fgoogle-cloud set size:undefined disposed:false
2597 silly packumentCache corgi:https://registry.npmjs.org/@genkit-ai%2ftelemetry-server cache-miss
2598 silly packumentCache corgi:https://registry.npmjs.org/@opentelemetry%2fexporter-trace-otlp-http cache-miss
2599 silly packumentCache corgi:https://registry.npmjs.org/@opentelemetry%2fexporter-trace-otlp-proto cache-miss
2600 silly packumentCache corgi:https://registry.npmjs.org/@opentelemetry%2fexporter-zipkin cache-miss
2601 silly packumentCache corgi:https://registry.npmjs.org/@opentelemetry%2finstrumentation-amqplib cache-miss
2602 silly packumentCache corgi:https://registry.npmjs.org/@opentelemetry%2finstrumentation-aws-sdk cache-miss
2603 silly packumentCache corgi:https://registry.npmjs.org/@opentelemetry%2finstrumentation-connect cache-miss
2604 silly packumentCache corgi:https://registry.npmjs.org/@opentelemetry%2finstrumentation-express cache-miss
2605 silly packumentCache corgi:https://registry.npmjs.org/@opentelemetry%2finstrumentation-fastify cache-miss
2606 silly packumentCache corgi:https://registry.npmjs.org/@opentelemetry%2finstrumentation-fs cache-miss
2607 silly packumentCache corgi:https://registry.npmjs.org/@opentelemetry%2finstrumentation-hapi cache-miss
2608 silly packumentCache corgi:https://registry.npmjs.org/@opentelemetry%2finstrumentation-http cache-miss
2609 silly packumentCache corgi:https://registry.npmjs.org/@opentelemetry%2finstrumentation-koa cache-miss
2610 silly packumentCache corgi:https://registry.npmjs.org/@opentelemetry%2finstrumentation-mongoose cache-miss
2611 silly packumentCache corgi:https://registry.npmjs.org/@opentelemetry%2finstrumentation-pino cache-miss
2612 silly packumentCache corgi:https://registry.npmjs.org/@opentelemetry%2finstrumentation-restify cache-miss
2613 silly packumentCache corgi:https://registry.npmjs.org/@opentelemetry%2finstrumentation-undici cache-miss
2614 silly packumentCache corgi:https://registry.npmjs.org/@opentelemetry%2fotlp-exporter-base cache-miss
2615 silly packumentCache corgi:https://registry.npmjs.org/@opentelemetry%2fotlp-transformer cache-miss
2616 silly packumentCache corgi:https://registry.npmjs.org/@opentelemetry%2fpropagator-b3 cache-miss
2617 silly packumentCache corgi:https://registry.npmjs.org/@opentelemetry%2fresource-detector-aws cache-miss
2618 silly packumentCache corgi:https://registry.npmjs.org/@opentelemetry%2fresource-detector-azure cache-miss
2619 silly packumentCache corgi:https://registry.npmjs.org/@opentelemetry%2fresource-detector-gcp cache-miss
2620 silly packumentCache corgi:https://registry.npmjs.org/@opentelemetry%2fresources cache-miss
2621 silly packumentCache corgi:https://registry.npmjs.org/@opentelemetry%2fsdk-logs cache-miss
2622 silly packumentCache corgi:https://registry.npmjs.org/@opentelemetry%2fsdk-metrics cache-miss
2623 silly packumentCache corgi:https://registry.npmjs.org/@opentelemetry%2fsdk-trace-base cache-miss
2624 silly packumentCache corgi:https://registry.npmjs.org/@opentelemetry%2fsdk-trace-node cache-miss
2625 silly packumentCache corgi:https://registry.npmjs.org/@opentelemetry%2fsql-common cache-miss
2626 silly packumentCache corgi:https://registry.npmjs.org/@opentelemetry%2fexporter-jaeger cache-miss
2627 silly packumentCache corgi:https://registry.npmjs.org/@opentelemetry%2fresource-detector-alibaba-cloud cache-miss
2628 silly packumentCache corgi:https://registry.npmjs.org/@opentelemetry%2fresource-detector-container cache-miss
2629 http fetch GET 200 https://registry.npmjs.org/@opentelemetry%2fexporter-trace-otlp-http 741ms (cache miss)
2630 silly packumentCache corgi:https://registry.npmjs.org/@opentelemetry%2fexporter-trace-otlp-http set size:undefined disposed:false
2631 http fetch GET 200 https://registry.npmjs.org/@opentelemetry%2finstrumentation-mongoose 752ms (cache miss)
2632 silly packumentCache corgi:https://registry.npmjs.org/@opentelemetry%2finstrumentation-mongoose set size:undefined disposed:false
2633 http fetch GET 200 https://registry.npmjs.org/@opentelemetry%2fexporter-trace-otlp-proto 967ms (cache miss)
2634 silly packumentCache corgi:https://registry.npmjs.org/@opentelemetry%2fexporter-trace-otlp-proto set size:undefined disposed:false
2635 http fetch GET 200 https://registry.npmjs.org/@opentelemetry%2finstrumentation-koa 1106ms (cache miss)
2636 silly packumentCache corgi:https://registry.npmjs.org/@opentelemetry%2finstrumentation-koa set size:undefined disposed:false
2637 http fetch GET 200 https://registry.npmjs.org/@opentelemetry%2finstrumentation-fs 1155ms (cache miss)
2638 silly packumentCache corgi:https://registry.npmjs.org/@opentelemetry%2finstrumentation-fs set size:undefined disposed:false
2639 http fetch GET 200 https://registry.npmjs.org/@genkit-ai%2ftelemetry-server 1211ms (cache miss)
2640 silly packumentCache corgi:https://registry.npmjs.org/@genkit-ai%2ftelemetry-server set size:undefined disposed:false
2641 http fetch GET 200 https://registry.npmjs.org/@opentelemetry%2finstrumentation-amqplib 1265ms (cache miss)
2642 silly packumentCache corgi:https://registry.npmjs.org/@opentelemetry%2finstrumentation-amqplib set size:undefined disposed:false
2643 http fetch GET 200 https://registry.npmjs.org/@opentelemetry%2finstrumentation-aws-sdk 1376ms (cache miss)
2644 silly packumentCache corgi:https://registry.npmjs.org/@opentelemetry%2finstrumentation-aws-sdk set size:undefined disposed:false
2645 http fetch GET 200 https://registry.npmjs.org/@opentelemetry%2finstrumentation-express 1560ms (cache miss)
2646 silly packumentCache corgi:https://registry.npmjs.org/@opentelemetry%2finstrumentation-express set size:undefined disposed:false
2647 http fetch GET 200 https://registry.npmjs.org/@opentelemetry%2finstrumentation-pino 1988ms (cache miss)
2648 silly packumentCache corgi:https://registry.npmjs.org/@opentelemetry%2finstrumentation-pino set size:undefined disposed:false
2649 http fetch GET 200 https://registry.npmjs.org/@opentelemetry%2finstrumentation-fastify 2058ms (cache miss)
2650 silly packumentCache corgi:https://registry.npmjs.org/@opentelemetry%2finstrumentation-fastify set size:undefined disposed:false
2651 http fetch GET 200 https://registry.npmjs.org/@opentelemetry%2finstrumentation-connect 2066ms (cache miss)
2652 silly packumentCache corgi:https://registry.npmjs.org/@opentelemetry%2finstrumentation-connect set size:undefined disposed:false
2653 http fetch GET 200 https://registry.npmjs.org/@opentelemetry%2finstrumentation-restify 2104ms (cache miss)
2654 silly packumentCache corgi:https://registry.npmjs.org/@opentelemetry%2finstrumentation-restify set size:undefined disposed:false
2655 http fetch GET 200 https://registry.npmjs.org/@opentelemetry%2finstrumentation-undici 2110ms (cache miss)
2656 silly packumentCache corgi:https://registry.npmjs.org/@opentelemetry%2finstrumentation-undici set size:undefined disposed:false
2657 http fetch GET 200 https://registry.npmjs.org/@opentelemetry%2fotlp-exporter-base 2122ms (cache miss)
2658 silly packumentCache corgi:https://registry.npmjs.org/@opentelemetry%2fotlp-exporter-base set size:undefined disposed:false
2659 http fetch GET 200 https://registry.npmjs.org/@opentelemetry%2fexporter-zipkin 3859ms (cache miss)
2660 silly packumentCache corgi:https://registry.npmjs.org/@opentelemetry%2fexporter-zipkin set size:undefined disposed:false
2661 http fetch GET 200 https://registry.npmjs.org/@opentelemetry%2finstrumentation-hapi 4513ms (cache miss)
2662 silly packumentCache corgi:https://registry.npmjs.org/@opentelemetry%2finstrumentation-hapi set size:undefined disposed:false
2663 http fetch GET 200 https://registry.npmjs.org/@opentelemetry%2fotlp-transformer 4956ms (cache miss)
2664 silly packumentCache corgi:https://registry.npmjs.org/@opentelemetry%2fotlp-transformer set size:undefined disposed:false
2665 http fetch GET 200 https://registry.npmjs.org/@opentelemetry%2fsdk-trace-base 5144ms (cache miss)
2666 silly packumentCache corgi:https://registry.npmjs.org/@opentelemetry%2fsdk-trace-base set size:undefined disposed:false
2667 http fetch GET 200 https://registry.npmjs.org/@opentelemetry%2fsdk-logs 6564ms (cache miss)
2668 silly packumentCache corgi:https://registry.npmjs.org/@opentelemetry%2fsdk-logs set size:undefined disposed:false
2669 http fetch GET 200 https://registry.npmjs.org/@opentelemetry%2fsql-common 7545ms (cache miss)
2670 silly packumentCache corgi:https://registry.npmjs.org/@opentelemetry%2fsql-common set size:undefined disposed:false
2671 http fetch GET 200 https://registry.npmjs.org/@opentelemetry%2finstrumentation-http 8469ms (cache miss)
2672 silly packumentCache corgi:https://registry.npmjs.org/@opentelemetry%2finstrumentation-http set size:undefined disposed:false
2673 http fetch GET 200 https://registry.npmjs.org/@opentelemetry%2fresource-detector-alibaba-cloud 8515ms (cache miss)
2674 silly packumentCache corgi:https://registry.npmjs.org/@opentelemetry%2fresource-detector-alibaba-cloud set size:undefined disposed:false
2675 http fetch GET 200 https://registry.npmjs.org/@opentelemetry%2fresource-detector-container 8535ms (cache miss)
2676 silly packumentCache corgi:https://registry.npmjs.org/@opentelemetry%2fresource-detector-container set size:undefined disposed:false
2677 http fetch GET 200 https://registry.npmjs.org/@opentelemetry%2fresource-detector-aws 10819ms (cache miss)
2678 silly packumentCache corgi:https://registry.npmjs.org/@opentelemetry%2fresource-detector-aws set size:undefined disposed:false
2679 http fetch GET 200 https://registry.npmjs.org/@opentelemetry%2fpropagator-b3 10856ms (cache miss)
2680 silly packumentCache corgi:https://registry.npmjs.org/@opentelemetry%2fpropagator-b3 set size:undefined disposed:false
2681 http fetch GET 200 https://registry.npmjs.org/@opentelemetry%2fresource-detector-azure 10898ms (cache miss)
2682 silly packumentCache corgi:https://registry.npmjs.org/@opentelemetry%2fresource-detector-azure set size:undefined disposed:false
2683 http fetch GET 200 https://registry.npmjs.org/@opentelemetry%2fresource-detector-gcp 10946ms (cache miss)
2684 silly packumentCache corgi:https://registry.npmjs.org/@opentelemetry%2fresource-detector-gcp set size:undefined disposed:false
2685 http fetch GET 200 https://registry.npmjs.org/@opentelemetry%2fsdk-trace-node 11143ms (cache miss)
2686 silly packumentCache corgi:https://registry.npmjs.org/@opentelemetry%2fsdk-trace-node set size:undefined disposed:false
2687 http fetch GET 200 https://registry.npmjs.org/@opentelemetry%2fsdk-metrics 11157ms (cache miss)
2688 silly packumentCache corgi:https://registry.npmjs.org/@opentelemetry%2fsdk-metrics set size:undefined disposed:false
2689 http fetch GET 200 https://registry.npmjs.org/@opentelemetry%2fexporter-jaeger 15394ms (cache miss)
2690 silly packumentCache corgi:https://registry.npmjs.org/@opentelemetry%2fexporter-jaeger set size:undefined disposed:false
2691 http fetch GET 200 https://registry.npmjs.org/@opentelemetry%2fresources 23836ms (cache miss)
2692 silly packumentCache corgi:https://registry.npmjs.org/@opentelemetry%2fresources set size:undefined disposed:false
2693 silly packumentCache corgi:https://registry.npmjs.org/http-proxy-agent cache-miss
2694 http fetch GET 200 https://registry.npmjs.org/http-proxy-agent 82ms (cache miss)
2695 silly packumentCache corgi:https://registry.npmjs.org/http-proxy-agent set size:undefined disposed:false
2696 silly packumentCache corgi:https://registry.npmjs.org/@types%2frequest cache-miss
2697 http fetch GET 200 https://registry.npmjs.org/@types%2frequest 635ms (cache miss)
2698 silly packumentCache corgi:https://registry.npmjs.org/@types%2frequest set size:undefined disposed:false
2699 silly packumentCache corgi:https://registry.npmjs.org/razorpay cache-miss
2700 http fetch GET 200 https://registry.npmjs.org/razorpay 308ms (cache miss)
2701 silly packumentCache corgi:https://registry.npmjs.org/razorpay set size:undefined disposed:false
2702 silly packumentCache corgi:https://registry.npmjs.org/rimraf cache-miss
2703 silly packumentCache corgi:https://registry.npmjs.org/sucrase cache-miss
2704 http fetch GET 200 https://registry.npmjs.org/rimraf 342ms (cache miss)
2705 silly packumentCache corgi:https://registry.npmjs.org/rimraf set size:undefined disposed:false
2706 http fetch GET 200 https://registry.npmjs.org/sucrase 647ms (cache miss)
2707 silly packumentCache corgi:https://registry.npmjs.org/sucrase set size:undefined disposed:false
2708 silly packumentCache corgi:https://registry.npmjs.org/dotprompt cache-miss
2709 http fetch GET 200 https://registry.npmjs.org/dotprompt 327ms (cache miss)
2710 silly packumentCache corgi:https://registry.npmjs.org/dotprompt set size:undefined disposed:false
2711 silly packumentCache corgi:https://registry.npmjs.org/recharts cache-miss
2712 http fetch GET 200 https://registry.npmjs.org/recharts 786ms (cache miss)
2713 silly packumentCache corgi:https://registry.npmjs.org/recharts set size:undefined disposed:false
2714 silly packumentCache corgi:https://registry.npmjs.org/tailwindcss cache-miss
2715 http fetch GET 200 https://registry.npmjs.org/tailwindcss 10052ms (cache miss)
2716 silly packumentCache corgi:https://registry.npmjs.org/tailwindcss set size:undefined disposed:false
2717 silly packumentCache corgi:https://registry.npmjs.org/router cache-miss
2718 http fetch GET 200 https://registry.npmjs.org/router 134ms (cache miss)
2719 silly packumentCache corgi:https://registry.npmjs.org/router set size:undefined disposed:false
2720 silly packumentCache corgi:https://registry.npmjs.org/anymatch cache-miss
2721 silly packumentCache corgi:https://registry.npmjs.org/micromatch cache-miss
2722 silly packumentCache corgi:https://registry.npmjs.org/readdirp cache-miss
2723 silly packumentCache corgi:https://registry.npmjs.org/@rollup%2fpluginutils cache-miss
2724 http fetch GET 200 https://registry.npmjs.org/anymatch 79ms (cache miss)
2725 silly packumentCache corgi:https://registry.npmjs.org/anymatch set size:undefined disposed:false
2726 http fetch GET 200 https://registry.npmjs.org/micromatch 98ms (cache miss)
2727 silly packumentCache corgi:https://registry.npmjs.org/micromatch set size:undefined disposed:false
2728 http fetch GET 200 https://registry.npmjs.org/readdirp 197ms (cache miss)
2729 silly packumentCache corgi:https://registry.npmjs.org/readdirp set size:undefined disposed:false
2730 http fetch GET 200 https://registry.npmjs.org/@rollup%2fpluginutils 449ms (cache miss)
2731 silly packumentCache corgi:https://registry.npmjs.org/@rollup%2fpluginutils set size:undefined disposed:false
2732 silly packumentCache corgi:https://registry.npmjs.org/postcss-nested cache-miss
2733 http fetch GET 200 https://registry.npmjs.org/postcss-nested 618ms (cache miss)
2734 silly packumentCache corgi:https://registry.npmjs.org/postcss-nested set size:undefined disposed:false
2735 silly packumentCache corgi:https://registry.npmjs.org/@google-cloud%2ffirestore cache-miss
2736 silly packumentCache corgi:https://registry.npmjs.org/@grpc%2fproto-loader cache-miss
2737 silly packumentCache corgi:https://registry.npmjs.org/proto3-json-serializer cache-miss
2738 http fetch GET 200 https://registry.npmjs.org/proto3-json-serializer 193ms (cache miss)
2739 silly packumentCache corgi:https://registry.npmjs.org/proto3-json-serializer set size:undefined disposed:false
2740 http fetch GET 200 https://registry.npmjs.org/@grpc%2fproto-loader 243ms (cache miss)
2741 silly packumentCache corgi:https://registry.npmjs.org/@grpc%2fproto-loader set size:undefined disposed:false
2742 http fetch GET 200 https://registry.npmjs.org/@google-cloud%2ffirestore 377ms (cache miss)
2743 silly packumentCache corgi:https://registry.npmjs.org/@google-cloud%2ffirestore set size:undefined disposed:false
2744 silly packumentCache corgi:https://registry.npmjs.org/patch-package cache-miss
2745 http fetch GET 200 https://registry.npmjs.org/patch-package 383ms (cache miss)
2746 silly packumentCache corgi:https://registry.npmjs.org/patch-package set size:undefined disposed:false
2747 silly packumentCache corgi:https://registry.npmjs.org/faye-websocket cache-miss
2748 http fetch GET 200 https://registry.npmjs.org/faye-websocket 103ms (cache miss)
2749 silly packumentCache corgi:https://registry.npmjs.org/faye-websocket set size:undefined disposed:false
2750 silly packumentCache corgi:https://registry.npmjs.org/openapi3-ts cache-miss
2751 silly packumentCache corgi:https://registry.npmjs.org/postcss-load-config cache-miss
2752 http fetch GET 200 https://registry.npmjs.org/postcss-load-config 116ms (cache miss)
2753 silly packumentCache corgi:https://registry.npmjs.org/postcss-load-config set size:undefined disposed:false
2754 http fetch GET 200 https://registry.npmjs.org/openapi3-ts 329ms (cache miss)
2755 silly packumentCache corgi:https://registry.npmjs.org/openapi3-ts set size:undefined disposed:false
2756 silly packumentCache corgi:https://registry.npmjs.org/rollup-plugin-terser cache-miss
2757 http fetch GET 200 https://registry.npmjs.org/rollup-plugin-terser 481ms (cache miss)
2758 silly packumentCache corgi:https://registry.npmjs.org/rollup-plugin-terser set size:undefined disposed:false
2759 silly packumentCache corgi:https://registry.npmjs.org/googleapis cache-miss
2760 http fetch GET 200 https://registry.npmjs.org/googleapis 695ms (cache miss)
2761 silly packumentCache corgi:https://registry.npmjs.org/googleapis set size:undefined disposed:false
2762 silly packumentCache corgi:https://registry.npmjs.org/gcp-metadata cache-miss
2763 silly packumentCache corgi:https://registry.npmjs.org/google-auth-library cache-miss
2764 silly packumentCache corgi:https://registry.npmjs.org/gtoken cache-miss
2765 http fetch GET 200 https://registry.npmjs.org/gtoken 264ms (cache miss)
2766 silly packumentCache corgi:https://registry.npmjs.org/gtoken set size:undefined disposed:false
2767 http fetch GET 200 https://registry.npmjs.org/gcp-metadata 408ms (cache miss)
2768 silly packumentCache corgi:https://registry.npmjs.org/gcp-metadata set size:undefined disposed:false
2769 http fetch GET 200 https://registry.npmjs.org/google-auth-library 547ms (cache miss)
2770 silly packumentCache corgi:https://registry.npmjs.org/google-auth-library set size:undefined disposed:false
2771 silly packumentCache corgi:https://registry.npmjs.org/@google-cloud%2fcommon cache-miss
2772 silly packumentCache corgi:https://registry.npmjs.org/retry-request cache-miss
2773 http fetch GET 200 https://registry.npmjs.org/retry-request 142ms (cache miss)
2774 silly packumentCache corgi:https://registry.npmjs.org/retry-request set size:undefined disposed:false
2775 http fetch GET 200 https://registry.npmjs.org/@google-cloud%2fcommon 1110ms (cache miss)
2776 silly packumentCache corgi:https://registry.npmjs.org/@google-cloud%2fcommon set size:undefined disposed:false
2777 silly packumentCache corgi:https://registry.npmjs.org/@google-cloud%2flogging-winston cache-miss
2778 http fetch GET 200 https://registry.npmjs.org/@google-cloud%2flogging-winston 749ms (cache miss)
2779 silly packumentCache corgi:https://registry.npmjs.org/@google-cloud%2flogging-winston set size:undefined disposed:false
2780 silly packumentCache corgi:https://registry.npmjs.org/@genkit-ai%2ffirebase cache-miss
2781 http fetch GET 200 https://registry.npmjs.org/@genkit-ai%2ffirebase 823ms (cache miss)
2782 silly packumentCache corgi:https://registry.npmjs.org/@genkit-ai%2ffirebase set size:undefined disposed:false
2783 silly packumentCache corgi:https://registry.npmjs.org/@opentelemetry%2finstrumentation-mysql2 cache-miss
2784 silly packumentCache corgi:https://registry.npmjs.org/@opentelemetry%2finstrumentation-pg cache-miss
2785 http fetch GET 200 https://registry.npmjs.org/@opentelemetry%2finstrumentation-pg 1685ms (cache miss)
2786 silly packumentCache corgi:https://registry.npmjs.org/@opentelemetry%2finstrumentation-pg set size:undefined disposed:false
2787 http fetch GET 200 https://registry.npmjs.org/@opentelemetry%2finstrumentation-mysql2 1726ms (cache miss)
2788 silly packumentCache corgi:https://registry.npmjs.org/@opentelemetry%2finstrumentation-mysql2 set size:undefined disposed:false
2789 silly packumentCache corgi:https://registry.npmjs.org/@opentelemetry%2finstrumentation-mongodb cache-miss
2790 http fetch GET 200 https://registry.npmjs.org/@opentelemetry%2finstrumentation-mongodb 733ms (cache miss)
2791 silly packumentCache corgi:https://registry.npmjs.org/@opentelemetry%2finstrumentation-mongodb set size:undefined disposed:false
2792 silly packumentCache corgi:https://registry.npmjs.org/@opentelemetry%2finstrumentation-aws-lambda cache-miss
2793 http fetch GET 200 https://registry.npmjs.org/@opentelemetry%2finstrumentation-aws-lambda 928ms (cache miss)
2794 silly packumentCache corgi:https://registry.npmjs.org/@opentelemetry%2finstrumentation-aws-lambda set size:undefined disposed:false
2795 silly packumentCache corgi:https://registry.npmjs.org/@google-cloud%2fopentelemetry-cloud-monitoring-exporter cache-miss
2796 http fetch GET 200 https://registry.npmjs.org/@google-cloud%2fopentelemetry-cloud-monitoring-exporter 732ms (cache miss)
2797 silly packumentCache corgi:https://registry.npmjs.org/@google-cloud%2fopentelemetry-cloud-monitoring-exporter set size:undefined disposed:false
2798 silly packumentCache corgi:https://registry.npmjs.org/workbox-webpack-plugin cache-miss
2799 http fetch GET 200 https://registry.npmjs.org/workbox-webpack-plugin 248ms (cache miss)
2800 silly packumentCache corgi:https://registry.npmjs.org/workbox-webpack-plugin set size:undefined disposed:false
2801 silly packumentCache corgi:https://registry.npmjs.org/next-pwa cache-miss
2802 http fetch GET 200 https://registry.npmjs.org/next-pwa 585ms (cache miss)
2803 silly packumentCache corgi:https://registry.npmjs.org/next-pwa set size:undefined disposed:false
2804 silly REMOVE node_modules/@xtuc/long
2805 silly REMOVE node_modules/@webassemblyjs/wast-printer
2806 silly REMOVE node_modules/@webassemblyjs/wasm-opt
2807 silly REMOVE node_modules/@xtuc/ieee754
2808 silly REMOVE node_modules/@webassemblyjs/wasm-parser
2809 silly REMOVE node_modules/@webassemblyjs/leb128
2810 silly REMOVE node_modules/@webassemblyjs/wasm-gen
2811 silly REMOVE node_modules/@webassemblyjs/wasm-edit
2812 silly REMOVE node_modules/@webassemblyjs/ieee754
2813 silly REMOVE node_modules/@webassemblyjs/utf8
2814 silly REMOVE node_modules/@webassemblyjs/helper-buffer
2815 silly REMOVE node_modules/@webassemblyjs/helper-wasm-bytecode
2816 silly REMOVE node_modules/@webassemblyjs/helper-wasm-section
2817 silly REMOVE node_modules/@webassemblyjs/helper-numbers
2818 silly REMOVE node_modules/@webassemblyjs/helper-api-error
2819 silly REMOVE node_modules/@webassemblyjs/ast
2820 silly REMOVE node_modules/@webassemblyjs/floating-point-hex-parser
2821 silly CHANGE node_modules/@surma/rollup-plugin-off-main-thread
2822 silly CHANGE node_modules/@rollup/pluginutils
2823 silly REMOVE node_modules/@rollup/pluginutils/node_modules/@types/estree
2824 silly CHANGE node_modules/@types/trusted-types
2825 silly CHANGE node_modules/@types/resolve
2826 silly CHANGE node_modules/@rollup/plugin-replace
2827 silly CHANGE node_modules/@types/minimatch
2828 silly CHANGE node_modules/@types/leaflet
2829 silly CHANGE node_modules/@types/geojson
2830 silly CHANGE node_modules/@types/glob
2831 silly CHANGE node_modules/@types/estree
2832 silly CHANGE node_modules/@rollup/plugin-node-resolve
2833 silly CHANGE node_modules/@react-leaflet/core
2834 silly CHANGE node_modules/@rollup/plugin-babel
2835 silly CHANGE node_modules/@jridgewell/source-map
2836 silly CHANGE node_modules/@jridgewell/trace-mapping
2837 silly CHANGE node_modules/@babel/types
2838 silly CHANGE node_modules/@jridgewell/remapping
2839 silly CHANGE node_modules/@jridgewell/gen-mapping
2840 silly CHANGE node_modules/@babel/traverse
2841 silly CHANGE node_modules/@babel/traverse/node_modules/ms
2842 silly CHANGE node_modules/@babel/traverse/node_modules/debug
2843 silly CHANGE node_modules/@babel/preset-env
2844 silly CHANGE node_modules/@babel/preset-env/node_modules/semver
2845 silly CHANGE node_modules/@babel/template
2846 silly CHANGE node_modules/@babel/preset-modules
2847 silly CHANGE node_modules/@babel/plugin-transform-unicode-regex
2848 silly CHANGE node_modules/@babel/plugin-transform-shorthand-properties
2849 silly CHANGE node_modules/@babel/plugin-transform-unicode-sets-regex
2850 silly CHANGE node_modules/@babel/plugin-transform-unicode-property-regex
2851 silly CHANGE node_modules/@babel/plugin-transform-typeof-symbol
2852 silly CHANGE node_modules/@babel/plugin-transform-unicode-escapes
2853 silly CHANGE node_modules/@babel/plugin-transform-spread
2854 silly CHANGE node_modules/@babel/plugin-transform-regenerator
2855 silly CHANGE node_modules/@babel/plugin-transform-regexp-modifiers
2856 silly CHANGE node_modules/@babel/plugin-transform-template-literals
2857 silly CHANGE node_modules/@babel/plugin-transform-sticky-regex
2858 silly CHANGE node_modules/@babel/plugin-transform-property-literals
2859 silly CHANGE node_modules/@babel/plugin-transform-reserved-words
2860 silly CHANGE node_modules/@babel/plugin-transform-private-property-in-object
2861 silly CHANGE node_modules/@babel/plugin-transform-member-expression-literals
2862 silly CHANGE node_modules/@babel/plugin-transform-parameters
2863 silly CHANGE node_modules/@babel/plugin-transform-object-super
2864 silly CHANGE node_modules/@babel/plugin-transform-private-methods
2865 silly CHANGE node_modules/@babel/plugin-transform-optional-catch-binding
2866 silly CHANGE node_modules/@babel/plugin-transform-optional-chaining
2867 silly CHANGE node_modules/@babel/plugin-transform-object-rest-spread
2868 silly CHANGE node_modules/@babel/plugin-transform-numeric-separator
2869 silly CHANGE node_modules/@babel/plugin-transform-nullish-coalescing-operator
2870 silly CHANGE node_modules/@babel/plugin-transform-named-capturing-groups-regex
2871 silly CHANGE node_modules/@babel/plugin-transform-new-target
2872 silly CHANGE node_modules/@babel/plugin-transform-logical-assignment-operators
2873 silly CHANGE node_modules/@babel/plugin-transform-modules-systemjs
2874 silly CHANGE node_modules/@babel/plugin-syntax-import-attributes
2875 silly CHANGE node_modules/@babel/plugin-transform-modules-umd
2876 silly CHANGE node_modules/@babel/plugin-transform-json-strings
2877 silly CHANGE node_modules/@babel/plugin-transform-modules-commonjs
2878 silly CHANGE node_modules/@babel/plugin-transform-modules-amd
2879 silly CHANGE node_modules/@babel/plugin-transform-literals
2880 silly CHANGE node_modules/@babel/plugin-transform-for-of
2881 silly CHANGE node_modules/@babel/plugin-transform-function-name
2882 silly CHANGE node_modules/@babel/plugin-transform-exponentiation-operator
2883 silly CHANGE node_modules/@babel/plugin-transform-export-namespace-from
2884 silly CHANGE node_modules/@babel/plugin-transform-dynamic-import
2885 silly CHANGE node_modules/@babel/plugin-transform-dotall-regex
2886 silly CHANGE node_modules/@babel/plugin-transform-classes
2887 silly CHANGE node_modules/@babel/plugin-transform-explicit-resource-management
2888 silly CHANGE node_modules/@babel/plugin-transform-computed-properties
2889 silly CHANGE node_modules/@babel/plugin-transform-duplicate-named-capturing-groups-regex
2890 silly CHANGE node_modules/@babel/plugin-transform-block-scoping
2891 silly CHANGE node_modules/@babel/plugin-transform-duplicate-keys
2892 silly CHANGE node_modules/@babel/plugin-transform-class-properties
2893 silly CHANGE node_modules/@babel/plugin-transform-class-static-block
2894 silly CHANGE node_modules/@babel/plugin-transform-destructuring
2895 silly CHANGE node_modules/@babel/plugin-transform-async-to-generator
2896 silly CHANGE node_modules/@babel/plugin-transform-arrow-functions
2897 silly CHANGE node_modules/@babel/plugin-transform-block-scoped-functions
2898 silly CHANGE node_modules/@babel/plugin-syntax-unicode-sets-regex
2899 silly CHANGE node_modules/@babel/plugin-bugfix-v8-static-class-fields-redefine-readonly
2900 silly CHANGE node_modules/@babel/plugin-bugfix-safari-id-destructuring-collision-in-function-expression
2901 silly CHANGE node_modules/@babel/plugin-transform-async-generator-functions
2902 silly CHANGE node_modules/@babel/plugin-bugfix-v8-spread-parameters-in-optional-chaining
2903 silly CHANGE node_modules/@babel/plugin-syntax-import-assertions
2904 silly CHANGE node_modules/@babel/plugin-bugfix-safari-rest-destructuring-rhs-array
2905 silly CHANGE node_modules/@babel/plugin-proposal-private-property-in-object
2906 silly CHANGE node_modules/@babel/helper-wrap-function
2907 silly CHANGE node_modules/@babel/plugin-bugfix-safari-class-field-initializer-scope
2908 silly CHANGE node_modules/@babel/parser
2909 silly CHANGE node_modules/@babel/plugin-bugfix-firefox-class-in-computed-class-key
2910 silly CHANGE node_modules/@babel/helpers
2911 silly CHANGE node_modules/@babel/helper-validator-option
2912 silly CHANGE node_modules/@babel/helper-validator-identifier
2913 silly CHANGE node_modules/@babel/helper-replace-supers
2914 silly CHANGE node_modules/@babel/helper-skip-transparent-expression-wrappers
2915 silly CHANGE node_modules/@babel/helper-string-parser
2916 silly CHANGE node_modules/@babel/helper-plugin-utils
2917 silly CHANGE node_modules/@babel/helper-remap-async-to-generator
2918 silly CHANGE node_modules/@babel/helper-module-imports
2919 silly CHANGE node_modules/@babel/helper-optimise-call-expression
2920 silly CHANGE node_modules/@babel/helper-module-transforms
2921 silly CHANGE node_modules/@babel/helper-globals
2922 silly CHANGE node_modules/@babel/generator
2923 silly CHANGE node_modules/@babel/helper-define-polyfill-provider
2924 silly CHANGE node_modules/@babel/helper-define-polyfill-provider/node_modules/ms
2925 silly CHANGE node_modules/@babel/helper-define-polyfill-provider/node_modules/debug
2926 silly CHANGE node_modules/@babel/helper-member-expression-to-functions
2927 silly CHANGE node_modules/@babel/helper-create-regexp-features-plugin
2928 silly CHANGE node_modules/@babel/helper-create-regexp-features-plugin/node_modules/semver
2929 silly CHANGE node_modules/@babel/helper-compilation-targets
2930 silly CHANGE node_modules/@babel/helper-compilation-targets/node_modules/yallist
2931 silly CHANGE node_modules/@babel/helper-compilation-targets/node_modules/lru-cache
2932 silly CHANGE node_modules/@babel/helper-compilation-targets/node_modules/semver
2933 silly CHANGE node_modules/@babel/core
2934 silly CHANGE node_modules/@babel/core/node_modules/debug
2935 silly CHANGE node_modules/@babel/core/node_modules/semver
2936 silly CHANGE node_modules/@babel/core/node_modules/ms
2937 silly CHANGE node_modules/@babel/helper-create-class-features-plugin
2938 silly CHANGE node_modules/@babel/helper-create-class-features-plugin/node_modules/semver
2939 silly CHANGE node_modules/@babel/compat-data
2940 silly CHANGE node_modules/@babel/helper-annotate-as-pure
2941 silly CHANGE node_modules/@babel/code-frame
2942 silly CHANGE node_modules/@apideck/better-ajv-errors
2943 silly CHANGE node_modules/workbox-streams
2944 silly CHANGE node_modules/workbox-window
2945 silly CHANGE node_modules/workbox-webpack-plugin
2946 silly REMOVE node_modules/workbox-webpack-plugin/node_modules/webpack-sources
2947 silly CHANGE node_modules/workbox-sw
2948 silly CHANGE node_modules/workbox-routing
2949 silly CHANGE node_modules/workbox-strategies
2950 silly CHANGE node_modules/workbox-recipes
2951 silly CHANGE node_modules/workbox-precaching
2952 silly CHANGE node_modules/workbox-range-requests
2953 silly CHANGE node_modules/workbox-navigation-preload
2954 silly CHANGE node_modules/workbox-google-analytics
2955 silly CHANGE node_modules/workbox-expiration
2956 silly CHANGE node_modules/workbox-broadcast-update
2957 silly CHANGE node_modules/workbox-cacheable-response
2958 silly CHANGE node_modules/workbox-core
2959 silly CHANGE node_modules/workbox-build
2960 silly CHANGE node_modules/workbox-build/node_modules/source-map
2961 silly CHANGE node_modules/workbox-build/node_modules/minimatch
2962 silly CHANGE node_modules/workbox-build/node_modules/glob
2963 silly CHANGE node_modules/workbox-build/node_modules/brace-expansion
2964 silly CHANGE node_modules/which-typed-array
2965 silly CHANGE node_modules/workbox-background-sync
2966 silly CHANGE node_modules/which-boxed-primitive
2967 silly CHANGE node_modules/webpack-sources
2968 silly REMOVE node_modules/watchpack
2969 silly CHANGE node_modules/which-collection
2970 silly CHANGE node_modules/which-builtin-type
2971 silly CHANGE node_modules/upath
2972 silly CHANGE node_modules/update-browserslist-db
2973 silly CHANGE node_modules/unicode-property-aliases-ecmascript
2974 silly CHANGE node_modules/unicode-match-property-value-ecmascript
2975 silly CHANGE node_modules/unicode-match-property-ecmascript
2976 silly CHANGE node_modules/unbox-primitive
2977 silly CHANGE node_modules/unicode-canonical-property-names-ecmascript
2978 silly CHANGE node_modules/typed-array-length
2979 silly CHANGE node_modules/typed-array-byte-offset
2980 silly CHANGE node_modules/typed-array-byte-length
2981 silly CHANGE node_modules/terser
2982 silly CHANGE node_modules/terser/node_modules/commander
2983 silly CHANGE node_modules/typed-array-buffer
2984 silly CHANGE node_modules/terser-webpack-plugin
2985 silly CHANGE node_modules/terser-webpack-plugin/node_modules/ajv-keywords
2986 silly CHANGE node_modules/terser-webpack-plugin/node_modules/schema-utils
2987 silly CHANGE node_modules/terser-webpack-plugin/node_modules/ajv-formats
2988 silly CHANGE node_modules/type-fest
2989 silly CHANGE node_modules/tempy
2990 silly REMOVE node_modules/tapable
2991 silly CHANGE node_modules/temp-dir
2992 silly CHANGE node_modules/string.prototype.trimstart
2993 silly CHANGE node_modules/strip-comments
2994 silly CHANGE node_modules/stringify-object
2995 silly CHANGE node_modules/stringify-object/node_modules/is-obj
2996 silly CHANGE node_modules/string.prototype.matchall
2997 silly CHANGE node_modules/stop-iteration-iterator
2998 silly CHANGE node_modules/string.prototype.trimend
2999 silly CHANGE node_modules/string.prototype.trim
3000 silly CHANGE node_modules/side-channel-list
3001 silly CHANGE node_modules/source-map-support
3002 silly CHANGE node_modules/source-list-map
3003 silly CHANGE node_modules/sourcemap-codec
3004 silly CHANGE node_modules/side-channel
3005 silly CHANGE node_modules/set-proto
3006 silly CHANGE node_modules/set-function-name
3007 silly CHANGE node_modules/serialize-javascript
3008 silly CHANGE node_modules/safe-regex-test
3009 silly CHANGE node_modules/schema-utils
3010 silly CHANGE node_modules/schema-utils/node_modules/json-schema-traverse
3011 silly CHANGE node_modules/schema-utils/node_modules/ajv
3012 silly REMOVE node_modules/schema-utils/node_modules/ajv-keywords
3013 silly CHANGE node_modules/safe-push-apply
3014 silly CHANGE node_modules/rollup-plugin-terser
3015 silly CHANGE node_modules/rollup-plugin-terser/node_modules/jest-worker
3016 silly CHANGE node_modules/rollup
3017 silly CHANGE node_modules/safe-array-concat
3018 silly CHANGE node_modules/regexpu-core
3019 silly CHANGE node_modules/resolve
3020 silly CHANGE node_modules/regexp.prototype.flags
3021 silly CHANGE node_modules/regjsparser
3022 silly CHANGE node_modules/react-leaflet
3023 silly CHANGE node_modules/regjsgen
3024 silly CHANGE node_modules/regenerate-unicode-properties
3025 silly CHANGE node_modules/regenerate
3026 silly CHANGE node_modules/reflect.getprototypeof
3027 silly CHANGE node_modules/randombytes
3028 silly CHANGE node_modules/pretty-bytes
3029 silly CHANGE node_modules/pinkie-promise
3030 silly CHANGE node_modules/path-type
3031 silly CHANGE node_modules/pkg-dir
3032 silly CHANGE node_modules/path-exists
3033 silly CHANGE node_modules/possible-typed-array-names
3034 silly CHANGE node_modules/pinkie
3035 silly CHANGE node_modules/path-is-inside
3036 silly CHANGE node_modules/p-try
3037 silly CHANGE node_modules/p-map
3038 silly CHANGE node_modules/p-locate
3039 silly CHANGE node_modules/p-locate/node_modules/p-limit
3040 silly CHANGE node_modules/own-keys
3041 silly CHANGE node_modules/object.assign
3042 silly CHANGE node_modules/node-releases
3043 silly REMOVE node_modules/minimizer-webpack-plugin
3044 silly REMOVE node_modules/minimizer-webpack-plugin/node_modules/schema-utils
3045 silly REMOVE node_modules/minimizer-webpack-plugin/node_modules/ajv-formats
3046 silly CHANGE node_modules/lodash.debounce
3047 silly CHANGE node_modules/merge-stream
3048 silly CHANGE node_modules/next-pwa
3049 silly CHANGE node_modules/loader-utils
3050 silly CHANGE node_modules/locate-path
3051 silly CHANGE node_modules/leaflet
3052 silly CHANGE node_modules/jsesc
3053 silly CHANGE node_modules/leven
3054 silly CHANGE node_modules/jsonpointer
3055 silly CHANGE node_modules/is-shared-array-buffer
3056 silly CHANGE node_modules/is-weakset
3057 silly CHANGE node_modules/is-weakmap
3058 silly CHANGE node_modules/jest-worker
3059 silly CHANGE node_modules/jest-worker/node_modules/supports-color
3060 silly CHANGE node_modules/jake
3061 silly CHANGE node_modules/is-typed-array
3062 silly CHANGE node_modules/is-symbol
3063 silly CHANGE node_modules/is-weakref
3064 silly CHANGE node_modules/is-string
3065 silly CHANGE node_modules/is-regex
3066 silly CHANGE node_modules/has-proto
3067 silly CHANGE node_modules/is-set
3068 silly CHANGE node_modules/is-regexp
3069 silly CHANGE node_modules/is-path-inside
3070 silly CHANGE node_modules/is-path-cwd
3071 silly CHANGE node_modules/is-path-in-cwd
3072 silly CHANGE node_modules/is-negative-zero
3073 silly CHANGE node_modules/is-map
3074 silly CHANGE node_modules/is-number-object
3075 silly CHANGE node_modules/is-generator-function
3076 silly CHANGE node_modules/is-data-view
3077 silly CHANGE node_modules/is-module
3078 silly CHANGE node_modules/is-callable
3079 silly CHANGE node_modules/is-date-object
3080 silly CHANGE node_modules/is-finalizationregistry
3081 silly CHANGE node_modules/is-document.all
3082 silly CHANGE node_modules/ignore
3083 silly CHANGE node_modules/is-boolean-object
3084 silly CHANGE node_modules/is-async-function
3085 silly CHANGE node_modules/is-bigint
3086 silly CHANGE node_modules/internal-slot
3087 silly CHANGE node_modules/hasown
3088 silly CHANGE node_modules/has-bigints
3089 silly CHANGE node_modules/is-array-buffer
3090 silly CHANGE node_modules/globalthis
3091 silly CHANGE node_modules/globby
3092 silly CHANGE node_modules/globby/node_modules/slash
3093 silly CHANGE node_modules/get-own-enumerable-property-symbols
3094 silly CHANGE node_modules/get-intrinsic
3095 silly CHANGE node_modules/get-symbol-description
3096 silly CHANGE node_modules/gensync
3097 silly CHANGE node_modules/functions-have-names
3098 silly CHANGE node_modules/generator-function
3099 silly CHANGE node_modules/find-cache-dir
3100 silly CHANGE node_modules/find-up
3101 silly CHANGE node_modules/esutils
3102 silly CHANGE node_modules/function.prototype.name
3103 silly CHANGE node_modules/for-each
3104 silly REMOVE node_modules/es-module-lexer
3105 silly CHANGE node_modules/es-to-primitive
3106 silly CHANGE node_modules/filelist
3107 silly CHANGE node_modules/filelist/node_modules/minimatch
3108 silly REMOVE node_modules/events
3109 silly CHANGE node_modules/es-object-atoms
3110 silly CHANGE node_modules/estree-walker
3111 silly CHANGE node_modules/es-abstract
3112 silly CHANGE node_modules/es-abstract-get
3113 silly REMOVE node_modules/enhanced-resolve
3114 silly CHANGE node_modules/ejs
3115 silly CHANGE node_modules/emojis-list
3116 silly CHANGE node_modules/electron-to-chromium
3117 silly CHANGE node_modules/define-properties
3118 silly CHANGE node_modules/dir-glob
3119 silly CHANGE node_modules/del
3120 silly CHANGE node_modules/del/node_modules/pify
3121 silly CHANGE node_modules/del/node_modules/minimatch
3122 silly CHANGE node_modules/del/node_modules/globby
3123 silly CHANGE node_modules/del/node_modules/globby/node_modules/pify
3124 silly CHANGE node_modules/del/node_modules/brace-expansion
3125 silly CHANGE node_modules/del/node_modules/array-union
3126 silly CHANGE node_modules/del/node_modules/glob
3127 silly CHANGE node_modules/deepmerge
3128 silly CHANGE node_modules/data-view-byte-offset
3129 silly CHANGE node_modules/data-view-buffer
3130 silly CHANGE node_modules/data-view-byte-length
3131 silly CHANGE node_modules/core-js-compat
3132 silly CHANGE node_modules/common-tags
3133 silly CHANGE node_modules/clean-webpack-plugin
3134 silly CHANGE node_modules/convert-source-map
3135 silly CHANGE node_modules/commondir
3136 silly CHANGE node_modules/call-bind
3137 silly CHANGE node_modules/call-bound
3138 silly CHANGE node_modules/caniuse-lite
3139 silly REMOVE node_modules/chrome-trace-event
3140 silly CHANGE node_modules/buffer-from
3141 silly CHANGE node_modules/call-bind-apply-helpers
3142 silly CHANGE node_modules/builtin-modules
3143 silly CHANGE node_modules/big.js
3144 silly CHANGE node_modules/babel-plugin-polyfill-regenerator
3145 silly CHANGE node_modules/babel-plugin-polyfill-corejs3
3146 silly CHANGE node_modules/browserslist
3147 silly CHANGE node_modules/async-function
3148 silly CHANGE node_modules/baseline-browser-mapping
3149 silly CHANGE node_modules/babel-plugin-polyfill-corejs2
3150 silly CHANGE node_modules/babel-plugin-polyfill-corejs2/node_modules/semver
3151 silly CHANGE node_modules/arraybuffer.prototype.slice
3152 silly CHANGE node_modules/babel-loader
3153 silly CHANGE node_modules/available-typed-arrays
3154 silly CHANGE node_modules/array-uniq
3155 silly CHANGE node_modules/ajv-keywords
3156 silly CHANGE node_modules/array-union
3157 silly CHANGE node_modules/acorn
3158 silly CHANGE node_modules/array-buffer-byte-length
3159 silly REMOVE node_modules/webpack
3160 silly REMOVE node_modules/webpack/node_modules/schema-utils
3161 silly REMOVE node_modules/webpack/node_modules/ajv-formats
3162 silly REMOVE node_modules/webpack/node_modules/mime-db
3163 silly CHANGE node_modules/magic-string
3164 verbose cwd D:\Job_Portal
3165 verbose os Windows_NT 10.0.26200
3166 verbose node v20.19.4
3167 verbose npm  v11.14.1
3168 verbose exit 0
3169 info ok
