0 verbose cli F:\Node js\node.exe C:\Users\prane\AppData\Roaming\npm\node_modules\npm\bin\npm-cli.js
1 info using npm@11.14.1
2 info using node@v20.19.4
3 silly config load:file:C:\Users\prane\AppData\Roaming\npm\node_modules\npm\npmrc
4 silly config load:file:D:\Job_Portal\.npmrc
5 silly config load:file:C:\Users\prane\.npmrc
6 silly config load:file:C:\Users\prane\AppData\Roaming\npm\etc\npmrc
7 verbose title npm install @dnd-kit/core @dnd-kit/sortable @dnd-kit/utilities
8 verbose argv "install" "--cache" ".npm-cache" "@dnd-kit/core" "@dnd-kit/sortable" "@dnd-kit/utilities"
9 verbose logfile logs-max:10 dir:D:\Job_Portal\.npm-cache\_logs\2026-09-26T03_52_20_474Z-
10 verbose logfile D:\Job_Portal\.npm-cache\_logs\2026-09-26T03_52_20_474Z-debug-0.log
11 silly logfile done cleaning log files
12 silly packumentCache heap:2197815296 maxSize:549453824 maxEntrySize:274726912
13 silly idealTree buildDeps
14 silly fetch manifest @dnd-kit/core@*
15 silly packumentCache full:https://registry.npmjs.org/@dnd-kit%2fcore cache-miss
16 http fetch GET 200 https://registry.npmjs.org/npm 2901ms
17 http fetch GET 200 https://registry.npmjs.org/@dnd-kit%2fcore 1512ms (cache miss)
18 silly packumentCache full:https://registry.npmjs.org/@dnd-kit%2fcore set size:undefined disposed:false
19 silly fetch manifest react@^19.2.1
20 silly packumentCache full:https://registry.npmjs.org/react cache-miss
21 http fetch GET 200 https://registry.npmjs.org/react 390ms (cache updated)
22 silly packumentCache full:https://registry.npmjs.org/react set size:undefined disposed:false
23 silly fetch manifest react-dom@^19.2.1
24 silly packumentCache full:https://registry.npmjs.org/react-dom cache-miss
25 http fetch GET 200 https://registry.npmjs.org/react-dom 430ms (cache updated)
26 silly packumentCache full:https://registry.npmjs.org/react-dom set size:undefined disposed:false
27 silly fetch manifest @dnd-kit/sortable@*
28 silly packumentCache full:https://registry.npmjs.org/@dnd-kit%2fsortable cache-miss
29 http fetch GET 200 https://registry.npmjs.org/@dnd-kit%2fsortable 774ms (cache miss)
30 silly packumentCache full:https://registry.npmjs.org/@dnd-kit%2fsortable set size:undefined disposed:false
31 silly fetch manifest @dnd-kit/utilities@*
32 silly packumentCache full:https://registry.npmjs.org/@dnd-kit%2futilities cache-miss
33 http fetch GET 200 https://registry.npmjs.org/@dnd-kit%2futilities 588ms (cache miss)
34 silly packumentCache full:https://registry.npmjs.org/@dnd-kit%2futilities set size:undefined disposed:false
35 silly placeDep ROOT @dnd-kit/core@6.3.1 OK for: nextn@0.1.0 want: *
36 silly placeDep ROOT @dnd-kit/sortable@10.0.0 OK for: nextn@0.1.0 want: *
37 silly placeDep ROOT @dnd-kit/utilities@3.2.2 OK for: nextn@0.1.0 want: *
38 silly fetch manifest @dnd-kit/accessibility@^3.1.1
39 silly packumentCache full:https://registry.npmjs.org/@dnd-kit%2faccessibility cache-miss
40 silly fetch manifest @dnd-kit/utilities@^3.2.2
41 silly packumentCache full:https://registry.npmjs.org/@dnd-kit%2futilities cache-miss
42 silly fetch manifest @dnd-kit/utilities@^3.2.2
43 silly packumentCache full:https://registry.npmjs.org/@dnd-kit%2futilities cache-miss
44 http cache https://registry.npmjs.org/@dnd-kit%2futilities 18ms (cache hit)
45 silly packumentCache full:https://registry.npmjs.org/@dnd-kit%2futilities set size:247103 disposed:false
46 http cache https://registry.npmjs.org/@dnd-kit%2futilities 27ms (cache hit)
47 silly packumentCache full:https://registry.npmjs.org/@dnd-kit%2futilities set size:247103 disposed:false
48 silly packumentCache full:https://registry.npmjs.org/@dnd-kit%2futilities dispose
49 http fetch GET 200 https://registry.npmjs.org/@dnd-kit%2faccessibility 433ms (cache miss)
50 silly packumentCache full:https://registry.npmjs.org/@dnd-kit%2faccessibility set size:undefined disposed:false
51 silly fetch manifest react@>=16.8.0
52 silly packumentCache full:https://registry.npmjs.org/react cache-miss
53 http cache https://registry.npmjs.org/react 36ms (cache hit)
54 silly packumentCache full:https://registry.npmjs.org/react set size:7006748 disposed:false
55 silly placeDep ROOT @dnd-kit/accessibility@3.1.1 OK for: @dnd-kit/core@6.3.1 want: ^3.1.1
56 silly fetch manifest ajv@^6.9.1
57 silly packumentCache full:https://registry.npmjs.org/ajv cache-miss
58 http fetch GET 200 https://registry.npmjs.org/ajv 117ms (cache revalidated)
59 silly packumentCache full:https://registry.npmjs.org/ajv set size:1142658 disposed:false
60 silly placeDep ROOT ajv@6.15.0 REPLACE for: ajv-keywords@3.5.2 want: ^6.9.1
61 silly fetch manifest json-schema-traverse@^0.4.1
62 silly packumentCache full:https://registry.npmjs.org/json-schema-traverse cache-miss
63 http fetch GET 200 https://registry.npmjs.org/json-schema-traverse 158ms (cache revalidated)
64 silly packumentCache full:https://registry.npmjs.org/json-schema-traverse set size:23537 disposed:false
65 silly fetch manifest ajv@^8.12.0
66 silly packumentCache full:https://registry.npmjs.org/ajv cache-miss
67 http cache https://registry.npmjs.org/ajv 13ms (cache hit)
68 silly packumentCache full:https://registry.npmjs.org/ajv set size:1142658 disposed:false
69 silly placeDep node_modules/@genkit-ai/core ajv@8.20.0 OK for: @genkit-ai/core@1.28.0 want: ^8.12.0
70 silly fetch manifest fast-uri@^3.0.1
71 silly packumentCache full:https://registry.npmjs.org/fast-uri cache-miss
72 silly fetch manifest json-schema-traverse@^1.0.0
73 silly packumentCache full:https://registry.npmjs.org/json-schema-traverse cache-hit
74 silly fetch manifest require-from-string@^2.0.2
75 silly packumentCache full:https://registry.npmjs.org/require-from-string cache-miss
76 http fetch GET 200 https://registry.npmjs.org/require-from-string 69ms (cache miss)
77 silly packumentCache full:https://registry.npmjs.org/require-from-string set size:undefined disposed:false
78 http fetch GET 200 https://registry.npmjs.org/fast-uri 93ms (cache miss)
79 silly packumentCache full:https://registry.npmjs.org/fast-uri set size:undefined disposed:false
80 silly placeDep node_modules/@genkit-ai/tools-common ajv@8.20.0 OK for: @genkit-ai/tools-common@1.28.0 want: ^8.12.0
81 silly placeDep ROOT json-schema-traverse@0.4.1 OK for: ajv@6.15.0 want: ^0.4.1
82 silly fetch manifest ajv@^8.0.0
83 silly packumentCache full:https://registry.npmjs.org/ajv cache-miss
84 http cache https://registry.npmjs.org/ajv 12ms (cache hit)
85 silly packumentCache full:https://registry.npmjs.org/ajv set size:1142658 disposed:false
86 silly placeDep node_modules/ajv-formats ajv@8.20.0 OK for: ajv-formats@3.0.1 want: ^8.0.0
87 silly fetch manifest webpack@>=2
88 silly packumentCache full:https://registry.npmjs.org/webpack cache-miss
89 http fetch GET 200 https://registry.npmjs.org/webpack 333ms (cache updated)
90 silly packumentCache full:https://registry.npmjs.org/webpack set size:undefined disposed:false
91 silly placeDep ROOT webpack@5.111.1 OK for: babel-loader@8.4.1 want: >=2
92 silly fetch manifest events@^3.2.0
93 silly packumentCache full:https://registry.npmjs.org/events cache-miss
94 silly fetch manifest mime-db@^1.54.0
95 silly packumentCache full:https://registry.npmjs.org/mime-db cache-miss
96 silly fetch manifest tapable@^2.3.0
97 silly packumentCache full:https://registry.npmjs.org/tapable cache-miss
98 silly fetch manifest watchpack@^2.5.2
99 silly packumentCache full:https://registry.npmjs.org/watchpack cache-miss
100 silly fetch manifest schema-utils@^4.5.0
101 silly packumentCache full:https://registry.npmjs.org/schema-utils cache-miss
102 silly fetch manifest @types/estree@^1.0.8
103 silly packumentCache full:https://registry.npmjs.org/@types%2festree cache-miss
104 silly fetch manifest es-module-lexer@^2.1.0
105 silly packumentCache full:https://registry.npmjs.org/es-module-lexer cache-miss
106 silly fetch manifest webpack-sources@^3.5.1
107 silly packumentCache full:https://registry.npmjs.org/webpack-sources cache-miss
108 silly fetch manifest enhanced-resolve@^5.25.0
109 silly packumentCache full:https://registry.npmjs.org/enhanced-resolve cache-miss
110 silly fetch manifest @webassemblyjs/ast@^1.14.1
111 silly packumentCache full:https://registry.npmjs.org/@webassemblyjs%2fast cache-miss
112 silly fetch manifest chrome-trace-event@^1.0.2
113 silly packumentCache full:https://registry.npmjs.org/chrome-trace-event cache-miss
114 silly fetch manifest @webassemblyjs/wasm-edit@^1.14.1
115 silly packumentCache full:https://registry.npmjs.org/@webassemblyjs%2fwasm-edit cache-miss
116 silly fetch manifest minimizer-webpack-plugin@^5.7.0
117 silly packumentCache full:https://registry.npmjs.org/minimizer-webpack-plugin cache-miss
118 silly fetch manifest @webassemblyjs/wasm-parser@^1.14.1
119 silly packumentCache full:https://registry.npmjs.org/@webassemblyjs%2fwasm-parser cache-miss
120 http fetch GET 200 https://registry.npmjs.org/mime-db 268ms (cache revalidated)
121 silly packumentCache full:https://registry.npmjs.org/mime-db set size:164953 disposed:false
122 http fetch GET 200 https://registry.npmjs.org/@types%2festree 424ms (cache revalidated)
123 silly packumentCache full:https://registry.npmjs.org/@types%2festree set size:76072 disposed:false
124 http fetch GET 200 https://registry.npmjs.org/watchpack 447ms (cache revalidated)
125 silly packumentCache full:https://registry.npmjs.org/watchpack set size:148533 disposed:false
126 http fetch GET 200 https://registry.npmjs.org/chrome-trace-event 472ms (cache revalidated)
127 silly packumentCache full:https://registry.npmjs.org/chrome-trace-event set size:20859 disposed:false
128 http fetch GET 200 https://registry.npmjs.org/tapable 486ms (cache revalidated)
129 silly packumentCache full:https://registry.npmjs.org/tapable set size:141233 disposed:false
130 http fetch GET 200 https://registry.npmjs.org/events 496ms (cache revalidated)
131 silly packumentCache full:https://registry.npmjs.org/events set size:35240 disposed:false
132 http fetch GET 200 https://registry.npmjs.org/@webassemblyjs%2fwasm-edit 487ms (cache revalidated)
133 silly packumentCache full:https://registry.npmjs.org/@webassemblyjs%2fwasm-edit set size:202718 disposed:false
134 http fetch GET 200 https://registry.npmjs.org/minimizer-webpack-plugin 513ms (cache updated)
135 silly packumentCache full:https://registry.npmjs.org/minimizer-webpack-plugin set size:undefined disposed:false
136 http fetch GET 200 https://registry.npmjs.org/schema-utils 534ms (cache updated)
137 silly packumentCache full:https://registry.npmjs.org/schema-utils set size:undefined disposed:false
138 http fetch GET 200 https://registry.npmjs.org/@webassemblyjs%2fwasm-parser 531ms (cache revalidated)
139 silly packumentCache full:https://registry.npmjs.org/@webassemblyjs%2fwasm-parser set size:214115 disposed:false
140 http fetch GET 200 https://registry.npmjs.org/@webassemblyjs%2fast 542ms (cache revalidated)
141 silly packumentCache full:https://registry.npmjs.org/@webassemblyjs%2fast set size:198816 disposed:false
142 http fetch GET 200 https://registry.npmjs.org/webpack-sources 550ms (cache updated)
143 silly packumentCache full:https://registry.npmjs.org/webpack-sources set size:undefined disposed:false
144 http fetch GET 200 https://registry.npmjs.org/es-module-lexer 559ms (cache updated)
145 silly packumentCache full:https://registry.npmjs.org/es-module-lexer set size:undefined disposed:false
146 http fetch GET 200 https://registry.npmjs.org/enhanced-resolve 731ms (cache updated)
147 silly packumentCache full:https://registry.npmjs.org/enhanced-resolve set size:undefined disposed:false
148 silly fetch manifest webpack@^5.1.0
149 silly packumentCache full:https://registry.npmjs.org/webpack cache-miss
150 http cache https://registry.npmjs.org/webpack 23ms (cache hit)
151 silly packumentCache full:https://registry.npmjs.org/webpack set size:5200717 disposed:false
152 silly placeDep node_modules/webpack @types/estree@1.0.9 OK for: webpack@5.111.1 want: ^1.0.8
153 silly placeDep ROOT @webassemblyjs/ast@1.14.1 OK for: webpack@5.111.1 want: ^1.14.1
154 silly placeDep ROOT @webassemblyjs/wasm-edit@1.14.1 OK for: webpack@5.111.1 want: ^1.14.1
155 silly placeDep ROOT @webassemblyjs/wasm-parser@1.14.1 OK for: webpack@5.111.1 want: ^1.14.1
156 silly placeDep ROOT chrome-trace-event@1.0.4 OK for: webpack@5.111.1 want: ^1.0.2
157 silly placeDep ROOT enhanced-resolve@5.25.1 OK for: webpack@5.111.1 want: ^5.25.0
158 silly placeDep ROOT es-module-lexer@2.3.2 OK for: webpack@5.111.1 want: ^2.1.0
159 silly placeDep ROOT events@3.3.0 OK for: webpack@5.111.1 want: ^3.2.0
160 silly placeDep node_modules/webpack mime-db@1.54.0 OK for: webpack@5.111.1 want: ^1.54.0
161 silly placeDep ROOT minimizer-webpack-plugin@5.12.0 OK for: webpack@5.111.1 want: ^5.7.0
162 silly placeDep node_modules/webpack schema-utils@4.5.0 OK for: webpack@5.111.1 want: ^4.5.0
163 silly placeDep ROOT tapable@2.3.3 OK for: webpack@5.111.1 want: ^2.3.0
164 silly placeDep ROOT watchpack@2.5.2 OK for: webpack@5.111.1 want: ^2.5.2
165 silly placeDep node_modules/webpack webpack-sources@3.5.3 OK for: webpack@5.111.1 want: ^3.5.1
166 silly fetch manifest @webassemblyjs/helper-numbers@1.13.2
167 silly packumentCache full:https://registry.npmjs.org/@webassemblyjs%2fhelper-numbers cache-miss
168 silly fetch manifest @webassemblyjs/helper-wasm-bytecode@1.13.2
169 silly packumentCache full:https://registry.npmjs.org/@webassemblyjs%2fhelper-wasm-bytecode cache-miss
170 silly fetch manifest @webassemblyjs/helper-buffer@1.14.1
171 silly packumentCache full:https://registry.npmjs.org/@webassemblyjs%2fhelper-buffer cache-miss
172 silly fetch manifest @webassemblyjs/helper-wasm-bytecode@1.13.2
173 silly packumentCache full:https://registry.npmjs.org/@webassemblyjs%2fhelper-wasm-bytecode cache-miss
174 silly fetch manifest @webassemblyjs/helper-wasm-section@1.14.1
175 silly packumentCache full:https://registry.npmjs.org/@webassemblyjs%2fhelper-wasm-section cache-miss
176 silly fetch manifest @webassemblyjs/wasm-gen@1.14.1
177 silly packumentCache full:https://registry.npmjs.org/@webassemblyjs%2fwasm-gen cache-miss
178 silly fetch manifest @webassemblyjs/wasm-opt@1.14.1
179 silly packumentCache full:https://registry.npmjs.org/@webassemblyjs%2fwasm-opt cache-miss
180 silly fetch manifest @webassemblyjs/wasm-parser@1.14.1
181 silly packumentCache full:https://registry.npmjs.org/@webassemblyjs%2fwasm-parser cache-hit
182 silly fetch manifest @webassemblyjs/wast-printer@1.14.1
183 silly packumentCache full:https://registry.npmjs.org/@webassemblyjs%2fwast-printer cache-miss
184 silly fetch manifest @webassemblyjs/helper-api-error@1.13.2
185 silly packumentCache full:https://registry.npmjs.org/@webassemblyjs%2fhelper-api-error cache-miss
186 silly fetch manifest @webassemblyjs/helper-wasm-bytecode@1.13.2
187 silly packumentCache full:https://registry.npmjs.org/@webassemblyjs%2fhelper-wasm-bytecode cache-miss
188 silly fetch manifest @webassemblyjs/ieee754@1.13.2
189 silly packumentCache full:https://registry.npmjs.org/@webassemblyjs%2fieee754 cache-miss
190 silly fetch manifest @webassemblyjs/leb128@1.13.2
191 silly packumentCache full:https://registry.npmjs.org/@webassemblyjs%2fleb128 cache-miss
192 silly fetch manifest @webassemblyjs/utf8@1.13.2
193 silly packumentCache full:https://registry.npmjs.org/@webassemblyjs%2futf8 cache-miss
194 silly fetch manifest tapable@^2.3.3
195 silly packumentCache full:https://registry.npmjs.org/tapable cache-hit
196 silly fetch manifest schema-utils@^4.3.3
197 silly packumentCache full:https://registry.npmjs.org/schema-utils cache-miss
198 silly fetch manifest ajv@^8.20.0
199 silly packumentCache full:https://registry.npmjs.org/ajv cache-miss
200 http cache https://registry.npmjs.org/schema-utils 108ms (cache hit)
201 silly packumentCache full:https://registry.npmjs.org/schema-utils set size:174647 disposed:false
202 silly fetch manifest ajv-keywords@^5.1.0
203 silly packumentCache full:https://registry.npmjs.org/ajv-keywords cache-miss
204 http cache https://registry.npmjs.org/ajv 114ms (cache hit)
205 silly packumentCache full:https://registry.npmjs.org/ajv set size:1142658 disposed:false
206 http fetch GET 200 https://registry.npmjs.org/@webassemblyjs%2fwast-printer 312ms (cache revalidated)
207 silly packumentCache full:https://registry.npmjs.org/@webassemblyjs%2fwast-printer set size:193690 disposed:false
208 http fetch GET 200 https://registry.npmjs.org/@webassemblyjs%2fhelper-wasm-bytecode 336ms (cache revalidated)
209 silly packumentCache full:https://registry.npmjs.org/@webassemblyjs%2fhelper-wasm-bytecode set size:179356 disposed:false
210 http fetch GET 200 https://registry.npmjs.org/@webassemblyjs%2fhelper-wasm-bytecode 345ms (cache revalidated)
211 silly packumentCache full:https://registry.npmjs.org/@webassemblyjs%2fhelper-wasm-bytecode set size:179356 disposed:false
212 silly packumentCache full:https://registry.npmjs.org/@webassemblyjs%2fhelper-wasm-bytecode dispose
213 http fetch GET 200 https://registry.npmjs.org/@webassemblyjs%2fhelper-wasm-bytecode 325ms (cache revalidated)
214 silly packumentCache full:https://registry.npmjs.org/@webassemblyjs%2fhelper-wasm-bytecode set size:179356 disposed:true
215 silly packumentCache full:https://registry.npmjs.org/@webassemblyjs%2fhelper-wasm-bytecode dispose
216 http fetch GET 200 https://registry.npmjs.org/@webassemblyjs%2fhelper-numbers 361ms (cache revalidated)
217 silly packumentCache full:https://registry.npmjs.org/@webassemblyjs%2fhelper-numbers set size:23867 disposed:false
218 http fetch GET 200 https://registry.npmjs.org/@webassemblyjs%2fhelper-buffer 358ms (cache revalidated)
219 silly packumentCache full:https://registry.npmjs.org/@webassemblyjs%2fhelper-buffer set size:178406 disposed:false
220 http fetch GET 200 https://registry.npmjs.org/ajv-keywords 218ms (cache revalidated)
221 silly packumentCache full:https://registry.npmjs.org/ajv-keywords set size:310004 disposed:false
222 http fetch GET 200 https://registry.npmjs.org/@webassemblyjs%2fhelper-wasm-section 366ms (cache revalidated)
223 silly packumentCache full:https://registry.npmjs.org/@webassemblyjs%2fhelper-wasm-section set size:191754 disposed:false
224 http fetch GET 200 https://registry.npmjs.org/@webassemblyjs%2fieee754 356ms (cache revalidated)
225 silly packumentCache full:https://registry.npmjs.org/@webassemblyjs%2fieee754 set size:99475 disposed:false
226 http fetch GET 200 https://registry.npmjs.org/@webassemblyjs%2fwasm-gen 375ms (cache revalidated)
227 silly packumentCache full:https://registry.npmjs.org/@webassemblyjs%2fwasm-gen set size:187955 disposed:false
228 http fetch GET 200 https://registry.npmjs.org/@webassemblyjs%2futf8 358ms (cache revalidated)
229 silly packumentCache full:https://registry.npmjs.org/@webassemblyjs%2futf8 set size:102359 disposed:false
230 http fetch GET 200 https://registry.npmjs.org/@webassemblyjs%2fwasm-opt 377ms (cache revalidated)
231 silly packumentCache full:https://registry.npmjs.org/@webassemblyjs%2fwasm-opt set size:150483 disposed:false
232 http fetch GET 200 https://registry.npmjs.org/@webassemblyjs%2fhelper-api-error 379ms (cache revalidated)
233 silly packumentCache full:https://registry.npmjs.org/@webassemblyjs%2fhelper-api-error set size:103778 disposed:false
234 http fetch GET 200 https://registry.npmjs.org/@webassemblyjs%2fleb128 377ms (cache revalidated)
235 silly packumentCache full:https://registry.npmjs.org/@webassemblyjs%2fleb128 set size:248474 disposed:false
236 silly placeDep ROOT @webassemblyjs/helper-numbers@1.13.2 OK for: @webassemblyjs/ast@1.14.1 want: 1.13.2
237 silly placeDep ROOT @webassemblyjs/helper-wasm-bytecode@1.13.2 OK for: @webassemblyjs/ast@1.14.1 want: 1.13.2
238 silly fetch manifest @xtuc/long@4.2.2
239 silly packumentCache full:https://registry.npmjs.org/@xtuc%2flong cache-miss
240 silly fetch manifest @webassemblyjs/floating-point-hex-parser@1.13.2
241 silly packumentCache full:https://registry.npmjs.org/@webassemblyjs%2ffloating-point-hex-parser cache-miss
242 http fetch GET 200 https://registry.npmjs.org/@webassemblyjs%2ffloating-point-hex-parser 145ms (cache revalidated)
243 silly packumentCache full:https://registry.npmjs.org/@webassemblyjs%2ffloating-point-hex-parser set size:186097 disposed:false
244 http fetch GET 200 https://registry.npmjs.org/@xtuc%2flong 321ms (cache revalidated)
245 silly packumentCache full:https://registry.npmjs.org/@xtuc%2flong set size:23242 disposed:false
246 silly placeDep ROOT @webassemblyjs/floating-point-hex-parser@1.13.2 OK for: @webassemblyjs/helper-numbers@1.13.2 want: 1.13.2
247 silly placeDep ROOT @webassemblyjs/helper-api-error@1.13.2 OK for: @webassemblyjs/helper-numbers@1.13.2 want: 1.13.2
248 silly placeDep ROOT @xtuc/long@4.2.2 OK for: @webassemblyjs/helper-numbers@1.13.2 want: 4.2.2
249 silly placeDep ROOT @webassemblyjs/helper-buffer@1.14.1 OK for: @webassemblyjs/wasm-edit@1.14.1 want: 1.14.1
250 silly placeDep ROOT @webassemblyjs/helper-wasm-section@1.14.1 OK for: @webassemblyjs/wasm-edit@1.14.1 want: 1.14.1
251 silly placeDep ROOT @webassemblyjs/wasm-gen@1.14.1 OK for: @webassemblyjs/wasm-edit@1.14.1 want: 1.14.1
252 silly placeDep ROOT @webassemblyjs/wasm-opt@1.14.1 OK for: @webassemblyjs/wasm-edit@1.14.1 want: 1.14.1
253 silly placeDep ROOT @webassemblyjs/wast-printer@1.14.1 OK for: @webassemblyjs/wasm-edit@1.14.1 want: 1.14.1
254 silly placeDep ROOT @webassemblyjs/ieee754@1.13.2 OK for: @webassemblyjs/wasm-gen@1.14.1 want: 1.13.2
255 silly placeDep ROOT @webassemblyjs/leb128@1.13.2 OK for: @webassemblyjs/wasm-gen@1.14.1 want: 1.13.2
256 silly placeDep ROOT @webassemblyjs/utf8@1.13.2 OK for: @webassemblyjs/wasm-gen@1.14.1 want: 1.13.2
257 silly fetch manifest @xtuc/ieee754@^1.2.0
258 silly packumentCache full:https://registry.npmjs.org/@xtuc%2fieee754 cache-miss
259 http fetch GET 200 https://registry.npmjs.org/@xtuc%2fieee754 115ms (cache revalidated)
260 silly packumentCache full:https://registry.npmjs.org/@xtuc%2fieee754 set size:5495 disposed:false
261 silly placeDep ROOT @xtuc/ieee754@1.2.0 OK for: @webassemblyjs/ieee754@1.13.2 want: ^1.2.0
262 silly placeDep node_modules/minimizer-webpack-plugin schema-utils@4.5.0 OK for: minimizer-webpack-plugin@5.12.0 want: ^4.3.3
263 silly fetch manifest @apideck/better-ajv-errors@^0.3.1
264 silly packumentCache full:https://registry.npmjs.org/@apideck%2fbetter-ajv-errors cache-miss
265 http fetch GET 200 https://registry.npmjs.org/@apideck%2fbetter-ajv-errors 1006ms (cache updated)
266 silly packumentCache full:https://registry.npmjs.org/@apideck%2fbetter-ajv-errors set size:undefined disposed:false
267 silly fetch manifest ajv@^8.6.0
268 silly packumentCache full:https://registry.npmjs.org/ajv cache-miss
269 http cache https://registry.npmjs.org/ajv 12ms (cache hit)
270 silly packumentCache full:https://registry.npmjs.org/ajv set size:1142658 disposed:false
271 silly placeDep node_modules/workbox-build @apideck/better-ajv-errors@0.3.7 OK for: workbox-build@6.6.0 want: ^0.3.1
272 silly placeDep node_modules/workbox-build ajv@8.20.0 OK for: @apideck/better-ajv-errors@0.3.7 want: >=8
273 silly fetch manifest leven@^3.1.0
274 silly packumentCache full:https://registry.npmjs.org/leven cache-miss
275 silly fetch manifest jsonpointer@^5.0.1
276 silly packumentCache full:https://registry.npmjs.org/jsonpointer cache-miss
277 http fetch GET 200 https://registry.npmjs.org/leven 153ms (cache revalidated)
278 silly packumentCache full:https://registry.npmjs.org/leven set size:23210 disposed:false
279 http fetch GET 200 https://registry.npmjs.org/jsonpointer 331ms (cache revalidated)
280 silly packumentCache full:https://registry.npmjs.org/jsonpointer set size:22257 disposed:false
281 silly placeDep ROOT fast-uri@3.1.8 OK for: ajv@8.20.0 want: ^3.0.1
282 silly placeDep node_modules/@genkit-ai/core json-schema-traverse@1.0.0 OK for: ajv@8.20.0 want: ^1.0.0
283 silly placeDep ROOT require-from-string@2.0.2 OK for: ajv@8.20.0 want: ^2.0.2
284 silly placeDep node_modules/@genkit-ai/tools-common json-schema-traverse@1.0.0 OK for: ajv@8.20.0 want: ^1.0.0
285 silly placeDep node_modules/ajv-formats json-schema-traverse@1.0.0 OK for: ajv@8.20.0 want: ^1.0.0
286 silly placeDep node_modules/minimizer-webpack-plugin ajv@8.20.0 OK for: schema-utils@4.5.0 want: ^8.20.0
287 silly placeDep node_modules/minimizer-webpack-plugin ajv-keywords@5.1.0 OK for: schema-utils@4.5.0 want: ^5.1.0
288 silly placeDep node_modules/minimizer-webpack-plugin json-schema-traverse@1.0.0 OK for: ajv@8.20.0 want: ^1.0.0
289 silly placeDep node_modules/terser-webpack-plugin ajv@8.20.0 OK for: ajv-formats@2.1.1 want: ^8.0.0
290 silly placeDep node_modules/terser-webpack-plugin json-schema-traverse@1.0.0 OK for: ajv@8.20.0 want: ^1.0.0
291 silly placeDep node_modules/webpack ajv@8.20.0 OK for: schema-utils@4.5.0 want: ^8.20.0
292 silly placeDep node_modules/webpack ajv-keywords@5.1.0 OK for: schema-utils@4.5.0 want: ^5.1.0
293 silly placeDep node_modules/webpack json-schema-traverse@1.0.0 OK for: ajv@8.20.0 want: ^1.0.0
294 silly placeDep ROOT jsonpointer@5.0.1 OK for: @apideck/better-ajv-errors@0.3.7 want: ^5.0.1
295 silly placeDep ROOT leven@3.1.0 OK for: @apideck/better-ajv-errors@0.3.7 want: ^3.1.0
296 silly placeDep node_modules/workbox-build json-schema-traverse@1.0.0 OK for: ajv@8.20.0 want: ^1.0.0
297 silly reify mark retired [ 'D:\\Job_Portal\\node_modules\\@apideck\\better-ajv-errors' ]
298 silly reify mark retired [
298 silly reify   'D:\\Job_Portal\\node_modules\\@modelcontextprotocol\\sdk\\node_modules\\ajv'
298 silly reify ]
299 silly reify mark retired [
299 silly reify   'D:\\Job_Portal\\node_modules\\@modelcontextprotocol\\sdk\\node_modules\\json-schema-traverse'
299 silly reify ]
300 silly reify mark retired [ 'D:\\Job_Portal\\node_modules\\ajv' ]
301 silly reify mark retired [ 'D:\\Job_Portal\\node_modules\\fast-uri' ]
302 silly reify mark retired [ 'D:\\Job_Portal\\node_modules\\json-schema-traverse' ]
303 silly reify mark retired [ 'D:\\Job_Portal\\node_modules\\schema-utils\\node_modules\\ajv' ]
304 silly reify mark retired [
304 silly reify   'D:\\Job_Portal\\node_modules\\schema-utils\\node_modules\\json-schema-traverse'
304 silly reify ]
305 silly reify moves {
305 silly reify   'D:\\Job_Portal\\node_modules\\@apideck\\better-ajv-errors': 'D:\\Job_Portal\\node_modules\\@apideck\\.better-ajv-errors-wCA0MJzB',
305 silly reify   'D:\\Job_Portal\\node_modules\\@modelcontextprotocol\\sdk\\node_modules\\ajv': 'D:\\Job_Portal\\node_modules\\@modelcontextprotocol\\sdk\\node_modules\\.ajv-vg2FmuiE',
305 silly reify   'D:\\Job_Portal\\node_modules\\@modelcontextprotocol\\sdk\\node_modules\\json-schema-traverse': 'D:\\Job_Portal\\node_modules\\@modelcontextprotocol\\sdk\\node_modules\\.json-schema-traverse-DJcEpBvK',
305 silly reify   'D:\\Job_Portal\\node_modules\\ajv': 'D:\\Job_Portal\\node_modules\\.ajv-JBtE7Tkr',
305 silly reify   'D:\\Job_Portal\\node_modules\\fast-uri': 'D:\\Job_Portal\\node_modules\\.fast-uri-APB0TV2V',
305 silly reify   'D:\\Job_Portal\\node_modules\\json-schema-traverse': 'D:\\Job_Portal\\node_modules\\.json-schema-traverse-0wePDr6W',
305 silly reify   'D:\\Job_Portal\\node_modules\\schema-utils\\node_modules\\ajv': 'D:\\Job_Portal\\node_modules\\schema-utils\\node_modules\\.ajv-qhuuO7lU',
305 silly reify   'D:\\Job_Portal\\node_modules\\schema-utils\\node_modules\\json-schema-traverse': 'D:\\Job_Portal\\node_modules\\schema-utils\\node_modules\\.json-schema-traverse-CzHf40Cx'
305 silly reify }
306 silly audit bulk request {
306 silly audit   '@alloc/quick-lru': [ '5.2.0' ],
306 silly audit   '@asteasolutions/zod-to-openapi': [ '7.3.4' ],
306 silly audit   '@babel/code-frame': [ '7.29.7' ],
306 silly audit   '@babel/compat-data': [ '7.29.7' ],
306 silly audit   '@babel/core': [ '7.29.7' ],
306 silly audit   debug: [ '4.4.3', '2.6.9', '4.4.0' ],
306 silly audit   ms: [ '2.1.3', '2.0.0' ],
306 silly audit   semver: [ '6.3.1', '7.7.3' ],
306 silly audit   '@babel/generator': [ '7.29.8' ],
306 silly audit   '@babel/helper-annotate-as-pure': [ '7.29.7' ],
306 silly audit   '@babel/helper-compilation-targets': [ '7.29.7' ],
306 silly audit   'lru-cache': [ '5.1.1', '10.4.3', '6.0.0' ],
306 silly audit   yallist: [ '3.1.1', '4.0.0' ],
306 silly audit   '@babel/helper-create-class-features-plugin': [ '7.29.7' ],
306 silly audit   '@babel/helper-create-regexp-features-plugin': [ '7.29.7' ],
306 silly audit   '@babel/helper-define-polyfill-provider': [ '0.6.8' ],
306 silly audit   '@babel/helper-globals': [ '7.29.7' ],
306 silly audit   '@babel/helper-member-expression-to-functions': [ '7.29.7' ],
306 silly audit   '@babel/helper-module-imports': [ '7.29.7' ],
306 silly audit   '@babel/helper-module-transforms': [ '7.29.7' ],
306 silly audit   '@babel/helper-optimise-call-expression': [ '7.29.7' ],
306 silly audit   '@babel/helper-plugin-utils': [ '7.29.7' ],
306 silly audit   '@babel/helper-remap-async-to-generator': [ '7.29.7' ],
306 silly audit   '@babel/helper-replace-supers': [ '7.29.7' ],
306 silly audit   '@babel/helper-skip-transparent-expression-wrappers': [ '7.29.7' ],
306 silly audit   '@babel/helper-string-parser': [ '7.29.7' ],
306 silly audit   '@babel/helper-validator-identifier': [ '7.29.7' ],
306 silly audit   '@babel/helper-validator-option': [ '7.29.7' ],
306 silly audit   '@babel/helper-wrap-function': [ '7.29.7' ],
306 silly audit   '@babel/helpers': [ '7.29.7' ],
306 silly audit   '@babel/parser': [ '7.29.8' ],
306 silly audit   '@babel/plugin-bugfix-firefox-class-in-computed-class-key': [ '7.29.7' ],
306 silly audit   '@babel/plugin-bugfix-safari-class-field-initializer-scope': [ '7.29.7' ],
306 silly audit   '@babel/plugin-bugfix-safari-id-destructuring-collision-in-function-expression': [ '7.29.7' ],
306 silly audit   '@babel/plugin-bugfix-safari-rest-destructuring-rhs-array': [ '7.29.7' ],
306 silly audit   '@babel/plugin-bugfix-v8-spread-parameters-in-optional-chaining': [ '7.29.7' ],
306 silly audit   '@babel/plugin-bugfix-v8-static-class-fields-redefine-readonly': [ '7.29.7' ],
306 silly audit   '@babel/plugin-proposal-private-property-in-object': [ '7.21.0-placeholder-for-preset-env.2' ],
306 silly audit   '@babel/plugin-syntax-import-assertions': [ '7.29.7' ],
306 silly audit   '@babel/plugin-syntax-import-attributes': [ '7.29.7' ],
306 silly audit   '@babel/plugin-syntax-unicode-sets-regex': [ '7.18.6' ],
306 silly audit   '@babel/plugin-transform-arrow-functions': [ '7.29.7' ],
306 silly audit   '@babel/plugin-transform-async-generator-functions': [ '7.29.7' ],
306 silly audit   '@babel/plugin-transform-async-to-generator': [ '7.29.7' ],
306 silly audit   '@babel/plugin-transform-block-scoped-functions': [ '7.29.7' ],
306 silly audit   '@babel/plugin-transform-block-scoping': [ '7.29.7' ],
306 silly audit   '@babel/plugin-transform-class-properties': [ '7.29.7' ],
306 silly audit   '@babel/plugin-transform-class-static-block': [ '7.29.7' ],
306 silly audit   '@babel/plugin-transform-classes': [ '7.29.7' ],
306 silly audit   '@babel/plugin-transform-computed-properties': [ '7.29.7' ],
306 silly audit   '@babel/plugin-transform-destructuring': [ '7.29.7' ],
306 silly audit   '@babel/plugin-transform-dotall-regex': [ '7.29.7' ],
306 silly audit   '@babel/plugin-transform-duplicate-keys': [ '7.29.7' ],
306 silly audit   '@babel/plugin-transform-duplicate-named-capturing-groups-regex': [ '7.29.7' ],
306 silly audit   '@babel/plugin-transform-dynamic-import': [ '7.29.7' ],
306 silly audit   '@babel/plugin-transform-explicit-resource-management': [ '7.29.7' ],
306 silly audit   '@babel/plugin-transform-exponentiation-operator': [ '7.29.7' ],
306 silly audit   '@babel/plugin-transform-export-namespace-from': [ '7.29.7' ],
306 silly audit   '@babel/plugin-transform-for-of': [ '7.29.7' ],
306 silly audit   '@babel/plugin-transform-function-name': [ '7.29.7' ],
306 silly audit   '@babel/plugin-transform-json-strings': [ '7.29.7' ],
306 silly audit   '@babel/plugin-transform-literals': [ '7.29.7' ],
306 silly audit   '@babel/plugin-transform-logical-assignment-operators': [ '7.29.7' ],
306 silly audit   '@babel/plugin-transform-member-expression-literals': [ '7.29.7' ],
306 silly audit   '@babel/plugin-transform-modules-amd': [ '7.29.7' ],
306 silly audit   '@babel/plugin-transform-modules-commonjs': [ '7.29.7' ],
306 silly audit   '@babel/plugin-transform-modules-systemjs': [ '7.29.8' ],
306 silly audit   '@babel/plugin-transform-modules-umd': [ '7.29.7' ],
306 silly audit   '@babel/plugin-transform-named-capturing-groups-regex': [ '7.29.7' ],
306 silly audit   '@babel/plugin-transform-new-target': [ '7.29.7' ],
306 silly audit   '@babel/plugin-transform-nullish-coalescing-operator': [ '7.29.7' ],
306 silly audit   '@babel/plugin-transform-numeric-separator': [ '7.29.7' ],
306 silly audit   '@babel/plugin-transform-object-rest-spread': [ '7.29.7' ],
306 silly audit   '@babel/plugin-transform-object-super': [ '7.29.7' ],
306 silly audit   '@babel/plugin-transform-optional-catch-binding': [ '7.29.7' ],
306 silly audit   '@babel/plugin-transform-optional-chaining': [ '7.29.7' ],
306 silly audit   '@babel/plugin-transform-parameters': [ '7.29.7' ],
306 silly audit   '@babel/plugin-transform-private-methods': [ '7.29.7' ],
306 silly audit   '@babel/plugin-transform-private-property-in-object': [ '7.29.7' ],
306 silly audit   '@babel/plugin-transform-property-literals': [ '7.29.7' ],
306 silly audit   '@babel/plugin-transform-regenerator': [ '7.29.8' ],
306 silly audit   '@babel/plugin-transform-regexp-modifiers': [ '7.29.7' ],
306 silly audit   '@babel/plugin-transform-reserved-words': [ '7.29.7' ],
306 silly audit   '@babel/plugin-transform-shorthand-properties': [ '7.29.7' ],
306 silly audit   '@babel/plugin-transform-spread': [ '7.29.8' ],
306 silly audit   '@babel/plugin-transform-sticky-regex': [ '7.29.7' ],
306 silly audit   '@babel/plugin-transform-template-literals': [ '7.29.7' ],
306 silly audit   '@babel/plugin-transform-typeof-symbol': [ '7.29.7' ],
306 silly audit   '@babel/plugin-transform-unicode-escapes': [ '7.29.7' ],
306 silly audit   '@babel/plugin-transform-unicode-property-regex': [ '7.29.7' ],
306 silly audit   '@babel/plugin-transform-unicode-regex': [ '7.29.7' ],
306 silly audit   '@babel/plugin-transform-unicode-sets-regex': [ '7.29.7' ],
306 silly audit   '@babel/preset-env': [ '7.29.7' ],
306 silly audit   '@babel/preset-modules': [ '0.1.6-no-external-plugins' ],
306 silly audit   '@babel/runtime': [ '7.28.4' ],
306 silly audit   '@babel/template': [ '7.29.7' ],
306 silly audit   '@babel/traverse': [ '7.29.8' ],
306 silly audit   '@babel/types': [ '7.29.8' ],
306 silly audit   '@cfworker/json-schema': [ '4.1.1' ],
306 silly audit   '@colors/colors': [ '1.6.0' ],
306 silly audit   '@dabh/diagnostics': [ '2.0.8' ],
306 silly audit   '@date-fns/tz': [ '1.4.1' ],
306 silly audit   '@emnapi/runtime': [ '1.7.1' ],
306 silly audit   '@esbuild/aix-ppc64': [ '0.27.2' ],
306 silly audit   '@esbuild/android-arm': [ '0.27.2' ],
306 silly audit   '@esbuild/android-arm64': [ '0.27.2' ],
306 silly audit   '@esbuild/android-x64': [ '0.27.2' ],
306 silly audit   '@esbuild/darwin-arm64': [ '0.27.2' ],
306 silly audit   '@esbuild/darwin-x64': [ '0.27.2' ],
306 silly audit   '@esbuild/freebsd-arm64': [ '0.27.2' ],
306 silly audit   '@esbuild/freebsd-x64': [ '0.27.2' ],
306 silly audit   '@esbuild/linux-arm': [ '0.27.2' ],
306 silly audit   '@esbuild/linux-arm64': [ '0.27.2' ],
306 silly audit   '@esbuild/linux-ia32': [ '0.27.2' ],
306 silly audit   '@esbuild/linux-loong64': [ '0.27.2' ],
306 silly audit   '@esbuild/linux-mips64el': [ '0.27.2' ],
306 silly audit   '@esbuild/linux-ppc64': [ '0.27.2' ],
306 silly audit   '@esbuild/linux-riscv64': [ '0.27.2' ],
306 silly audit   '@esbuild/linux-s390x': [ '0.27.2' ],
306 silly audit   '@esbuild/linux-x64': [ '0.27.2' ],
306 silly audit   '@esbuild/netbsd-arm64': [ '0.27.2' ],
306 silly audit   '@esbuild/netbsd-x64': [ '0.27.2' ],
306 silly audit   '@esbuild/openbsd-arm64': [ '0.27.2' ],
306 silly audit   '@esbuild/openbsd-x64': [ '0.27.2' ],
306 silly audit   '@esbuild/openharmony-arm64': [ '0.27.2' ],
306 silly audit   '@esbuild/sunos-x64': [ '0.27.2' ],
306 silly audit   '@esbuild/win32-arm64': [ '0.27.2' ],
306 silly audit   '@esbuild/win32-ia32': [ '0.27.2' ],
306 silly audit   '@esbuild/win32-x64': [ '0.27.2' ],
306 silly audit   '@fastify/busboy': [ '3.2.0' ],
306 silly audit   '@firebase/ai': [ '1.4.0' ],
306 silly audit   '@firebase/analytics': [ '0.10.16' ],
306 silly audit   '@firebase/analytics-compat': [ '0.2.22' ],
306 silly audit   '@firebase/analytics-types': [ '0.8.3' ],
306 silly audit   '@firebase/app': [ '0.13.1' ],
306 silly audit   '@firebase/app-check': [ '0.10.0' ],
306 silly audit   '@firebase/app-check-compat': [ '0.3.25' ],
306 silly audit   '@firebase/app-check-interop-types': [ '0.3.3', '0.3.2' ],
306 silly audit   '@firebase/app-check-types': [ '0.5.3' ],
306 silly audit   '@firebase/app-compat': [ '0.4.1' ],
306 silly audit   '@firebase/app-types': [ '0.9.3', '0.9.2' ],
306 silly audit   '@firebase/auth-compat': [ '0.5.27' ],
306 silly audit   '@firebase/auth': [ '1.10.7' ],
306 silly audit   '@firebase/auth-interop-types': [ '0.2.4', '0.2.3' ],
306 silly audit   '@firebase/auth-types': [ '0.13.0' ],
306 silly audit   '@firebase/component': [ '0.6.17', '0.6.9' ],
306 silly audit   '@firebase/data-connect': [ '0.3.9' ],
306 silly audit   '@firebase/database': [ '1.0.19', '1.0.8' ],
306 silly audit   '@firebase/database-compat': [ '2.0.10', '1.0.8' ],
306 silly audit   '@firebase/database-types': [ '1.0.14', '1.0.5' ],
306 silly audit   '@firebase/firestore': [ '4.7.17' ],
306 silly audit   '@firebase/firestore-compat': [ '0.3.52' ],
306 silly audit   '@firebase/firestore-types': [ '3.0.3' ],
306 silly audit   '@grpc/grpc-js': [ '1.9.15', '1.14.3' ],
306 silly audit   '@firebase/functions': [ '0.12.8' ],
306 silly audit   '@firebase/functions-compat': [ '0.3.25' ],
306 silly audit   '@firebase/functions-types': [ '0.6.3' ],
306 silly audit   '@firebase/installations': [ '0.6.17' ],
306 silly audit   '@firebase/installations-compat': [ '0.2.17' ],
306 silly audit   '@firebase/installations-types': [ '0.5.3' ],
306 silly audit   '@firebase/logger': [ '0.4.4', '0.4.2' ],
306 silly audit   '@firebase/messaging': [ '0.12.21' ],
306 silly audit   '@firebase/messaging-compat': [ '0.2.21' ],
306 silly audit   '@firebase/messaging-interop-types': [ '0.2.3' ],
306 silly audit   '@firebase/performance': [ '0.7.6' ],
306 silly audit   '@firebase/performance-compat': [ '0.2.19' ],
306 silly audit   '@firebase/performance-types': [ '0.2.3' ],
306 silly audit   '@firebase/remote-config': [ '0.6.4' ],
306 silly audit   '@firebase/remote-config-compat': [ '0.2.17' ],
306 silly audit   '@firebase/remote-config-types': [ '0.4.0' ],
306 silly audit   '@firebase/storage': [ '0.13.13' ],
306 silly audit   '@firebase/storage-compat': [ '0.3.23' ],
306 silly audit   '@firebase/storage-types': [ '0.8.3' ],
306 silly audit   '@firebase/util': [ '1.12.0', '1.10.0' ],
306 silly audit   '@firebase/webchannel-wrapper': [ '1.0.3' ],
306 silly audit   '@floating-ui/core': [ '1.7.3' ],
306 silly audit   '@floating-ui/dom': [ '1.7.4' ],
306 silly audit   '@floating-ui/react-dom': [ '2.1.6' ],
306 silly audit   '@floating-ui/utils': [ '0.2.10' ],
306 silly audit   '@genkit-ai/ai': [ '1.28.0' ],
306 silly audit   '@genkit-ai/core': [ '1.28.0' ],
306 silly audit   '@genkit-ai/firebase': [ '1.28.0' ],
306 silly audit   '@genkit-ai/google-cloud': [ '1.28.0' ],
306 silly audit   '@genkit-ai/google-genai': [ '1.28.0' ],
306 silly audit   '@genkit-ai/telemetry-server': [ '1.28.0' ],
306 silly audit   '@genkit-ai/tools-common': [ '1.28.0' ],
306 silly audit   commander: [ '11.1.0', '4.1.1', '2.20.3' ],
306 silly audit   uuid: [ '9.0.1', '8.3.2', '10.0.0' ],
306 silly audit   '@google-cloud/common': [ '5.0.2' ],
306 silly audit   '@google-cloud/firestore': [ '7.11.6' ],
306 silly audit   '@google-cloud/logging': [ '11.2.1' ],
306 silly audit   '@google-cloud/logging-winston': [ '6.0.1' ],
306 silly audit   '@google-cloud/modelarmor': [ '0.4.1' ],
306 silly audit   '@grpc/proto-loader': [ '0.8.0', '0.7.13' ],
306 silly audit   'agent-base': [ '6.0.2', '7.1.3' ],
306 silly audit   gaxios: [ '7.1.3', '6.7.1' ],
306 silly audit   'gcp-metadata': [ '8.1.2', '6.1.1' ],
306 silly audit   'google-auth-library': [ '10.5.0', '9.15.1' ],
306 silly audit   'google-gax': [ '5.0.6', '4.6.1' ],
306 silly audit   'google-logging-utils': [ '1.1.3', '0.0.2' ],
306 silly audit   gtoken: [ '8.0.0', '7.1.0' ],
306 silly audit   'proto3-json-serializer': [ '3.0.4', '2.0.2' ],
306 silly audit   'retry-request': [ '8.0.2', '7.0.2' ],
306 silly audit   rimraf: [ '5.0.10', '2.7.1' ],
306 silly audit   'teeny-request': [ '10.1.0', '9.0.0' ],
306 silly audit   'https-proxy-agent': [ '5.0.1', '7.0.6' ],
306 silly audit   '@google-cloud/opentelemetry-cloud-monitoring-exporter': [ '0.19.0' ],
306 silly audit   '@google-cloud/opentelemetry-cloud-trace-exporter': [ '2.4.1' ],
306 silly audit   '@google-cloud/opentelemetry-resource-util': [ '2.4.0' ],
306 silly audit   '@google-cloud/paginator': [ '5.0.2' ],
306 silly audit   '@google-cloud/precise-date': [ '4.0.0' ],
306 silly audit   '@google-cloud/projectify': [ '4.0.0' ],
306 silly audit   '@google-cloud/promisify': [ '4.0.0' ],
306 silly audit   '@google-cloud/storage': [ '7.18.0' ],
306 silly audit   '@hookform/resolvers': [ '4.1.3' ],
306 silly audit   '@img/colour': [ '1.0.0' ],
306 silly audit   '@img/sharp-darwin-arm64': [ '0.34.5' ],
306 silly audit   '@img/sharp-darwin-x64': [ '0.34.5' ],
306 silly audit   '@img/sharp-libvips-darwin-arm64': [ '1.2.4' ],
306 silly audit   '@img/sharp-libvips-darwin-x64': [ '1.2.4' ],
306 silly audit   '@img/sharp-libvips-linux-arm': [ '1.2.4' ],
306 silly audit   '@img/sharp-libvips-linux-arm64': [ '1.2.4' ],
306 silly audit   '@img/sharp-libvips-linux-ppc64': [ '1.2.4' ],
306 silly audit   '@img/sharp-libvips-linux-riscv64': [ '1.2.4' ],
306 silly audit   '@img/sharp-libvips-linux-s390x': [ '1.2.4' ],
306 silly audit   '@img/sharp-libvips-linux-x64': [ '1.2.4' ],
306 silly audit   '@img/sharp-libvips-linuxmusl-arm64': [ '1.2.4' ],
306 silly audit   '@img/sharp-libvips-linuxmusl-x64': [ '1.2.4' ],
306 silly audit   '@img/sharp-linux-arm': [ '0.34.5' ],
306 silly audit   '@img/sharp-linux-arm64': [ '0.34.5' ],
306 silly audit   '@img/sharp-linux-ppc64': [ '0.34.5' ],
306 silly audit   '@img/sharp-linux-riscv64': [ '0.34.5' ],
306 silly audit   '@img/sharp-linux-s390x': [ '0.34.5' ],
306 silly audit   '@img/sharp-linux-x64': [ '0.34.5' ],
306 silly audit   '@img/sharp-linuxmusl-arm64': [ '0.34.5' ],
306 silly audit   '@img/sharp-linuxmusl-x64': [ '0.34.5' ],
306 silly audit   '@img/sharp-wasm32': [ '0.34.5' ],
306 silly audit   '@img/sharp-win32-arm64': [ '0.34.5' ],
306 silly audit   '@img/sharp-win32-ia32': [ '0.34.5' ],
306 silly audit   '@img/sharp-win32-x64': [ '0.34.5' ],
306 silly audit   '@inquirer/ansi': [ '1.0.2' ],
306 silly audit   '@inquirer/checkbox': [ '4.3.2' ],
306 silly audit   '@inquirer/confirm': [ '5.1.21' ],
306 silly audit   '@inquirer/core': [ '10.3.2' ],
306 silly audit   'ansi-regex': [ '5.0.1', '6.1.0' ],
306 silly audit   'ansi-styles': [ '4.3.0', '6.2.1' ],
306 silly audit   'emoji-regex': [ '8.0.0', '9.2.2' ],
306 silly audit   'string-width': [ '4.2.3', '5.1.2' ],
306 silly audit   'strip-ansi': [ '6.0.1', '7.1.0' ],
306 silly audit   'wrap-ansi': [ '6.2.0', '7.0.0', '8.1.0' ],
306 silly audit   '@inquirer/editor': [ '4.2.23' ],
306 silly audit   '@inquirer/expand': [ '4.0.23' ],
306 silly audit   '@inquirer/external-editor': [ '1.0.3' ],
306 silly audit   'iconv-lite': [ '0.7.2', '0.6.3', '0.7.0', '0.4.24' ],
306 silly audit   '@inquirer/figures': [ '1.0.15' ],
306 silly audit   '@inquirer/input': [ '4.3.1' ],
306 silly audit   '@inquirer/number': [ '3.0.23' ],
306 silly audit   '@inquirer/password': [ '4.0.23' ],
306 silly audit   '@inquirer/prompts': [ '7.10.1' ],
306 silly audit   '@inquirer/rawlist': [ '4.1.11' ],
306 silly audit   '@inquirer/search': [ '3.2.2' ],
306 silly audit   '@inquirer/select': [ '4.4.2' ],
306 silly audit   '@inquirer/type': [ '3.0.10' ],
306 silly audit   '@isaacs/cliui': [ '8.0.2' ],
306 silly audit   '@jridgewell/gen-mapping': [ '0.3.13' ],
306 silly audit   '@jridgewell/remapping': [ '2.3.5' ],
306 silly audit   '@jridgewell/resolve-uri': [ '3.1.2' ],
306 silly audit   '@jridgewell/source-map': [ '0.3.11' ],
306 silly audit   '@jridgewell/sourcemap-codec': [ '1.5.0' ],
306 silly audit   '@jridgewell/trace-mapping': [ '0.3.31' ],
306 silly audit   '@js-sdsl/ordered-map': [ '4.4.2' ],
306 silly audit   '@jsep-plugin/assignment': [ '1.3.0' ],
306 silly audit   '@jsep-plugin/regex': [ '1.0.4' ],
306 silly audit   '@modelcontextprotocol/sdk': [ '1.18.2' ],
306 silly audit   accepts: [ '2.0.0', '1.3.8' ],
306 silly audit   ajv: [ '6.15.0', '8.20.0' ],
306 silly audit   'body-parser': [ '2.2.0', '1.20.3' ],
306 silly audit   'content-disposition': [ '1.0.0', '0.5.4' ],
306 silly audit   'cookie-signature': [ '1.2.2', '1.0.6' ],
306 silly audit   express: [ '5.1.0', '4.21.2' ],
306 silly audit   finalhandler: [ '2.1.0', '1.3.1' ],
306 silly audit   fresh: [ '2.0.0', '0.5.2' ],
306 silly audit   'media-typer': [ '1.1.0', '0.3.0' ],
306 silly audit   'merge-descriptors': [ '2.0.0', '1.0.3' ],
306 silly audit   'mime-db': [ '1.54.0', '1.52.0' ],
306 silly audit   'mime-types': [ '3.0.1', '2.1.35' ],
306 silly audit   negotiator: [ '1.0.0', '0.6.3' ],
306 silly audit   qs: [ '6.14.0', '6.13.0' ],
306 silly audit   'raw-body': [ '3.0.1', '2.5.2' ],
306 silly audit   send: [ '1.2.0', '0.19.0' ],
306 silly audit   'serve-static': [ '2.2.0', '1.16.2' ],
306 silly audit   'type-is': [ '2.0.1', '1.6.18' ],
306 silly audit   '@next/env': [ '15.5.9' ],
306 silly audit   '@next/swc-darwin-arm64': [ '15.5.7' ],
306 silly audit   '@next/swc-darwin-x64': [ '15.5.7' ],
306 silly audit   '@next/swc-linux-arm64-gnu': [ '15.5.7' ],
306 silly audit   '@next/swc-linux-arm64-musl': [ '15.5.7' ],
306 silly audit   '@next/swc-linux-x64-gnu': [ '15.5.7' ],
306 silly audit   '@next/swc-linux-x64-musl': [ '15.5.7' ],
306 silly audit   '@next/swc-win32-arm64-msvc': [ '15.5.7' ],
306 silly audit   '@next/swc-win32-x64-msvc': [ '15.5.7' ],
306 silly audit   '@nodelib/fs.scandir': [ '2.1.5' ],
306 silly audit   '@nodelib/fs.stat': [ '2.0.5' ],
306 silly audit   '@nodelib/fs.walk': [ '1.2.8' ],
306 silly audit   '@opentelemetry/api': [ '1.9.0' ],
306 silly audit   '@opentelemetry/api-logs': [ '0.52.1' ],
306 silly audit   '@opentelemetry/auto-instrumentations-node': [ '0.49.2' ],
306 silly audit   '@opentelemetry/context-async-hooks': [ '1.25.1' ],
306 silly audit   '@opentelemetry/core': [ '1.25.1', '1.30.1' ],
306 silly audit   '@opentelemetry/semantic-conventions': [ '1.25.1', '1.28.0', '1.39.0' ],
306 silly audit   '@opentelemetry/exporter-jaeger': [ '1.30.1' ],
306 silly audit   '@opentelemetry/resources': [ '1.30.1', '1.25.1' ],
306 silly audit   '@opentelemetry/sdk-trace-base': [ '1.30.1', '1.25.1' ],
306 silly audit   '@opentelemetry/exporter-trace-otlp-grpc': [ '0.52.1' ],
306 silly audit   '@opentelemetry/exporter-trace-otlp-http': [ '0.52.1' ],
306 silly audit   '@opentelemetry/exporter-trace-otlp-proto': [ '0.52.1' ],
306 silly audit   '@opentelemetry/exporter-zipkin': [ '1.25.1' ],
306 silly audit   '@opentelemetry/instrumentation': [ '0.52.1' ],
306 silly audit   '@opentelemetry/instrumentation-amqplib': [ '0.41.0' ],
306 silly audit   '@opentelemetry/instrumentation-aws-lambda': [ '0.43.0' ],
306 silly audit   '@opentelemetry/instrumentation-aws-sdk': [ '0.43.1' ],
306 silly audit   '@opentelemetry/instrumentation-bunyan': [ '0.40.0' ],
306 silly audit   '@opentelemetry/instrumentation-cassandra-driver': [ '0.40.0' ],
306 silly audit   '@opentelemetry/instrumentation-connect': [ '0.38.0' ],
306 silly audit   '@opentelemetry/instrumentation-cucumber': [ '0.8.0' ],
306 silly audit   '@opentelemetry/instrumentation-dataloader': [ '0.11.0' ],
306 silly audit   '@opentelemetry/instrumentation-dns': [ '0.38.0' ],
306 silly audit   '@opentelemetry/instrumentation-express': [ '0.41.1' ],
306 silly audit   '@opentelemetry/instrumentation-fastify': [ '0.38.0' ],
306 silly audit   '@opentelemetry/instrumentation-fs': [ '0.14.0' ],
306 silly audit   '@opentelemetry/instrumentation-generic-pool': [ '0.38.1' ],
306 silly audit   '@opentelemetry/instrumentation-graphql': [ '0.42.0' ],
306 silly audit   '@opentelemetry/instrumentation-grpc': [ '0.52.1' ],
306 silly audit   '@opentelemetry/instrumentation-hapi': [ '0.40.0' ],
306 silly audit   '@opentelemetry/instrumentation-http': [ '0.52.1' ],
306 silly audit   '@opentelemetry/instrumentation-ioredis': [ '0.42.0' ],
306 silly audit   '@opentelemetry/instrumentation-kafkajs': [ '0.2.0' ],
306 silly audit   '@opentelemetry/instrumentation-knex': [ '0.39.0' ],
306 silly audit   '@opentelemetry/instrumentation-koa': [ '0.42.0' ],
306 silly audit   '@opentelemetry/instrumentation-lru-memoizer': [ '0.39.0' ],
306 silly audit   '@opentelemetry/instrumentation-memcached': [ '0.38.0' ],
306 silly audit   '@opentelemetry/instrumentation-mongodb': [ '0.46.0' ],
306 silly audit   '@opentelemetry/instrumentation-mongoose': [ '0.41.0' ],
306 silly audit   '@opentelemetry/instrumentation-mysql': [ '0.40.0' ],
306 silly audit   '@opentelemetry/instrumentation-mysql2': [ '0.40.0' ],
306 silly audit   '@opentelemetry/instrumentation-nestjs-core': [ '0.39.0' ],
306 silly audit   '@opentelemetry/instrumentation-net': [ '0.38.0' ],
306 silly audit   '@opentelemetry/instrumentation-pg': [ '0.43.0' ],
306 silly audit   '@opentelemetry/instrumentation-pino': [ '0.41.0' ],
306 silly audit   '@opentelemetry/instrumentation-redis': [ '0.41.0' ],
306 silly audit   '@opentelemetry/instrumentation-redis-4': [ '0.41.1' ],
306 silly audit   '@opentelemetry/instrumentation-restify': [ '0.40.0' ],
306 silly audit   '@opentelemetry/instrumentation-router': [ '0.39.0' ],
306 silly audit   '@opentelemetry/instrumentation-socket.io': [ '0.41.0' ],
306 silly audit   '@opentelemetry/instrumentation-tedious': [ '0.13.0' ],
306 silly audit   '@opentelemetry/instrumentation-undici': [ '0.5.0' ],
306 silly audit   '@opentelemetry/instrumentation-winston': [ '0.39.0' ],
306 silly audit   '@opentelemetry/otlp-exporter-base': [ '0.52.1' ],
306 silly audit   '@opentelemetry/otlp-grpc-exporter-base': [ '0.52.1' ],
306 silly audit   '@opentelemetry/otlp-transformer': [ '0.52.1' ],
306 silly audit   '@opentelemetry/propagation-utils': [ '0.30.16' ],
306 silly audit   '@opentelemetry/propagator-aws-xray': [ '1.26.2' ],
306 silly audit   '@opentelemetry/propagator-b3': [ '1.25.1' ],
306 silly audit   '@opentelemetry/propagator-jaeger': [ '1.25.1' ],
306 silly audit   '@opentelemetry/redis-common': [ '0.36.2' ],
306 silly audit   '@opentelemetry/resource-detector-alibaba-cloud': [ '0.29.7' ],
306 silly audit   '@opentelemetry/resource-detector-aws': [ '1.12.0' ],
306 silly audit   '@opentelemetry/resource-detector-azure': [ '0.2.12' ],
306 silly audit   '@opentelemetry/resource-detector-container': [ '0.4.4' ],
306 silly audit   '@opentelemetry/resource-detector-gcp': [ '0.29.13' ],
306 silly audit   '@opentelemetry/sdk-logs': [ '0.52.1' ],
306 silly audit   '@opentelemetry/sdk-metrics': [ '1.25.1' ],
306 silly audit   '@opentelemetry/sdk-node': [ '0.52.1' ],
306 silly audit   '@opentelemetry/sdk-trace-node': [ '1.25.1' ],
306 silly audit   '@opentelemetry/sql-common': [ '0.40.1' ],
306 silly audit   '@pkgjs/parseargs': [ '0.11.0' ],
306 silly audit   '@protobufjs/aspromise': [ '1.1.2' ],
306 silly audit   '@protobufjs/base64': [ '1.1.2' ],
306 silly audit   '@protobufjs/codegen': [ '2.0.4' ],
306 silly audit   '@protobufjs/eventemitter': [ '1.1.0' ],
306 silly audit   '@protobufjs/fetch': [ '1.1.0' ],
306 silly audit   '@protobufjs/float': [ '1.0.2' ],
306 silly audit   '@protobufjs/inquire': [ '1.1.0' ],
306 silly audit   '@protobufjs/path': [ '1.1.2' ],
306 silly audit   '@protobufjs/pool': [ '1.1.0' ],
306 silly audit   '@protobufjs/utf8': [ '1.1.0' ],
306 silly audit   '@radix-ui/number': [ '1.1.0' ],
306 silly audit   '@radix-ui/primitive': [ '1.1.1', '1.1.2', '1.1.3' ],
306 silly audit   '@radix-ui/react-accordion': [ '1.2.3' ],
306 silly audit   '@radix-ui/react-collapsible': [ '1.1.3', '1.1.11' ],
306 silly audit   '@radix-ui/react-alert-dialog': [ '1.1.6' ],
306 silly audit   '@radix-ui/react-dialog': [ '1.1.6', '1.1.15' ],
306 silly audit   '@radix-ui/react-dismissable-layer': [ '1.1.5', '1.1.11' ],
306 silly audit   '@radix-ui/react-focus-scope': [ '1.1.2', '1.1.7' ],
306 silly audit   '@radix-ui/react-portal': [ '1.1.4', '1.1.9' ],
306 silly audit   '@radix-ui/react-slot': [ '1.1.2', '1.2.3' ],
306 silly audit   '@radix-ui/react-use-escape-keydown': [ '1.1.0', '1.1.1' ],
306 silly audit   '@radix-ui/react-arrow': [ '1.1.2' ],
306 silly audit   '@radix-ui/react-avatar': [ '1.1.3' ],
306 silly audit   '@radix-ui/react-checkbox': [ '1.1.4' ],
306 silly audit   '@radix-ui/react-compose-refs': [ '1.1.2', '1.1.1' ],
306 silly audit   '@radix-ui/react-context': [ '1.1.2', '1.1.1' ],
306 silly audit   '@radix-ui/react-id': [ '1.1.1', '1.1.0' ],
306 silly audit   '@radix-ui/react-presence': [ '1.1.4', '1.1.5', '1.1.2' ],
306 silly audit   '@radix-ui/react-primitive': [ '2.1.3', '2.0.2' ],
306 silly audit   '@radix-ui/react-use-controllable-state': [ '1.2.2', '1.1.0' ],
306 silly audit   '@radix-ui/react-use-layout-effect': [ '1.1.1', '1.1.0' ],
306 silly audit   '@radix-ui/react-collection': [ '1.1.2' ],
306 silly audit   '@radix-ui/react-focus-guards': [ '1.1.3', '1.1.1' ],
306 silly audit   '@radix-ui/react-direction': [ '1.1.0' ],
306 silly audit   '@radix-ui/react-use-callback-ref': [ '1.1.1', '1.1.0' ],
306 silly audit   '@radix-ui/react-dropdown-menu': [ '2.1.6' ],
306 silly audit   '@radix-ui/react-label': [ '2.1.2' ],
306 silly audit   '@radix-ui/react-menu': [ '2.1.6' ],
306 silly audit   '@radix-ui/react-menubar': [ '1.1.6' ],
306 silly audit   '@radix-ui/react-popover': [ '1.1.6' ],
306 silly audit   '@radix-ui/react-popper': [ '1.2.2' ],
306 silly audit   '@radix-ui/react-progress': [ '1.1.2' ],
306 silly audit   '@radix-ui/react-radio-group': [ '1.2.3' ],
306 silly audit   '@radix-ui/react-roving-focus': [ '1.1.2' ],
306 silly audit   '@radix-ui/react-scroll-area': [ '1.2.3' ],
306 silly audit   '@radix-ui/react-select': [ '2.1.6' ],
306 silly audit   '@radix-ui/react-separator': [ '1.1.2' ],
306 silly audit   '@radix-ui/react-slider': [ '1.2.3' ],
306 silly audit   '@radix-ui/react-switch': [ '1.1.3' ],
306 silly audit   '@radix-ui/react-tabs': [ '1.1.3' ],
306 silly audit   '@radix-ui/react-toast': [ '1.2.6' ],
306 silly audit   '@radix-ui/react-tooltip': [ '1.1.8' ],
306 silly audit   '@radix-ui/react-use-effect-event': [ '0.0.2' ],
306 silly audit   '@radix-ui/react-use-previous': [ '1.1.0' ],
306 silly audit   '@radix-ui/react-use-rect': [ '1.1.0' ],
306 silly audit   '@radix-ui/react-use-size': [ '1.1.0' ],
306 silly audit   '@radix-ui/react-visually-hidden': [ '1.1.2' ],
306 silly audit   '@radix-ui/rect': [ '1.1.0' ],
306 silly audit   '@react-leaflet/core': [ '3.0.0' ],
306 silly audit   '@rollup/plugin-babel': [ '5.3.1' ],
306 silly audit   '@rollup/plugin-node-resolve': [ '11.2.1' ],
306 silly audit   '@rollup/plugin-replace': [ '2.4.2' ],
306 silly audit   '@rollup/pluginutils': [ '3.1.0' ],
306 silly audit   '@so-ric/colorspace': [ '1.1.6' ],
306 silly audit   '@standard-schema/utils': [ '0.3.0' ],
306 silly audit   '@surma/rollup-plugin-off-main-thread': [ '2.2.3' ],
306 silly audit   '@swc/helpers': [ '0.5.15' ],
306 silly audit   '@tootallnate/once': [ '2.0.0' ],
306 silly audit   '@trpc/server': [ '10.45.4' ],
306 silly audit   '@types/aws-lambda': [ '8.10.122' ],
306 silly audit   '@types/bunyan': [ '1.8.9' ],
306 silly audit   '@types/caseless': [ '0.12.5' ],
306 silly audit   '@types/connect': [ '3.4.36' ],
306 silly audit   '@types/d3-array': [ '3.2.1' ],
306 silly audit   '@types/d3-color': [ '3.1.3' ],
306 silly audit   '@types/d3-ease': [ '3.0.2' ],
306 silly audit   '@types/d3-interpolate': [ '3.0.4' ],
306 silly audit   '@types/d3-path': [ '3.1.1' ],
306 silly audit   '@types/d3-scale': [ '4.0.9' ],
306 silly audit   '@types/d3-shape': [ '3.1.7' ],
306 silly audit   '@types/d3-time': [ '3.0.4' ],
306 silly audit   '@types/d3-timer': [ '3.0.2' ],
306 silly audit   '@types/estree': [ '0.0.39', '1.0.9' ],
306 silly audit   '@types/geojson': [ '7946.0.16' ],
306 silly audit   '@types/glob': [ '7.2.0' ],
306 silly audit   '@types/json-schema': [ '7.0.15' ],
306 silly audit   '@types/jsonwebtoken': [ '9.0.10' ],
306 silly audit   '@types/leaflet': [ '1.9.22' ],
306 silly audit   '@types/long': [ '4.0.2' ],
306 silly audit   '@types/memcached': [ '2.2.10' ],
306 silly audit   '@types/minimatch': [ '5.1.2' ],
306 silly audit   '@types/ms': [ '2.1.0' ],
306 silly audit   '@types/mysql': [ '2.15.22' ],
306 silly audit   '@types/node': [ '20.17.17', '22.19.7' ],
306 silly audit   '@types/pg': [ '8.6.1' ],
306 silly audit   '@types/pg-pool': [ '2.0.4' ],
306 silly audit   '@types/raf': [ '3.4.3' ],
306 silly audit   '@types/react': [ '19.2.7' ],
306 silly audit   '@types/react-dom': [ '19.2.3' ],
306 silly audit   '@types/request': [ '2.48.13' ],
306 silly audit   'form-data': [ '2.5.5', '4.0.5' ],
306 silly audit   '@types/resolve': [ '1.17.1' ],
306 silly audit   '@types/shimmer': [ '1.2.0' ],
306 silly audit   '@types/tedious': [ '4.0.14' ],
306 silly audit   '@types/tough-cookie': [ '4.0.5' ],
306 silly audit   '@types/triple-beam': [ '1.3.5' ],
306 silly audit   '@types/trusted-types': [ '2.0.7' ],
306 silly audit   '@types/yauzl': [ '2.10.3' ],
306 silly audit   '@yarnpkg/lockfile': [ '1.1.0' ],
306 silly audit   'abort-controller': [ '3.0.0' ],
306 silly audit   acorn: [ '8.15.0' ],
306 silly audit   'acorn-import-attributes': [ '1.9.5' ],
306 silly audit   'adm-zip': [ '0.5.16' ],
306 silly audit   'ajv-formats': [ '3.0.1', '2.1.1' ],
306 silly audit   'ajv-keywords': [ '3.5.2', '5.1.0' ],
306 silly audit   'ansi-color': [ '0.2.2' ],
306 silly audit   'any-promise': [ '1.3.0' ],
306 silly audit   anymatch: [ '3.1.3' ],
306 silly audit   arg: [ '5.0.2' ],
306 silly audit   argparse: [ '2.0.1' ],
306 silly audit   'aria-hidden': [ '1.2.4' ],
306 silly audit   'array-buffer-byte-length': [ '1.0.2' ],
306 silly audit   'array-flatten': [ '1.1.1' ],
306 silly audit   'array-union': [ '2.1.0', '1.0.2' ],
306 silly audit   'array-uniq': [ '1.0.3' ],
306 silly audit   'arraybuffer.prototype.slice': [ '1.0.4' ],
306 silly audit   arrify: [ '2.0.1' ],
306 silly audit   async: [ '3.2.6' ],
306 silly audit   'async-function': [ '1.0.0' ],
306 silly audit   'async-mutex': [ '0.5.0' ],
306 silly audit   'async-retry': [ '1.3.3' ],
306 silly audit   asynckit: [ '0.4.0' ],
306 silly audit   'at-least-node': [ '1.0.0' ],
306 silly audit   atob: [ '2.1.2' ],
306 silly audit   'available-typed-arrays': [ '1.0.7' ],
306 silly audit   axios: [ '1.13.3' ],
306 silly audit   'babel-loader': [ '8.4.1' ],
306 silly audit   'babel-plugin-polyfill-corejs2': [ '0.4.17' ],
306 silly audit   'babel-plugin-polyfill-corejs3': [ '0.14.2' ],
306 silly audit   'babel-plugin-polyfill-regenerator': [ '0.6.8' ],
306 silly audit   'balanced-match': [ '1.0.2' ],
306 silly audit   'base64-arraybuffer': [ '1.0.2' ],
306 silly audit   'base64-js': [ '1.5.1' ],
306 silly audit   'baseline-browser-mapping': [ '2.11.21' ],
306 silly audit   'big.js': [ '5.2.2' ],
306 silly audit   'bignumber.js': [ '9.1.2' ],
306 silly audit   'binary-extensions': [ '2.3.0' ],
306 silly audit   bl: [ '4.1.0' ],
306 silly audit   'brace-expansion': [ '2.0.1', '1.1.18', '1.1.11' ],
306 silly audit   braces: [ '3.0.3' ],
306 silly audit   browserslist: [ '4.28.9' ],
306 silly audit   btoa: [ '1.2.1' ],
306 silly audit   buffer: [ '5.7.1' ],
306 silly audit   'buffer-crc32': [ '0.2.13' ],
306 silly audit   'buffer-equal-constant-time': [ '1.0.1' ],
306 silly audit   'buffer-from': [ '1.1.2' ],
306 silly audit   bufrw: [ '1.4.0' ],
306 silly audit   'builtin-modules': [ '3.3.0' ],
306 silly audit   bytes: [ '3.1.2' ],
306 silly audit   'call-bind': [ '1.0.9' ],
306 silly audit   'call-bind-apply-helpers': [ '1.0.2' ],
306 silly audit   'call-bound': [ '1.0.4' ],
306 silly audit   'camelcase-css': [ '2.0.1' ],
306 silly audit   'caniuse-lite': [ '1.0.30001810' ],
306 silly audit   canvg: [ '3.0.11' ],
306 silly audit   chalk: [ '4.1.2' ],
306 silly audit   chardet: [ '2.1.1' ],
306 silly audit   chokidar: [ '3.6.0' ],
306 silly audit   'glob-parent': [ '5.1.2', '6.0.2' ],
306 silly audit   'ci-info': [ '3.9.0' ],
306 silly audit   'cjs-module-lexer': [ '1.4.3' ],
306 silly audit   'class-variance-authority': [ '0.7.1' ],
306 silly audit   'clean-webpack-plugin': [ '4.0.0' ],
306 silly audit   'cli-cursor': [ '3.1.0' ],
306 silly audit   'cli-spinners': [ '2.9.2' ],
306 silly audit   'cli-width': [ '4.1.0' ],
306 silly audit   'client-only': [ '0.0.1' ],
306 silly audit   cliui: [ '8.0.1' ],
306 silly audit   clone: [ '1.0.4' ],
306 silly audit   clsx: [ '2.1.1' ],
306 silly audit   color: [ '5.0.3' ],
306 silly audit   'color-convert': [ '2.0.1', '3.1.3' ],
306 silly audit   'color-name': [ '1.1.4', '2.1.0' ],
306 silly audit   'color-string': [ '2.1.4' ],
306 silly audit   colorette: [ '2.0.20' ],
306 silly audit   'combined-stream': [ '1.0.8' ],
306 silly audit   'common-tags': [ '1.8.2' ],
306 silly audit   commondir: [ '1.0.1' ],
306 silly audit   'concat-map': [ '0.0.1' ],
306 silly audit   configstore: [ '5.0.1' ],
306 silly audit   'dot-prop': [ '5.3.0', '6.0.1' ],
306 silly audit   'content-type': [ '1.0.5' ],
306 silly audit   'convert-source-map': [ '2.0.0' ],
306 silly audit   cookie: [ '0.7.1' ],
306 silly audit   'core-js': [ '3.50.0' ],
306 silly audit   'core-js-compat': [ '3.50.0' ],
306 silly audit   cors: [ '2.8.5' ],
306 silly audit   'cross-spawn': [ '7.0.6' ],
306 silly audit   'crypto-random-string': [ '2.0.0' ],
306 silly audit   'css-line-break': [ '2.1.0' ],
306 silly audit   cssesc: [ '3.0.0' ],
306 silly audit   csstype: [ '3.2.3' ],
306 silly audit   'd3-array': [ '3.2.4' ],
306 silly audit   'd3-color': [ '3.1.0' ],
306 silly audit   'd3-ease': [ '3.0.1' ],
306 silly audit   'd3-format': [ '3.1.0' ],
306 silly audit   'd3-interpolate': [ '3.0.1' ],
306 silly audit   'd3-path': [ '3.1.0' ],
306 silly audit   'd3-scale': [ '4.0.2' ],
306 silly audit   'd3-shape': [ '3.2.0' ],
306 silly audit   'd3-time': [ '3.1.0' ],
306 silly audit   'd3-time-format': [ '4.1.0' ],
306 silly audit   'd3-timer': [ '3.0.1' ],
306 silly audit   'data-uri-to-buffer': [ '4.0.1' ],
306 silly audit   'data-view-buffer': [ '1.0.2' ],
306 silly audit   'data-view-byte-length': [ '1.0.2' ],
306 silly audit   'data-view-byte-offset': [ '1.0.1' ],
306 silly audit   'date-fns': [ '3.6.0', '4.1.0' ],
306 silly audit   'date-fns-jalali': [ '4.1.0-0' ],
306 silly audit   'decimal.js-light': [ '2.5.1' ],
306 silly audit   deeks: [ '3.1.0' ],
306 silly audit   deepmerge: [ '4.3.1' ],
306 silly audit   defaults: [ '1.0.4' ],
306 silly audit   'define-data-property': [ '1.1.4' ],
306 silly audit   'define-properties': [ '1.2.1' ],
306 silly audit   del: [ '4.1.1' ],
306 silly audit   glob: [ '7.2.3', '10.4.5' ],
306 silly audit   globby: [ '6.1.0', '11.1.0' ],
306 silly audit   pify: [ '2.3.0', '4.0.1' ],
306 silly audit   minimatch: [ '3.1.5', '5.1.9', '9.0.5', '3.1.2' ],
306 silly audit   'delayed-stream': [ '1.0.0' ],
306 silly audit   depd: [ '2.0.0' ],
306 silly audit   destroy: [ '1.2.0' ],
306 silly audit   'detect-libc': [ '2.1.2' ],
306 silly audit   'detect-node-es': [ '1.1.0' ],
306 silly audit   didyoumean: [ '1.2.2' ],
306 silly audit   'dir-glob': [ '3.0.1' ],
306 silly audit   dlv: [ '1.1.3' ],
306 silly audit   'doc-path': [ '4.1.1' ],
306 silly audit   'dom-helpers': [ '5.2.1' ],
306 silly audit   dompurify: [ '2.5.9' ],
306 silly audit   dotenv: [ '16.5.0' ],
306 silly audit   dotprompt: [ '1.1.2' ],
306 silly audit   'dunder-proto': [ '1.0.1' ],
306 silly audit   duplexer: [ '0.1.2' ],
306 silly audit   duplexify: [ '4.1.3' ],
306 silly audit   eastasianwidth: [ '0.2.0' ],
306 silly audit   'ecdsa-sig-formatter': [ '1.0.11' ],
306 silly audit   'ee-first': [ '1.1.1' ],
306 silly audit   ejs: [ '3.1.10' ],
306 silly audit   'electron-to-chromium': [ '1.5.422' ],
306 silly audit   'embla-carousel': [ '8.6.0' ],
306 silly audit   'embla-carousel-react': [ '8.6.0' ],
306 silly audit   'embla-carousel-reactive-utils': [ '8.6.0' ],
306 silly audit   'emojis-list': [ '3.0.0' ],
306 silly audit   enabled: [ '2.0.0' ],
306 silly audit   encodeurl: [ '2.0.0', '1.0.2' ],
306 silly audit   'end-of-stream': [ '1.4.4' ],
306 silly audit   error: [ '7.0.2' ],
306 silly audit   'es-abstract': [ '1.24.2' ],
306 silly audit   'es-abstract-get': [ '1.0.0' ],
306 silly audit   'es-define-property': [ '1.0.1' ],
306 silly audit   'es-errors': [ '1.3.0' ],
306 silly audit   'es-object-atoms': [ '1.1.2' ],
306 silly audit   'es-set-tostringtag': [ '2.1.0' ],
306 silly audit   'es-to-primitive': [ '1.3.4' ],
306 silly audit   esbuild: [ '0.27.2' ],
306 silly audit   escalade: [ '3.2.0' ],
306 silly audit   'escape-html': [ '1.0.3' ],
306 silly audit   'estree-walker': [ '1.0.1' ],
306 silly audit   esutils: [ '2.0.3' ],
306 silly audit   etag: [ '1.8.1' ],
306 silly audit   'event-stream': [ '3.3.4' ],
306 silly audit   'event-target-shim': [ '5.0.1' ],
306 silly audit   eventemitter3: [ '4.0.7' ],
306 silly audit   eventid: [ '2.0.1' ],
306 silly audit   eventsource: [ '3.0.7' ],
306 silly audit   'eventsource-parser': [ '3.0.6' ],
306 silly audit   'express-rate-limit': [ '7.5.1' ],
306 silly audit   extend: [ '3.0.2' ],
306 silly audit   'extract-zip': [ '2.0.1' ],
306 silly audit   'farmhash-modern': [ '1.1.0' ],
306 silly audit   'fast-deep-equal': [ '3.1.3' ],
306 silly audit   'fast-equals': [ '5.3.3' ],
306 silly audit   'fast-glob': [ '3.3.3' ],
306 silly audit   'fast-json-stable-stringify': [ '2.1.0' ],
306 silly audit   'fast-xml-parser': [ '4.5.3' ],
306 silly audit   fastq: [ '1.19.0' ],
306 silly audit   'faye-websocket': [ '0.11.4' ],
306 silly audit   'fd-slicer': [ '1.1.0' ],
306 silly audit   fecha: [ '4.2.3' ],
306 silly audit   'fetch-blob': [ '3.2.0' ],
306 silly audit   fflate: [ '0.8.3' ],
306 silly audit   filelist: [ '1.0.6' ],
306 silly audit   'fill-range': [ '7.1.1' ],
306 silly audit   'find-cache-dir': [ '3.3.2' ],
306 silly audit   'find-up': [ '4.1.0' ],
306 silly audit   'find-yarn-workspace-root': [ '2.0.0' ],
306 silly audit   firebase: [ '11.9.1' ],
306 silly audit   'firebase-admin': [ '12.7.0' ],
306 silly audit   'undici-types': [ '6.21.0', '6.19.8' ],
306 silly audit   'fn.name': [ '1.1.0' ],
306 silly audit   'follow-redirects': [ '1.15.11' ],
306 silly audit   'for-each': [ '0.3.5' ],
306 silly audit   'foreground-child': [ '3.3.0' ],
306 silly audit   'formdata-polyfill': [ '4.0.10' ],
306 silly audit   forwarded: [ '0.2.0' ],
306 silly audit   from: [ '0.1.7' ],
306 silly audit   'fs-extra': [ '9.1.0' ],
306 silly audit   'fs.realpath': [ '1.0.0' ],
306 silly audit   fsevents: [ '2.3.3' ],
306 silly audit   'function-bind': [ '1.1.2' ],
306 silly audit   'function.prototype.name': [ '1.2.0' ],
306 silly audit   'functional-red-black-tree': [ '1.0.1' ],
306 silly audit   'functions-have-names': [ '1.2.3' ],
306 silly audit   'node-fetch': [ '2.7.0', '3.3.2' ],
306 silly audit   'generator-function': [ '2.0.1' ],
306 silly audit   genkit: [ '1.28.0' ],
306 silly audit   'genkit-cli': [ '1.28.0' ],
306 silly audit   gensync: [ '1.0.0-beta.2' ],
306 silly audit   'get-caller-file': [ '2.0.5' ],
306 silly audit   'get-intrinsic': [ '1.3.0' ],
306 silly audit   'get-nonce': [ '1.0.1' ],
306 silly audit   'get-own-enumerable-property-symbols': [ '3.0.2' ],
306 silly audit   'get-port': [ '5.1.1' ],
306 silly audit   'get-proto': [ '1.0.1' ],
306 silly audit   'get-stream': [ '5.2.0' ],
306 silly audit   'get-symbol-description': [ '1.1.0' ],
306 silly audit   'get-tsconfig': [ '4.13.0' ],
306 silly audit   globalthis: [ '1.0.4' ],
306 silly audit   slash: [ '3.0.0', '2.0.0' ],
306 silly audit   googleapis: [ '137.1.0' ],
306 silly audit   'googleapis-common': [ '7.2.0' ],
306 silly audit   gopd: [ '1.2.0' ],
306 silly audit   'graceful-fs': [ '4.2.11' ],
306 silly audit   handlebars: [ '4.7.8' ],
306 silly audit   'has-bigints': [ '1.1.0' ],
306 silly audit   'has-flag': [ '4.0.0' ],
306 silly audit   'has-property-descriptors': [ '1.0.2' ],
306 silly audit   'has-proto': [ '1.2.0' ],
306 silly audit   'has-symbols': [ '1.1.0' ],
306 silly audit   'has-tostringtag': [ '1.0.2' ],
306 silly audit   hasown: [ '2.0.4' ],
306 silly audit   hexer: [ '1.5.0' ],
306 silly audit   'html-entities': [ '2.6.0' ],
306 silly audit   html2canvas: [ '1.4.1' ],
306 silly audit   'http-errors': [ '2.0.0' ],
306 silly audit   'http-parser-js': [ '0.5.10' ],
306 silly audit   'http-proxy-agent': [ '5.0.0' ],
306 silly audit   idb: [ '7.1.1' ],
306 silly audit   ieee754: [ '1.2.1' ],
306 silly audit   ignore: [ '5.3.2' ],
306 silly audit   'import-in-the-middle': [ '1.15.0' ],
306 silly audit   imurmurhash: [ '0.1.4' ],
306 silly audit   inflight: [ '1.0.6' ],
306 silly audit   inherits: [ '2.0.4' ],
306 silly audit   'internal-slot': [ '1.1.0' ],
306 silly audit   internmap: [ '2.0.3' ],
306 silly audit   'ipaddr.js': [ '1.9.1' ],
306 silly audit   'is-array-buffer': [ '3.0.5' ],
306 silly audit   'is-async-function': [ '2.1.1' ],
306 silly audit   'is-bigint': [ '1.1.0' ],
306 silly audit   'is-binary-path': [ '2.1.0' ],
306 silly audit   'is-boolean-object': [ '1.2.2' ],
306 silly audit   'is-callable': [ '1.2.7' ],
306 silly audit   'is-core-module': [ '2.16.1' ],
306 silly audit   'is-data-view': [ '1.0.2' ],
306 silly audit   'is-date-object': [ '1.1.0' ],
306 silly audit   'is-docker': [ '2.2.1' ],
306 silly audit   'is-document.all': [ '1.0.0' ],
306 silly audit   'is-extglob': [ '2.1.1' ],
306 silly audit   'is-finalizationregistry': [ '1.1.1' ],
306 silly audit   'is-fullwidth-code-point': [ '3.0.0' ],
306 silly audit   'is-generator-function': [ '1.1.2' ],
306 silly audit   'is-glob': [ '4.0.3' ],
306 silly audit   'is-interactive': [ '1.0.0' ],
306 silly audit   'is-map': [ '2.0.3' ],
306 silly audit   'is-module': [ '1.0.0' ],
306 silly audit   'is-negative-zero': [ '2.0.3' ],
306 silly audit   'is-number': [ '7.0.0' ],
306 silly audit   'is-number-object': [ '1.1.1' ],
306 silly audit   'is-obj': [ '2.0.0', '1.0.1' ],
306 silly audit   'is-path-cwd': [ '2.2.0' ],
306 silly audit   'is-path-in-cwd': [ '2.1.0' ],
306 silly audit   'is-path-inside': [ '2.1.0' ],
306 silly audit   'is-promise': [ '4.0.0' ],
306 silly audit   'is-regex': [ '1.2.1' ],
306 silly audit   'is-regexp': [ '1.0.0' ],
306 silly audit   'is-set': [ '2.0.3' ],
306 silly audit   'is-shared-array-buffer': [ '1.0.4' ],
306 silly audit   'is-stream': [ '2.0.1' ],
306 silly audit   'is-string': [ '1.1.1' ],
306 silly audit   'is-symbol': [ '1.1.1' ],
306 silly audit   'is-typed-array': [ '1.1.15' ],
306 silly audit   'is-typedarray': [ '1.0.0' ],
306 silly audit   'is-unicode-supported': [ '0.1.0' ],
306 silly audit   'is-weakmap': [ '2.0.2' ],
306 silly audit   'is-weakref': [ '1.1.1' ],
306 silly audit   'is-weakset': [ '2.0.4' ],
306 silly audit   'is-wsl': [ '1.1.0', '2.2.0' ],
306 silly audit   isarray: [ '2.0.5' ],
306 silly audit   isexe: [ '2.0.0' ],
306 silly audit   jackspeak: [ '3.4.3' ],
306 silly audit   'jaeger-client': [ '3.19.0' ],
306 silly audit   jake: [ '10.9.4' ],
306 silly audit   'jest-worker': [ '27.5.1', '26.6.2' ],
306 silly audit   'supports-color': [ '8.1.1', '7.2.0' ],
306 silly audit   jiti: [ '1.21.7' ],
306 silly audit   jose: [ '4.15.9' ],
306 silly audit   'js-tokens': [ '4.0.0' ],
306 silly audit   'js-yaml': [ '4.1.1' ],
306 silly audit   jsep: [ '1.4.0' ],
306 silly audit   jsesc: [ '3.1.0' ],
306 silly audit   'json-2-csv': [ '5.5.10' ],
306 silly audit   'json-bigint': [ '1.0.0' ],
306 silly audit   'json-schema': [ '0.4.0' ],
306 silly audit   'json-stable-stringify': [ '1.2.1' ],
306 silly audit   json5: [ '2.2.3' ],
306 silly audit   jsonfile: [ '6.1.0' ],
306 silly audit   jsonify: [ '0.0.1' ],
306 silly audit   'jsonpath-plus': [ '10.3.0' ],
306 silly audit   jsonwebtoken: [ '9.0.3' ],
306 silly audit   jspdf: [ '2.5.2' ],
306 silly audit   jwa: [ '2.0.1' ],
306 silly audit   'jwks-rsa': [ '3.2.2' ],
306 silly audit   jws: [ '4.0.1' ],
306 silly audit   'klaw-sync': [ '6.0.0' ],
306 silly audit   kuler: [ '2.0.0' ],
306 silly audit   leaflet: [ '1.9.4' ],
306 silly audit   lilconfig: [ '3.1.3' ],
306 silly audit   limiter: [ '1.1.5' ],
306 silly audit   'lines-and-columns': [ '1.2.4' ],
306 silly audit   'loader-utils': [ '2.0.4' ],
306 silly audit   'locate-path': [ '5.0.0' ],
306 silly audit   lockfile: [ '1.0.4' ],
306 silly audit   'signal-exit': [ '3.0.7', '4.1.0' ],
306 silly audit   lodash: [ '4.17.21' ],
306 silly audit   'lodash.camelcase': [ '4.3.0' ],
306 silly audit   'lodash.clonedeep': [ '4.5.0' ],
306 silly audit   'lodash.debounce': [ '4.0.8' ],
306 silly audit   'lodash.includes': [ '4.3.0' ],
306 silly audit   'lodash.isboolean': [ '3.0.3' ],
306 silly audit   'lodash.isinteger': [ '4.0.4' ],
306 silly audit   'lodash.isnumber': [ '3.0.3' ],
306 silly audit   'lodash.isplainobject': [ '4.0.6' ],
306 silly audit   'lodash.isstring': [ '4.0.1' ],
306 silly audit   'lodash.mapvalues': [ '4.6.0' ],
306 silly audit   'lodash.merge': [ '4.6.2' ],
306 silly audit   'lodash.once': [ '4.1.1' ],
306 silly audit   'log-symbols': [ '4.1.0' ],
306 silly audit   logform: [ '2.7.0' ],
306 silly audit   long: [ '5.3.0', '2.4.0' ],
306 silly audit   'loose-envify': [ '1.4.0' ],
306 silly audit   'lru-memoizer': [ '2.3.0' ],
306 silly audit   'lucide-react': [ '0.475.0' ],
306 silly audit   'magic-string': [ '0.25.9' ],
306 silly audit   'make-dir': [ '3.1.0' ],
306 silly audit   'map-stream': [ '0.1.0' ],
306 silly audit   'math-intrinsics': [ '1.1.0' ],
306 silly audit   'merge-stream': [ '2.0.0' ],
306 silly audit   merge2: [ '1.4.1' ],
306 silly audit   methods: [ '1.1.2' ],
306 silly audit   micromatch: [ '4.0.8' ],
306 silly audit   mime: [ '3.0.0', '1.6.0' ],
306 silly audit   'mimic-fn': [ '2.1.0' ],
306 silly audit   minimist: [ '1.2.8' ],
306 silly audit   minipass: [ '7.1.2' ],
306 silly audit   'module-details-from-path': [ '1.0.4' ],
306 silly audit   'mute-stream': [ '2.0.0' ],
306 silly audit   mz: [ '2.7.0' ],
306 silly audit   nanoid: [ '3.3.8' ],
306 silly audit   'neo-async': [ '2.6.2' ],
306 silly audit   next: [ '15.5.9' ],
306 silly audit   'next-pwa': [ '5.6.0' ],
306 silly audit   postcss: [ '8.4.31', '8.5.2' ],
306 silly audit   'node-domexception': [ '1.0.0' ],
306 silly audit   'node-forge': [ '1.3.3' ],
306 silly audit   'node-int64': [ '0.4.0' ],
306 silly audit   'node-releases': [ '2.0.54' ],
306 silly audit   'normalize-path': [ '3.0.0' ],
306 silly audit   'object-assign': [ '4.1.1' ],
306 silly audit   'object-hash': [ '3.0.0' ],
306 silly audit   'object-inspect': [ '1.13.4' ],
306 silly audit   'object-keys': [ '1.1.1' ],
306 silly audit   'object.assign': [ '4.1.7' ],
306 silly audit   'on-finished': [ '2.4.1' ],
306 silly audit   once: [ '1.4.0' ],
306 silly audit   'one-time': [ '1.0.0' ],
306 silly audit   onetime: [ '5.1.2' ],
306 silly audit   open: [ '6.4.0', '7.4.2' ],
306 silly audit   'openapi3-ts': [ '4.5.0' ],
306 silly audit   opentracing: [ '0.14.7' ],
306 silly audit   ora: [ '5.4.1' ],
306 silly audit   'os-tmpdir': [ '1.0.2' ],
306 silly audit   'own-keys': [ '1.0.2' ],
306 silly audit   'p-limit': [ '3.1.0', '2.3.0' ],
306 silly audit   'p-locate': [ '4.1.0' ],
306 silly audit   'p-map': [ '2.1.0' ],
306 silly audit   'p-try': [ '2.2.0' ],
306 silly audit   'package-json-from-dist': [ '1.0.1' ],
306 silly audit   parseurl: [ '1.3.3' ],
306 silly audit   'partial-json': [ '0.1.7' ],
306 silly audit   'patch-package': [ '8.0.0' ],
306 silly audit   'path-exists': [ '4.0.0' ],
306 silly audit   'path-is-absolute': [ '1.0.1' ],
306 silly audit   'path-is-inside': [ '1.0.2' ],
306 silly audit   'path-key': [ '3.1.1' ],
306 silly audit   'path-parse': [ '1.0.7' ],
306 silly audit   'path-scurry': [ '1.11.1' ],
306 silly audit   'path-to-regexp': [ '0.1.12', '8.3.0' ],
306 silly audit   'path-type': [ '4.0.0' ],
306 silly audit   'pause-stream': [ '0.0.11' ],
306 silly audit   pend: [ '1.2.0' ],
306 silly audit   'performance-now': [ '2.1.0' ],
306 silly audit   'pg-int8': [ '1.0.1' ],
306 silly audit   'pg-protocol': [ '1.11.0' ],
306 silly audit   'pg-types': [ '2.2.0' ],
306 silly audit   picocolors: [ '1.1.1' ],
306 silly audit   picomatch: [ '2.3.1' ],
306 silly audit   pinkie: [ '2.0.4' ],
306 silly audit   'pinkie-promise': [ '2.0.1' ],
306 silly audit   pirates: [ '4.0.6' ],
306 silly audit   'pkce-challenge': [ '5.0.0' ],
306 silly audit   'pkg-dir': [ '4.2.0' ],
306 silly audit   'possible-typed-array-names': [ '1.1.0' ],
306 silly audit   'postcss-import': [ '15.1.0' ],
306 silly audit   'postcss-js': [ '4.0.1' ],
306 silly audit   'postcss-load-config': [ '4.0.2' ],
306 silly audit   'postcss-nested': [ '6.2.0' ],
306 silly audit   'postcss-selector-parser': [ '6.1.2' ],
306 silly audit   'postcss-value-parser': [ '4.2.0' ],
306 silly audit   'postgres-array': [ '2.0.0' ],
306 silly audit   'postgres-bytea': [ '1.0.1' ],
306 silly audit   'postgres-date': [ '1.0.7' ],
306 silly audit   'postgres-interval': [ '1.2.0' ],
306 silly audit   'pretty-bytes': [ '5.6.0' ],
306 silly audit   process: [ '0.10.1' ],
306 silly audit   'prop-types': [ '15.8.1' ],
306 silly audit   'react-is': [ '16.13.1', '18.3.1' ],
306 silly audit   protobufjs: [ '7.5.4' ],
306 silly audit   'proxy-addr': [ '2.0.7' ],
306 silly audit   'proxy-from-env': [ '1.1.0' ],
306 silly audit   'ps-tree': [ '1.2.0' ],
306 silly audit   pump: [ '3.0.2' ],
306 silly audit   pumpify: [ '2.0.1' ],
306 silly audit   punycode: [ '2.3.1' ],
306 silly audit   'queue-microtask': [ '1.2.3' ],
306 silly audit   raf: [ '3.4.1' ],
306 silly audit   randombytes: [ '2.1.0' ],
306 silly audit   'range-parser': [ '1.2.1' ],
306 silly audit   razorpay: [ '2.9.6' ],
306 silly audit   react: [ '19.2.1' ],
306 silly audit   'react-day-picker': [ '9.11.3' ],
306 silly audit   'react-dom': [ '19.2.1' ],
306 silly audit   'react-hook-form': [ '7.54.2' ],
306 silly audit   'react-leaflet': [ '5.0.0' ],
306 silly audit   'react-remove-scroll': [ '2.6.3' ],
306 silly audit   'react-remove-scroll-bar': [ '2.3.8' ],
306 silly audit   'react-smooth': [ '4.0.4' ],
306 silly audit   'react-style-singleton': [ '2.2.3' ],
306 silly audit   'react-transition-group': [ '4.4.5' ],
306 silly audit   'read-cache': [ '1.0.0' ],
306 silly audit   'readable-stream': [ '3.6.2' ],
306 silly audit   readdirp: [ '3.6.0' ],
306 silly audit   recharts: [ '2.15.1' ],
306 silly audit   'recharts-scale': [ '0.4.5' ],
306 silly audit   'reflect.getprototypeof': [ '1.0.10' ],
306 silly audit   regenerate: [ '1.4.2' ],
306 silly audit   'regenerate-unicode-properties': [ '10.2.2' ],
306 silly audit   'regenerator-runtime': [ '0.13.11' ],
306 silly audit   'regexp.prototype.flags': [ '1.5.4' ],
306 silly audit   'regexpu-core': [ '6.4.0' ],
306 silly audit   regjsgen: [ '0.8.0' ],
306 silly audit   regjsparser: [ '0.13.2' ],
306 silly audit   'require-directory': [ '2.1.1' ],
306 silly audit   'require-in-the-middle': [ '7.5.2' ],
306 silly audit   resolve: [ '1.22.12' ],
306 silly audit   'resolve-pkg-maps': [ '1.0.0' ],
306 silly audit   'restore-cursor': [ '3.1.0' ],
306 silly audit   retry: [ '0.13.1' ],
306 silly audit   reusify: [ '1.0.4' ],
306 silly audit   rgbcolor: [ '1.0.1' ],
306 silly audit   rollup: [ '2.80.0' ],
306 silly audit   'rollup-plugin-terser': [ '7.0.2' ],
306 silly audit   router: [ '2.2.0' ],
306 silly audit   'run-parallel': [ '1.2.0' ],
306 silly audit   'safe-array-concat': [ '1.1.4' ],
306 silly audit   'safe-buffer': [ '5.2.1' ],
306 silly audit   'safe-push-apply': [ '1.0.0' ],
306 silly audit   'safe-regex-test': [ '1.1.0' ],
306 silly audit   'safe-stable-stringify': [ '2.5.0' ],
306 silly audit   'safer-buffer': [ '2.1.2' ],
306 silly audit   scheduler: [ '0.27.0' ],
306 silly audit   'schema-utils': [ '2.7.1', '4.3.3', '4.5.0' ],
306 silly audit   'serialize-javascript': [ '4.0.0' ],
306 silly audit   'set-function-length': [ '1.2.2' ],
306 silly audit   'set-function-name': [ '2.0.2' ],
306 silly audit   'set-proto': [ '1.0.0' ],
306 silly audit   setprototypeof: [ '1.2.0' ],
306 silly audit   sharp: [ '0.34.5' ],
306 silly audit   'shebang-command': [ '2.0.0' ],
306 silly audit   'shebang-regex': [ '3.0.0' ],
306 silly audit   shimmer: [ '1.2.1' ],
306 silly audit   'side-channel': [ '1.1.1' ],
306 silly audit   'side-channel-list': [ '1.0.1' ],
306 silly audit   'side-channel-map': [ '1.0.1' ],
306 silly audit   'side-channel-weakmap': [ '1.0.2' ],
306 silly audit   'source-list-map': [ '2.0.1' ],
306 silly audit   'source-map': [ '0.6.1', '0.8.0' ],
306 silly audit   'source-map-js': [ '1.2.1' ],
306 silly audit   'source-map-support': [ '0.5.21' ],
306 silly audit   'sourcemap-codec': [ '1.4.8' ],
306 silly audit   split: [ '0.3.3' ],
306 silly audit   'stack-trace': [ '0.0.10' ],
306 silly audit   'stackblur-canvas': [ '2.7.0' ],
306 silly audit   statuses: [ '2.0.1' ],
306 silly audit   'stop-iteration-iterator': [ '1.1.0' ],
306 silly audit   'stream-combiner': [ '0.0.4' ],
306 silly audit   'stream-events': [ '1.0.5' ],
306 silly audit   'stream-shift': [ '1.0.3' ],
306 silly audit   string_decoder: [ '1.3.0' ],
306 silly audit   'string-template': [ '0.2.1' ],
306 silly audit   'string.prototype.matchall': [ '4.1.0' ],
306 silly audit   'string.prototype.trim': [ '1.2.11' ],
306 silly audit   'string.prototype.trimend': [ '1.0.10' ],
306 silly audit   'string.prototype.trimstart': [ '1.0.8' ],
306 silly audit   'stringify-object': [ '3.3.0' ],
306 silly audit   'strip-comments': [ '2.0.1' ],
306 silly audit   strnum: [ '1.1.2' ],
306 silly audit   stubs: [ '3.0.0' ],
306 silly audit   'styled-jsx': [ '5.1.6' ],
306 silly audit   sucrase: [ '3.35.0' ],
306 silly audit   'supports-preserve-symlinks-flag': [ '1.0.0' ],
306 silly audit   'svg-pathdata': [ '6.0.3' ],
306 silly audit   'tailwind-merge': [ '3.0.1' ],
306 silly audit   tailwindcss: [ '3.4.17' ],
306 silly audit   'tailwindcss-animate': [ '1.0.7' ],
306 silly audit   'temp-dir': [ '2.0.0' ],
306 silly audit   tempy: [ '0.6.0' ],
306 silly audit   terminate: [ '2.8.0' ],
306 silly audit   terser: [ '5.51.2' ],
306 silly audit   'terser-webpack-plugin': [ '5.6.1' ],
306 silly audit   'text-hex': [ '1.0.0' ],
306 silly audit   'text-segmentation': [ '1.0.3' ],
306 silly audit   thenify: [ '3.3.1' ],
306 silly audit   'thenify-all': [ '1.6.0' ],
306 silly audit   thriftrw: [ '3.11.4' ],
306 silly audit   through: [ '2.3.8' ],
306 silly audit   'tiny-invariant': [ '1.3.3' ],
306 silly audit   tmp: [ '0.0.33' ],
306 silly audit   'to-regex-range': [ '5.0.1' ],
306 silly audit   toidentifier: [ '1.0.1' ],
306 silly audit   tr46: [ '0.0.3' ],
306 silly audit   'triple-beam': [ '1.4.1' ],
306 silly audit   'ts-interface-checker': [ '0.1.13' ],
306 silly audit   tslib: [ '2.8.1' ],
306 silly audit   tsx: [ '4.21.0' ],
306 silly audit   'type-fest': [ '0.16.0' ],
306 silly audit   'typed-array-buffer': [ '1.0.3' ],
306 silly audit   'typed-array-byte-length': [ '1.0.3' ],
306 silly audit   'typed-array-byte-offset': [ '1.0.4' ],
306 silly audit   'typed-array-length': [ '1.0.8' ],
306 silly audit   'typedarray-to-buffer': [ '3.1.5' ],
306 silly audit   typescript: [ '5.7.3' ],
306 silly audit   'uglify-js': [ '3.19.3' ],
306 silly audit   'unbox-primitive': [ '1.1.0' ],
306 silly audit   'unicode-canonical-property-names-ecmascript': [ '2.0.1' ],
306 silly audit   'unicode-match-property-ecmascript': [ '2.0.0' ],
306 silly audit   'unicode-match-property-value-ecmascript': [ '2.2.1' ],
306 silly audit   'unicode-property-aliases-ecmascript': [ '2.2.0' ],
306 silly audit   'unique-string': [ '2.0.0' ],
306 silly audit   universalify: [ '2.0.1' ],
306 silly audit   unpipe: [ '1.0.0' ],
306 silly audit   upath: [ '1.2.0' ],
306 silly audit   'update-browserslist-db': [ '1.3.2' ],
306 silly audit   'uri-js': [ '4.4.1' ],
306 silly audit   'uri-templates': [ '0.2.0' ],
306 silly audit   'url-template': [ '2.0.8' ],
306 silly audit   'use-callback-ref': [ '1.3.3' ],
306 silly audit   'use-sidecar': [ '1.1.3' ],
306 silly audit   'util-deprecate': [ '1.0.2' ],
306 silly audit   'utils-merge': [ '1.0.1' ],
306 silly audit   utrie: [ '1.0.2' ],
306 silly audit   vary: [ '1.1.2' ],
306 silly audit   'victory-vendor': [ '36.9.2' ],
306 silly audit   wcwidth: [ '1.0.1' ],
306 silly audit   'web-streams-polyfill': [ '3.3.3' ],
306 silly audit   'web-vitals': [ '4.2.4' ],
306 silly audit   'webidl-conversions': [ '3.0.1' ],
306 silly audit   'webpack-sources': [ '1.4.3', '3.5.3' ],
306 silly audit   'websocket-driver': [ '0.7.4' ],
306 silly audit   'websocket-extensions': [ '0.1.4' ],
306 silly audit   'whatwg-url': [ '5.0.0' ],
306 silly audit   which: [ '2.0.2' ],
306 silly audit   'which-boxed-primitive': [ '1.1.1' ],
306 silly audit   'which-builtin-type': [ '1.2.1' ],
306 silly audit   'which-collection': [ '1.0.2' ],
306 silly audit   'which-typed-array': [ '1.1.22' ],
306 silly audit   winston: [ '3.19.0' ],
306 silly audit   'winston-transport': [ '4.9.0' ],
306 silly audit   wordwrap: [ '1.0.0' ],
306 silly audit   'workbox-background-sync': [ '6.6.0' ],
306 silly audit   'workbox-broadcast-update': [ '6.6.0' ],
306 silly audit   'workbox-build': [ '6.6.0' ],
306 silly audit   'workbox-cacheable-response': [ '6.6.0' ],
306 silly audit   'workbox-core': [ '6.6.0' ],
306 silly audit   'workbox-expiration': [ '6.6.0' ],
306 silly audit   'workbox-google-analytics': [ '6.6.0' ],
306 silly audit   'workbox-navigation-preload': [ '6.6.0' ],
306 silly audit   'workbox-precaching': [ '6.6.0' ],
306 silly audit   'workbox-range-requests': [ '6.6.0' ],
306 silly audit   'workbox-recipes': [ '6.6.0' ],
306 silly audit   'workbox-routing': [ '6.6.0' ],
306 silly audit   'workbox-strategies': [ '6.6.0' ],
306 silly audit   'workbox-streams': [ '6.6.0' ],
306 silly audit   'workbox-sw': [ '6.6.0' ],
306 silly audit   'workbox-webpack-plugin': [ '6.6.0' ],
306 silly audit   'workbox-window': [ '6.6.0' ],
306 silly audit   wrappy: [ '1.0.2' ],
306 silly audit   'write-file-atomic': [ '3.0.3' ],
306 silly audit   'xdg-basedir': [ '4.0.0' ],
306 silly audit   xorshift: [ '1.2.0' ],
306 silly audit   xtend: [ '4.0.2' ],
306 silly audit   y18n: [ '5.0.8' ],
306 silly audit   yaml: [ '2.8.0' ],
306 silly audit   yargs: [ '17.7.2' ],
306 silly audit   'yargs-parser': [ '21.1.1' ],
306 silly audit   yauzl: [ '2.10.0' ],
306 silly audit   'yocto-queue': [ '0.1.0' ],
306 silly audit   'yoctocolors-cjs': [ '2.1.3' ],
306 silly audit   zod: [ '3.24.2' ],
306 silly audit   'zod-to-json-schema': [ '3.24.6' ],
306 silly audit   '@dnd-kit/core': [ '6.3.1' ],
306 silly audit   '@dnd-kit/sortable': [ '10.0.0' ],
306 silly audit   '@dnd-kit/utilities': [ '3.2.2' ],
306 silly audit   '@dnd-kit/accessibility': [ '3.1.1' ],
306 silly audit   'json-schema-traverse': [ '0.4.1', '1.0.0' ],
306 silly audit   webpack: [ '5.111.1' ],
306 silly audit   '@webassemblyjs/ast': [ '1.14.1' ],
306 silly audit   '@webassemblyjs/wasm-edit': [ '1.14.1' ],
306 silly audit   '@webassemblyjs/wasm-parser': [ '1.14.1' ],
306 silly audit   'chrome-trace-event': [ '1.0.4' ],
306 silly audit   'enhanced-resolve': [ '5.25.1' ],
306 silly audit   'es-module-lexer': [ '2.3.2' ],
306 silly audit   events: [ '3.3.0' ],
306 silly audit   'minimizer-webpack-plugin': [ '5.12.0' ],
306 silly audit   tapable: [ '2.3.3' ],
306 silly audit   watchpack: [ '2.5.2' ],
306 silly audit   '@webassemblyjs/helper-numbers': [ '1.13.2' ],
306 silly audit   '@webassemblyjs/helper-wasm-bytecode': [ '1.13.2' ],
306 silly audit   '@webassemblyjs/floating-point-hex-parser': [ '1.13.2' ],
306 silly audit   '@webassemblyjs/helper-api-error': [ '1.13.2' ],
306 silly audit   '@xtuc/long': [ '4.2.2' ],
306 silly audit   '@webassemblyjs/helper-buffer': [ '1.14.1' ],
306 silly audit   '@webassemblyjs/helper-wasm-section': [ '1.14.1' ],
306 silly audit   '@webassemblyjs/wasm-gen': [ '1.14.1' ],
306 silly audit   '@webassemblyjs/wasm-opt': [ '1.14.1' ],
306 silly audit   '@webassemblyjs/wast-printer': [ '1.14.1' ],
306 silly audit   '@webassemblyjs/ieee754': [ '1.13.2' ],
306 silly audit   '@webassemblyjs/leb128': [ '1.13.2' ],
306 silly audit   '@webassemblyjs/utf8': [ '1.13.2' ],
306 silly audit   '@xtuc/ieee754': [ '1.2.0' ],
306 silly audit   '@apideck/better-ajv-errors': [ '0.3.7' ],
306 silly audit   'fast-uri': [ '3.1.8' ],
306 silly audit   'require-from-string': [ '2.0.2' ],
306 silly audit   jsonpointer: [ '5.0.1' ],
306 silly audit   leven: [ '3.1.0' ]
306 silly audit }
307 http cache @xtuc/ieee754@https://registry.npmjs.org/@xtuc/ieee754/-/ieee754-1.2.0.tgz 0ms (cache hit)
308 http cache @webassemblyjs/leb128@https://registry.npmjs.org/@webassemblyjs/leb128/-/leb128-1.13.2.tgz 0ms (cache hit)
309 http cache @webassemblyjs/ieee754@https://registry.npmjs.org/@webassemblyjs/ieee754/-/ieee754-1.13.2.tgz 0ms (cache hit)
310 http cache @webassemblyjs/utf8@https://registry.npmjs.org/@webassemblyjs/utf8/-/utf8-1.13.2.tgz 0ms (cache hit)
311 http cache @webassemblyjs/wasm-opt@https://registry.npmjs.org/@webassemblyjs/wasm-opt/-/wasm-opt-1.14.1.tgz 0ms (cache hit)
312 http cache @webassemblyjs/wast-printer@https://registry.npmjs.org/@webassemblyjs/wast-printer/-/wast-printer-1.14.1.tgz 0ms (cache hit)
313 http cache @xtuc/long@https://registry.npmjs.org/@xtuc/long/-/long-4.2.2.tgz 1ms (cache hit)
314 http cache @webassemblyjs/wasm-gen@https://registry.npmjs.org/@webassemblyjs/wasm-gen/-/wasm-gen-1.14.1.tgz 0ms (cache hit)
315 http cache @webassemblyjs/helper-wasm-section@https://registry.npmjs.org/@webassemblyjs/helper-wasm-section/-/helper-wasm-section-1.14.1.tgz 0ms (cache hit)
316 http cache @webassemblyjs/helper-api-error@https://registry.npmjs.org/@webassemblyjs/helper-api-error/-/helper-api-error-1.13.2.tgz 0ms (cache hit)
317 http cache @webassemblyjs/helper-numbers@https://registry.npmjs.org/@webassemblyjs/helper-numbers/-/helper-numbers-1.13.2.tgz 0ms (cache hit)
318 http cache @webassemblyjs/helper-buffer@https://registry.npmjs.org/@webassemblyjs/helper-buffer/-/helper-buffer-1.14.1.tgz 0ms (cache hit)
319 http cache @webassemblyjs/floating-point-hex-parser@https://registry.npmjs.org/@webassemblyjs/floating-point-hex-parser/-/floating-point-hex-parser-1.13.2.tgz 0ms (cache hit)
320 http cache watchpack@https://registry.npmjs.org/watchpack/-/watchpack-2.5.2.tgz 0ms (cache hit)
321 http cache @webassemblyjs/helper-wasm-bytecode@https://registry.npmjs.org/@webassemblyjs/helper-wasm-bytecode/-/helper-wasm-bytecode-1.13.2.tgz 1ms (cache hit)
322 http cache events@https://registry.npmjs.org/events/-/events-3.3.0.tgz 0ms (cache hit)
323 http cache minimizer-webpack-plugin@https://registry.npmjs.org/minimizer-webpack-plugin/-/minimizer-webpack-plugin-5.12.0.tgz 0ms (cache hit)
324 http cache tapable@https://registry.npmjs.org/tapable/-/tapable-2.3.3.tgz 0ms (cache hit)
325 http cache @webassemblyjs/wasm-parser@https://registry.npmjs.org/@webassemblyjs/wasm-parser/-/wasm-parser-1.14.1.tgz 0ms (cache hit)
326 http cache es-module-lexer@https://registry.npmjs.org/es-module-lexer/-/es-module-lexer-2.3.2.tgz 0ms (cache hit)
327 http cache enhanced-resolve@https://registry.npmjs.org/enhanced-resolve/-/enhanced-resolve-5.25.1.tgz 0ms (cache hit)
328 http cache @webassemblyjs/wasm-edit@https://registry.npmjs.org/@webassemblyjs/wasm-edit/-/wasm-edit-1.14.1.tgz 0ms (cache hit)
329 http cache webpack@https://registry.npmjs.org/webpack/-/webpack-5.111.1.tgz 0ms (cache hit)
330 http cache @webassemblyjs/ast@https://registry.npmjs.org/@webassemblyjs/ast/-/ast-1.14.1.tgz 0ms (cache hit)
331 http cache chrome-trace-event@https://registry.npmjs.org/chrome-trace-event/-/chrome-trace-event-1.0.4.tgz 0ms (cache hit)
332 http cache @dnd-kit/accessibility@https://registry.npmjs.org/@dnd-kit/accessibility/-/accessibility-3.1.1.tgz 0ms (cache hit)
333 http cache json-schema-traverse@https://registry.npmjs.org/json-schema-traverse/-/json-schema-traverse-0.4.1.tgz 0ms (cache hit)
334 http cache @dnd-kit/sortable@https://registry.npmjs.org/@dnd-kit/sortable/-/sortable-10.0.0.tgz 0ms (cache hit)
335 http cache @dnd-kit/core@https://registry.npmjs.org/@dnd-kit/core/-/core-6.3.1.tgz 0ms (cache hit)
336 http cache fast-uri@https://registry.npmjs.org/fast-uri/-/fast-uri-3.1.8.tgz 0ms (cache hit)
337 http cache ajv-keywords@https://registry.npmjs.org/ajv-keywords/-/ajv-keywords-5.1.0.tgz 0ms (cache hit)
338 http cache @dnd-kit/utilities@https://registry.npmjs.org/@dnd-kit/utilities/-/utilities-3.2.2.tgz 0ms (cache hit)
339 http cache json-schema-traverse@https://registry.npmjs.org/json-schema-traverse/-/json-schema-traverse-1.0.0.tgz 0ms (cache hit)
340 http cache ajv@https://registry.npmjs.org/ajv/-/ajv-6.15.0.tgz 0ms (cache hit)
341 http cache schema-utils@https://registry.npmjs.org/schema-utils/-/schema-utils-4.5.0.tgz 0ms (cache hit)
342 http cache ajv-keywords@https://registry.npmjs.org/ajv-keywords/-/ajv-keywords-5.1.0.tgz 0ms (cache hit)
343 http cache json-schema-traverse@https://registry.npmjs.org/json-schema-traverse/-/json-schema-traverse-1.0.0.tgz 0ms (cache hit)
344 http cache webpack-sources@https://registry.npmjs.org/webpack-sources/-/webpack-sources-3.5.3.tgz 0ms (cache hit)
345 http cache ajv@https://registry.npmjs.org/ajv/-/ajv-8.20.0.tgz 0ms (cache hit)
346 http cache ajv@https://registry.npmjs.org/ajv/-/ajv-8.20.0.tgz 0ms (cache hit)
347 http cache schema-utils@https://registry.npmjs.org/schema-utils/-/schema-utils-4.5.0.tgz 0ms (cache hit)
348 http cache mime-db@https://registry.npmjs.org/mime-db/-/mime-db-1.54.0.tgz 0ms (cache hit)
349 http cache @types/estree@https://registry.npmjs.org/@types/estree/-/estree-1.0.9.tgz 0ms (cache hit)
350 http cache json-schema-traverse@https://registry.npmjs.org/json-schema-traverse/-/json-schema-traverse-1.0.0.tgz 0ms (cache hit)
351 http cache ajv@https://registry.npmjs.org/ajv/-/ajv-8.20.0.tgz 0ms (cache hit)
352 http cache ajv@https://registry.npmjs.org/ajv/-/ajv-8.20.0.tgz 0ms (cache hit)
353 http cache json-schema-traverse@https://registry.npmjs.org/json-schema-traverse/-/json-schema-traverse-1.0.0.tgz 0ms (cache hit)
354 http cache json-schema-traverse@https://registry.npmjs.org/json-schema-traverse/-/json-schema-traverse-1.0.0.tgz 0ms (cache hit)
355 http cache @apideck/better-ajv-errors@https://registry.npmjs.org/@apideck/better-ajv-errors/-/better-ajv-errors-0.3.7.tgz 0ms (cache hit)
356 http cache json-schema-traverse@https://registry.npmjs.org/json-schema-traverse/-/json-schema-traverse-1.0.0.tgz 0ms (cache hit)
357 http cache ajv@https://registry.npmjs.org/ajv/-/ajv-8.20.0.tgz 0ms (cache hit)
358 http cache json-schema-traverse@https://registry.npmjs.org/json-schema-traverse/-/json-schema-traverse-1.0.0.tgz 0ms (cache hit)
359 http cache ajv@https://registry.npmjs.org/ajv/-/ajv-8.20.0.tgz 1ms (cache hit)
360 http cache ajv@https://registry.npmjs.org/ajv/-/ajv-8.20.0.tgz 0ms (cache hit)
361 silly tarball no local data for minimizer-webpack-plugin@https://registry.npmjs.org/minimizer-webpack-plugin/-/minimizer-webpack-plugin-5.12.0.tgz. Extracting by manifest.
362 silly tarball no local data for enhanced-resolve@https://registry.npmjs.org/enhanced-resolve/-/enhanced-resolve-5.25.1.tgz. Extracting by manifest.
363 silly tarball no local data for webpack@https://registry.npmjs.org/webpack/-/webpack-5.111.1.tgz. Extracting by manifest.
364 silly tarball no local data for @dnd-kit/accessibility@https://registry.npmjs.org/@dnd-kit/accessibility/-/accessibility-3.1.1.tgz. Extracting by manifest.
365 silly tarball no local data for @dnd-kit/sortable@https://registry.npmjs.org/@dnd-kit/sortable/-/sortable-10.0.0.tgz. Extracting by manifest.
366 silly tarball no local data for @dnd-kit/core@https://registry.npmjs.org/@dnd-kit/core/-/core-6.3.1.tgz. Extracting by manifest.
367 silly tarball no local data for fast-uri@https://registry.npmjs.org/fast-uri/-/fast-uri-3.1.8.tgz. Extracting by manifest.
368 silly tarball no local data for @dnd-kit/utilities@https://registry.npmjs.org/@dnd-kit/utilities/-/utilities-3.2.2.tgz. Extracting by manifest.
369 silly tarball no local data for json-schema-traverse@https://registry.npmjs.org/json-schema-traverse/-/json-schema-traverse-1.0.0.tgz. Extracting by manifest.
370 silly tarball no local data for schema-utils@https://registry.npmjs.org/schema-utils/-/schema-utils-4.5.0.tgz. Extracting by manifest.
371 silly tarball no local data for json-schema-traverse@https://registry.npmjs.org/json-schema-traverse/-/json-schema-traverse-1.0.0.tgz. Extracting by manifest.
372 silly tarball no local data for webpack-sources@https://registry.npmjs.org/webpack-sources/-/webpack-sources-3.5.3.tgz. Extracting by manifest.
373 silly tarball no local data for ajv@https://registry.npmjs.org/ajv/-/ajv-8.20.0.tgz. Extracting by manifest.
374 silly tarball no local data for ajv@https://registry.npmjs.org/ajv/-/ajv-8.20.0.tgz. Extracting by manifest.
375 silly tarball no local data for schema-utils@https://registry.npmjs.org/schema-utils/-/schema-utils-4.5.0.tgz. Extracting by manifest.
376 silly tarball no local data for json-schema-traverse@https://registry.npmjs.org/json-schema-traverse/-/json-schema-traverse-1.0.0.tgz. Extracting by manifest.
377 silly tarball no local data for ajv@https://registry.npmjs.org/ajv/-/ajv-8.20.0.tgz. Extracting by manifest.
378 silly tarball no local data for ajv@https://registry.npmjs.org/ajv/-/ajv-8.20.0.tgz. Extracting by manifest.
379 silly tarball no local data for json-schema-traverse@https://registry.npmjs.org/json-schema-traverse/-/json-schema-traverse-1.0.0.tgz. Extracting by manifest.
380 silly tarball no local data for json-schema-traverse@https://registry.npmjs.org/json-schema-traverse/-/json-schema-traverse-1.0.0.tgz. Extracting by manifest.
381 silly tarball no local data for json-schema-traverse@https://registry.npmjs.org/json-schema-traverse/-/json-schema-traverse-1.0.0.tgz. Extracting by manifest.
382 silly tarball no local data for ajv@https://registry.npmjs.org/ajv/-/ajv-8.20.0.tgz. Extracting by manifest.
383 silly tarball no local data for json-schema-traverse@https://registry.npmjs.org/json-schema-traverse/-/json-schema-traverse-1.0.0.tgz. Extracting by manifest.
384 silly tarball no local data for ajv@https://registry.npmjs.org/ajv/-/ajv-8.20.0.tgz. Extracting by manifest.
385 silly tarball no local data for ajv@https://registry.npmjs.org/ajv/-/ajv-8.20.0.tgz. Extracting by manifest.
386 http fetch GET 200 https://registry.npmjs.org/json-schema-traverse/-/json-schema-traverse-1.0.0.tgz 441ms (cache miss)
387 http fetch GET 200 https://registry.npmjs.org/json-schema-traverse/-/json-schema-traverse-1.0.0.tgz 556ms (cache miss)
388 http fetch GET 200 https://registry.npmjs.org/json-schema-traverse/-/json-schema-traverse-1.0.0.tgz 555ms (cache miss)
389 http fetch GET 200 https://registry.npmjs.org/json-schema-traverse/-/json-schema-traverse-1.0.0.tgz 614ms (cache miss)
390 http fetch GET 200 https://registry.npmjs.org/json-schema-traverse/-/json-schema-traverse-1.0.0.tgz 629ms (cache miss)
391 http fetch GET 200 https://registry.npmjs.org/json-schema-traverse/-/json-schema-traverse-1.0.0.tgz 644ms (cache miss)
392 http fetch GET 200 https://registry.npmjs.org/json-schema-traverse/-/json-schema-traverse-1.0.0.tgz 654ms (cache miss)
393 http fetch GET 200 https://registry.npmjs.org/minimizer-webpack-plugin/-/minimizer-webpack-plugin-5.12.0.tgz 780ms (cache miss)
394 http fetch GET 200 https://registry.npmjs.org/@dnd-kit/accessibility/-/accessibility-3.1.1.tgz 774ms (cache miss)
395 http fetch GET 200 https://registry.npmjs.org/schema-utils/-/schema-utils-4.5.0.tgz 774ms (cache miss)
396 http fetch GET 200 https://registry.npmjs.org/schema-utils/-/schema-utils-4.5.0.tgz 823ms (cache miss)
397 http fetch GET 200 https://registry.npmjs.org/webpack-sources/-/webpack-sources-3.5.3.tgz 834ms (cache miss)
398 http fetch GET 200 https://registry.npmjs.org/fast-uri/-/fast-uri-3.1.8.tgz 957ms (cache miss)
399 http fetch GET 200 https://registry.npmjs.org/@dnd-kit/sortable/-/sortable-10.0.0.tgz 995ms (cache miss)
400 http fetch GET 200 https://registry.npmjs.org/@dnd-kit/utilities/-/utilities-3.2.2.tgz 1031ms (cache miss)
401 http fetch GET 200 https://registry.npmjs.org/enhanced-resolve/-/enhanced-resolve-5.25.1.tgz 1115ms (cache miss)
402 http fetch GET 200 https://registry.npmjs.org/@dnd-kit/core/-/core-6.3.1.tgz 1748ms (cache miss)
403 http fetch GET 200 https://registry.npmjs.org/ajv/-/ajv-8.20.0.tgz 3151ms (cache miss)
404 http fetch GET 200 https://registry.npmjs.org/ajv/-/ajv-8.20.0.tgz 3154ms (cache miss)
405 http fetch GET 200 https://registry.npmjs.org/ajv/-/ajv-8.20.0.tgz 3178ms (cache miss)
406 http fetch GET 200 https://registry.npmjs.org/ajv/-/ajv-8.20.0.tgz 3147ms (cache miss)
407 http fetch GET 200 https://registry.npmjs.org/ajv/-/ajv-8.20.0.tgz 3164ms (cache miss)
408 http fetch GET 200 https://registry.npmjs.org/ajv/-/ajv-8.20.0.tgz 3158ms (cache miss)
409 http fetch GET 200 https://registry.npmjs.org/ajv/-/ajv-8.20.0.tgz 3209ms (cache miss)
410 http fetch GET 200 https://registry.npmjs.org/webpack/-/webpack-5.111.1.tgz 4288ms (cache miss)
411 http fetch POST 200 https://registry.npmjs.org/-/npm/v1/security/advisories/bulk 6326ms
412 silly audit report {
412 silly audit report   '@grpc/grpc-js': [
412 silly audit report     {
412 silly audit report       id: 1120582,
412 silly audit report       url: 'https://github.com/advisories/GHSA-5375-pq7m-f5r2',
412 silly audit report       title: '@grpc/grpc-js: A malformed request can cause a server crash',
412 silly audit report       severity: 'high',
412 silly audit report       vulnerable_versions: '>=1.14.0 <1.14.4',
412 silly audit report       cwe: [Array],
412 silly audit report       cvss: [Object]
412 silly audit report     },
412 silly audit report     {
412 silly audit report       id: 1120587,
412 silly audit report       url: 'https://github.com/advisories/GHSA-5375-pq7m-f5r2',
412 silly audit report       title: '@grpc/grpc-js: A malformed request can cause a server crash',
412 silly audit report       severity: 'high',
412 silly audit report       vulnerable_versions: '<1.9.16',
412 silly audit report       cwe: [Array],
412 silly audit report       cvss: [Object]
412 silly audit report     },
412 silly audit report     {
412 silly audit report       id: 1120588,
412 silly audit report       url: 'https://github.com/advisories/GHSA-99f4-grh7-6pcq',
412 silly audit report       title: '@grpc/grpc-js: An incoming malformed compressed message can cause a client or server crash',
412 silly audit report       severity: 'high',
412 silly audit report       vulnerable_versions: '>=1.14.0 <1.14.4',
412 silly audit report       cwe: [Array],
412 silly audit report       cvss: [Object]
412 silly audit report     },
412 silly audit report     {
412 silly audit report       id: 1120593,
412 silly audit report       url: 'https://github.com/advisories/GHSA-99f4-grh7-6pcq',
412 silly audit report       title: '@grpc/grpc-js: An incoming malformed compressed message can cause a client or server crash',
412 silly audit report       severity: 'high',
412 silly audit report       vulnerable_versions: '<1.9.16',
412 silly audit report       cwe: [Array],
412 silly audit report       cvss: [Object]
412 silly audit report     }
412 silly audit report   ],
412 silly audit report   uuid: [
412 silly audit report     {
412 silly audit report       id: 1119441,
412 silly audit report       url: 'https://github.com/advisories/GHSA-w5hq-g745-h8pq',
412 silly audit report       title: 'uuid: Missing buffer bounds check in v3/v5/v6 when buf is provided',
412 silly audit report       severity: 'moderate',
412 silly audit report       vulnerable_versions: '<11.1.1',
412 silly audit report       cwe: [Array],
412 silly audit report       cvss: [Object]
412 silly audit report     }
412 silly audit report   ],
412 silly audit report   '@modelcontextprotocol/sdk': [
412 silly audit report     {
412 silly audit report       id: 1113080,
412 silly audit report       url: 'https://github.com/advisories/GHSA-345p-7cg4-v4c7',
412 silly audit report       title: '@modelcontextprotocol/sdk has cross-client data leak via shared server/transport instance reuse',
412 silly audit report       severity: 'high',
412 silly audit report       vulnerable_versions: '>=1.10.0 <=1.25.3',
412 silly audit report       cwe: [Array],
412 silly audit report       cvss: [Object]
412 silly audit report     },
412 silly audit report     {
412 silly audit report       id: 1113213,
412 silly audit report       url: 'https://github.com/advisories/GHSA-w48q-cv73-mx4w',
412 silly audit report       title: 'Model Context Protocol (MCP) TypeScript SDK does not enable DNS rebinding protection by default',
412 silly audit report       severity: 'high',
412 silly audit report       vulnerable_versions: '<1.24.0',
412 silly audit report       cwe: [Array],
412 silly audit report       cvss: [Object]
412 silly audit report     },
412 silly audit report     {
412 silly audit report       id: 1123467,
412 silly audit report       url: 'https://github.com/advisories/GHSA-8r9q-7v3j-jr4g',
412 silly audit report       title: "Anthropic's MCP TypeScript SDK has a ReDoS vulnerability",
412 silly audit report       severity: 'high',
412 silly audit report       vulnerable_versions: '>=1.3.0 <1.25.2',
412 silly audit report       cwe: [Array],
412 silly audit report       cvss: [Object]
412 silly audit report     }
412 silly audit report   ],
412 silly audit report   'body-parser': [
412 silly audit report     {
412 silly audit report       id: 1110858,
412 silly audit report       url: 'https://github.com/advisories/GHSA-wqch-xfxh-vrr4',
412 silly audit report       title: 'body-parser is vulnerable to denial of service when url encoding is used',
412 silly audit report       severity: 'moderate',
412 silly audit report       vulnerable_versions: '>=2.2.0 <2.2.1',
412 silly audit report       cwe: [Array],
412 silly audit report       cvss: [Object]
412 silly audit report     },
412 silly audit report     {
412 silly audit report       id: 1123976,
412 silly audit report       url: 'https://github.com/advisories/GHSA-v422-hmwv-36x6',
412 silly audit report       title: 'body-parser vulnerable to denial of service when invalid limit value silently disables size enforcement',
412 silly audit report       severity: 'low',
412 silly audit report       vulnerable_versions: '>=2.0.0 <2.3.0',
412 silly audit report       cwe: [Array],
412 silly audit report       cvss: [Object]
412 silly audit report     },
412 silly audit report     {
412 silly audit report       id: 1123977,
412 silly audit report       url: 'https://github.com/advisories/GHSA-v422-hmwv-36x6',
412 silly audit report       title: 'body-parser vulnerable to denial of service when invalid limit value silently disables size enforcement',
412 silly audit report       severity: 'low',
412 silly audit report       vulnerable_versions: '<1.20.6',
412 silly audit report       cwe: [Array],
412 silly audit report       cvss: [Object]
412 silly audit report     }
412 silly audit report   ],
412 silly audit report   qs: [
412 silly audit report     {
412 silly audit report       id: 1158507,
412 silly audit report       url: 'https://github.com/advisories/GHSA-4mjr-xmp4-gh2g',
412 silly audit report       title: 'qs: Denial of Service via Attacker Controlled isBuffer',
412 silly audit report       severity: 'moderate',
412 silly audit report       vulnerable_versions: '>=2.2.5 <6.16.0',
412 silly audit report       cwe: [Array],
412 silly audit report       cvss: [Object]
412 silly audit report     },
412 silly audit report     {
412 silly audit report       id: 1119502,
412 silly audit report       url: 'https://github.com/advisories/GHSA-q8mj-m7cp-5q26',
412 silly audit report       title: 'qs has a remotely triggerable DoS: qs.stringify crashes with TypeError on null/undefined entries in comma-format arrays when encodeValuesOnly is set',
412 silly audit report       severity: 'moderate',
412 silly audit report       vulnerable_versions: '>=6.11.1 <=6.15.1',
412 silly audit report       cwe: [Array],
412 silly audit report       cvss: [Object]
412 silly audit report     },
412 silly audit report     {
412 silly audit report       id: 1113161,
412 silly audit report       url: 'https://github.com/advisories/GHSA-w7fw-mjwx-w883',
412 silly audit report       title: "qs's arrayLimit bypass in comma parsing allows denial of service",
412 silly audit report       severity: 'low',
412 silly audit report       vulnerable_versions: '>=6.7.0 <=6.14.1',
412 silly audit report       cwe: [Array],
412 silly audit report       cvss: [Object]
412 silly audit report     },
412 silly audit report     {
412 silly audit report       id: 1113719,
412 silly audit report       url: 'https://github.com/advisories/GHSA-6rw7-vpxm-498p',
412 silly audit report       title: "qs's arrayLimit bypass in its bracket notation allows DoS via memory exhaustion",
412 silly audit report       severity: 'moderate',
412 silly audit report       vulnerable_versions: '<6.14.1',
412 silly audit report       cwe: [Array],
412 silly audit report       cvss: [Object]
412 silly audit report     }
412 silly audit report   ],
412 silly audit report   '@opentelemetry/auto-instrumentations-node': [
412 silly audit report     {
412 silly audit report       id: 1120251,
412 silly audit report       url: 'https://github.com/advisories/GHSA-q7rr-3cgh-j5r3',
412 silly audit report       title: 'Prometheus exporter process crash via malformed HTTP request',
412 silly audit report       severity: 'high',
412 silly audit report       vulnerable_versions: '<0.75.0',
412 silly audit report       cwe: [Array],
412 silly audit report       cvss: [Object]
412 silly audit report     }
412 silly audit report   ],
412 silly audit report   '@opentelemetry/core': [
412 silly audit report     {
412 silly audit report       id: 1153174,
412 silly audit report       url: 'https://github.com/advisories/GHSA-8988-4f7v-96qf',
412 silly audit report       title: 'OpenTelemetry Core: Unbounded memory allocation in W3C Baggage propagation',
412 silly audit report       severity: 'moderate',
412 silly audit report       vulnerable_versions: '<2.8.0',
412 silly audit report       cwe: [Array],
412 silly audit report       cvss: [Object]
412 silly audit report     }
412 silly audit report   ],
412 silly audit report   '@opentelemetry/propagator-jaeger': [
412 silly audit report     {
412 silly audit report       id: 1124011,
412 silly audit report       url: 'https://github.com/advisories/GHSA-45rx-2jwx-cxfr',
412 silly audit report       title: 'OpenTelemetry JavaScript: Denial of service in `JaegerPropagator` via unhandled exception on a malformed header',
412 silly audit report       severity: 'high',
412 silly audit report       vulnerable_versions: '<2.9.0',
412 silly audit report       cwe: [Array],
412 silly audit report       cvss: [Object]
412 silly audit report     }
412 silly audit report   ],
412 silly audit report   '@opentelemetry/sdk-node': [
412 silly audit report     {
412 silly audit report       id: 1120252,
412 silly audit report       url: 'https://github.com/advisories/GHSA-q7rr-3cgh-j5r3',
412 silly audit report       title: 'Prometheus exporter process crash via malformed HTTP request',
412 silly audit report       severity: 'high',
412 silly audit report       vulnerable_versions: '<0.217.0',
412 silly audit report       cwe: [Array],
412 silly audit report       cvss: [Object]
412 silly audit report     }
412 silly audit report   ],
412 silly audit report   '@protobufjs/utf8': [
412 silly audit report     {
412 silly audit report       id: 1118933,
412 silly audit report       url: 'https://github.com/advisories/GHSA-q6x5-8v7m-xcrf',
412 silly audit report       title: 'protobufjs has overlong UTF-8 decoding',
412 silly audit report       severity: 'moderate',
412 silly audit report       vulnerable_versions: '<=1.1.0',
412 silly audit report       cwe: [Array],
412 silly audit report       cvss: [Object]
412 silly audit report     }
412 silly audit report   ],
412 silly audit report   '@tootallnate/once': [
412 silly audit report     {
412 silly audit report       id: 1119438,
412 silly audit report       url: 'https://github.com/advisories/GHSA-vpq2-c234-7xj6',
412 silly audit report       title: '@tootallnate/once vulnerable to Incorrect Control Flow Scoping',
412 silly audit report       severity: 'low',
412 silly audit report       vulnerable_versions: '<2.0.1',
412 silly audit report       cwe: [Array],
412 silly audit report       cvss: [Object]
412 silly audit report     }
412 silly audit report   ],
412 silly audit report   'form-data': [
412 silly audit report     {
412 silly audit report       id: 1120743,
412 silly audit report       url: 'https://github.com/advisories/GHSA-hmw2-7cc7-3qxx',
412 silly audit report       title: 'form-data: CRLF injection in form-data via unescaped multipart field names and filenames',
412 silly audit report       severity: 'high',
412 silly audit report       vulnerable_versions: '>=4.0.0 <4.0.6',
412 silly audit report       cwe: [Array],
412 silly audit report       cvss: [Object]
412 silly audit report     },
412 silly audit report     {
412 silly audit report       id: 1120745,
412 silly audit report       url: 'https://github.com/advisories/GHSA-hmw2-7cc7-3qxx',
412 silly audit report       title: 'form-data: CRLF injection in form-data via unescaped multipart field names and filenames',
412 silly audit report       severity: 'high',
412 silly audit report       vulnerable_versions: '<2.5.6',
412 silly audit report       cwe: [Array],
412 silly audit report       cvss: [Object]
412 silly audit report     }
412 silly audit report   ],
412 silly audit report   'adm-zip': [
412 silly audit report     {
412 silly audit report       id: 1123686,
412 silly audit report       url: 'https://github.com/advisories/GHSA-xcpc-8h2w-3j85',
412 silly audit report       title: 'adm-zip: Crafted ZIP file triggers 4GB memory allocation',
412 silly audit report       severity: 'high',
412 silly audit report       vulnerable_versions: '<0.6.0',
412 silly audit report       cwe: [Array],
412 silly audit report       cvss: [Object]
412 silly audit report     },
412 silly audit report     {
412 silly audit report       id: 1193734,
412 silly audit report       url: 'https://github.com/advisories/GHSA-vwc7-r8mq-g2x9',
412 silly audit report       title: 'adm-zip extraction follows destination symlinks, allowing arbitrary file overwrite',
412 silly audit report       severity: 'moderate',
412 silly audit report       vulnerable_versions: '>=0.5.9 <=0.6.0',
412 silly audit report       cwe: [Array],
412 silly audit report       cvss: [Object]
412 silly audit report     },
412 silly audit report     {
412 silly audit report       id: 1239030,
412 silly audit report       url: 'https://github.com/advisories/GHSA-7q85-xj36-vmfc',
412 silly audit report       title: 'adm-zip: Uncontrolled memory allocation via the declared uncompressed size (DoS)',
412 silly audit report       severity: 'high',
412 silly audit report       vulnerable_versions: '<0.6.1',
412 silly audit report       cwe: [Array],
412 silly audit report       cvss: [Object]
412 silly audit report     }
412 silly audit report   ],
412 silly audit report   axios: [
412 silly audit report     {
412 silly audit report       id: 1118607,
412 silly audit report       url: 'https://github.com/advisories/GHSA-q8qp-cvcw-x6jj',
412 silly audit report       title: 'Axios has prototype pollution read-side gadgets in HTTP adapter that allow credential injection and request hijacking',
412 silly audit report       severity: 'high',
412 silly audit report       vulnerable_versions: '>=1.0.0 <1.15.2',
412 silly audit report       cwe: [Array],
412 silly audit report       cvss: [Object]
412 silly audit report     },
412 silly audit report     {
412 silly audit report       id: 1119404,
412 silly audit report       url: 'https://github.com/advisories/GHSA-fvcv-3m26-pcqx',
412 silly audit report       title: 'Axios has Unrestricted Cloud Metadata Exfiltration via Header Injection Chain',
412 silly audit report       severity: 'moderate',
412 silly audit report       vulnerable_versions: '>=1.0.0 <1.15.0',
412 silly audit report       cwe: [Array],
412 silly audit report       cvss: [Object]
412 silly audit report     },
412 silly audit report     {
412 silly audit report       id: 1120125,
412 silly audit report       url: 'https://github.com/advisories/GHSA-62hf-57xw-28j9',
412 silly audit report       title: 'Axios: unbounded recursion in toFormData causes DoS via deeply nested request data',
412 silly audit report       severity: 'moderate',
412 silly audit report       vulnerable_versions: '>=1.0.0 <1.15.1',
412 silly audit report       cwe: [Array],
412 silly audit report       cvss: [Object]
412 silly audit report     },
412 silly audit report     {
412 silly audit report       id: 1120547,
412 silly audit report       url: 'https://github.com/advisories/GHSA-hfxv-24rg-xrqf',
412 silly audit report       title: 'Axios: Regular Expression Denial of Service (ReDoS) via Cookie Name Injection',
412 silly audit report       severity: 'high',
412 silly audit report       vulnerable_versions: '>=1.0.0 <1.16.0',
412 silly audit report       cwe: [Array],
412 silly audit report       cvss: [Object]
412 silly audit report     },
412 silly audit report     {
412 silly audit report       id: 1120643,
412 silly audit report       url: 'https://github.com/advisories/GHSA-777c-7fjr-54vf',
412 silly audit report       title: 'Allocation of Resources Without Limits or Throttling in Axios',
412 silly audit report       severity: 'high',
412 silly audit report       vulnerable_versions: '>=1.7.0 <1.16.0',
412 silly audit report       cwe: [Array],
412 silly audit report       cvss: [Object]
412 silly audit report     },
412 silly audit report     {
412 silly audit report       id: 1120645,
412 silly audit report       url: 'https://github.com/advisories/GHSA-p92q-9vqr-4j8v',
412 silly audit report       title: 'Axios: Proxy-Authorization Credential Leak to Origin Server Across HTTP-to-HTTPS Redirect in Axios Node.js HTTP Adapter',
412 silly audit report       severity: 'high',
412 silly audit report       vulnerable_versions: '>=1.0.0 <1.16.0',
412 silly audit report       cwe: [Array],
412 silly audit report       cvss: [Object]
412 silly audit report     },
412 silly audit report     {
412 silly audit report       id: 1120647,
412 silly audit report       url: 'https://github.com/advisories/GHSA-j5f8-grm9-p9fc',
412 silly audit report       title: 'Axios: Proxy-Authorization header leaks to redirect target when proxy is re-evaluated to direct connection',
412 silly audit report       severity: 'high',
412 silly audit report       vulnerable_versions: '>=1.0.0 <1.16.0',
412 silly audit report       cwe: [Array],
412 silly audit report       cvss: [Object]
412 silly audit report     },
412 silly audit report     {
412 silly audit report       id: 1120649,
412 silly audit report       url: 'https://github.com/advisories/GHSA-3g43-6gmg-66jw',
412 silly audit report       title: 'axios Vulnerable to Credential Theft and Response Hijacking via Prototype Pollution Gadget in Config Merge',
412 silly audit report       severity: 'high',
412 silly audit report       vulnerable_versions: '>=1.0.0 <1.15.2',
412 silly audit report       cwe: [Array],
412 silly audit report       cvss: [Object]
412 silly audit report     },
412 silly audit report     {
412 silly audit report       id: 1120650,
412 silly audit report       url: 'https://github.com/advisories/GHSA-35jp-ww65-95wh',
412 silly audit report       title: 'axios Vulnerable to Full Man-in-the-Middle via Prototype Pollution Gadget in `config.proxy`',
412 silly audit report       severity: 'high',
412 silly audit report       vulnerable_versions: '>=1.0.0 <1.16.0',
412 silly audit report       cwe: [Array],
412 silly audit report       cvss: [Object]
412 silly audit report     },
412 silly audit report     {
412 silly audit report       id: 1120652,
412 silly audit report       url: 'https://github.com/advisories/GHSA-898c-q2cr-xwhg',
412 silly audit report       title: 'axios has DoS & Header Injection via Prototype Pollution Read-Side Gadgets in axios merge functions',
412 silly audit report       severity: 'moderate',
412 silly audit report       vulnerable_versions: '>=1.0.0 <1.16.0',
412 silly audit report       cwe: [Array],
412 silly audit report       cvss: [Object]
412 silly audit report     },
412 silly audit report     {
412 silly audit report       id: 1116673,
412 silly audit report       url: 'https://github.com/advisories/GHSA-3p68-rc4w-qgx5',
412 silly audit report       title: 'Axios has a NO_PROXY Hostname Normalization Bypass that Leads to SSRF',
412 silly audit report       severity: 'moderate',
412 silly audit report       vulnerable_versions: '>=1.0.0 <1.15.0',
412 silly audit report       cwe: [Array],
412 silly audit report       cvss: [Object]
412 silly audit report     },
412 silly audit report     {
412 silly audit report       id: 1117574,
412 silly audit report       url: 'https://github.com/advisories/GHSA-w9j2-pvgh-6h63',
412 silly audit report       title: 'Axios: Authentication Bypass via Prototype Pollution Gadget in `validateStatus` Merge Strategy',
412 silly audit report       severity: 'moderate',
412 silly audit report       vulnerable_versions: '>=1.0.0 <1.15.1',
412 silly audit report       cwe: [Array],
412 silly audit report       cvss: [Object]
412 silly audit report     },
412 silly audit report     {
412 silly audit report       id: 1117576,
412 silly audit report       url: 'https://github.com/advisories/GHSA-pmwg-cvhr-8vh7',
412 silly audit report       title: 'Axios: Incomplete Fix for CVE-2025-62718 — NO_PROXY Protection Bypassed via RFC 1122 Loopback Subnet (127.0.0.0/8) in Axios 1.15.0',
412 silly audit report       severity: 'high',
412 silly audit report       vulnerable_versions: '>=1.0.0 <1.15.1',
412 silly audit report       cwe: [Array],
412 silly audit report       cvss: [Object]
412 silly audit report     },
412 silly audit report     {
412 silly audit report       id: 1117577,
412 silly audit report       url: 'https://github.com/advisories/GHSA-3w6x-2g7m-8v23',
412 silly audit report       title: 'Axios: Invisible JSON Response Tampering via Prototype Pollution Gadget in `parseReviver`',
412 silly audit report       severity: 'moderate',
412 silly audit report       vulnerable_versions: '>=1.0.0 <1.15.2',
412 silly audit report       cwe: [Array],
412 silly audit report       cvss: [Object]
412 silly audit report     },
412 silly audit report     {
412 silly audit report       id: 1117580,
412 silly audit report       url: 'https://github.com/advisories/GHSA-xhjh-pmcv-23jw',
412 silly audit report       title: 'Axios: Null Byte Injection via Reverse-Encoding in AxiosURLSearchParams',
412 silly audit report       severity: 'low',
412 silly audit report       vulnerable_versions: '>=1.0.0 <1.15.1',
412 silly audit report       cwe: [Array],
412 silly audit report       cvss: [Object]
412 silly audit report     },
412 silly audit report     {
412 silly audit report       id: 1117581,
412 silly audit report       url: 'https://github.com/advisories/GHSA-445q-vr5w-6q77',
412 silly audit report       title: 'Axios: CRLF Injection in multipart/form-data body via unsanitized blob.type in formDataToStream',
412 silly audit report       severity: 'moderate',
412 silly audit report       vulnerable_versions: '>=1.0.0 <1.15.1',
412 silly audit report       cwe: [Array],
412 silly audit report       cvss: [Object]
412 silly audit report     },
412 silly audit report     {
412 silly audit report       id: 1117583,
412 silly audit report       url: 'https://github.com/advisories/GHSA-m7pr-hjqh-92cm',
412 silly audit report       title: 'Axios: no_proxy bypass via IP alias allows SSRF',
412 silly audit report       severity: 'moderate',
412 silly audit report       vulnerable_versions: '>=1.0.0 <1.15.1',
412 silly audit report       cwe: [Array],
412 silly audit report       cvss: [Object]
412 silly audit report     },
412 silly audit report     {
412 silly audit report       id: 1117587,
412 silly audit report       url: 'https://github.com/advisories/GHSA-5c9x-8gcm-mpgx',
412 silly audit report       title: "Axios' HTTP adapter-streamed uploads bypass maxBodyLength when maxRedirects: 0",
412 silly audit report       severity: 'moderate',
412 silly audit report       vulnerable_versions: '>=1.0.0 <1.15.1',
412 silly audit report       cwe: [Array],
412 silly audit report       cvss: [Object]
412 silly audit report     },
412 silly audit report     {
412 silly audit report       id: 1117589,
412 silly audit report       url: 'https://github.com/advisories/GHSA-vf2m-468p-8v99',
412 silly audit report       title: 'Axios: HTTP adapter streamed responses bypass maxContentLength',
412 silly audit report       severity: 'moderate',
412 silly audit report       vulnerable_versions: '>=1.0.0 <1.15.1',
412 silly audit report       cwe: [Array],
412 silly audit report       cvss: [Object]
412 silly audit report     },
412 silly audit report     {
412 silly audit report       id: 1117591,
412 silly audit report       url: 'https://github.com/advisories/GHSA-pf86-5x62-jrwf',
412 silly audit report       title: 'Axios: Prototype Pollution Gadgets - Response Tampering, Data Exfiltration, and Request Hijacking',
412 silly audit report       severity: 'high',
412 silly audit report       vulnerable_versions: '>=1.0.0 <1.15.1',
412 silly audit report       cwe: [Array],
412 silly audit report       cvss: [Object]
412 silly audit report     },
412 silly audit report     {
412 silly audit report       id: 1117593,
412 silly audit report       url: 'https://github.com/advisories/GHSA-6chq-wfr3-2hj9',
412 silly audit report       title: 'Axios: Header Injection via Prototype Pollution',
412 silly audit report       severity: 'high',
412 silly audit report       vulnerable_versions: '>=1.0.0 <1.15.1',
412 silly audit report       cwe: [Array],
412 silly audit report       cvss: [Object]
412 silly audit report     },
412 silly audit report     {
412 silly audit report       id: 1117595,
412 silly audit report       url: 'https://github.com/advisories/GHSA-xx6v-rp6x-q39c',
412 silly audit report       title: 'Axios: XSRF Token Cross-Origin Leakage via Prototype Pollution Gadget in `withXSRFToken` Boolean Coercion',
412 silly audit report       severity: 'moderate',
412 silly audit report       vulnerable_versions: '>=1.0.0 <1.15.1',
412 silly audit report       cwe: [Array],
412 silly audit report       cvss: [Object]
412 silly audit report     },
412 silly audit report     {
412 silly audit report       id: 1117858,
412 silly audit report       url: 'https://github.com/advisories/GHSA-43fc-jf86-j433',
412 silly audit report       title: 'Axios is Vulnerable to Denial of Service via __proto__ Key in mergeConfig',
412 silly audit report       severity: 'high',
412 silly audit report       vulnerable_versions: '>=1.0.0 <=1.13.4',
412 silly audit report       cwe: [Array],
412 silly audit report       cvss: [Object]
412 silly audit report     },
412 silly audit report     {
412 silly audit report       id: 1147949,
412 silly audit report       url: 'https://github.com/advisories/GHSA-mmx7-hfxf-jppx',
412 silly audit report       title: 'Axios: Prototype pollution gadgets can alter axios request construction',
412 silly audit report       severity: 'moderate',
412 silly audit report       vulnerable_versions: '>=1.0.0 <1.18.0',
412 silly audit report       cwe: [Array],
412 silly audit report       cvss: [Object]
412 silly audit report     },
412 silly audit report     {
412 silly audit report       id: 1147950,
412 silly audit report       url: 'https://github.com/advisories/GHSA-pmv8-rq9r-6j72',
412 silly audit report       title: 'Axios: Deep formToJSON Key Recursion Can Cause Denial of Service',
412 silly audit report       severity: 'moderate',
412 silly audit report       vulnerable_versions: '>=1.0.0 <1.18.0',
412 silly audit report       cwe: [Array],
412 silly audit report       cvss: [Object]
412 silly audit report     },
412 silly audit report     {
412 silly audit report       id: 1153175,
412 silly audit report       url: 'https://github.com/advisories/GHSA-mwf2-3pr3-8698',
412 silly audit report       title: 'Axios: HTTP/2 streamed uploads bypass `maxBodyLength`',
412 silly audit report       severity: 'moderate',
412 silly audit report       vulnerable_versions: '>=1.13.0 <1.18.0',
412 silly audit report       cwe: [Array],
412 silly audit report       cvss: [Object]
412 silly audit report     },
412 silly audit report     {
412 silly audit report       id: 1153180,
412 silly audit report       url: 'https://github.com/advisories/GHSA-7q8q-rj6j-mhjq',
412 silly audit report       title: 'Axios: Nested axios option objects can consume polluted prototype values',
412 silly audit report       severity: 'moderate',
412 silly audit report       vulnerable_versions: '>=1.0.0 <1.18.0',
412 silly audit report       cwe: [Array],
412 silly audit report       cvss: [Object]
412 silly audit report     },
412 silly audit report     {
412 silly audit report       id: 1153182,
412 silly audit report       url: 'https://github.com/advisories/GHSA-jqh4-m9w3-8hp9',
412 silly audit report       title: 'Axios: Fetch adapter `ReadableStream` uploads bypass `maxBodyLength`',
412 silly audit report       severity: 'moderate',
412 silly audit report       vulnerable_versions: '>=1.7.0 <1.18.0',
412 silly audit report       cwe: [Array],
412 silly audit report       cvss: [Object]
412 silly audit report     },
412 silly audit report     {
412 silly audit report       id: 1153185,
412 silly audit report       url: 'https://github.com/advisories/GHSA-42h9-826w-cgv3',
412 silly audit report       title: 'Axios: Excessive recursion in formDataToJSON can cause denial of service',
412 silly audit report       severity: 'moderate',
412 silly audit report       vulnerable_versions: '>=1.0.0 <1.18.0',
412 silly audit report       cwe: [Array],
412 silly audit report       cvss: [Object]
412 silly audit report     }
412 silly audit report   ],
412 silly audit report   'brace-expansion': [
412 silly audit report     {
412 silly audit report       id: 1105443,
412 silly audit report       url: 'https://github.com/advisories/GHSA-v6h2-p8h4-qcjw',
412 silly audit report       title: 'brace-expansion Regular Expression Denial of Service vulnerability',
412 silly audit report       severity: 'low',
412 silly audit report       vulnerable_versions: '>=1.0.0 <=1.1.11',
412 silly audit report       cwe: [Array],
412 silly audit report       cvss: [Object]
412 silly audit report     },
412 silly audit report     {
412 silly audit report       id: 1105444,
412 silly audit report       url: 'https://github.com/advisories/GHSA-v6h2-p8h4-qcjw',
412 silly audit report       title: 'brace-expansion Regular Expression Denial of Service vulnerability',
412 silly audit report       severity: 'low',
412 silly audit report       vulnerable_versions: '>=2.0.0 <=2.0.1',
412 silly audit report       cwe: [Array],
412 silly audit report       cvss: [Object]
412 silly audit report     },
412 silly audit report     {
412 silly audit report       id: 1130588,
412 silly audit report       url: 'https://github.com/advisories/GHSA-mh99-v99m-4gvg',
412 silly audit report       title: 'brace-expansion: DoS via unbounded expansion length causing an out-of-memory process crash',
412 silly audit report       severity: 'high',
412 silly audit report       vulnerable_versions: '<1.1.17',
412 silly audit report       cwe: [Array],
412 silly audit report       cvss: [Object]
412 silly audit report     },
412 silly audit report     {
412 silly audit report       id: 1130589,
412 silly audit report       url: 'https://github.com/advisories/GHSA-mh99-v99m-4gvg',
412 silly audit report       title: 'brace-expansion: DoS via unbounded expansion length causing an out-of-memory process crash',
412 silly audit report       severity: 'high',
412 silly audit report       vulnerable_versions: '>=2.0.0 <2.1.3',
412 silly audit report       cwe: [Array],
412 silly audit report       cvss: [Object]
412 silly audit report     },
412 silly audit report     {
412 silly audit report       id: 1130736,
412 silly audit report       url: 'https://github.com/advisories/GHSA-rgw5-rvv9-x895',
412 silly audit report       title: 'brace-expansion: DoS via unbounded intermediate arrays, bypassing the CVE-2026-14257 mitigation',
412 silly audit report       severity: 'high',
412 silly audit report       vulnerable_versions: '>=2.0.0 <2.1.4',
412 silly audit report       cwe: [Array],
412 silly audit report       cvss: [Object]
412 silly audit report     },
412 silly audit report     {
412 silly audit report       id: 1130737,
412 silly audit report       url: 'https://github.com/advisories/GHSA-rgw5-rvv9-x895',
412 silly audit report       title: 'brace-expansion: DoS via unbounded intermediate arrays, bypassing the CVE-2026-14257 mitigation',
412 silly audit report       severity: 'high',
412 silly audit report       vulnerable_versions: '<1.1.18',
412 silly audit report       cwe: [Array],
412 silly audit report       cvss: [Object]
412 silly audit report     },
412 silly audit report     {
412 silly audit report       id: 1115540,
412 silly audit report       url: 'https://github.com/advisories/GHSA-f886-m6hf-6m8v',
412 silly audit report       title: 'brace-expansion: Zero-step sequence causes process hang and memory exhaustion',
412 silly audit report       severity: 'moderate',
412 silly audit report       vulnerable_versions: '<1.1.13',
412 silly audit report       cwe: [Array],
412 silly audit report       cvss: [Object]
412 silly audit report     },
412 silly audit report     {
412 silly audit report       id: 1115541,
412 silly audit report       url: 'https://github.com/advisories/GHSA-f886-m6hf-6m8v',
412 silly audit report       title: 'brace-expansion: Zero-step sequence causes process hang and memory exhaustion',
412 silly audit report       severity: 'moderate',
412 silly audit report       vulnerable_versions: '>=2.0.0 <2.0.3',
412 silly audit report       cwe: [Array],
412 silly audit report       cvss: [Object]
412 silly audit report     },
412 silly audit report     {
412 silly audit report       id: 1123896,
412 silly audit report       url: 'https://github.com/advisories/GHSA-3jxr-9vmj-r5cp',
412 silly audit report       title: 'brace-expansion: DoS via exponential-time expansion of consecutive non-expanding {} groups',
412 silly audit report       severity: 'high',
412 silly audit report       vulnerable_versions: '>=2.0.0 <2.1.2',
412 silly audit report       cwe: [Array],
412 silly audit report       cvss: [Object]
412 silly audit report     },
412 silly audit report     {
412 silly audit report       id: 1123897,
412 silly audit report       url: 'https://github.com/advisories/GHSA-3jxr-9vmj-r5cp',
412 silly audit report       title: 'brace-expansion: DoS via exponential-time expansion of consecutive non-expanding {} groups',
412 silly audit report       severity: 'high',
412 silly audit report       vulnerable_versions: '<1.1.16',
412 silly audit report       cwe: [Array],
412 silly audit report       cvss: [Object]
412 silly audit report     }
412 silly audit report   ],
412 silly audit report   glob: [
412 silly audit report     {
412 silly audit report       id: 1109842,
412 silly audit report       url: 'https://github.com/advisories/GHSA-5j98-mcp5-4vw2',
412 silly audit report       title: 'glob CLI: Command injection via -c/--cmd executes matches with shell:true',
412 silly audit report       severity: 'high',
412 silly audit report       vulnerable_versions: '>=10.2.0 <10.5.0',
412 silly audit report       cwe: [Array],
412 silly audit report       cvss: [Object]
412 silly audit report     }
412 silly audit report   ],
412 silly audit report   minimatch: [
412 silly audit report     {
412 silly audit report       id: 1113459,
412 silly audit report       url: 'https://github.com/advisories/GHSA-3ppc-4f35-3m26',
412 silly audit report       title: 'minimatch has a ReDoS via repeated wildcards with non-matching literal in pattern',
412 silly audit report       severity: 'high',
412 silly audit report       vulnerable_versions: '<3.1.3',
412 silly audit report       cwe: [Array],
412 silly audit report       cvss: [Object]
412 silly audit report     },
412 silly audit report     {
412 silly audit report       id: 1113465,
412 silly audit report       url: 'https://github.com/advisories/GHSA-3ppc-4f35-3m26',
412 silly audit report       title: 'minimatch has a ReDoS via repeated wildcards with non-matching literal in pattern',
412 silly audit report       severity: 'high',
412 silly audit report       vulnerable_versions: '>=9.0.0 <9.0.6',
412 silly audit report       cwe: [Array],
412 silly audit report       cvss: [Object]
412 silly audit report     },
412 silly audit report     {
412 silly audit report       id: 1113538,
412 silly audit report       url: 'https://github.com/advisories/GHSA-7r86-cg39-jmmj',
412 silly audit report       title: 'minimatch has ReDoS: matchOne() combinatorial backtracking via multiple non-adjacent GLOBSTAR segments',
412 silly audit report       severity: 'high',
412 silly audit report       vulnerable_versions: '<3.1.3',
412 silly audit report       cwe: [Array],
412 silly audit report       cvss: [Object]
412 silly audit report     },
412 silly audit report     {
412 silly audit report       id: 1113544,
412 silly audit report       url: 'https://github.com/advisories/GHSA-7r86-cg39-jmmj',
412 silly audit report       title: 'minimatch has ReDoS: matchOne() combinatorial backtracking via multiple non-adjacent GLOBSTAR segments',
412 silly audit report       severity: 'high',
412 silly audit report       vulnerable_versions: '>=9.0.0 <9.0.7',
412 silly audit report       cwe: [Array],
412 silly audit report       cvss: [Object]
412 silly audit report     },
412 silly audit report     {
412 silly audit report       id: 1113546,
412 silly audit report       url: 'https://github.com/advisories/GHSA-23c5-xmqv-rm74',
412 silly audit report       title: 'minimatch ReDoS: nested *() extglobs generate catastrophically backtracking regular expressions',
412 silly audit report       severity: 'high',
412 silly audit report       vulnerable_versions: '<3.1.4',
412 silly audit report       cwe: [Array],
412 silly audit report       cvss: [Object]
412 silly audit report     },
412 silly audit report     {
412 silly audit report       id: 1113552,
412 silly audit report       url: 'https://github.com/advisories/GHSA-23c5-xmqv-rm74',
412 silly audit report       title: 'minimatch ReDoS: nested *() extglobs generate catastrophically backtracking regular expressions',
412 silly audit report       severity: 'high',
412 silly audit report       vulnerable_versions: '>=9.0.0 <9.0.7',
412 silly audit report       cwe: [Array],
412 silly audit report       cvss: [Object]
412 silly audit report     }
412 silly audit report   ],
412 silly audit report   dompurify: [
412 silly audit report     {
412 silly audit report       id: 1105772,
412 silly audit report       url: 'https://github.com/advisories/GHSA-vhxf-7vqr-mrjg',
412 silly audit report       title: 'DOMPurify allows Cross-site Scripting (XSS)',
412 silly audit report       severity: 'moderate',
412 silly audit report       vulnerable_versions: '<3.2.4',
412 silly audit report       cwe: [Array],
412 silly audit report       cvss: [Object]
412 silly audit report     },
412 silly audit report     {
412 silly audit report       id: 1120802,
412 silly audit report       url: 'https://github.com/advisories/GHSA-hpcv-96wg-7vj8',
412 silly audit report       title: 'DOMPurify: Cross-realm IN_PLACE sanitization leaves executable markup intact via realm-bound `instanceof` checks',
412 silly audit report       severity: 'moderate',
412 silly audit report       vulnerable_versions: '<=3.4.5',
412 silly audit report       cwe: [Array],
412 silly audit report       cvss: [Object]
412 silly audit report     },
412 silly audit report     {
412 silly audit report       id: 1120803,
412 silly audit report       url: 'https://github.com/advisories/GHSA-r47g-fvhr-h676',
412 silly audit report       title: 'DOMPurify: IN_PLACE mode preserves attributes of a clobbered root element, allowing XSS via attacker-controlled root DOM',
412 silly audit report       severity: 'moderate',
412 silly audit report       vulnerable_versions: '<=3.4.5',
412 silly audit report       cwe: [Array],
412 silly audit report       cvss: [Object]
412 silly audit report     },
412 silly audit report     {
412 silly audit report       id: 1120813,
412 silly audit report       url: 'https://github.com/advisories/GHSA-rp9w-3fw7-7cwq',
412 silly audit report       title: 'DOMPurify IN_PLACE Sanitization Bypass via Attached Shadow Root Inside <template>.content',
412 silly audit report       severity: 'moderate',
412 silly audit report       vulnerable_versions: '<=3.4.6',
412 silly audit report       cwe: [Array],
412 silly audit report       cvss: [Object]
412 silly audit report     },
412 silly audit report     {
412 silly audit report       id: 1117138,
412 silly audit report       url: 'https://github.com/advisories/GHSA-h7mw-gpvr-xq4m',
412 silly audit report       title: 'DOMPurify: FORBID_TAGS bypassed by function-based ADD_TAGS predicate (asymmetry with FORBID_ATTR fix)',
412 silly audit report       severity: 'moderate',
412 silly audit report       vulnerable_versions: '<3.4.0',
412 silly audit report       cwe: [Array],
412 silly audit report       cvss: [Object]
412 silly audit report     },
412 silly audit report     {
412 silly audit report       id: 1117139,
412 silly audit report       url: 'https://github.com/advisories/GHSA-crv5-9vww-q3g8',
412 silly audit report       title: 'DOMPurify has a SAFE_FOR_TEMPLATES bypass in RETURN_DOM mode',
412 silly audit report       severity: 'moderate',
412 silly audit report       vulnerable_versions: '>=1.0.10 <3.4.0',
412 silly audit report       cwe: [Array],
412 silly audit report       cvss: [Object]
412 silly audit report     },
412 silly audit report     {
412 silly audit report       id: 1124022,
412 silly audit report       url: 'https://github.com/advisories/GHSA-c2j3-45gr-mqc4',
412 silly audit report       title: 'DOMPurify: `CUSTOM_ELEMENT_HANDLING` bypasses `afterSanitizeElements` for allowed custom elements.',
412 silly audit report       severity: 'low',
412 silly audit report       vulnerable_versions: '<=3.4.11',
412 silly audit report       cwe: [Array],
412 silly audit report       cvss: [Object]
412 silly audit report     },
412 silly audit report     {
412 silly audit report       id: 1124233,
412 silly audit report       url: 'https://github.com/advisories/GHSA-cmwh-pvxp-8882',
412 silly audit report       title: 'DOMPurify: Permanent `ALLOWED_ATTR` pollution via `setConfig()` bypassing the hook clone-guard (incomplete fix of the 3.4.7 hook-pollution patch)',
412 silly audit report       severity: 'moderate',
412 silly audit report       vulnerable_versions: '<=3.4.10',
412 silly audit report       cwe: [Array],
412 silly audit report       cvss: [Object]
412 silly audit report     },
412 silly audit report     {
412 silly audit report       id: 1124234,
412 silly audit report       url: 'https://github.com/advisories/GHSA-vxr8-fq34-vvx9',
412 silly audit report       title: 'DOMPurify: Trusted Types policy survives `clearConfig()` and can poison later `RETURN_TRUSTED_TYPE` output',
412 silly audit report       severity: 'low',
412 silly audit report       vulnerable_versions: '<3.4.9',
412 silly audit report       cwe: [Array],
412 silly audit report       cvss: [Object]
412 silly audit report     },
412 silly audit report     {
412 silly audit report       id: 1124236,
412 silly audit report       url: 'https://github.com/advisories/GHSA-x4vx-rjvf-j5p4',
412 silly audit report       title: 'DOMPurify: `IN_PLACE` mode trusts attacker-controlled `nodeName` on live non-form nodes, allowing script retention and XSS via attacker-supplied DOM objects',
412 silly audit report       severity: 'low',
412 silly audit report       vulnerable_versions: '<=3.4.6',
412 silly audit report       cwe: [Array],
412 silly audit report       cvss: [Object]
412 silly audit report     },
412 silly audit report     {
412 silly audit report       id: 1124237,
412 silly audit report       url: 'https://github.com/advisories/GHSA-76mc-f452-cxcm',
412 silly audit report       title: 'DOMPurify: Hook mutation of `data.allowedTags` / `data.allowedAttributes` permanently pollutes `DEFAULT_ALLOWED_TAGS` / `DEFAULT_ALLOWED_ATTR`',
412 silly audit report       severity: 'moderate',
412 silly audit report       vulnerable_versions: '<3.4.7',
412 silly audit report       cwe: [Array],
412 silly audit report       cvss: [Object]
412 silly audit report     },
412 silly audit report     {
412 silly audit report       id: 1124238,
412 silly audit report       url: 'https://github.com/advisories/GHSA-39q2-94rc-95cp',
412 silly audit report       title: "DOMPurify's ADD_TAGS function form bypasses FORBID_TAGS due to short-circuit evaluation",
412 silly audit report       severity: 'moderate',
412 silly audit report       vulnerable_versions: '<=3.3.3',
412 silly audit report       cwe: [Array],
412 silly audit report       cvss: [Object]
412 silly audit report     },
412 silly audit report     {
412 silly audit report       id: 1124239,
412 silly audit report       url: 'https://github.com/advisories/GHSA-cjmm-f4jc-qw8r',
412 silly audit report       title: 'DOMPurify ADD_ATTR predicate skips URI validation',
412 silly audit report       severity: 'moderate',
412 silly audit report       vulnerable_versions: '<=3.3.1',
412 silly audit report       cwe: [Array],
412 silly audit report       cvss: [Object]
412 silly audit report     },
412 silly audit report     {
412 silly audit report       id: 1124240,
412 silly audit report       url: 'https://github.com/advisories/GHSA-cj63-jhhr-wcxv',
412 silly audit report       title: 'DOMPurify USE_PROFILES prototype pollution allows event handlers',
412 silly audit report       severity: 'moderate',
412 silly audit report       vulnerable_versions: '<=3.3.1',
412 silly audit report       cwe: [Array],
412 silly audit report       cvss: [Object]
412 silly audit report     },
412 silly audit report     {
412 silly audit report       id: 1124241,
412 silly audit report       url: 'https://github.com/advisories/GHSA-h8r8-wccr-v5f2',
412 silly audit report       title: 'DOMPurify is vulnerable to mutation-XSS via Re-Contextualization ',
412 silly audit report       severity: 'moderate',
412 silly audit report       vulnerable_versions: '<3.3.2',
412 silly audit report       cwe: [Array],
412 silly audit report       cvss: [Object]
412 silly audit report     },
412 silly audit report     {
412 silly audit report       id: 1138538,
412 silly audit report       url: 'https://github.com/advisories/GHSA-55q2-fjhq-7xh7',
412 silly audit report       title: 'DOMPurify: IN_PLACE hook removal leaves a detached subtree executable, causing XSS',
412 silly audit report       severity: 'moderate',
412 silly audit report       vulnerable_versions: '<=3.4.12',
412 silly audit report       cwe: [Array],
412 silly audit report       cvss: [Object]
412 silly audit report     }
412 silly audit report   ],
412 silly audit report   'extract-zip': [
412 silly audit report     {
412 silly audit report       id: 1139346,
412 silly audit report       url: 'https://github.com/advisories/GHSA-jmr9-qjv8-65gv',
412 silly audit report       title: 'extract-zip unvalidated symlink path traversal',
412 silly audit report       severity: 'high',
412 silly audit report       vulnerable_versions: '<=2.0.1',
412 silly audit report       cwe: [Array],
412 silly audit report       cvss: [Object]
412 silly audit report     },
412 silly audit report     {
412 silly audit report       id: 1193685,
412 silly audit report       url: 'https://github.com/advisories/GHSA-7pqw-9j4j-h8q3',
412 silly audit report       title: 'extract-zip allows arbitrary file writes through symlink archive entries',
412 silly audit report       severity: 'high',
412 silly audit report       vulnerable_versions: '<=2.0.1',
412 silly audit report       cwe: [Array],
412 silly audit report       cvss: [Object]
412 silly audit report     }
412 silly audit report   ],
412 silly audit report   'fast-xml-parser': [
412 silly audit report     {
412 silly audit report       id: 1117911,
412 silly audit report       url: 'https://github.com/advisories/GHSA-gh4j-gqv2-49f6',
412 silly audit report       title: 'fast-xml-parser XMLBuilder: XML Comment and CDATA Injection via Unescaped Delimiters',
412 silly audit report       severity: 'moderate',
412 silly audit report       vulnerable_versions: '<5.7.0',
412 silly audit report       cwe: [Array],
412 silly audit report       cvss: [Object]
412 silly audit report     },
412 silly audit report     {
412 silly audit report       id: 1113567,
412 silly audit report       url: 'https://github.com/advisories/GHSA-m7jm-9gc2-mpf2',
412 silly audit report       title: 'fast-xml-parser has an entity encoding bypass via regex injection in DOCTYPE entity names',
412 silly audit report       severity: 'critical',
412 silly audit report       vulnerable_versions: '>=4.1.3 <4.5.4',
412 silly audit report       cwe: [Array],
412 silly audit report       cvss: [Object]
412 silly audit report     },
412 silly audit report     {
412 silly audit report       id: 1113570,
412 silly audit report       url: 'https://github.com/advisories/GHSA-jmr7-xgp7-cmfj',
412 silly audit report       title: 'fast-xml-parser affected by DoS through entity expansion in DOCTYPE (no expansion limit)',
412 silly audit report       severity: 'high',
412 silly audit report       vulnerable_versions: '>=4.1.3 <4.5.4',
412 silly audit report       cwe: [Array],
412 silly audit report       cvss: [Object]
412 silly audit report     },
412 silly audit report     {
412 silly audit report       id: 1114149,
412 silly audit report       url: 'https://github.com/advisories/GHSA-fj3w-jwp8-x2g3',
412 silly audit report       title: 'fast-xml-parser has stack overflow in XMLBuilder with preserveOrder',
412 silly audit report       severity: 'low',
412 silly audit report       vulnerable_versions: '>=4.0.0-beta.0 <4.5.4',
412 silly audit report       cwe: [Array],
412 silly audit report       cvss: [Object]
412 silly audit report     },
412 silly audit report     {
412 silly audit report       id: 1115338,
412 silly audit report       url: 'https://github.com/advisories/GHSA-8gc5-j5rx-235r',
412 silly audit report       title: 'fast-xml-parser affected by numeric entity expansion bypassing all entity expansion limits (incomplete fix for CVE-2026-26278)',
412 silly audit report       severity: 'high',
412 silly audit report       vulnerable_versions: '>=4.0.0-beta.3 <4.5.5',
412 silly audit report       cwe: [Array],
412 silly audit report       cvss: [Object]
412 silly audit report     },
412 silly audit report     {
412 silly audit report       id: 1116308,
412 silly audit report       url: 'https://github.com/advisories/GHSA-jp2q-39xq-3w4g',
412 silly audit report       title: 'Entity Expansion Limits Bypassed When Set to Zero Due to JavaScript Falsy Evaluation in fast-xml-parser',
412 silly audit report       severity: 'moderate',
412 silly audit report       vulnerable_versions: '>=4.0.0-beta.3 <4.5.5',
412 silly audit report       cwe: [Array],
412 silly audit report       cvss: [Object]
412 silly audit report     }
412 silly audit report   ],
412 silly audit report   'follow-redirects': [
412 silly audit report     {
412 silly audit report       id: 1116560,
412 silly audit report       url: 'https://github.com/advisories/GHSA-r4q5-vmmm-2653',
412 silly audit report       title: 'follow-redirects leaks Custom Authentication Headers to Cross-Domain Redirect Targets',
412 silly audit report       severity: 'moderate',
412 silly audit report       vulnerable_versions: '<=1.15.11',
412 silly audit report       cwe: [Array],
412 silly audit report       cvss: [Object]
412 silly audit report     }
412 silly audit report   ],
412 silly audit report   handlebars: [
412 silly audit report     {
412 silly audit report       id: 1115538,
412 silly audit report       url: 'https://github.com/advisories/GHSA-3mfm-83xf-c92r',
412 silly audit report       title: 'Handlebars.js has JavaScript Injection via AST Type Confusion by tampering @partial-block',
412 silly audit report       severity: 'high',
412 silly audit report       vulnerable_versions: '>=4.0.0 <=4.7.8',
412 silly audit report       cwe: [Array],
412 silly audit report       cvss: [Object]
412 silly audit report     },
412 silly audit report     {
412 silly audit report       id: 1115539,
412 silly audit report       url: 'https://github.com/advisories/GHSA-2w6w-674q-4c4q',
412 silly audit report       title: 'Handlebars.js has JavaScript Injection via AST Type Confusion',
412 silly audit report       severity: 'critical',
412 silly audit report       vulnerable_versions: '>=4.0.0 <=4.7.8',
412 silly audit report       cwe: [Array],
412 silly audit report       cvss: [Object]
412 silly audit report     },
412 silly audit report     {
412 silly audit report       id: 1115544,
412 silly audit report       url: 'https://github.com/advisories/GHSA-2qvq-rjwj-gvw9',
412 silly audit report       title: 'Handlebars.js has Prototype Pollution Leading to XSS through Partial Template Injection',
412 silly audit report       severity: 'moderate',
412 silly audit report       vulnerable_versions: '>=4.0.0 <4.7.9',
412 silly audit report       cwe: [Array],
412 silly audit report       cvss: [Object]
412 silly audit report     },
412 silly audit report     {
412 silly audit report       id: 1115588,
412 silly audit report       url: 'https://github.com/advisories/GHSA-7rx3-28cr-v5wh',
412 silly audit report       title: 'Handlebars.js has a Prototype Method Access Control Gap via Missing __lookupSetter__ Blocklist Entry',
412 silly audit report       severity: 'moderate',
412 silly audit report       vulnerable_versions: '>=4.6.0 <=4.7.8',
412 silly audit report       cwe: [Array],
412 silly audit report       cvss: [Object]
412 silly audit report     },
412 silly audit report     {
412 silly audit report       id: 1115589,
412 silly audit report       url: 'https://github.com/advisories/GHSA-442j-39wm-28r2',
412 silly audit report       title: 'Handlebars.js has a Property Access Validation Bypass in container.lookup',
412 silly audit report       severity: 'low',
412 silly audit report       vulnerable_versions: '>=4.0.0 <=4.7.8',
412 silly audit report       cwe: [Array],
412 silly audit report       cvss: [Object]
412 silly audit report     },
412 silly audit report     {
412 silly audit report       id: 1115693,
412 silly audit report       url: 'https://github.com/advisories/GHSA-xhpv-hc6g-r9c6',
412 silly audit report       title: 'Handlebars.js has JavaScript Injection via AST Type Confusion when passing an object as dynamic partial',
412 silly audit report       severity: 'high',
412 silly audit report       vulnerable_versions: '>=4.0.0 <=4.7.8',
412 silly audit report       cwe: [Array],
412 silly audit report       cvss: [Object]
412 silly audit report     },
412 silly audit report     {
412 silly audit report       id: 1115694,
412 silly audit report       url: 'https://github.com/advisories/GHSA-9cx6-37pm-9jff',
412 silly audit report       title: 'Handlebars.js has Denial of Service via Malformed Decorator Syntax in Template Compilation',
412 silly audit report       severity: 'high',
412 silly audit report       vulnerable_versions: '>=4.0.0 <=4.7.8',
412 silly audit report       cwe: [Array],
412 silly audit report       cvss: [Object]
412 silly audit report     },
412 silly audit report     {
412 silly audit report       id: 1117465,
412 silly audit report       url: 'https://github.com/advisories/GHSA-xjpj-3mr7-gcpf',
412 silly audit report       title: 'Handlebars.js has JavaScript Injection in CLI Precompiler via Unescaped Names and Options',
412 silly audit report       severity: 'high',
412 silly audit report       vulnerable_versions: '>=4.0.0 <=4.7.8',
412 silly audit report       cwe: [Array],
412 silly audit report       cvss: [Object]
412 silly audit report     }
412 silly audit report   ],
412 silly audit report   'js-yaml': [
412 silly audit report     {
412 silly audit report       id: 1121860,
412 silly audit report       url: 'https://github.com/advisories/GHSA-h67p-54hq-rp68',
412 silly audit report       title: 'JS-YAML: Quadratic-complexity DoS in merge key handling via repeated aliases',
412 silly audit report       severity: 'moderate',
412 silly audit report       vulnerable_versions: '>=4.0.0 <=4.1.1',
412 silly audit report       cwe: [Array],
412 silly audit report       cvss: [Object]
412 silly audit report     },
412 silly audit report     {
412 silly audit report       id: 1123911,
412 silly audit report       url: 'https://github.com/advisories/GHSA-52cp-r559-cp3m',
412 silly audit report       title: 'js-yaml: YAML merge-key chains can force quadratic CPU consumption',
412 silly audit report       severity: 'high',
412 silly audit report       vulnerable_versions: '>=4.0.0 <4.3.0',
412 silly audit report       cwe: [Array],
412 silly audit report       cvss: [Object]
412 silly audit report     },
412 silly audit report     {
412 silly audit report       id: 1138115,
412 silly audit report       url: 'https://github.com/advisories/GHSA-5p4m-2wfm-xmqj',
412 silly audit report       title: 'JS-YAML: Quadratic CPU consumption in !!omap resolution (3.x and 4.x) — CVE-2026-59870 fix not backported',
412 silly audit report       severity: 'high',
412 silly audit report       vulnerable_versions: '>=4.0.0 <4.3.1',
412 silly audit report       cwe: [Array],
412 silly audit report       cvss: [Object]
412 silly audit report     },
412 silly audit report     {
412 silly audit report       id: 1193727,
412 silly audit report       url: 'https://github.com/advisories/GHSA-2883-xcg3-v3hh',
412 silly audit report       title: 'js-yaml: maxTotalMergeKeys does not limit CPU use for empty merge sources',
412 silly audit report       severity: 'high',
412 silly audit report       vulnerable_versions: '>=4.0.0 <4.3.2',
412 silly audit report       cwe: [Array],
412 silly audit report       cvss: [Object]
412 silly audit report     }
412 silly audit report   ],
412 silly audit report   'json-2-csv': [
412 silly audit report     {
412 silly audit report       id: 1122166,
412 silly audit report       url: 'https://github.com/advisories/GHSA-g27c-q7cp-mhx6',
412 silly audit report       title: 'json-2-csv vulnerable to CSV Injection via the preventCsvInjection optio',
412 silly audit report       severity: 'moderate',
412 silly audit report       vulnerable_versions: '>=3.15.0 <5.5.11',
412 silly audit report       cwe: [Array],
412 silly audit report       cvss: [Object]
412 silly audit report     }
412 silly audit report   ],
412 silly audit report   jspdf: [
412 silly audit report     {
412 silly audit report       id: 1103308,
412 silly audit report       url: 'https://github.com/advisories/GHSA-w532-jxjh-hjhj',
412 silly audit report       title: 'jsPDF Bypass Regular Expression Denial of Service (ReDoS)',
412 silly audit report       severity: 'high',
412 silly audit report       vulnerable_versions: '<3.0.1',
412 silly audit report       cwe: [Array],
412 silly audit report       cvss: [Object]
412 silly audit report     },
412 silly audit report     {
412 silly audit report       id: 1107412,
412 silly audit report       url: 'https://github.com/advisories/GHSA-8mvj-3j78-4qmw',
412 silly audit report       title: 'jsPDF Denial of Service (DoS)',
412 silly audit report       severity: 'high',
412 silly audit report       vulnerable_versions: '<=3.0.1',
412 silly audit report       cwe: [Array],
412 silly audit report       cvss: [Object]
412 silly audit report     },
412 silly audit report     {
412 silly audit report       id: 1112264,
412 silly audit report       url: 'https://github.com/advisories/GHSA-f8cm-6447-x5h2',
412 silly audit report       title: 'jsPDF has Local File Inclusion/Path Traversal vulnerability',
412 silly audit report       severity: 'critical',
412 silly audit report       vulnerable_versions: '<=3.0.4',
412 silly audit report       cwe: [Array],
412 silly audit report       cvss: [Object]
412 silly audit report     },
412 silly audit report     {
412 silly audit report       id: 1112801,
412 silly audit report       url: 'https://github.com/advisories/GHSA-pqxr-3g65-p328',
412 silly audit report       title: 'jsPDF has PDF Injection in AcroFormChoiceField that allows Arbitrary JavaScript Execution',
412 silly audit report       severity: 'high',
412 silly audit report       vulnerable_versions: '<=4.0.0',
412 silly audit report       cwe: [Array],
412 silly audit report       cvss: [Object]
412 silly audit report     },
412 silly audit report     {
412 silly audit report       id: 1112802,
412 silly audit report       url: 'https://github.com/advisories/GHSA-95fx-jjr5-f39c',
412 silly audit report       title: 'jsPDF Vulnerable to Denial of Service (DoS) via Unvalidated BMP Dimensions in BMPDecoder',
412 silly audit report       severity: 'high',
412 silly audit report       vulnerable_versions: '<=4.0.0',
412 silly audit report       cwe: [Array],
412 silly audit report       cvss: [Object]
412 silly audit report     },
412 silly audit report     {
412 silly audit report       id: 1112803,
412 silly audit report       url: 'https://github.com/advisories/GHSA-vm32-vv63-w422',
412 silly audit report       title: 'jsPDF Vulnerable to Stored XMP Metadata Injection (Spoofing & Integrity Violation)',
412 silly audit report       severity: 'moderate',
412 silly audit report       vulnerable_versions: '<=4.0.0',
412 silly audit report       cwe: [Array],
412 silly audit report       cvss: [Object]
412 silly audit report     },
412 silly audit report     {
412 silly audit report       id: 1112804,
412 silly audit report       url: 'https://github.com/advisories/GHSA-cjw8-79x6-5cj4',
412 silly audit report       title: 'jsPDF has Shared State Race Condition in addJS Plugin',
412 silly audit report       severity: 'moderate',
412 silly audit report       vulnerable_versions: '<=4.0.0',
412 silly audit report       cwe: [Array],
412 silly audit report       cvss: [Object]
412 silly audit report     },
412 silly audit report     {
412 silly audit report       id: 1113310,
412 silly audit report       url: 'https://github.com/advisories/GHSA-9vjf-qc39-jprp',
412 silly audit report       title: 'jsPDF has a PDF Object Injection via Unsanitized Input in addJS Method',
412 silly audit report       severity: 'high',
412 silly audit report       vulnerable_versions: '<4.2.0',
412 silly audit report       cwe: [Array],
412 silly audit report       cvss: [Object]
412 silly audit report     },
412 silly audit report     {
412 silly audit report       id: 1113324,
412 silly audit report       url: 'https://github.com/advisories/GHSA-67pg-wm7f-q7fj',
412 silly audit report       title: 'jsPDF Affected by Client-Side/Server-Side Denial of Service via Malicious GIF Dimensions',
412 silly audit report       severity: 'high',
412 silly audit report       vulnerable_versions: '<4.2.0',
412 silly audit report       cwe: [Array],
412 silly audit report       cvss: [Object]
412 silly audit report     },
412 silly audit report     {
412 silly audit report       id: 1114396,
412 silly audit report       url: 'https://github.com/advisories/GHSA-p5xg-68wr-hm3m',
412 silly audit report       title: 'jsPDF has a PDF Injection in AcroForm module allows Arbitrary JavaScript Execution (RadioButton.createOption and "AS" property)',
412 silly audit report       severity: 'high',
412 silly audit report       vulnerable_versions: '<4.2.0',
412 silly audit report       cwe: [Array],
412 silly audit report       cvss: [Object]
412 silly audit report     },
412 silly audit report     {
412 silly audit report       id: 1114950,
412 silly audit report       url: 'https://github.com/advisories/GHSA-7x6v-j9x4-qf24',
412 silly audit report       title: 'jsPDF has a PDF Object Injection via FreeText color',
412 silly audit report       severity: 'high',
412 silly audit report       vulnerable_versions: '<=4.2.0',
412 silly audit report       cwe: [Array],
412 silly audit report       cvss: [Object]
412 silly audit report     },
412 silly audit report     {
412 silly audit report       id: 1114974,
412 silly audit report       url: 'https://github.com/advisories/GHSA-wfv2-pwc8-crg5',
412 silly audit report       title: 'jsPDF has HTML Injection in New Window paths',
412 silly audit report       severity: 'critical',
412 silly audit report       vulnerable_versions: '<=4.2.0',
412 silly audit report       cwe: [Array],
412 silly audit report       cvss: [Object]
412 silly audit report     }
412 silly audit report   ],
412 silly audit report   lodash: [
412 silly audit report     {
412 silly audit report       id: 1120370,
412 silly audit report       url: 'https://github.com/advisories/GHSA-xxjr-mmjv-4gpg',
412 silly audit report       title: 'Lodash has Prototype Pollution Vulnerability in `_.unset` and `_.omit` functions',
412 silly audit report       severity: 'moderate',
412 silly audit report       vulnerable_versions: '>=4.0.0 <=4.17.22',
412 silly audit report       cwe: [Array],
412 silly audit report       cvss: [Object]
412 silly audit report     },
412 silly audit report     {
412 silly audit report       id: 1115806,
412 silly audit report       url: 'https://github.com/advisories/GHSA-r5fr-rjxr-66jc',
412 silly audit report       title: 'lodash vulnerable to Code Injection via `_.template` imports key names',
412 silly audit report       severity: 'high',
412 silly audit report       vulnerable_versions: '>=4.0.0 <=4.17.23',
412 silly audit report       cwe: [Array],
412 silly audit report       cvss: [Object]
412 silly audit report     },
412 silly audit report     {
412 silly audit report       id: 1115810,
412 silly audit report       url: 'https://github.com/advisories/GHSA-f23m-r3pf-42rh',
412 silly audit report       title: 'lodash vulnerable to Prototype Pollution via array path bypass in `_.unset` and `_.omit`',
412 silly audit report       severity: 'moderate',
412 silly audit report       vulnerable_versions: '<=4.17.23',
412 silly audit report       cwe: [Array],
412 silly audit report       cvss: [Object]
412 silly audit report     }
412 silly audit report   ],
412 silly audit report   nanoid: [
412 silly audit report     {
412 silly audit report       id: 1138811,
412 silly audit report       url: 'https://github.com/advisories/GHSA-28wg-ghj8-5hjv',
412 silly audit report       title: 'nanoid: non-secure generators can loop indefinitely with negative size',
412 silly audit report       severity: 'high',
412 silly audit report       vulnerable_versions: '<3.3.16',
412 silly audit report       cwe: [Array],
412 silly audit report       cvss: [Object]
412 silly audit report     },
412 silly audit report     {
412 silly audit report       id: 1139427,
412 silly audit report       url: 'https://github.com/advisories/GHSA-2v37-7h3g-55p8',
412 silly audit report       title: 'nanoid: custom generators can loop indefinitely when size is zero',
412 silly audit report       severity: 'high',
412 silly audit report       vulnerable_versions: '<3.3.18',
412 silly audit report       cwe: [Array],
412 silly audit report       cvss: [Object]
412 silly audit report     },
412 silly audit report     {
412 silly audit report       id: 1153189,
412 silly audit report       url: 'https://github.com/advisories/GHSA-xwg4-73v4-xw9w',
412 silly audit report       title: 'nanoid: Integer Overflow or Wraparound',
412 silly audit report       severity: 'high',
412 silly audit report       vulnerable_versions: '<3.3.12',
412 silly audit report       cwe: [Array],
412 silly audit report       cvss: [Object]
412 silly audit report     }
412 silly audit report   ],
412 silly audit report   next: [
412 silly audit report     {
412 silly audit report       id: 1117931,
412 silly audit report       url: 'https://github.com/advisories/GHSA-8h8q-6873-q5fj',
412 silly audit report       title: 'Next.js Vulnerable to Denial of Service with Server Components',
412 silly audit report       severity: 'high',
412 silly audit report       vulnerable_versions: '>=13.0.0 <15.5.16',
412 silly audit report       cwe: [Array],
412 silly audit report       cvss: [Object]
412 silly audit report     },
412 silly audit report     {
412 silly audit report       id: 1118939,
412 silly audit report       url: 'https://github.com/advisories/GHSA-26hh-7cqf-hhc6',
412 silly audit report       title: 'Next.js has a Middleware / Proxy bypass in App Router applications via segment-prefetch routes - Incomplete Fix Follow-Up',
412 silly audit report       severity: 'high',
412 silly audit report       vulnerable_versions: '>=15.2.0 <15.5.18',
412 silly audit report       cwe: [Array],
412 silly audit report       cvss: [Object]
412 silly audit report     },
412 silly audit report     {
412 silly audit report       id: 1118942,
412 silly audit report       url: 'https://github.com/advisories/GHSA-3g8h-86w9-wvmq',
412 silly audit report       title: "Next.js's Middleware / Proxy redirects can be cache-poisoned",
412 silly audit report       severity: 'low',
412 silly audit report       vulnerable_versions: '>=12.2.0 <15.5.16',
412 silly audit report       cwe: [Array],
412 silly audit report       cvss: [Object]
412 silly audit report     },
412 silly audit report     {
412 silly audit report       id: 1118944,
412 silly audit report       url: 'https://github.com/advisories/GHSA-ffhc-5mcf-pf4q',
412 silly audit report       title: 'Next.js vulnerable to cross-site scripting in App Router applications using CSP nonces',
412 silly audit report       severity: 'moderate',
412 silly audit report       vulnerable_versions: '>=13.4.0 <15.5.16',
412 silly audit report       cwe: [Array],
412 silly audit report       cvss: [Object]
412 silly audit report     },
412 silly audit report     {
412 silly audit report       id: 1118946,
412 silly audit report       url: 'https://github.com/advisories/GHSA-vfv6-92ff-j949',
412 silly audit report       title: 'Next.js vulnerable to cache poisoning via collisions in React Server Component cache-busting',
412 silly audit report       severity: 'low',
412 silly audit report       vulnerable_versions: '>=13.4.6 <15.5.16',
412 silly audit report       cwe: [Array],
412 silly audit report       cvss: [Object]
412 silly audit report     },
412 silly audit report     {
412 silly audit report       id: 1118948,
412 silly audit report       url: 'https://github.com/advisories/GHSA-gx5p-jg67-6x7h',
412 silly audit report       title: 'Next.js has cross-site scripting in beforeInteractive scripts with untrusted input',
412 silly audit report       severity: 'moderate',
412 silly audit report       vulnerable_versions: '>=13.0.0 <15.5.16',
412 silly audit report       cwe: [Array],
412 silly audit report       cvss: [Object]
412 silly audit report     },
412 silly audit report     {
412 silly audit report       id: 1118950,
412 silly audit report       url: 'https://github.com/advisories/GHSA-mg66-mrh9-m8jx',
412 silly audit report       title: 'Next.js vulnerable to Denial of Service via connection exhaustion in applications using Cache Components',
412 silly audit report       severity: 'high',
412 silly audit report       vulnerable_versions: '>=15.0.0 <15.5.16',
412 silly audit report       cwe: [Array],
412 silly audit report       cvss: [Object]
412 silly audit report     },
412 silly audit report     {
412 silly audit report       id: 1118952,
412 silly audit report       url: 'https://github.com/advisories/GHSA-h64f-5h5j-jqjh',
412 silly audit report       title: 'Next.js has a Denial of Service in the Image Optimization API',
412 silly audit report       severity: 'moderate',
412 silly audit report       vulnerable_versions: '>=10.0.0 <15.5.16',
412 silly audit report       cwe: [Array],
412 silly audit report       cvss: [Object]
412 silly audit report     },
412 silly audit report     {
412 silly audit report       id: 1118954,
412 silly audit report       url: 'https://github.com/advisories/GHSA-c4j6-fc7j-m34r',
412 silly audit report       title: 'Next.js vulnerable to server-side request forgery in applications using WebSocket upgrades',
412 silly audit report       severity: 'high',
412 silly audit report       vulnerable_versions: '>=13.4.13 <15.5.16',
412 silly audit report       cwe: [Array],
412 silly audit report       cvss: [Object]
412 silly audit report     },
412 silly audit report     {
412 silly audit report       id: 1118956,
412 silly audit report       url: 'https://github.com/advisories/GHSA-492v-c6pp-mqqv',
412 silly audit report       title: 'Next.js has a Middleware / Proxy bypass through dynamic route parameter injection',
412 silly audit report       severity: 'high',
412 silly audit report       vulnerable_versions: '>=15.4.0 <15.5.16',
412 silly audit report       cwe: [Array],
412 silly audit report       cvss: [Object]
412 silly audit report     },
412 silly audit report     {
412 silly audit report       id: 1118958,
412 silly audit report       url: 'https://github.com/advisories/GHSA-wfc6-r584-vfw7',
412 silly audit report       title: 'Next.js vulnerable to cache poisoning in React Server Component responses',
412 silly audit report       severity: 'moderate',
412 silly audit report       vulnerable_versions: '>=14.2.0 <15.5.16',
412 silly audit report       cwe: [Array],
412 silly audit report       cvss: [Object]
412 silly audit report     },
412 silly audit report     {
412 silly audit report       id: 1118960,
412 silly audit report       url: 'https://github.com/advisories/GHSA-267c-6grr-h53f',
412 silly audit report       title: 'Next.js has a Middleware / Proxy bypass in App Router applications via segment-prefetch routes',
412 silly audit report       severity: 'high',
412 silly audit report       vulnerable_versions: '>=15.2.0 <15.5.16',
412 silly audit report       cwe: [Array],
412 silly audit report       cvss: [Object]
412 silly audit report     },
412 silly audit report     {
412 silly audit report       id: 1118962,
412 silly audit report       url: 'https://github.com/advisories/GHSA-36qx-fr4f-26g5',
412 silly audit report       title: 'Next.js has a Middleware / Proxy bypass in Pages Router applications using i18n',
412 silly audit report       severity: 'high',
412 silly audit report       vulnerable_versions: '>=12.2.0 <15.5.16',
412 silly audit report       cwe: [Array],
412 silly audit report       cvss: [Object]
412 silly audit report     },
412 silly audit report     {
412 silly audit report       id: 1112593,
412 silly audit report       url: 'https://github.com/advisories/GHSA-9g9p-9gw9-jx7f',
412 silly audit report       title: 'Next.js self-hosted applications vulnerable to DoS via Image Optimizer remotePatterns configuration',
412 silly audit report       severity: 'moderate',
412 silly audit report       vulnerable_versions: '>=10.0.0 <15.5.10',
412 silly audit report       cwe: [Array],
412 silly audit report       cvss: [Object]
412 silly audit report     },
412 silly audit report     {
412 silly audit report       id: 1112648,
412 silly audit report       url: 'https://github.com/advisories/GHSA-h25m-26qc-wcjf',
412 silly audit report       title: 'Next.js HTTP request deserialization can lead to DoS when using insecure React Server Components',
412 silly audit report       severity: 'high',
412 silly audit report       vulnerable_versions: '>=15.5.1-canary.0 <15.5.10',
412 silly audit report       cwe: [Array],
412 silly audit report       cvss: [Object]
412 silly audit report     },
412 silly audit report     {
412 silly audit report       id: 1114897,
412 silly audit report       url: 'https://github.com/advisories/GHSA-ggv3-7p47-pfv8',
412 silly audit report       title: 'Next.js: HTTP request smuggling in rewrites',
412 silly audit report       severity: 'moderate',
412 silly audit report       vulnerable_versions: '>=9.5.0 <15.5.13',
412 silly audit report       cwe: [Array],
412 silly audit report       cvss: [Object]
412 silly audit report     },
412 silly audit report     {
412 silly audit report       id: 1114940,
412 silly audit report       url: 'https://github.com/advisories/GHSA-3x4c-7xq6-9pq8',
412 silly audit report       title: 'Next.js: Unbounded next/image disk cache growth can exhaust storage',
412 silly audit report       severity: 'moderate',
412 silly audit report       vulnerable_versions: '>=10.0.0 <15.5.14',
412 silly audit report       cwe: [Array],
412 silly audit report       cvss: [Object]
412 silly audit report     },
412 silly audit report     {
412 silly audit report       id: 1116376,
412 silly audit report       url: 'https://github.com/advisories/GHSA-q4gf-8mx6-v5v3',
412 silly audit report       title: 'Next.js has a Denial of Service with Server Components',
412 silly audit report       severity: 'high',
412 silly audit report       vulnerable_versions: '>=13.0.0 <15.5.15',
412 silly audit report       cwe: [Array],
412 silly audit report       cvss: [Object]
412 silly audit report     },
412 silly audit report     {
412 silly audit report       id: 1124185,
412 silly audit report       url: 'https://github.com/advisories/GHSA-89xv-2m56-2m9x',
412 silly audit report       title: 'Next.js: Server-Side Request Forgery in Server Actions on custom servers',
412 silly audit report       severity: 'high',
412 silly audit report       vulnerable_versions: '>=14.1.1 <15.5.21',
412 silly audit report       cwe: [Array],
412 silly audit report       cvss: [Object]
412 silly audit report     },
412 silly audit report     {
412 silly audit report       id: 1124172,
412 silly audit report       url: 'https://github.com/advisories/GHSA-m99w-x7hq-7vfj',
412 silly audit report       title: 'Next.js: Denial of Service in App Router using Server Actions',
412 silly audit report       severity: 'high',
412 silly audit report       vulnerable_versions: '>=13.0.0 <15.5.21',
412 silly audit report       cwe: [Array],
412 silly audit report       cvss: [Object]
412 silly audit report     },
412 silly audit report     {
412 silly audit report       id: 1124187,
412 silly audit report       url: 'https://github.com/advisories/GHSA-68g3-v927-f742',
412 silly audit report       title: 'Next.js: Cache confusion of response bodies for requests with bodies',
412 silly audit report       severity: 'moderate',
412 silly audit report       vulnerable_versions: '>=13.0.0 <15.5.21',
412 silly audit report       cwe: [Array],
412 silly audit report       cvss: [Object]
412 silly audit report     },
412 silly audit report     {
412 silly audit report       id: 1124189,
412 silly audit report       url: 'https://github.com/advisories/GHSA-4633-3j49-mh5q',
412 silly audit report       title: 'Next.js: Cache confusion of response bodies for requests with bodies containing invalid UTF-8 byte sequences',
412 silly audit report       severity: 'moderate',
412 silly audit report       vulnerable_versions: '>=13.0.0 <15.5.21',
412 silly audit report       cwe: [Array],
412 silly audit report       cvss: [Object]
412 silly audit report     },
412 silly audit report     {
412 silly audit report       id: 1124191,
412 silly audit report       url: 'https://github.com/advisories/GHSA-4c39-4ccg-62r3',
412 silly audit report       title: 'Next.js: Unbounded Server Action payload in Edge runtime',
412 silly audit report       severity: 'moderate',
412 silly audit report       vulnerable_versions: '>=13.0.0 <15.5.21',
412 silly audit report       cwe: [Array],
412 silly audit report       cvss: [Object]
412 silly audit report     },
412 silly audit report     {
412 silly audit report       id: 1124193,
412 silly audit report       url: 'https://github.com/advisories/GHSA-p9j2-gv94-2wf4',
412 silly audit report       title: 'Next.js: Server-Side Request Forgery in rewrites via attacker-controlled destination hostname',
412 silly audit report       severity: 'high',
412 silly audit report       vulnerable_versions: '>=12.0.0 <15.5.21',
412 silly audit report       cwe: [Array],
412 silly audit report       cvss: [Object]
412 silly audit report     },
412 silly audit report     {
412 silly audit report       id: 1124195,
412 silly audit report       url: 'https://github.com/advisories/GHSA-q8wf-6r8g-63ch',
412 silly audit report       title: 'Next.js: Denial of Service in the Image Optimization API using SVGs',
412 silly audit report       severity: 'moderate',
412 silly audit report       vulnerable_versions: '>=15.5.0 <15.5.21',
412 silly audit report       cwe: [Array],
412 silly audit report       cvss: [Object]
412 silly audit report     },
412 silly audit report     {
412 silly audit report       id: 1124197,
412 silly audit report       url: 'https://github.com/advisories/GHSA-955p-x3mx-jcvp',
412 silly audit report       title: 'Next.js: Unauthenticated disclosure of internal Server Function endpoints',
412 silly audit report       severity: 'moderate',
412 silly audit report       vulnerable_versions: '>=13.0.0 <15.5.21',
412 silly audit report       cwe: [Array],
412 silly audit report       cvss: [Object]
412 silly audit report     },
412 silly audit report     {
412 silly audit report       id: 1193677,
412 silly audit report       url: 'https://github.com/advisories/GHSA-p293-qw3h-jr36',
412 silly audit report       title: 'Next.js: Unauthenticated Remote Code Execution on windows-hosted servers',
412 silly audit report       severity: 'critical',
412 silly audit report       vulnerable_versions: '>=13.4.0 <15.5.24',
412 silly audit report       cwe: [Array],
412 silly audit report       cvss: [Object]
412 silly audit report     },
412 silly audit report     {
412 silly audit report       id: 1193733,
412 silly audit report       url: 'https://github.com/advisories/GHSA-2xp9-vwfh-vxw4',
412 silly audit report       title: 'Next.js: Unauthenticated Remote Code Execution in Image Optimization API when AVIF files are used',
412 silly audit report       severity: 'critical',
412 silly audit report       vulnerable_versions: '>=10.0.0 <15.5.24',
412 silly audit report       cwe: [Array],
412 silly audit report       cvss: [Object]
412 silly audit report     }
412 silly audit report   ],
412 silly audit report   postcss: [
412 silly audit report     {
412 silly audit report       id: 1130709,
412 silly audit report       url: 'https://github.com/advisories/GHSA-fxqj-rqcc-2cmp',
412 silly audit report       title: 'PostCSS: incomplete fix of GHSA-6g55-p6wh-862q — attacker-controlled sourceMappingURL reads arbitrary .map files when `from` is unset',
412 silly audit report       severity: 'moderate',
412 silly audit report       vulnerable_versions: '<=8.5.22',
412 silly audit report       cwe: [Array],
412 silly audit report       cvss: [Object]
412 silly audit report     },
412 silly audit report     {
412 silly audit report       id: 1117015,
412 silly audit report       url: 'https://github.com/advisories/GHSA-qx2v-qp2m-jg93',
412 silly audit report       title: 'PostCSS has XSS via Unescaped </style> in its CSS Stringify Output',
412 silly audit report       severity: 'moderate',
412 silly audit report       vulnerable_versions: '<8.5.10',
412 silly audit report       cwe: [Array],
412 silly audit report       cvss: [Object]
412 silly audit report     },
412 silly audit report     {
412 silly audit report       id: 1124252,
412 silly audit report       url: 'https://github.com/advisories/GHSA-6g55-p6wh-862q',
412 silly audit report       title: 'PostCSS: Arbitrary file read and information disclosure via attacker-controlled sourceMappingURL in CSS comments',
412 silly audit report       severity: 'high',
412 silly audit report       vulnerable_versions: '<=8.5.11',
412 silly audit report       cwe: [Array],
412 silly audit report       cvss: [Object]
412 silly audit report     },
412 silly audit report     {
412 silly audit report       id: 1139510,
412 silly audit report       url: 'https://github.com/advisories/GHSA-r28c-9q8g-f849',
412 silly audit report       title: 'PostCSS: Path Traversal in Previous Source Map Auto-Loading (sourceMappingURL) leads to Arbitrary .map File Disclosure',
412 silly audit report       severity: 'high',
412 silly audit report       vulnerable_versions: '<=8.5.17',
412 silly audit report       cwe: [Array],
412 silly audit report       cvss: [Object]
412 silly audit report     }
412 silly audit report   ],
412 silly audit report   'node-forge': [
412 silly audit report     {
412 silly audit report       id: 1115545,
412 silly audit report       url: 'https://github.com/advisories/GHSA-2328-f5f3-gj25',
412 silly audit report       title: 'Forge has a basicConstraints bypass in its certificate chain verification (RFC 5280 violation)',
412 silly audit report       severity: 'high',
412 silly audit report       vulnerable_versions: '<=1.3.3',
412 silly audit report       cwe: [Array],
412 silly audit report       cvss: [Object]
412 silly audit report     },
412 silly audit report     {
412 silly audit report       id: 1115546,
412 silly audit report       url: 'https://github.com/advisories/GHSA-q67f-28xg-22rw',
412 silly audit report       title: 'Forge has signature forgery in Ed25519 due to missing S > L check',
412 silly audit report       severity: 'high',
412 silly audit report       vulnerable_versions: '<1.4.0',
412 silly audit report       cwe: [Array],
412 silly audit report       cvss: [Object]
412 silly audit report     },
412 silly audit report     {
412 silly audit report       id: 1115548,
412 silly audit report       url: 'https://github.com/advisories/GHSA-5m6q-g25r-mvwx',
412 silly audit report       title: 'Forge has Denial of Service via Infinite Loop in BigInteger.modInverse() with Zero Input',
412 silly audit report       severity: 'high',
412 silly audit report       vulnerable_versions: '<1.4.0',
412 silly audit report       cwe: [Array],
412 silly audit report       cvss: [Object]
412 silly audit report     },
412 silly audit report     {
412 silly audit report       id: 1115612,
412 silly audit report       url: 'https://github.com/advisories/GHSA-ppp5-5v6c-4jwp',
412 silly audit report       title: 'Forge has signature forgery in RSA-PKCS due to ASN.1 extra field  ',
412 silly audit report       severity: 'high',
412 silly audit report       vulnerable_versions: '<1.4.0',
412 silly audit report       cwe: [Array],
412 silly audit report       cvss: [Object]
412 silly audit report     }
412 silly audit report   ],
412 silly audit report   'path-to-regexp': [
412 silly audit report     {
412 silly audit report       id: 1115573,
412 silly audit report       url: 'https://github.com/advisories/GHSA-j3q9-mxjg-w52f',
412 silly audit report       title: 'path-to-regexp vulnerable to Denial of Service via sequential optional groups',
412 silly audit report       severity: 'high',
412 silly audit report       vulnerable_versions: '>=8.0.0 <8.4.0',
412 silly audit report       cwe: [Array],
412 silly audit report       cvss: [Object]
412 silly audit report     },
412 silly audit report     {
412 silly audit report       id: 1115527,
412 silly audit report       url: 'https://github.com/advisories/GHSA-37ch-88jc-xwx2',
412 silly audit report       title: 'path-to-regexp vulnerable to Regular Expression Denial of Service via multiple route parameters',
412 silly audit report       severity: 'high',
412 silly audit report       vulnerable_versions: '<0.1.13',
412 silly audit report       cwe: [Array],
412 silly audit report       cvss: [Object]
412 silly audit report     },
412 silly audit report     {
412 silly audit report       id: 1115582,
412 silly audit report       url: 'https://github.com/advisories/GHSA-27v5-c462-wpq7',
412 silly audit report       title: 'path-to-regexp vulnerable to Regular Expression Denial of Service via multiple wildcards',
412 silly audit report       severity: 'moderate',
412 silly audit report       vulnerable_versions: '>=8.0.0 <8.4.0',
412 silly audit report       cwe: [Array],
412 silly audit report       cvss: [Object]
412 silly audit report     }
412 silly audit report   ],
412 silly audit report   picomatch: [
412 silly audit report     {
412 silly audit report       id: 1115549,
412 silly audit report       url: 'https://github.com/advisories/GHSA-3v7f-55p6-f55p',
412 silly audit report       title: 'Picomatch: Method Injection in POSIX Character Classes causes incorrect Glob Matching',
412 silly audit report       severity: 'moderate',
412 silly audit report       vulnerable_versions: '<2.3.2',
412 silly audit report       cwe: [Array],
412 silly audit report       cvss: [Object]
412 silly audit report     },
412 silly audit report     {
412 silly audit report       id: 1115552,
412 silly audit report       url: 'https://github.com/advisories/GHSA-c2c7-rcm5-vvqj',
412 silly audit report       title: 'Picomatch has a ReDoS vulnerability via extglob quantifiers',
412 silly audit report       severity: 'high',
412 silly audit report       vulnerable_versions: '<2.3.2',
412 silly audit report       cwe: [Array],
412 silly audit report       cvss: [Object]
412 silly audit report     }
412 silly audit report   ],
412 silly audit report   'postcss-selector-parser': [
412 silly audit report     {
412 silly audit report       id: 1153170,
412 silly audit report       url: 'https://github.com/advisories/GHSA-w9m9-85wc-3x92',
412 silly audit report       title: 'postcss-selector-parser allows denial of service through uncontrolled AST recursion',
412 silly audit report       severity: 'low',
412 silly audit report       vulnerable_versions: '>=6.1.0 <6.1.3',
412 silly audit report       cwe: [Array],
412 silly audit report       cvss: [Object]
412 silly audit report     }
412 silly audit report   ],
412 silly audit report   protobufjs: [
412 silly audit report     {
412 silly audit report       id: 1118641,
412 silly audit report       url: 'https://github.com/advisories/GHSA-66ff-xgx4-vchm',
412 silly audit report       title: 'protobuf.js: Code injection through bytes field defaults in generated toObject code',
412 silly audit report       severity: 'high',
412 silly audit report       vulnerable_versions: '<=7.5.5',
412 silly audit report       cwe: [Array],
412 silly audit report       cvss: [Object]
412 silly audit report     },
412 silly audit report     {
412 silly audit report       id: 1118924,
412 silly audit report       url: 'https://github.com/advisories/GHSA-2pr8-phx7-x9h3',
412 silly audit report       title: 'protobuf.js: Denial of service from crafted field names in generated code',
412 silly audit report       severity: 'moderate',
412 silly audit report       vulnerable_versions: '<=7.5.5',
412 silly audit report       cwe: [Array],
412 silly audit report       cvss: [Object]
412 silly audit report     },
412 silly audit report     {
412 silly audit report       id: 1118926,
412 silly audit report       url: 'https://github.com/advisories/GHSA-fx83-v9x8-x52w',
412 silly audit report       title: 'protobuf.js: Prototype injection in generated message constructors',
412 silly audit report       severity: 'moderate',
412 silly audit report       vulnerable_versions: '<=7.5.5',
412 silly audit report       cwe: [Array],
412 silly audit report       cvss: [Object]
412 silly audit report     },
412 silly audit report     {
412 silly audit report       id: 1118928,
412 silly audit report       url: 'https://github.com/advisories/GHSA-75px-5xx7-5xc7',
412 silly audit report       title: 'protobuf.js: Code generation gadget after prototype pollution',
412 silly audit report       severity: 'high',
412 silly audit report       vulnerable_versions: '<=7.5.5',
412 silly audit report       cwe: [Array],
412 silly audit report       cvss: [Object]
412 silly audit report     },
412 silly audit report     {
412 silly audit report       id: 1118930,
412 silly audit report       url: 'https://github.com/advisories/GHSA-jvwf-75h9-cwgg',
412 silly audit report       title: 'protobuf.js: Process-wide denial of service through unsafe option paths',
412 silly audit report       severity: 'high',
412 silly audit report       vulnerable_versions: '<=7.5.5',
412 silly audit report       cwe: [Array],
412 silly audit report       cvss: [Object]
412 silly audit report     },
412 silly audit report     {
412 silly audit report       id: 1118932,
412 silly audit report       url: 'https://github.com/advisories/GHSA-685m-2w69-288q',
412 silly audit report       title: 'protobuf.js: Denial of service through unbounded protobuf recursion',
412 silly audit report       severity: 'high',
412 silly audit report       vulnerable_versions: '<=7.5.5',
412 silly audit report       cwe: [Array],
412 silly audit report       cvss: [Object]
412 silly audit report     },
412 silly audit report     {
412 silly audit report       id: 1118935,
412 silly audit report       url: 'https://github.com/advisories/GHSA-q6x5-8v7m-xcrf',
412 silly audit report       title: 'protobufjs has overlong UTF-8 decoding',
412 silly audit report       severity: 'moderate',
412 silly audit report       vulnerable_versions: '<=7.5.5',
412 silly audit report       cwe: [Array],
412 silly audit report       cvss: [Object]
412 silly audit report     },
412 silly audit report     {
412 silly audit report       id: 1119378,
412 silly audit report       url: 'https://github.com/advisories/GHSA-jggg-4jg4-v7c6',
412 silly audit report       title: 'protobufjs: Denial of Service via unbounded recursive JSON descriptor expansion',
412 silly audit report       severity: 'moderate',
412 silly audit report       vulnerable_versions: '<=7.5.7',
412 silly audit report       cwe: [Array],
412 silly audit report       cvss: [Object]
412 silly audit report     },
412 silly audit report     {
412 silly audit report       id: 1117571,
412 silly audit report       url: 'https://github.com/advisories/GHSA-xq3m-2v4x-88gg',
412 silly audit report       title: 'Arbitrary code execution in protobufjs',
412 silly audit report       severity: 'critical',
412 silly audit report       vulnerable_versions: '<7.5.5',
412 silly audit report       cwe: [Array],
412 silly audit report       cvss: [Object]
412 silly audit report     },
412 silly audit report     {
412 silly audit report       id: 1123488,
412 silly audit report       url: 'https://github.com/advisories/GHSA-wcpc-wj8m-hjx6',
412 silly audit report       title: 'protobufjs: Denial of service through unbounded Any expansion during JSON conversion',
412 silly audit report       severity: 'high',
412 silly audit report       vulnerable_versions: '<=7.6.0',
412 silly audit report       cwe: [Array],
412 silly audit report       cvss: [Object]
412 silly audit report     },
412 silly audit report     {
412 silly audit report       id: 1123492,
412 silly audit report       url: 'https://github.com/advisories/GHSA-f38q-mgvj-vph7',
412 silly audit report       title: 'protobufjs : Schema-derived names can shadow runtime-significant properties',
412 silly audit report       severity: 'moderate',
412 silly audit report       vulnerable_versions: '<=7.6.2',
412 silly audit report       cwe: [Array],
412 silly audit report       cvss: [Object]
412 silly audit report     },
412 silly audit report     {
412 silly audit report       id: 1123964,
412 silly audit report       url: 'https://github.com/advisories/GHSA-j3f2-48v5-ccww',
412 silly audit report       title: 'protobufjs: Denial of Service via infinite loop in .proto option parsing',
412 silly audit report       severity: 'moderate',
412 silly audit report       vulnerable_versions: '>=7.5.0 <=7.6.4',
412 silly audit report       cwe: [Array],
412 silly audit report       cvss: [Object]
412 silly audit report     }
412 silly audit report   ],
412 silly audit report   'serialize-javascript': [
412 silly audit report     {
412 silly audit report       id: 1113686,
412 silly audit report       url: 'https://github.com/advisories/GHSA-5c6j-r48x-rmvq',
412 silly audit report       title: 'Serialize JavaScript is Vulnerable to RCE via RegExp.flags and Date.prototype.toISOString()',
412 silly audit report       severity: 'high',
412 silly audit report       vulnerable_versions: '<=7.0.2',
412 silly audit report       cwe: [Array],
412 silly audit report       cvss: [Object]
412 silly audit report     }
412 silly audit report   ],
412 silly audit report   sharp: [
412 silly audit report     {
412 silly audit report       id: 1124066,
412 silly audit report       url: 'https://github.com/advisories/GHSA-f88m-g3jw-g9cj',
412 silly audit report       title: 'sharp inherited vulnerabilities in libvips: CVE-2026-33327, CVE-2026-33328, CVE-2026-35590, CVE-2026-35591',
412 silly audit report       severity: 'high',
412 silly audit report       vulnerable_versions: '<0.35.0',
412 silly audit report       cwe: [Array],
412 silly audit report       cvss: [Object]
412 silly audit report     },
412 silly audit report     {
412 silly audit report       id: 1193725,
412 silly audit report       url: 'https://github.com/advisories/GHSA-rgj7-g3m4-5g8c',
412 silly audit report       title: 'sharp: Vulnerabilities in libheif: GHSA-g89c-p67h-r497 and GHSA-2jg2-4ch7-h545',
412 silly audit report       severity: 'high',
412 silly audit report       vulnerable_versions: '<0.35.4',
412 silly audit report       cwe: [Array],
412 silly audit report       cvss: [Object]
412 silly audit report     }
412 silly audit report   ],
412 silly audit report   tmp: [
412 silly audit report     {
412 silly audit report       id: 1109537,
412 silly audit report       url: 'https://github.com/advisories/GHSA-52f5-9888-hmc6',
412 silly audit report       title: 'tmp allows arbitrary temporary file / directory write via symbolic link `dir` parameter',
412 silly audit report       severity: 'low',
412 silly audit report       vulnerable_versions: '<=0.2.3',
412 silly audit report       cwe: [Array],
412 silly audit report       cvss: [Object]
412 silly audit report     },
412 silly audit report     {
412 silly audit report       id: 1120654,
412 silly audit report       url: 'https://github.com/advisories/GHSA-ph9p-34f9-6g65',
412 silly audit report       title: 'tmp has Path Traversal via unsanitized prefix/postfix that enables directory escape',
412 silly audit report       severity: 'high',
412 silly audit report       vulnerable_versions: '<0.2.6',
412 silly audit report       cwe: [Array],
412 silly audit report       cvss: [Object]
412 silly audit report     }
412 silly audit report   ],
412 silly audit report   'websocket-driver': [
412 silly audit report     {
412 silly audit report       id: 1123482,
412 silly audit report       url: 'https://github.com/advisories/GHSA-mp7j-qc5w-4988',
412 silly audit report       title: 'websocket-driver: Resource limit bypass via message compression',
412 silly audit report       severity: 'moderate',
412 silly audit report       vulnerable_versions: '<0.7.5',
412 silly audit report       cwe: [Array],
412 silly audit report       cvss: [Object]
412 silly audit report     },
412 silly audit report     {
412 silly audit report       id: 1123483,
412 silly audit report       url: 'https://github.com/advisories/GHSA-xv26-6w52-cph6',
412 silly audit report       title: 'websocket-driver: Message corruption via abuse of protocol length headers',
412 silly audit report       severity: 'critical',
412 silly audit report       vulnerable_versions: '<0.7.5',
412 silly audit report       cwe: [Array],
412 silly audit report       cvss: [Object]
412 silly audit report     }
412 silly audit report   ],
412 silly audit report   yaml: [
412 silly audit report     {
412 silly audit report       id: 1115556,
412 silly audit report       url: 'https://github.com/advisories/GHSA-48c2-rrv3-qjmp',
412 silly audit report       title: 'yaml is vulnerable to Stack Overflow via deeply nested YAML collections',
412 silly audit report       severity: 'moderate',
412 silly audit report       vulnerable_versions: '>=2.0.0 <2.8.3',
412 silly audit report       cwe: [Array],
412 silly audit report       cvss: [Object]
412 silly audit report     }
412 silly audit report   ]
412 silly audit report }
413 silly packumentCache corgi:https://registry.npmjs.org/@grpc%2fgrpc-js cache-miss
414 silly packumentCache corgi:https://registry.npmjs.org/uuid cache-miss
415 silly packumentCache corgi:https://registry.npmjs.org/@modelcontextprotocol%2fsdk cache-miss
416 silly packumentCache corgi:https://registry.npmjs.org/body-parser cache-miss
417 silly packumentCache corgi:https://registry.npmjs.org/qs cache-miss
418 silly packumentCache corgi:https://registry.npmjs.org/@opentelemetry%2fauto-instrumentations-node cache-miss
419 silly packumentCache corgi:https://registry.npmjs.org/@opentelemetry%2fcore cache-miss
420 silly packumentCache corgi:https://registry.npmjs.org/@opentelemetry%2fpropagator-jaeger cache-miss
421 silly packumentCache corgi:https://registry.npmjs.org/@opentelemetry%2fsdk-node cache-miss
422 silly packumentCache corgi:https://registry.npmjs.org/@protobufjs%2futf8 cache-miss
423 silly packumentCache corgi:https://registry.npmjs.org/@tootallnate%2fonce cache-miss
424 silly packumentCache corgi:https://registry.npmjs.org/form-data cache-miss
425 silly packumentCache corgi:https://registry.npmjs.org/adm-zip cache-miss
426 silly packumentCache corgi:https://registry.npmjs.org/axios cache-miss
427 silly packumentCache corgi:https://registry.npmjs.org/brace-expansion cache-miss
428 silly packumentCache corgi:https://registry.npmjs.org/glob cache-miss
429 silly packumentCache corgi:https://registry.npmjs.org/minimatch cache-miss
430 silly packumentCache corgi:https://registry.npmjs.org/dompurify cache-miss
431 silly packumentCache corgi:https://registry.npmjs.org/extract-zip cache-miss
432 silly packumentCache corgi:https://registry.npmjs.org/fast-xml-parser cache-miss
433 silly packumentCache corgi:https://registry.npmjs.org/follow-redirects cache-miss
434 silly packumentCache corgi:https://registry.npmjs.org/handlebars cache-miss
435 silly packumentCache corgi:https://registry.npmjs.org/js-yaml cache-miss
436 silly packumentCache corgi:https://registry.npmjs.org/json-2-csv cache-miss
437 silly packumentCache corgi:https://registry.npmjs.org/jspdf cache-miss
438 silly packumentCache corgi:https://registry.npmjs.org/lodash cache-miss
439 silly packumentCache corgi:https://registry.npmjs.org/nanoid cache-miss
440 silly packumentCache corgi:https://registry.npmjs.org/next cache-miss
441 silly packumentCache corgi:https://registry.npmjs.org/postcss cache-miss
442 silly packumentCache corgi:https://registry.npmjs.org/node-forge cache-miss
443 silly packumentCache corgi:https://registry.npmjs.org/path-to-regexp cache-miss
444 silly packumentCache corgi:https://registry.npmjs.org/picomatch cache-miss
445 silly packumentCache corgi:https://registry.npmjs.org/postcss-selector-parser cache-miss
446 silly packumentCache corgi:https://registry.npmjs.org/protobufjs cache-miss
447 silly packumentCache corgi:https://registry.npmjs.org/serialize-javascript cache-miss
448 silly packumentCache corgi:https://registry.npmjs.org/sharp cache-miss
449 silly packumentCache corgi:https://registry.npmjs.org/tmp cache-miss
450 silly packumentCache corgi:https://registry.npmjs.org/websocket-driver cache-miss
451 silly packumentCache corgi:https://registry.npmjs.org/yaml cache-miss
452 http fetch GET 200 https://registry.npmjs.org/form-data 1661ms (cache revalidated)
453 silly packumentCache corgi:https://registry.npmjs.org/form-data set size:55002 disposed:false
454 http fetch GET 200 https://registry.npmjs.org/minimatch 1652ms (cache revalidated)
455 silly packumentCache corgi:https://registry.npmjs.org/minimatch set size:169442 disposed:false
456 http fetch GET 200 https://registry.npmjs.org/body-parser 1703ms (cache updated)
457 silly packumentCache corgi:https://registry.npmjs.org/body-parser set size:undefined disposed:false
458 http fetch GET 200 https://registry.npmjs.org/glob 1678ms (cache revalidated)
459 silly packumentCache corgi:https://registry.npmjs.org/glob set size:199194 disposed:false
460 http fetch GET 200 https://registry.npmjs.org/uuid 1722ms (cache revalidated)
461 silly packumentCache corgi:https://registry.npmjs.org/uuid set size:84321 disposed:false
462 http fetch GET 200 https://registry.npmjs.org/qs 1721ms (cache revalidated)
463 silly packumentCache corgi:https://registry.npmjs.org/qs set size:149425 disposed:false
464 http fetch GET 200 https://registry.npmjs.org/@modelcontextprotocol%2fsdk 1791ms (cache updated)
465 silly packumentCache corgi:https://registry.npmjs.org/@modelcontextprotocol%2fsdk set size:undefined disposed:false
466 http fetch GET 200 https://registry.npmjs.org/@tootallnate%2fonce 1780ms (cache revalidated)
467 silly packumentCache corgi:https://registry.npmjs.org/@tootallnate%2fonce set size:11748 disposed:false
468 http fetch GET 200 https://registry.npmjs.org/axios 1947ms (cache updated)
469 silly packumentCache corgi:https://registry.npmjs.org/axios set size:undefined disposed:false
470 http fetch GET 200 https://registry.npmjs.org/brace-expansion 2134ms (cache updated)
471 silly packumentCache corgi:https://registry.npmjs.org/brace-expansion set size:undefined disposed:false
472 http fetch GET 200 https://registry.npmjs.org/handlebars 2129ms (cache revalidated)
473 silly packumentCache corgi:https://registry.npmjs.org/handlebars set size:144279 disposed:false
474 http fetch GET 200 https://registry.npmjs.org/follow-redirects 2140ms (cache revalidated)
475 silly packumentCache corgi:https://registry.npmjs.org/follow-redirects set size:88479 disposed:false
476 http fetch GET 200 https://registry.npmjs.org/fast-xml-parser 2147ms (cache revalidated)
477 silly packumentCache corgi:https://registry.npmjs.org/fast-xml-parser set size:268070 disposed:false
478 http fetch GET 200 https://registry.npmjs.org/@protobufjs%2futf8 2203ms (cache revalidated)
479 silly packumentCache corgi:https://registry.npmjs.org/@protobufjs%2futf8 set size:5638 disposed:false
480 http fetch GET 200 https://registry.npmjs.org/jspdf 2186ms (cache revalidated)
481 silly packumentCache corgi:https://registry.npmjs.org/jspdf set size:68277 disposed:false
482 http fetch GET 200 https://registry.npmjs.org/extract-zip 2207ms (cache revalidated)
483 silly packumentCache corgi:https://registry.npmjs.org/extract-zip set size:22818 disposed:false
484 http fetch GET 200 https://registry.npmjs.org/postcss-selector-parser 2184ms (cache revalidated)
485 silly packumentCache corgi:https://registry.npmjs.org/postcss-selector-parser set size:90399 disposed:false
486 http fetch GET 200 https://registry.npmjs.org/picomatch 2189ms (cache revalidated)
487 silly packumentCache corgi:https://registry.npmjs.org/picomatch set size:46877 disposed:false
488 http fetch GET 200 https://registry.npmjs.org/path-to-regexp 2232ms (cache revalidated)
489 silly packumentCache corgi:https://registry.npmjs.org/path-to-regexp set size:66575 disposed:false
490 http fetch GET 200 https://registry.npmjs.org/node-forge 2241ms (cache revalidated)
491 silly packumentCache corgi:https://registry.npmjs.org/node-forge set size:106633 disposed:false
492 http fetch GET 200 https://registry.npmjs.org/adm-zip 2307ms (cache updated)
493 silly packumentCache corgi:https://registry.npmjs.org/adm-zip set size:undefined disposed:false
494 http fetch GET 200 https://registry.npmjs.org/tmp 2246ms (cache revalidated)
495 silly packumentCache corgi:https://registry.npmjs.org/tmp set size:25283 disposed:false
496 http fetch GET 200 https://registry.npmjs.org/js-yaml 2293ms (cache updated)
497 silly packumentCache corgi:https://registry.npmjs.org/js-yaml set size:undefined disposed:false
498 http fetch GET 200 https://registry.npmjs.org/lodash 2298ms (cache updated)
499 silly packumentCache corgi:https://registry.npmjs.org/lodash set size:undefined disposed:false
500 http fetch GET 200 https://registry.npmjs.org/websocket-driver 2278ms (cache revalidated)
501 silly packumentCache corgi:https://registry.npmjs.org/websocket-driver set size:19937 disposed:false
502 http fetch GET 200 https://registry.npmjs.org/protobufjs 2292ms (cache revalidated)
503 silly packumentCache corgi:https://registry.npmjs.org/protobufjs set size:295149 disposed:false
504 http fetch GET 200 https://registry.npmjs.org/postcss 2321ms (cache revalidated)
505 silly packumentCache corgi:https://registry.npmjs.org/postcss set size:357674 disposed:false
506 http fetch GET 200 https://registry.npmjs.org/dompurify 2362ms (cache updated)
507 silly packumentCache corgi:https://registry.npmjs.org/dompurify set size:undefined disposed:false
508 http fetch GET 200 https://registry.npmjs.org/@opentelemetry%2fpropagator-jaeger 2422ms (cache revalidated)
509 silly packumentCache corgi:https://registry.npmjs.org/@opentelemetry%2fpropagator-jaeger set size:306189 disposed:false
510 http fetch GET 200 https://registry.npmjs.org/@grpc%2fgrpc-js 2452ms (cache updated)
511 silly packumentCache corgi:https://registry.npmjs.org/@grpc%2fgrpc-js set size:undefined disposed:false
512 http fetch GET 200 https://registry.npmjs.org/serialize-javascript 2394ms (cache updated)
513 silly packumentCache corgi:https://registry.npmjs.org/serialize-javascript set size:undefined disposed:false
514 http fetch GET 200 https://registry.npmjs.org/@opentelemetry%2fcore 2478ms (cache updated)
515 silly packumentCache corgi:https://registry.npmjs.org/@opentelemetry%2fcore set size:undefined disposed:false
516 http fetch GET 200 https://registry.npmjs.org/json-2-csv 2443ms (cache revalidated)
517 silly packumentCache corgi:https://registry.npmjs.org/json-2-csv set size:181008 disposed:false
518 http fetch GET 200 https://registry.npmjs.org/@opentelemetry%2fauto-instrumentations-node 2505ms (cache revalidated)
519 silly packumentCache corgi:https://registry.npmjs.org/@opentelemetry%2fauto-instrumentations-node set size:361585 disposed:false
520 http fetch GET 200 https://registry.npmjs.org/nanoid 2464ms (cache updated)
521 silly packumentCache corgi:https://registry.npmjs.org/nanoid set size:undefined disposed:false
522 http fetch GET 200 https://registry.npmjs.org/sharp 2488ms (cache updated)
523 silly packumentCache corgi:https://registry.npmjs.org/sharp set size:undefined disposed:false
524 http fetch GET 200 https://registry.npmjs.org/yaml 2508ms (cache updated)
525 silly packumentCache corgi:https://registry.npmjs.org/yaml set size:undefined disposed:false
526 http fetch GET 200 https://registry.npmjs.org/@opentelemetry%2fsdk-node 2608ms (cache updated)
527 silly packumentCache corgi:https://registry.npmjs.org/@opentelemetry%2fsdk-node set size:undefined disposed:false
528 http fetch GET 200 https://registry.npmjs.org/next 2982ms (cache updated)
529 silly packumentCache corgi:https://registry.npmjs.org/next set size:undefined disposed:false
530 silly packumentCache corgi:https://registry.npmjs.org/google-gax cache-miss
531 silly packumentCache corgi:https://registry.npmjs.org/@google-cloud%2fopentelemetry-cloud-trace-exporter cache-miss
532 silly packumentCache corgi:https://registry.npmjs.org/@opentelemetry%2fexporter-trace-otlp-grpc cache-miss
533 silly packumentCache corgi:https://registry.npmjs.org/@opentelemetry%2fotlp-grpc-exporter-base cache-miss
534 http fetch GET 200 https://registry.npmjs.org/google-gax 243ms (cache updated)
535 silly packumentCache corgi:https://registry.npmjs.org/google-gax set size:undefined disposed:false
536 http fetch GET 200 https://registry.npmjs.org/@google-cloud%2fopentelemetry-cloud-trace-exporter 677ms (cache revalidated)
537 silly packumentCache corgi:https://registry.npmjs.org/@google-cloud%2fopentelemetry-cloud-trace-exporter set size:56946 disposed:false
538 http fetch GET 200 https://registry.npmjs.org/@opentelemetry%2fotlp-grpc-exporter-base 702ms (cache updated)
539 silly packumentCache corgi:https://registry.npmjs.org/@opentelemetry%2fotlp-grpc-exporter-base set size:undefined disposed:false
540 http fetch GET 200 https://registry.npmjs.org/@opentelemetry%2fexporter-trace-otlp-grpc 724ms (cache updated)
541 silly packumentCache corgi:https://registry.npmjs.org/@opentelemetry%2fexporter-trace-otlp-grpc set size:undefined disposed:false
542 silly packumentCache corgi:https://registry.npmjs.org/@firebase%2ffirestore cache-miss
543 http fetch GET 200 https://registry.npmjs.org/@firebase%2ffirestore 1619ms (cache updated)
544 silly packumentCache corgi:https://registry.npmjs.org/@firebase%2ffirestore set size:undefined disposed:false
545 silly packumentCache corgi:https://registry.npmjs.org/@genkit-ai%2ftools-common cache-miss
546 silly packumentCache corgi:https://registry.npmjs.org/@google-cloud%2flogging cache-miss
547 silly packumentCache corgi:https://registry.npmjs.org/@google-cloud%2fstorage cache-miss
548 silly packumentCache corgi:https://registry.npmjs.org/eventid cache-miss
549 silly packumentCache corgi:https://registry.npmjs.org/gaxios cache-miss
550 silly packumentCache corgi:https://registry.npmjs.org/googleapis-common cache-miss
551 silly packumentCache corgi:https://registry.npmjs.org/jaeger-client cache-miss
552 silly packumentCache corgi:https://registry.npmjs.org/teeny-request cache-miss
553 silly packumentCache corgi:https://registry.npmjs.org/@genkit-ai%2fai cache-miss
554 silly packumentCache corgi:https://registry.npmjs.org/firebase-admin cache-miss
555 silly packumentCache corgi:https://registry.npmjs.org/genkit cache-miss
556 http fetch GET 200 https://registry.npmjs.org/@google-cloud%2fstorage 309ms (cache updated)
557 silly packumentCache corgi:https://registry.npmjs.org/@google-cloud%2fstorage set size:undefined disposed:false
558 http fetch GET 200 https://registry.npmjs.org/firebase-admin 321ms (cache updated)
559 silly packumentCache corgi:https://registry.npmjs.org/firebase-admin set size:undefined disposed:false
560 http fetch GET 200 https://registry.npmjs.org/googleapis-common 360ms (cache updated)
561 silly packumentCache corgi:https://registry.npmjs.org/googleapis-common set size:undefined disposed:false
562 http fetch GET 200 https://registry.npmjs.org/jaeger-client 471ms (cache revalidated)
563 silly packumentCache corgi:https://registry.npmjs.org/jaeger-client set size:83161 disposed:false
564 http fetch GET 200 https://registry.npmjs.org/genkit 459ms (cache revalidated)
565 silly packumentCache corgi:https://registry.npmjs.org/genkit set size:143052 disposed:false
566 http fetch GET 200 https://registry.npmjs.org/gaxios 495ms (cache updated)
567 silly packumentCache corgi:https://registry.npmjs.org/gaxios set size:undefined disposed:false
568 http fetch GET 200 https://registry.npmjs.org/eventid 519ms (cache revalidated)
569 silly packumentCache corgi:https://registry.npmjs.org/eventid set size:6903 disposed:false
570 http fetch GET 200 https://registry.npmjs.org/teeny-request 515ms (cache revalidated)
571 silly packumentCache corgi:https://registry.npmjs.org/teeny-request set size:102216 disposed:false
572 http fetch GET 200 https://registry.npmjs.org/@genkit-ai%2ftools-common 878ms (cache updated)
573 silly packumentCache corgi:https://registry.npmjs.org/@genkit-ai%2ftools-common set size:undefined disposed:false
574 http fetch GET 200 https://registry.npmjs.org/@genkit-ai%2fai 868ms (cache revalidated)
575 silly packumentCache corgi:https://registry.npmjs.org/@genkit-ai%2fai set size:143824 disposed:false
576 http fetch GET 200 https://registry.npmjs.org/@google-cloud%2flogging 944ms (cache updated)
577 silly packumentCache corgi:https://registry.npmjs.org/@google-cloud%2flogging set size:undefined disposed:false
578 silly packumentCache corgi:https://registry.npmjs.org/genkit-cli cache-miss
579 http fetch GET 200 https://registry.npmjs.org/genkit-cli 334ms (cache updated)
580 silly packumentCache corgi:https://registry.npmjs.org/genkit-cli set size:undefined disposed:false
581 silly packumentCache corgi:https://registry.npmjs.org/express cache-miss
582 http fetch GET 200 https://registry.npmjs.org/express 167ms (cache updated)
583 silly packumentCache corgi:https://registry.npmjs.org/express set size:undefined disposed:false
584 silly packumentCache corgi:https://registry.npmjs.org/@genkit-ai%2fgoogle-cloud cache-miss
585 http fetch GET 200 https://registry.npmjs.org/@genkit-ai%2fgoogle-cloud 751ms (cache revalidated)
586 silly packumentCache corgi:https://registry.npmjs.org/@genkit-ai%2fgoogle-cloud set size:246640 disposed:false
587 silly packumentCache corgi:https://registry.npmjs.org/@genkit-ai%2fcore cache-miss
588 silly packumentCache corgi:https://registry.npmjs.org/@genkit-ai%2ftelemetry-server cache-miss
589 silly packumentCache corgi:https://registry.npmjs.org/@google-cloud%2fopentelemetry-cloud-monitoring-exporter cache-miss
590 silly packumentCache corgi:https://registry.npmjs.org/@opentelemetry%2fexporter-trace-otlp-http cache-miss
591 silly packumentCache corgi:https://registry.npmjs.org/@opentelemetry%2fexporter-trace-otlp-proto cache-miss
592 silly packumentCache corgi:https://registry.npmjs.org/@opentelemetry%2fexporter-zipkin cache-miss
593 silly packumentCache corgi:https://registry.npmjs.org/@opentelemetry%2finstrumentation-amqplib cache-miss
594 silly packumentCache corgi:https://registry.npmjs.org/@opentelemetry%2finstrumentation-aws-sdk cache-miss
595 silly packumentCache corgi:https://registry.npmjs.org/@opentelemetry%2finstrumentation-connect cache-miss
596 silly packumentCache corgi:https://registry.npmjs.org/@opentelemetry%2finstrumentation-express cache-miss
597 silly packumentCache corgi:https://registry.npmjs.org/@opentelemetry%2finstrumentation-fastify cache-miss
598 silly packumentCache corgi:https://registry.npmjs.org/@opentelemetry%2finstrumentation-fs cache-miss
599 silly packumentCache corgi:https://registry.npmjs.org/@opentelemetry%2finstrumentation-hapi cache-miss
600 silly packumentCache corgi:https://registry.npmjs.org/@opentelemetry%2finstrumentation-http cache-miss
601 silly packumentCache corgi:https://registry.npmjs.org/@opentelemetry%2finstrumentation-koa cache-miss
602 silly packumentCache corgi:https://registry.npmjs.org/@opentelemetry%2finstrumentation-mongoose cache-miss
603 silly packumentCache corgi:https://registry.npmjs.org/@opentelemetry%2finstrumentation-pino cache-miss
604 silly packumentCache corgi:https://registry.npmjs.org/@opentelemetry%2finstrumentation-restify cache-miss
605 silly packumentCache corgi:https://registry.npmjs.org/@opentelemetry%2finstrumentation-undici cache-miss
606 silly packumentCache corgi:https://registry.npmjs.org/@opentelemetry%2fotlp-exporter-base cache-miss
607 silly packumentCache corgi:https://registry.npmjs.org/@opentelemetry%2fotlp-transformer cache-miss
608 silly packumentCache corgi:https://registry.npmjs.org/@opentelemetry%2fpropagator-b3 cache-miss
609 silly packumentCache corgi:https://registry.npmjs.org/@opentelemetry%2fresource-detector-aws cache-miss
610 silly packumentCache corgi:https://registry.npmjs.org/@opentelemetry%2fresource-detector-azure cache-miss
611 silly packumentCache corgi:https://registry.npmjs.org/@opentelemetry%2fresource-detector-gcp cache-miss
612 silly packumentCache corgi:https://registry.npmjs.org/@opentelemetry%2fresources cache-miss
613 silly packumentCache corgi:https://registry.npmjs.org/@opentelemetry%2fsdk-logs cache-miss
614 silly packumentCache corgi:https://registry.npmjs.org/@opentelemetry%2fsdk-metrics cache-miss
615 silly packumentCache corgi:https://registry.npmjs.org/@opentelemetry%2fsdk-trace-base cache-miss
616 silly packumentCache corgi:https://registry.npmjs.org/@opentelemetry%2fsdk-trace-node cache-miss
617 silly packumentCache corgi:https://registry.npmjs.org/@opentelemetry%2fsql-common cache-miss
618 silly packumentCache corgi:https://registry.npmjs.org/@opentelemetry%2fexporter-jaeger cache-miss
619 silly packumentCache corgi:https://registry.npmjs.org/@opentelemetry%2fresource-detector-alibaba-cloud cache-miss
620 silly packumentCache corgi:https://registry.npmjs.org/@opentelemetry%2fresource-detector-container cache-miss
621 http fetch GET 200 https://registry.npmjs.org/@opentelemetry%2finstrumentation-amqplib 1118ms (cache revalidated)
622 silly packumentCache corgi:https://registry.npmjs.org/@opentelemetry%2finstrumentation-amqplib set size:77029 disposed:false
623 http fetch GET 200 https://registry.npmjs.org/@opentelemetry%2finstrumentation-connect 1120ms (cache revalidated)
624 silly packumentCache corgi:https://registry.npmjs.org/@opentelemetry%2finstrumentation-connect set size:77493 disposed:false
625 http fetch GET 200 https://registry.npmjs.org/@opentelemetry%2finstrumentation-http 1196ms (cache updated)
626 silly packumentCache corgi:https://registry.npmjs.org/@opentelemetry%2finstrumentation-http set size:undefined disposed:false
627 http fetch GET 200 https://registry.npmjs.org/@opentelemetry%2fexporter-trace-otlp-proto 1258ms (cache updated)
628 silly packumentCache corgi:https://registry.npmjs.org/@opentelemetry%2fexporter-trace-otlp-proto set size:undefined disposed:false
629 http fetch GET 200 https://registry.npmjs.org/@opentelemetry%2fexporter-trace-otlp-http 1284ms (cache updated)
630 silly packumentCache corgi:https://registry.npmjs.org/@opentelemetry%2fexporter-trace-otlp-http set size:undefined disposed:false
631 http fetch GET 200 https://registry.npmjs.org/@genkit-ai%2fcore 1314ms (cache revalidated)
632 silly packumentCache corgi:https://registry.npmjs.org/@genkit-ai%2fcore set size:199098 disposed:false
633 http fetch GET 200 https://registry.npmjs.org/@opentelemetry%2finstrumentation-undici 1284ms (cache revalidated)
634 silly packumentCache corgi:https://registry.npmjs.org/@opentelemetry%2finstrumentation-undici set size:47529 disposed:false
635 http fetch GET 200 https://registry.npmjs.org/@opentelemetry%2finstrumentation-pino 1308ms (cache revalidated)
636 silly packumentCache corgi:https://registry.npmjs.org/@opentelemetry%2finstrumentation-pino set size:102172 disposed:false
637 http fetch GET 200 https://registry.npmjs.org/@google-cloud%2fopentelemetry-cloud-monitoring-exporter 1368ms (cache revalidated)
638 silly packumentCache corgi:https://registry.npmjs.org/@google-cloud%2fopentelemetry-cloud-monitoring-exporter set size:51159 disposed:false
639 http fetch GET 200 https://registry.npmjs.org/@genkit-ai%2ftelemetry-server 1374ms (cache updated)
640 silly packumentCache corgi:https://registry.npmjs.org/@genkit-ai%2ftelemetry-server set size:undefined disposed:false
641 http fetch GET 200 https://registry.npmjs.org/@opentelemetry%2finstrumentation-express 1355ms (cache revalidated)
642 silly packumentCache corgi:https://registry.npmjs.org/@opentelemetry%2finstrumentation-express set size:117453 disposed:false
643 http fetch GET 200 https://registry.npmjs.org/@opentelemetry%2finstrumentation-fastify 1398ms (cache revalidated)
644 silly packumentCache corgi:https://registry.npmjs.org/@opentelemetry%2finstrumentation-fastify set size:80194 disposed:false
645 http fetch GET 200 https://registry.npmjs.org/@opentelemetry%2fpropagator-b3 1402ms (cache updated)
646 silly packumentCache corgi:https://registry.npmjs.org/@opentelemetry%2fpropagator-b3 set size:undefined disposed:false
647 http fetch GET 200 https://registry.npmjs.org/@opentelemetry%2fexporter-zipkin 1464ms (cache updated)
648 silly packumentCache corgi:https://registry.npmjs.org/@opentelemetry%2fexporter-zipkin set size:undefined disposed:false
649 http fetch GET 200 https://registry.npmjs.org/@opentelemetry%2fotlp-exporter-base 1519ms (cache updated)
650 silly packumentCache corgi:https://registry.npmjs.org/@opentelemetry%2fotlp-exporter-base set size:undefined disposed:false
651 http fetch GET 200 https://registry.npmjs.org/@opentelemetry%2finstrumentation-fs 1610ms (cache revalidated)
652 silly packumentCache corgi:https://registry.npmjs.org/@opentelemetry%2finstrumentation-fs set size:71826 disposed:false
653 http fetch GET 200 https://registry.npmjs.org/@opentelemetry%2finstrumentation-hapi 1694ms (cache revalidated)
654 silly packumentCache corgi:https://registry.npmjs.org/@opentelemetry%2finstrumentation-hapi set size:97715 disposed:false
655 http fetch GET 200 https://registry.npmjs.org/@opentelemetry%2finstrumentation-aws-sdk 1715ms (cache revalidated)
656 silly packumentCache corgi:https://registry.npmjs.org/@opentelemetry%2finstrumentation-aws-sdk set size:135769 disposed:false
657 http fetch GET 200 https://registry.npmjs.org/@opentelemetry%2finstrumentation-restify 1734ms (cache revalidated)
658 silly packumentCache corgi:https://registry.npmjs.org/@opentelemetry%2finstrumentation-restify set size:98340 disposed:false
659 http fetch GET 200 https://registry.npmjs.org/@opentelemetry%2finstrumentation-mongoose 1753ms (cache revalidated)
660 silly packumentCache corgi:https://registry.npmjs.org/@opentelemetry%2finstrumentation-mongoose set size:69275 disposed:false
661 http fetch GET 200 https://registry.npmjs.org/@opentelemetry%2fresource-detector-azure 1744ms (cache revalidated)
662 silly packumentCache corgi:https://registry.npmjs.org/@opentelemetry%2fresource-detector-azure set size:53162 disposed:false
663 http fetch GET 200 https://registry.npmjs.org/@opentelemetry%2finstrumentation-koa 1779ms (cache revalidated)
664 silly packumentCache corgi:https://registry.npmjs.org/@opentelemetry%2finstrumentation-koa set size:115832 disposed:false
665 http fetch GET 200 https://registry.npmjs.org/@opentelemetry%2fotlp-transformer 1789ms (cache updated)
666 silly packumentCache corgi:https://registry.npmjs.org/@opentelemetry%2fotlp-transformer set size:undefined disposed:false
667 http fetch GET 200 https://registry.npmjs.org/@opentelemetry%2fsdk-trace-base 1809ms (cache updated)
668 silly packumentCache corgi:https://registry.npmjs.org/@opentelemetry%2fsdk-trace-base set size:undefined disposed:false
669 http fetch GET 200 https://registry.npmjs.org/@opentelemetry%2fsdk-metrics 1891ms (cache updated)
670 silly packumentCache corgi:https://registry.npmjs.org/@opentelemetry%2fsdk-metrics set size:undefined disposed:false
671 http fetch GET 200 https://registry.npmjs.org/@opentelemetry%2fresource-detector-gcp 1937ms (cache revalidated)
672 silly packumentCache corgi:https://registry.npmjs.org/@opentelemetry%2fresource-detector-gcp set size:294569 disposed:false
673 http fetch GET 200 https://registry.npmjs.org/@opentelemetry%2fsdk-trace-node 1948ms (cache revalidated)
674 silly packumentCache corgi:https://registry.npmjs.org/@opentelemetry%2fsdk-trace-node set size:138593 disposed:false
675 http fetch GET 200 https://registry.npmjs.org/@opentelemetry%2fresources 1985ms (cache updated)
676 silly packumentCache corgi:https://registry.npmjs.org/@opentelemetry%2fresources set size:undefined disposed:false
677 http fetch GET 200 https://registry.npmjs.org/@opentelemetry%2fsql-common 1993ms (cache revalidated)
678 silly packumentCache corgi:https://registry.npmjs.org/@opentelemetry%2fsql-common set size:6520 disposed:false
679 http fetch GET 200 https://registry.npmjs.org/@opentelemetry%2fexporter-jaeger 2086ms (cache revalidated)
680 silly packumentCache corgi:https://registry.npmjs.org/@opentelemetry%2fexporter-jaeger set size:443634 disposed:false
681 http fetch GET 200 https://registry.npmjs.org/@opentelemetry%2fresource-detector-aws 2123ms (cache revalidated)
682 silly packumentCache corgi:https://registry.npmjs.org/@opentelemetry%2fresource-detector-aws set size:298620 disposed:false
683 http fetch GET 200 https://registry.npmjs.org/@opentelemetry%2fsdk-logs 2299ms (cache updated)
684 silly packumentCache corgi:https://registry.npmjs.org/@opentelemetry%2fsdk-logs set size:undefined disposed:false
685 http fetch GET 200 https://registry.npmjs.org/@opentelemetry%2fresource-detector-container 2340ms (cache revalidated)
686 silly packumentCache corgi:https://registry.npmjs.org/@opentelemetry%2fresource-detector-container set size:71270 disposed:false
687 http fetch GET 200 https://registry.npmjs.org/@opentelemetry%2fresource-detector-alibaba-cloud 2369ms (cache revalidated)
688 silly packumentCache corgi:https://registry.npmjs.org/@opentelemetry%2fresource-detector-alibaba-cloud set size:76675 disposed:false
689 silly packumentCache corgi:https://registry.npmjs.org/http-proxy-agent cache-miss
690 http fetch GET 200 https://registry.npmjs.org/http-proxy-agent 120ms (cache revalidated)
691 silly packumentCache corgi:https://registry.npmjs.org/http-proxy-agent set size:25530 disposed:false
692 silly packumentCache corgi:https://registry.npmjs.org/@types%2frequest cache-miss
693 http fetch GET 200 https://registry.npmjs.org/@types%2frequest 106ms (cache revalidated)
694 silly packumentCache corgi:https://registry.npmjs.org/@types%2frequest set size:44251 disposed:false
695 silly packumentCache corgi:https://registry.npmjs.org/razorpay cache-miss
696 http fetch GET 200 https://registry.npmjs.org/razorpay 125ms (cache revalidated)
697 silly packumentCache corgi:https://registry.npmjs.org/razorpay set size:44321 disposed:false
698 silly packumentCache corgi:https://registry.npmjs.org/rimraf cache-miss
699 silly packumentCache corgi:https://registry.npmjs.org/sucrase cache-miss
700 http fetch GET 200 https://registry.npmjs.org/sucrase 121ms (cache revalidated)
701 silly packumentCache corgi:https://registry.npmjs.org/sucrase set size:163085 disposed:false
702 http fetch GET 200 https://registry.npmjs.org/rimraf 128ms (cache revalidated)
703 silly packumentCache corgi:https://registry.npmjs.org/rimraf set size:87794 disposed:false
704 silly packumentCache corgi:https://registry.npmjs.org/dotprompt cache-miss
705 http fetch GET 200 https://registry.npmjs.org/dotprompt 301ms (cache revalidated)
706 silly packumentCache corgi:https://registry.npmjs.org/dotprompt set size:6628 disposed:false
707 silly packumentCache corgi:https://registry.npmjs.org/recharts cache-miss
708 silly packumentCache corgi:https://registry.npmjs.org/workbox-build cache-miss
709 http fetch GET 200 https://registry.npmjs.org/workbox-build 116ms (cache revalidated)
710 silly packumentCache corgi:https://registry.npmjs.org/workbox-build set size:194410 disposed:false
711 http fetch GET 200 https://registry.npmjs.org/recharts 203ms (cache updated)
712 silly packumentCache corgi:https://registry.npmjs.org/recharts set size:undefined disposed:false
713 silly packumentCache corgi:https://registry.npmjs.org/next-pwa cache-miss
714 http fetch GET 200 https://registry.npmjs.org/next-pwa 416ms (cache revalidated)
715 silly packumentCache corgi:https://registry.npmjs.org/next-pwa set size:188954 disposed:false
716 silly packumentCache corgi:https://registry.npmjs.org/postcss-import cache-miss
717 silly packumentCache corgi:https://registry.npmjs.org/postcss-js cache-miss
718 silly packumentCache corgi:https://registry.npmjs.org/postcss-load-config cache-miss
719 silly packumentCache corgi:https://registry.npmjs.org/postcss-nested cache-miss
720 silly packumentCache corgi:https://registry.npmjs.org/tailwindcss cache-miss
721 http fetch GET 200 https://registry.npmjs.org/postcss-import 285ms (cache miss)
722 silly packumentCache corgi:https://registry.npmjs.org/postcss-import set size:undefined disposed:false
723 http fetch GET 200 https://registry.npmjs.org/postcss-load-config 306ms (cache revalidated)
724 silly packumentCache corgi:https://registry.npmjs.org/postcss-load-config set size:37999 disposed:false
725 http fetch GET 200 https://registry.npmjs.org/postcss-nested 308ms (cache revalidated)
726 silly packumentCache corgi:https://registry.npmjs.org/postcss-nested set size:43577 disposed:false
727 http fetch GET 200 https://registry.npmjs.org/postcss-js 347ms (cache miss)
728 silly packumentCache corgi:https://registry.npmjs.org/postcss-js set size:undefined disposed:false
729 http fetch GET 200 https://registry.npmjs.org/tailwindcss 820ms (cache updated)
730 silly packumentCache corgi:https://registry.npmjs.org/tailwindcss set size:undefined disposed:false
731 silly packumentCache corgi:https://registry.npmjs.org/router cache-miss
732 http fetch GET 200 https://registry.npmjs.org/router 97ms (cache revalidated)
733 silly packumentCache corgi:https://registry.npmjs.org/router set size:49911 disposed:false
734 silly packumentCache corgi:https://registry.npmjs.org/@rollup%2fpluginutils cache-miss
735 silly packumentCache corgi:https://registry.npmjs.org/anymatch cache-miss
736 silly packumentCache corgi:https://registry.npmjs.org/micromatch cache-miss
737 silly packumentCache corgi:https://registry.npmjs.org/readdirp cache-miss
738 http fetch GET 200 https://registry.npmjs.org/anymatch 137ms (cache revalidated)
739 silly packumentCache corgi:https://registry.npmjs.org/anymatch set size:18345 disposed:false
740 http fetch GET 200 https://registry.npmjs.org/micromatch 167ms (cache revalidated)
741 silly packumentCache corgi:https://registry.npmjs.org/micromatch set size:71776 disposed:false
742 http fetch GET 200 https://registry.npmjs.org/@rollup%2fpluginutils 172ms (cache revalidated)
743 silly packumentCache corgi:https://registry.npmjs.org/@rollup%2fpluginutils set size:48416 disposed:false
744 http fetch GET 200 https://registry.npmjs.org/readdirp 171ms (cache revalidated)
745 silly packumentCache corgi:https://registry.npmjs.org/readdirp set size:48044 disposed:false
746 silly packumentCache corgi:https://registry.npmjs.org/@google-cloud%2ffirestore cache-miss
747 silly packumentCache corgi:https://registry.npmjs.org/@grpc%2fproto-loader cache-miss
748 silly packumentCache corgi:https://registry.npmjs.org/proto3-json-serializer cache-miss
749 http fetch GET 200 https://registry.npmjs.org/@grpc%2fproto-loader 157ms (cache revalidated)
750 silly packumentCache corgi:https://registry.npmjs.org/@grpc%2fproto-loader set size:103824 disposed:false
751 http fetch GET 200 https://registry.npmjs.org/@google-cloud%2ffirestore 225ms (cache updated)
752 silly packumentCache corgi:https://registry.npmjs.org/@google-cloud%2ffirestore set size:undefined disposed:false
753 http fetch GET 200 https://registry.npmjs.org/proto3-json-serializer 368ms (cache revalidated)
754 silly packumentCache corgi:https://registry.npmjs.org/proto3-json-serializer set size:41614 disposed:false
755 silly packumentCache corgi:https://registry.npmjs.org/rollup-plugin-terser cache-miss
756 http fetch GET 200 https://registry.npmjs.org/rollup-plugin-terser 106ms (cache revalidated)
757 silly packumentCache corgi:https://registry.npmjs.org/rollup-plugin-terser set size:47323 disposed:false
758 silly packumentCache corgi:https://registry.npmjs.org/patch-package cache-miss
759 http fetch GET 200 https://registry.npmjs.org/patch-package 378ms (cache revalidated)
760 silly packumentCache corgi:https://registry.npmjs.org/patch-package set size:158395 disposed:false
761 silly packumentCache corgi:https://registry.npmjs.org/faye-websocket cache-miss
762 http fetch GET 200 https://registry.npmjs.org/faye-websocket 319ms (cache revalidated)
763 silly packumentCache corgi:https://registry.npmjs.org/faye-websocket set size:19807 disposed:false
764 silly packumentCache corgi:https://registry.npmjs.org/openapi3-ts cache-miss
765 http fetch GET 200 https://registry.npmjs.org/openapi3-ts 359ms (cache revalidated)
766 silly packumentCache corgi:https://registry.npmjs.org/openapi3-ts set size:73133 disposed:false
767 silly packumentCache corgi:https://registry.npmjs.org/@genkit-ai%2ffirebase cache-miss
768 http fetch GET 200 https://registry.npmjs.org/@genkit-ai%2ffirebase 741ms (cache revalidated)
769 silly packumentCache corgi:https://registry.npmjs.org/@genkit-ai%2ffirebase set size:165108 disposed:false
770 silly packumentCache corgi:https://registry.npmjs.org/googleapis cache-miss
771 http fetch GET 200 https://registry.npmjs.org/googleapis 162ms (cache updated)
772 silly packumentCache corgi:https://registry.npmjs.org/googleapis set size:undefined disposed:false
773 silly packumentCache corgi:https://registry.npmjs.org/@genkit-ai%2fgoogle-genai cache-miss
774 http fetch GET 200 https://registry.npmjs.org/@genkit-ai%2fgoogle-genai 805ms (cache miss)
775 silly packumentCache corgi:https://registry.npmjs.org/@genkit-ai%2fgoogle-genai set size:undefined disposed:false
776 silly packumentCache corgi:https://registry.npmjs.org/gcp-metadata cache-miss
777 silly packumentCache corgi:https://registry.npmjs.org/google-auth-library cache-miss
778 silly packumentCache corgi:https://registry.npmjs.org/gtoken cache-miss
779 http fetch GET 200 https://registry.npmjs.org/gtoken 106ms (cache revalidated)
780 silly packumentCache corgi:https://registry.npmjs.org/gtoken set size:74319 disposed:false
781 http fetch GET 200 https://registry.npmjs.org/gcp-metadata 124ms (cache updated)
782 silly packumentCache corgi:https://registry.npmjs.org/gcp-metadata set size:undefined disposed:false
783 http fetch GET 200 https://registry.npmjs.org/google-auth-library 134ms (cache updated)
784 silly packumentCache corgi:https://registry.npmjs.org/google-auth-library set size:undefined disposed:false
785 silly packumentCache corgi:https://registry.npmjs.org/@google-cloud%2fcommon cache-miss
786 silly packumentCache corgi:https://registry.npmjs.org/retry-request cache-miss
787 http fetch GET 200 https://registry.npmjs.org/retry-request 309ms (cache revalidated)
788 silly packumentCache corgi:https://registry.npmjs.org/retry-request set size:44428 disposed:false
789 http fetch GET 200 https://registry.npmjs.org/@google-cloud%2fcommon 701ms (cache updated)
790 silly packumentCache corgi:https://registry.npmjs.org/@google-cloud%2fcommon set size:undefined disposed:false
791 silly packumentCache corgi:https://registry.npmjs.org/@google-cloud%2flogging-winston cache-miss
792 http fetch GET 200 https://registry.npmjs.org/@google-cloud%2flogging-winston 717ms (cache updated)
793 silly packumentCache corgi:https://registry.npmjs.org/@google-cloud%2flogging-winston set size:undefined disposed:false
794 silly packumentCache corgi:https://registry.npmjs.org/express-rate-limit cache-miss
795 http fetch GET 200 https://registry.npmjs.org/express-rate-limit 88ms (cache miss)
796 silly packumentCache corgi:https://registry.npmjs.org/express-rate-limit set size:undefined disposed:false
797 silly packumentCache corgi:https://registry.npmjs.org/@opentelemetry%2finstrumentation-mongodb cache-miss
798 http fetch GET 200 https://registry.npmjs.org/@opentelemetry%2finstrumentation-mongodb 822ms (cache revalidated)
799 silly packumentCache corgi:https://registry.npmjs.org/@opentelemetry%2finstrumentation-mongodb set size:114198 disposed:false
800 silly packumentCache corgi:https://registry.npmjs.org/@opentelemetry%2finstrumentation-mysql2 cache-miss
801 silly packumentCache corgi:https://registry.npmjs.org/@opentelemetry%2finstrumentation-pg cache-miss
802 http fetch GET 200 https://registry.npmjs.org/@opentelemetry%2finstrumentation-mysql2 258ms (cache revalidated)
803 silly packumentCache corgi:https://registry.npmjs.org/@opentelemetry%2finstrumentation-mysql2 set size:99911 disposed:false
804 http fetch GET 200 https://registry.npmjs.org/@opentelemetry%2finstrumentation-pg 359ms (cache revalidated)
805 silly packumentCache corgi:https://registry.npmjs.org/@opentelemetry%2finstrumentation-pg set size:126596 disposed:false
806 silly packumentCache corgi:https://registry.npmjs.org/@google-cloud%2fopentelemetry-resource-util cache-miss
807 silly packumentCache corgi:https://registry.npmjs.org/@opentelemetry%2finstrumentation-aws-lambda cache-miss
808 http fetch GET 200 https://registry.npmjs.org/@google-cloud%2fopentelemetry-resource-util 754ms (cache miss)
809 silly packumentCache corgi:https://registry.npmjs.org/@google-cloud%2fopentelemetry-resource-util set size:undefined disposed:false
810 http fetch GET 200 https://registry.npmjs.org/@opentelemetry%2finstrumentation-aws-lambda 1136ms (cache revalidated)
811 silly packumentCache corgi:https://registry.npmjs.org/@opentelemetry%2finstrumentation-aws-lambda set size:117096 disposed:false
812 silly packumentCache corgi:https://registry.npmjs.org/workbox-webpack-plugin cache-miss
813 http fetch GET 200 https://registry.npmjs.org/workbox-webpack-plugin 114ms (cache revalidated)
814 silly packumentCache corgi:https://registry.npmjs.org/workbox-webpack-plugin set size:136237 disposed:false
815 silly ADD node_modules/@xtuc/ieee754
816 silly ADD node_modules/@webassemblyjs/utf8
817 silly ADD node_modules/@webassemblyjs/leb128
818 silly ADD node_modules/@webassemblyjs/ieee754
819 silly ADD node_modules/@webassemblyjs/wast-printer
820 silly ADD node_modules/@webassemblyjs/wasm-opt
821 silly ADD node_modules/@webassemblyjs/wasm-gen
822 silly ADD node_modules/@webassemblyjs/helper-wasm-section
823 silly ADD node_modules/@webassemblyjs/helper-buffer
824 silly ADD node_modules/@xtuc/long
825 silly ADD node_modules/@webassemblyjs/helper-api-error
826 silly ADD node_modules/@webassemblyjs/floating-point-hex-parser
827 silly ADD node_modules/@webassemblyjs/helper-wasm-bytecode
828 silly ADD node_modules/@webassemblyjs/helper-numbers
829 silly ADD node_modules/watchpack
830 silly ADD node_modules/tapable
831 silly ADD node_modules/minimizer-webpack-plugin
832 silly ADD node_modules/minimizer-webpack-plugin/node_modules/json-schema-traverse
833 silly ADD node_modules/minimizer-webpack-plugin/node_modules/ajv-keywords
834 silly ADD node_modules/minimizer-webpack-plugin/node_modules/ajv
835 silly ADD node_modules/minimizer-webpack-plugin/node_modules/schema-utils
836 silly ADD node_modules/events
837 silly ADD node_modules/es-module-lexer
838 silly ADD node_modules/enhanced-resolve
839 silly ADD node_modules/chrome-trace-event
840 silly ADD node_modules/@webassemblyjs/wasm-parser
841 silly ADD node_modules/@webassemblyjs/wasm-edit
842 silly ADD node_modules/@webassemblyjs/ast
843 silly ADD node_modules/webpack
844 silly ADD node_modules/webpack/node_modules/json-schema-traverse
845 silly ADD node_modules/webpack/node_modules/ajv-keywords
846 silly ADD node_modules/webpack/node_modules/ajv
847 silly ADD node_modules/webpack/node_modules/webpack-sources
848 silly ADD node_modules/webpack/node_modules/schema-utils
849 silly ADD node_modules/webpack/node_modules/mime-db
850 silly ADD node_modules/webpack/node_modules/@types/estree
851 silly ADD node_modules/@dnd-kit/accessibility
852 silly ADD node_modules/@dnd-kit/utilities
853 silly ADD node_modules/@dnd-kit/sortable
854 silly ADD node_modules/@dnd-kit/core
855 silly ADD node_modules/workbox-build/node_modules/json-schema-traverse
856 silly ADD node_modules/workbox-build/node_modules/ajv
857 silly ADD node_modules/workbox-build/node_modules/@apideck/better-ajv-errors
858 silly ADD node_modules/terser-webpack-plugin/node_modules/json-schema-traverse
859 silly ADD node_modules/terser-webpack-plugin/node_modules/ajv
860 silly REMOVE node_modules/schema-utils/node_modules/json-schema-traverse
861 silly REMOVE node_modules/schema-utils/node_modules/ajv
862 silly CHANGE node_modules/json-schema-traverse
863 silly CHANGE node_modules/fast-uri
864 silly ADD node_modules/ajv-formats/node_modules/json-schema-traverse
865 silly ADD node_modules/ajv-formats/node_modules/ajv
866 silly CHANGE node_modules/ajv
867 silly REMOVE node_modules/@modelcontextprotocol/sdk/node_modules/json-schema-traverse
868 silly REMOVE node_modules/@modelcontextprotocol/sdk/node_modules/ajv
869 silly ADD node_modules/@genkit-ai/tools-common/node_modules/json-schema-traverse
870 silly ADD node_modules/@genkit-ai/tools-common/node_modules/ajv
871 silly ADD node_modules/@genkit-ai/core/node_modules/json-schema-traverse
872 silly ADD node_modules/@genkit-ai/core/node_modules/ajv
873 silly REMOVE node_modules/@apideck/better-ajv-errors
874 verbose cwd D:\Job_Portal
875 verbose os Windows_NT 10.0.26200
876 verbose node v20.19.4
877 verbose npm  v11.14.1
878 notice
878 notice New minor version of npm available! 11.14.1 -> 11.20.0
878 notice Changelog: https://github.com/npm/cli/releases/tag/v11.20.0
878 notice To update run: npm install -g npm@11.20.0
878 notice  { force: true, [Symbol(proc-log.meta)]: true }
879 verbose exit 0
880 info ok
