0 verbose cli F:\Node js\node.exe C:\Users\prane\AppData\Roaming\npm\node_modules\npm\bin\npm-cli.js
1 info using npm@11.14.1
2 info using node@v20.19.4
3 silly config load:file:C:\Users\prane\AppData\Roaming\npm\node_modules\npm\npmrc
4 silly config load:file:D:\Job_Portal\.npmrc
5 silly config load:file:C:\Users\prane\.npmrc
6 silly config load:file:C:\Users\prane\AppData\Roaming\npm\etc\npmrc
7 verbose title npm install next-pwa leaflet react-leaflet @types/leaflet
8 verbose argv "install" "--cache" ".npm-cache" "--legacy-peer-deps" "next-pwa" "leaflet" "react-leaflet" "@types/leaflet"
9 verbose logfile logs-max:10 dir:D:\Job_Portal\.npm-cache\_logs\2026-09-04T14_12_16_141Z-
10 verbose logfile D:\Job_Portal\.npm-cache\_logs\2026-09-04T14_12_16_141Z-debug-0.log
11 silly logfile done cleaning log files
12 silly packumentCache heap:2197815296 maxSize:549453824 maxEntrySize:274726912
13 verbose shrinkwrap failed to load node_modules/.package-lock.json out of date, updated: node_modules
14 silly idealTree buildDeps
15 silly fetch manifest next-pwa@*
16 silly packumentCache full:https://registry.npmjs.org/next-pwa cache-miss
17 http cache https://registry.npmjs.org/next-pwa 46ms (cache hit)
18 silly packumentCache full:https://registry.npmjs.org/next-pwa set size:409199 disposed:false
19 silly fetch manifest leaflet@*
20 silly packumentCache full:https://registry.npmjs.org/leaflet cache-miss
21 http fetch GET 200 https://registry.npmjs.org/leaflet 2531ms (cache miss)
22 silly packumentCache full:https://registry.npmjs.org/leaflet set size:undefined disposed:false
23 silly fetch manifest react-leaflet@*
24 silly packumentCache full:https://registry.npmjs.org/react-leaflet cache-miss
25 http fetch GET 200 https://registry.npmjs.org/react-leaflet 1415ms (cache miss)
26 silly packumentCache full:https://registry.npmjs.org/react-leaflet set size:undefined disposed:false
27 silly fetch manifest @types/leaflet@*
28 silly packumentCache full:https://registry.npmjs.org/@types%2fleaflet cache-miss
29 http fetch GET 200 https://registry.npmjs.org/@types%2fleaflet 789ms (cache miss)
30 silly packumentCache full:https://registry.npmjs.org/@types%2fleaflet set size:undefined disposed:false
31 silly placeDep ROOT @types/leaflet@1.9.22 OK for: nextn@0.1.0 want: *
32 silly placeDep ROOT leaflet@1.9.4 OK for: nextn@0.1.0 want: *
33 silly placeDep ROOT next-pwa@5.6.0 OK for: nextn@0.1.0 want: *
34 silly placeDep ROOT react-leaflet@5.0.0 OK for: nextn@0.1.0 want: *
35 silly fetch manifest @types/geojson@*
36 silly packumentCache full:https://registry.npmjs.org/@types%2fgeojson cache-miss
37 silly fetch manifest babel-loader@^8.2.5
38 silly packumentCache full:https://registry.npmjs.org/babel-loader cache-miss
39 silly fetch manifest clean-webpack-plugin@^4.0.0
40 silly packumentCache full:https://registry.npmjs.org/clean-webpack-plugin cache-miss
41 silly fetch manifest globby@^11.0.4
42 silly packumentCache full:https://registry.npmjs.org/globby cache-miss
43 silly fetch manifest terser-webpack-plugin@^5.3.3
44 silly packumentCache full:https://registry.npmjs.org/terser-webpack-plugin cache-miss
45 silly fetch manifest workbox-webpack-plugin@^6.5.4
46 silly packumentCache full:https://registry.npmjs.org/workbox-webpack-plugin cache-miss
47 silly fetch manifest workbox-window@^6.5.4
48 silly packumentCache full:https://registry.npmjs.org/workbox-window cache-miss
49 silly fetch manifest @react-leaflet/core@^3.0.0
50 silly packumentCache full:https://registry.npmjs.org/@react-leaflet%2fcore cache-miss
51 http fetch GET 200 https://registry.npmjs.org/@types%2fgeojson 819ms (cache miss)
52 silly packumentCache full:https://registry.npmjs.org/@types%2fgeojson set size:undefined disposed:false
53 http fetch GET 200 https://registry.npmjs.org/globby 2161ms (cache miss)
54 silly packumentCache full:https://registry.npmjs.org/globby set size:undefined disposed:false
55 http fetch GET 200 https://registry.npmjs.org/workbox-window 2251ms (cache miss)
56 silly packumentCache full:https://registry.npmjs.org/workbox-window set size:undefined disposed:false
57 http fetch GET 200 https://registry.npmjs.org/babel-loader 2366ms (cache miss)
58 silly packumentCache full:https://registry.npmjs.org/babel-loader set size:undefined disposed:false
59 http fetch GET 200 https://registry.npmjs.org/clean-webpack-plugin 2534ms (cache miss)
60 silly packumentCache full:https://registry.npmjs.org/clean-webpack-plugin set size:undefined disposed:false
61 http fetch GET 200 https://registry.npmjs.org/terser-webpack-plugin 3278ms (cache miss)
62 silly packumentCache full:https://registry.npmjs.org/terser-webpack-plugin set size:undefined disposed:false
63 http fetch GET 200 https://registry.npmjs.org/workbox-webpack-plugin 3340ms (cache miss)
64 silly packumentCache full:https://registry.npmjs.org/workbox-webpack-plugin set size:undefined disposed:false
65 http fetch GET 200 https://registry.npmjs.org/@react-leaflet%2fcore 3367ms (cache miss)
66 silly packumentCache full:https://registry.npmjs.org/@react-leaflet%2fcore set size:undefined disposed:false
67 silly placeDep ROOT @types/geojson@7946.0.16 OK for: @types/leaflet@1.9.22 want: *
68 silly placeDep ROOT babel-loader@8.4.1 OK for: next-pwa@5.6.0 want: ^8.2.5
69 silly placeDep ROOT clean-webpack-plugin@4.0.0 OK for: next-pwa@5.6.0 want: ^4.0.0
70 silly placeDep ROOT globby@11.1.0 OK for: next-pwa@5.6.0 want: ^11.0.4
71 silly placeDep ROOT terser-webpack-plugin@5.6.1 OK for: next-pwa@5.6.0 want: ^5.3.3
72 silly placeDep ROOT workbox-webpack-plugin@6.6.0 OK for: next-pwa@5.6.0 want: ^6.5.4
73 silly placeDep ROOT workbox-window@6.6.0 OK for: next-pwa@5.6.0 want: ^6.5.4
74 silly fetch manifest loader-utils@^2.0.4
75 silly packumentCache full:https://registry.npmjs.org/loader-utils cache-miss
76 silly fetch manifest schema-utils@^2.6.5
77 silly packumentCache full:https://registry.npmjs.org/schema-utils cache-miss
78 silly fetch manifest find-cache-dir@^3.3.1
79 silly packumentCache full:https://registry.npmjs.org/find-cache-dir cache-miss
80 silly fetch manifest del@^4.1.1
81 silly packumentCache full:https://registry.npmjs.org/del cache-miss
82 silly fetch manifest slash@^3.0.0
83 silly packumentCache full:https://registry.npmjs.org/slash cache-miss
84 silly fetch manifest ignore@^5.2.0
85 silly packumentCache full:https://registry.npmjs.org/ignore cache-miss
86 silly fetch manifest dir-glob@^3.0.1
87 silly packumentCache full:https://registry.npmjs.org/dir-glob cache-miss
88 silly fetch manifest array-union@^2.1.0
89 silly packumentCache full:https://registry.npmjs.org/array-union cache-miss
90 silly fetch manifest jest-worker@^27.4.5
91 silly packumentCache full:https://registry.npmjs.org/jest-worker cache-miss
92 silly fetch manifest schema-utils@^4.3.0
93 silly packumentCache full:https://registry.npmjs.org/schema-utils cache-miss
94 silly fetch manifest terser@^5.31.1
95 silly packumentCache full:https://registry.npmjs.org/terser cache-miss
96 silly fetch manifest upath@^1.2.0
97 silly packumentCache full:https://registry.npmjs.org/upath cache-miss
98 silly fetch manifest pretty-bytes@^5.4.1
99 silly packumentCache full:https://registry.npmjs.org/pretty-bytes cache-miss
100 silly fetch manifest workbox-build@6.6.0
101 silly packumentCache full:https://registry.npmjs.org/workbox-build cache-miss
102 silly fetch manifest webpack-sources@^1.4.3
103 silly packumentCache full:https://registry.npmjs.org/webpack-sources cache-miss
104 http fetch GET 200 https://registry.npmjs.org/loader-utils 215ms (cache miss)
105 silly packumentCache full:https://registry.npmjs.org/loader-utils set size:undefined disposed:false
106 silly fetch manifest workbox-core@6.6.0
107 silly packumentCache full:https://registry.npmjs.org/workbox-core cache-miss
108 http fetch GET 200 https://registry.npmjs.org/find-cache-dir 572ms (cache miss)
109 silly packumentCache full:https://registry.npmjs.org/find-cache-dir set size:undefined disposed:false
110 silly fetch manifest @types/trusted-types@^2.0.2
111 silly packumentCache full:https://registry.npmjs.org/@types%2ftrusted-types cache-miss
112 http fetch GET 200 https://registry.npmjs.org/slash 584ms (cache miss)
113 silly packumentCache full:https://registry.npmjs.org/slash set size:undefined disposed:false
114 http fetch GET 200 https://registry.npmjs.org/dir-glob 651ms (cache miss)
115 silly packumentCache full:https://registry.npmjs.org/dir-glob set size:undefined disposed:false
116 http fetch GET 200 https://registry.npmjs.org/array-union 817ms (cache miss)
117 silly packumentCache full:https://registry.npmjs.org/array-union set size:undefined disposed:false
118 http fetch GET 200 https://registry.npmjs.org/schema-utils 914ms (cache miss)
119 silly packumentCache full:https://registry.npmjs.org/schema-utils set size:undefined disposed:false
120 http fetch GET 200 https://registry.npmjs.org/ignore 1563ms (cache miss)
121 silly packumentCache full:https://registry.npmjs.org/ignore set size:undefined disposed:false
122 http fetch GET 200 https://registry.npmjs.org/@types%2ftrusted-types 1006ms (cache miss)
123 silly packumentCache full:https://registry.npmjs.org/@types%2ftrusted-types set size:undefined disposed:false
124 http fetch GET 200 https://registry.npmjs.org/workbox-core 1370ms (cache miss)
125 silly packumentCache full:https://registry.npmjs.org/workbox-core set size:undefined disposed:false
126 http fetch GET 200 https://registry.npmjs.org/del 1602ms (cache miss)
127 silly packumentCache full:https://registry.npmjs.org/del set size:undefined disposed:false
128 http fetch GET 200 https://registry.npmjs.org/pretty-bytes 2736ms (cache miss)
129 silly packumentCache full:https://registry.npmjs.org/pretty-bytes set size:undefined disposed:false
130 http fetch GET 200 https://registry.npmjs.org/upath 3508ms (cache miss)
131 silly packumentCache full:https://registry.npmjs.org/upath set size:undefined disposed:false
132 http fetch GET 200 https://registry.npmjs.org/schema-utils 3534ms (cache miss)
133 silly packumentCache full:https://registry.npmjs.org/schema-utils set size:undefined disposed:false
134 http fetch GET 200 https://registry.npmjs.org/webpack-sources 4660ms (cache miss)
135 silly packumentCache full:https://registry.npmjs.org/webpack-sources set size:undefined disposed:false
136 http fetch GET 200 https://registry.npmjs.org/workbox-build 10879ms (cache miss)
137 silly packumentCache full:https://registry.npmjs.org/workbox-build set size:undefined disposed:false
138 http fetch GET 200 https://registry.npmjs.org/jest-worker 11283ms (cache miss)
139 silly packumentCache full:https://registry.npmjs.org/jest-worker set size:undefined disposed:false
140 http fetch GET 200 https://registry.npmjs.org/terser 13046ms (cache miss)
141 silly packumentCache full:https://registry.npmjs.org/terser set size:undefined disposed:false
142 silly placeDep ROOT find-cache-dir@3.3.2 OK for: babel-loader@8.4.1 want: ^3.3.1
143 silly placeDep ROOT loader-utils@2.0.4 OK for: babel-loader@8.4.1 want: ^2.0.4
144 silly placeDep ROOT schema-utils@2.7.1 OK for: babel-loader@8.4.1 want: ^2.6.5
145 silly fetch manifest pkg-dir@^4.1.0
146 silly packumentCache full:https://registry.npmjs.org/pkg-dir cache-miss
147 silly fetch manifest commondir@^1.0.1
148 silly packumentCache full:https://registry.npmjs.org/commondir cache-miss
149 silly fetch manifest big.js@^5.2.2
150 silly packumentCache full:https://registry.npmjs.org/big.js cache-miss
151 silly fetch manifest emojis-list@^3.0.0
152 silly packumentCache full:https://registry.npmjs.org/emojis-list cache-miss
153 silly fetch manifest ajv@^6.12.4
154 silly packumentCache full:https://registry.npmjs.org/ajv cache-miss
155 silly fetch manifest ajv-keywords@^3.5.2
156 silly packumentCache full:https://registry.npmjs.org/ajv-keywords cache-miss
157 http fetch GET 200 https://registry.npmjs.org/pkg-dir 269ms (cache miss)
158 silly packumentCache full:https://registry.npmjs.org/pkg-dir set size:undefined disposed:false
159 http fetch GET 200 https://registry.npmjs.org/commondir 281ms (cache miss)
160 silly packumentCache full:https://registry.npmjs.org/commondir set size:undefined disposed:false
161 http fetch GET 200 https://registry.npmjs.org/big.js 448ms (cache miss)
162 silly packumentCache full:https://registry.npmjs.org/big.js set size:undefined disposed:false
163 http fetch GET 200 https://registry.npmjs.org/emojis-list 453ms (cache miss)
164 silly packumentCache full:https://registry.npmjs.org/emojis-list set size:undefined disposed:false
165 http fetch GET 200 https://registry.npmjs.org/ajv 2796ms (cache miss)
166 silly packumentCache full:https://registry.npmjs.org/ajv set size:undefined disposed:false
167 http fetch GET 200 https://registry.npmjs.org/ajv-keywords 2823ms (cache miss)
168 silly packumentCache full:https://registry.npmjs.org/ajv-keywords set size:undefined disposed:false
169 silly placeDep ROOT del@4.1.1 OK for: clean-webpack-plugin@4.0.0 want: ^4.1.1
170 silly fetch manifest pify@^4.0.1
171 silly packumentCache full:https://registry.npmjs.org/pify cache-miss
172 silly fetch manifest p-map@^2.0.0
173 silly packumentCache full:https://registry.npmjs.org/p-map cache-miss
174 silly fetch manifest globby@^6.1.0
175 silly packumentCache full:https://registry.npmjs.org/globby cache-miss
176 silly fetch manifest @types/glob@^7.1.1
177 silly packumentCache full:https://registry.npmjs.org/@types%2fglob cache-miss
178 silly fetch manifest is-path-cwd@^2.0.0
179 silly packumentCache full:https://registry.npmjs.org/is-path-cwd cache-miss
180 silly fetch manifest is-path-in-cwd@^2.0.0
181 silly packumentCache full:https://registry.npmjs.org/is-path-in-cwd cache-miss
182 http cache https://registry.npmjs.org/globby 28ms (cache hit)
183 silly packumentCache full:https://registry.npmjs.org/globby set size:171193 disposed:false
184 http fetch GET 200 https://registry.npmjs.org/pify 248ms (cache miss)
185 silly packumentCache full:https://registry.npmjs.org/pify set size:undefined disposed:false
186 http fetch GET 200 https://registry.npmjs.org/p-map 284ms (cache miss)
187 silly packumentCache full:https://registry.npmjs.org/p-map set size:undefined disposed:false
188 http fetch GET 200 https://registry.npmjs.org/@types%2fglob 305ms (cache miss)
189 silly packumentCache full:https://registry.npmjs.org/@types%2fglob set size:undefined disposed:false
190 http fetch GET 200 https://registry.npmjs.org/is-path-cwd 308ms (cache miss)
191 silly packumentCache full:https://registry.npmjs.org/is-path-cwd set size:undefined disposed:false
192 http fetch GET 200 https://registry.npmjs.org/is-path-in-cwd 328ms (cache miss)
193 silly packumentCache full:https://registry.npmjs.org/is-path-in-cwd set size:undefined disposed:false
194 silly placeDep ROOT @types/glob@7.2.0 OK for: del@4.1.1 want: ^7.1.1
195 silly placeDep node_modules/del globby@6.1.0 OK for: del@4.1.1 want: ^6.1.0
196 silly placeDep ROOT is-path-cwd@2.2.0 OK for: del@4.1.1 want: ^2.0.0
197 silly placeDep ROOT is-path-in-cwd@2.1.0 OK for: del@4.1.1 want: ^2.0.0
198 silly placeDep ROOT p-map@2.1.0 OK for: del@4.1.1 want: ^2.0.0
199 silly placeDep node_modules/del pify@4.0.1 OK for: del@4.1.1 want: ^4.0.1
200 silly fetch manifest @types/minimatch@*
201 silly packumentCache full:https://registry.npmjs.org/@types%2fminimatch cache-miss
202 silly fetch manifest glob@^7.0.3
203 silly packumentCache full:https://registry.npmjs.org/glob cache-miss
204 silly fetch manifest array-union@^1.0.1
205 silly packumentCache full:https://registry.npmjs.org/array-union cache-miss
206 silly fetch manifest pinkie-promise@^2.0.0
207 silly packumentCache full:https://registry.npmjs.org/pinkie-promise cache-miss
208 silly fetch manifest is-path-inside@^2.1.0
209 silly packumentCache full:https://registry.npmjs.org/is-path-inside cache-miss
210 http cache https://registry.npmjs.org/array-union 31ms (cache hit)
211 silly packumentCache full:https://registry.npmjs.org/array-union set size:18386 disposed:false
212 http fetch GET 200 https://registry.npmjs.org/is-path-inside 1029ms (cache miss)
213 silly packumentCache full:https://registry.npmjs.org/is-path-inside set size:undefined disposed:false
214 http fetch GET 200 https://registry.npmjs.org/pinkie-promise 1043ms (cache miss)
215 silly packumentCache full:https://registry.npmjs.org/pinkie-promise set size:undefined disposed:false
216 http fetch GET 200 https://registry.npmjs.org/@types%2fminimatch 1250ms (cache miss)
217 silly packumentCache full:https://registry.npmjs.org/@types%2fminimatch set size:undefined disposed:false
218 http fetch GET 200 https://registry.npmjs.org/glob 1906ms (cache miss)
219 silly packumentCache full:https://registry.npmjs.org/glob set size:undefined disposed:false
220 silly placeDep ROOT @types/minimatch@5.1.2 OK for: @types/glob@7.2.0 want: *
221 silly placeDep ROOT commondir@1.0.1 OK for: find-cache-dir@3.3.2 want: ^1.0.1
222 silly placeDep ROOT pkg-dir@4.2.0 OK for: find-cache-dir@3.3.2 want: ^4.1.0
223 silly fetch manifest find-up@^4.0.0
224 silly packumentCache full:https://registry.npmjs.org/find-up cache-miss
225 http fetch GET 200 https://registry.npmjs.org/find-up 302ms (cache miss)
226 silly packumentCache full:https://registry.npmjs.org/find-up set size:undefined disposed:false
227 silly placeDep ROOT array-union@2.1.0 OK for: globby@11.1.0 want: ^2.1.0
228 silly placeDep ROOT dir-glob@3.0.1 OK for: globby@11.1.0 want: ^3.0.1
229 silly placeDep ROOT ignore@5.3.2 OK for: globby@11.1.0 want: ^5.2.0
230 silly placeDep node_modules/globby slash@3.0.0 OK for: globby@11.1.0 want: ^3.0.0
231 silly fetch manifest path-type@^4.0.0
232 silly packumentCache full:https://registry.npmjs.org/path-type cache-miss
233 http fetch GET 200 https://registry.npmjs.org/path-type 304ms (cache miss)
234 silly packumentCache full:https://registry.npmjs.org/path-type set size:undefined disposed:false
235 silly placeDep ROOT path-type@4.0.0 OK for: dir-glob@3.0.1 want: ^4.0.0
236 silly placeDep ROOT is-path-inside@2.1.0 OK for: is-path-in-cwd@2.1.0 want: ^2.1.0
237 silly fetch manifest path-is-inside@^1.0.2
238 silly packumentCache full:https://registry.npmjs.org/path-is-inside cache-miss
239 http fetch GET 200 https://registry.npmjs.org/path-is-inside 285ms (cache miss)
240 silly packumentCache full:https://registry.npmjs.org/path-is-inside set size:undefined disposed:false
241 silly placeDep ROOT path-is-inside@1.0.2 OK for: is-path-inside@2.1.0 want: ^1.0.2
242 silly placeDep ROOT big.js@5.2.2 OK for: loader-utils@2.0.4 want: ^5.2.2
243 silly placeDep ROOT emojis-list@3.0.0 OK for: loader-utils@2.0.4 want: ^3.0.0
244 silly placeDep ROOT find-up@4.1.0 OK for: pkg-dir@4.2.0 want: ^4.0.0
245 silly fetch manifest locate-path@^5.0.0
246 silly packumentCache full:https://registry.npmjs.org/locate-path cache-miss
247 silly fetch manifest path-exists@^4.0.0
248 silly packumentCache full:https://registry.npmjs.org/path-exists cache-miss
249 http fetch GET 200 https://registry.npmjs.org/locate-path 157ms (cache miss)
250 silly packumentCache full:https://registry.npmjs.org/locate-path set size:undefined disposed:false
251 http fetch GET 200 https://registry.npmjs.org/path-exists 179ms (cache miss)
252 silly packumentCache full:https://registry.npmjs.org/path-exists set size:undefined disposed:false
253 silly placeDep ROOT locate-path@5.0.0 OK for: find-up@4.1.0 want: ^5.0.0
254 silly placeDep ROOT path-exists@4.0.0 OK for: find-up@4.1.0 want: ^4.0.0
255 silly fetch manifest p-locate@^4.1.0
256 silly packumentCache full:https://registry.npmjs.org/p-locate cache-miss
257 http fetch GET 200 https://registry.npmjs.org/p-locate 242ms (cache miss)
258 silly packumentCache full:https://registry.npmjs.org/p-locate set size:undefined disposed:false
259 silly placeDep ROOT p-locate@4.1.0 OK for: locate-path@5.0.0 want: ^4.1.0
260 silly fetch manifest p-limit@^2.2.0
261 silly packumentCache full:https://registry.npmjs.org/p-limit cache-miss
262 http fetch GET 200 https://registry.npmjs.org/p-limit 212ms (cache miss)
263 silly packumentCache full:https://registry.npmjs.org/p-limit set size:undefined disposed:false
264 silly placeDep node_modules/p-locate p-limit@2.3.0 OK for: p-locate@4.1.0 want: ^2.2.0
265 silly fetch manifest p-try@^2.0.0
266 silly packumentCache full:https://registry.npmjs.org/p-try cache-miss
267 http fetch GET 200 https://registry.npmjs.org/p-try 100ms (cache miss)
268 silly packumentCache full:https://registry.npmjs.org/p-try set size:undefined disposed:false
269 silly placeDep ROOT @react-leaflet/core@3.0.0 OK for: react-leaflet@5.0.0 want: ^3.0.0
270 silly placeDep node_modules/schema-utils ajv@6.15.0 OK for: schema-utils@2.7.1 want: ^6.12.4
271 silly placeDep ROOT ajv-keywords@3.5.2 OK for: schema-utils@2.7.1 want: ^3.5.2
272 silly fetch manifest json-schema-traverse@^0.4.1
273 silly packumentCache full:https://registry.npmjs.org/json-schema-traverse cache-miss
274 http fetch GET 200 https://registry.npmjs.org/json-schema-traverse 263ms (cache miss)
275 silly packumentCache full:https://registry.npmjs.org/json-schema-traverse set size:undefined disposed:false
276 silly placeDep ROOT jest-worker@27.5.1 OK for: terser-webpack-plugin@5.6.1 want: ^27.4.5
277 silly placeDep node_modules/terser-webpack-plugin schema-utils@4.3.3 OK for: terser-webpack-plugin@5.6.1 want: ^4.3.0
278 silly placeDep ROOT terser@5.51.2 OK for: terser-webpack-plugin@5.6.1 want: ^5.31.1
279 silly fetch manifest merge-stream@^2.0.0
280 silly packumentCache full:https://registry.npmjs.org/merge-stream cache-miss
281 silly fetch manifest supports-color@^8.0.0
282 silly packumentCache full:https://registry.npmjs.org/supports-color cache-miss
283 silly fetch manifest ajv-formats@^2.1.1
284 silly packumentCache full:https://registry.npmjs.org/ajv-formats cache-miss
285 silly fetch manifest ajv-keywords@^5.1.0
286 silly packumentCache full:https://registry.npmjs.org/ajv-keywords cache-miss
287 silly fetch manifest commander@^2.20.0
288 silly packumentCache full:https://registry.npmjs.org/commander cache-miss
289 silly fetch manifest source-map-support@~0.5.20
290 silly packumentCache full:https://registry.npmjs.org/source-map-support cache-miss
291 silly fetch manifest @jridgewell/source-map@^0.3.3
292 silly packumentCache full:https://registry.npmjs.org/@jridgewell%2fsource-map cache-miss
293 http cache https://registry.npmjs.org/ajv-keywords 27ms (cache hit)
294 silly packumentCache full:https://registry.npmjs.org/ajv-keywords set size:310004 disposed:false
295 http fetch GET 200 https://registry.npmjs.org/merge-stream 213ms (cache miss)
296 silly packumentCache full:https://registry.npmjs.org/merge-stream set size:undefined disposed:false
297 http fetch GET 200 https://registry.npmjs.org/supports-color 226ms (cache miss)
298 silly packumentCache full:https://registry.npmjs.org/supports-color set size:undefined disposed:false
299 http fetch GET 200 https://registry.npmjs.org/ajv-formats 271ms (cache miss)
300 silly packumentCache full:https://registry.npmjs.org/ajv-formats set size:undefined disposed:false
301 http fetch GET 200 https://registry.npmjs.org/@jridgewell%2fsource-map 272ms (cache miss)
302 silly packumentCache full:https://registry.npmjs.org/@jridgewell%2fsource-map set size:undefined disposed:false
303 http fetch GET 200 https://registry.npmjs.org/source-map-support 300ms (cache miss)
304 silly packumentCache full:https://registry.npmjs.org/source-map-support set size:undefined disposed:false
305 http fetch GET 200 https://registry.npmjs.org/commander 630ms (cache miss)
306 silly packumentCache full:https://registry.npmjs.org/commander set size:undefined disposed:false
307 silly placeDep ROOT merge-stream@2.0.0 OK for: jest-worker@27.5.1 want: ^2.0.0
308 silly placeDep node_modules/jest-worker supports-color@8.1.1 OK for: jest-worker@27.5.1 want: ^8.0.0
309 silly placeDep ROOT @jridgewell/source-map@0.3.11 OK for: terser@5.51.2 want: ^0.3.3
310 silly placeDep node_modules/terser commander@2.20.3 OK for: terser@5.51.2 want: ^2.20.0
311 silly placeDep ROOT source-map-support@0.5.21 OK for: terser@5.51.2 want: ~0.5.20
312 silly fetch manifest buffer-from@^1.0.0
313 silly packumentCache full:https://registry.npmjs.org/buffer-from cache-miss
314 http fetch GET 200 https://registry.npmjs.org/buffer-from 125ms (cache miss)
315 silly packumentCache full:https://registry.npmjs.org/buffer-from set size:undefined disposed:false
316 silly placeDep ROOT buffer-from@1.1.2 OK for: source-map-support@0.5.21 want: ^1.0.0
317 silly placeDep ROOT pretty-bytes@5.6.0 OK for: workbox-webpack-plugin@6.6.0 want: ^5.4.1
318 silly placeDep ROOT upath@1.2.0 OK for: workbox-webpack-plugin@6.6.0 want: ^1.2.0
319 silly placeDep ROOT webpack-sources@1.4.3 OK for: workbox-webpack-plugin@6.6.0 want: ^1.4.3
320 silly placeDep ROOT workbox-build@6.6.0 OK for: workbox-webpack-plugin@6.6.0 want: 6.6.0
321 silly fetch manifest source-list-map@^2.0.0
322 silly packumentCache full:https://registry.npmjs.org/source-list-map cache-miss
323 silly fetch manifest glob@^7.1.6
324 silly packumentCache full:https://registry.npmjs.org/glob cache-miss
325 silly fetch manifest tempy@^0.6.0
326 silly packumentCache full:https://registry.npmjs.org/tempy cache-miss
327 silly fetch manifest rollup@^2.43.1
328 silly packumentCache full:https://registry.npmjs.org/rollup cache-miss
329 silly fetch manifest source-map@^0.8.0-beta.0
330 silly packumentCache full:https://registry.npmjs.org/source-map cache-miss
331 silly fetch manifest workbox-sw@6.6.0
332 silly packumentCache full:https://registry.npmjs.org/workbox-sw cache-miss
333 silly fetch manifest @babel/core@^7.11.1
334 silly packumentCache full:https://registry.npmjs.org/@babel%2fcore cache-miss
335 silly fetch manifest common-tags@^1.8.0
336 silly packumentCache full:https://registry.npmjs.org/common-tags cache-miss
337 silly fetch manifest strip-comments@^2.0.1
338 silly packumentCache full:https://registry.npmjs.org/strip-comments cache-miss
339 silly fetch manifest workbox-recipes@6.6.0
340 silly packumentCache full:https://registry.npmjs.org/workbox-recipes cache-miss
341 silly fetch manifest workbox-routing@6.6.0
342 silly packumentCache full:https://registry.npmjs.org/workbox-routing cache-miss
343 silly fetch manifest workbox-streams@6.6.0
344 silly packumentCache full:https://registry.npmjs.org/workbox-streams cache-miss
345 silly fetch manifest stringify-object@^3.3.0
346 silly packumentCache full:https://registry.npmjs.org/stringify-object cache-miss
347 silly fetch manifest @babel/preset-env@^7.11.0
348 silly packumentCache full:https://registry.npmjs.org/@babel%2fpreset-env cache-miss
349 silly fetch manifest workbox-expiration@6.6.0
350 silly packumentCache full:https://registry.npmjs.org/workbox-expiration cache-miss
351 http cache https://registry.npmjs.org/glob 60ms (cache hit)
352 silly packumentCache full:https://registry.npmjs.org/glob set size:469465 disposed:false
353 silly fetch manifest workbox-precaching@6.6.0
354 silly packumentCache full:https://registry.npmjs.org/workbox-precaching cache-miss
355 http fetch GET 200 https://registry.npmjs.org/source-list-map 108ms (cache miss)
356 silly packumentCache full:https://registry.npmjs.org/source-list-map set size:undefined disposed:false
357 silly fetch manifest workbox-strategies@6.6.0
358 silly packumentCache full:https://registry.npmjs.org/workbox-strategies cache-miss
359 http fetch GET 200 https://registry.npmjs.org/strip-comments 252ms (cache miss)
360 silly packumentCache full:https://registry.npmjs.org/strip-comments set size:undefined disposed:false
361 silly fetch manifest @rollup/plugin-babel@^5.2.0
362 silly packumentCache full:https://registry.npmjs.org/@rollup%2fplugin-babel cache-miss
363 http fetch GET 200 https://registry.npmjs.org/source-map 272ms (cache miss)
364 silly packumentCache full:https://registry.npmjs.org/source-map set size:undefined disposed:false
365 silly fetch manifest rollup-plugin-terser@^7.0.0
366 silly packumentCache full:https://registry.npmjs.org/rollup-plugin-terser cache-miss
367 http fetch GET 200 https://registry.npmjs.org/common-tags 434ms (cache miss)
368 silly packumentCache full:https://registry.npmjs.org/common-tags set size:undefined disposed:false
369 silly fetch manifest @rollup/plugin-replace@^2.4.1
370 silly packumentCache full:https://registry.npmjs.org/@rollup%2fplugin-replace cache-miss
371 http fetch GET 200 https://registry.npmjs.org/workbox-recipes 606ms (cache miss)
372 silly packumentCache full:https://registry.npmjs.org/workbox-recipes set size:undefined disposed:false
373 silly fetch manifest workbox-range-requests@6.6.0
374 silly packumentCache full:https://registry.npmjs.org/workbox-range-requests cache-miss
375 http fetch GET 200 https://registry.npmjs.org/stringify-object 1414ms (cache miss)
376 silly packumentCache full:https://registry.npmjs.org/stringify-object set size:undefined disposed:false
377 silly fetch manifest workbox-background-sync@6.6.0
378 silly packumentCache full:https://registry.npmjs.org/workbox-background-sync cache-miss
379 http fetch GET 200 https://registry.npmjs.org/workbox-sw 1565ms (cache miss)
380 silly packumentCache full:https://registry.npmjs.org/workbox-sw set size:undefined disposed:false
381 silly fetch manifest workbox-broadcast-update@6.6.0
382 silly packumentCache full:https://registry.npmjs.org/workbox-broadcast-update cache-miss
383 http fetch GET 200 https://registry.npmjs.org/tempy 2525ms (cache miss)
384 silly packumentCache full:https://registry.npmjs.org/tempy set size:undefined disposed:false
385 silly fetch manifest workbox-google-analytics@6.6.0
386 silly packumentCache full:https://registry.npmjs.org/workbox-google-analytics cache-miss
387 http fetch GET 200 https://registry.npmjs.org/rollup-plugin-terser 2397ms (cache miss)
388 silly packumentCache full:https://registry.npmjs.org/rollup-plugin-terser set size:undefined disposed:false
389 silly fetch manifest @apideck/better-ajv-errors@^0.3.1
390 silly packumentCache full:https://registry.npmjs.org/@apideck%2fbetter-ajv-errors cache-miss
391 http fetch GET 200 https://registry.npmjs.org/@rollup%2fplugin-replace 2344ms (cache miss)
392 silly packumentCache full:https://registry.npmjs.org/@rollup%2fplugin-replace set size:undefined disposed:false
393 silly fetch manifest workbox-cacheable-response@6.6.0
394 silly packumentCache full:https://registry.npmjs.org/workbox-cacheable-response cache-miss
395 http fetch GET 200 https://registry.npmjs.org/workbox-expiration 2777ms (cache miss)
396 silly packumentCache full:https://registry.npmjs.org/workbox-expiration set size:undefined disposed:false
397 silly fetch manifest workbox-navigation-preload@6.6.0
398 silly packumentCache full:https://registry.npmjs.org/workbox-navigation-preload cache-miss
399 http fetch GET 200 https://registry.npmjs.org/workbox-routing 2851ms (cache miss)
400 silly packumentCache full:https://registry.npmjs.org/workbox-routing set size:undefined disposed:false
401 silly fetch manifest @rollup/plugin-node-resolve@^11.2.1
402 silly packumentCache full:https://registry.npmjs.org/@rollup%2fplugin-node-resolve cache-miss
403 http fetch GET 200 https://registry.npmjs.org/workbox-precaching 2822ms (cache miss)
404 silly packumentCache full:https://registry.npmjs.org/workbox-precaching set size:undefined disposed:false
405 silly fetch manifest @surma/rollup-plugin-off-main-thread@^2.2.3
406 silly packumentCache full:https://registry.npmjs.org/@surma%2frollup-plugin-off-main-thread cache-miss
407 http fetch GET 200 https://registry.npmjs.org/@babel%2fcore 2898ms (cache miss)
408 silly packumentCache full:https://registry.npmjs.org/@babel%2fcore set size:undefined disposed:false
409 http fetch GET 200 https://registry.npmjs.org/workbox-range-requests 2467ms (cache miss)
410 silly packumentCache full:https://registry.npmjs.org/workbox-range-requests set size:undefined disposed:false
411 http fetch GET 200 https://registry.npmjs.org/workbox-broadcast-update 1740ms (cache miss)
412 silly packumentCache full:https://registry.npmjs.org/workbox-broadcast-update set size:undefined disposed:false
413 http fetch GET 200 https://registry.npmjs.org/@babel%2fpreset-env 3643ms (cache miss)
414 silly packumentCache full:https://registry.npmjs.org/@babel%2fpreset-env set size:undefined disposed:false
415 http fetch GET 200 https://registry.npmjs.org/@rollup%2fplugin-babel 3551ms (cache miss)
416 silly packumentCache full:https://registry.npmjs.org/@rollup%2fplugin-babel set size:undefined disposed:false
417 http fetch GET 200 https://registry.npmjs.org/workbox-streams 3812ms (cache miss)
418 silly packumentCache full:https://registry.npmjs.org/workbox-streams set size:undefined disposed:false
419 http fetch GET 200 https://registry.npmjs.org/workbox-strategies 3727ms (cache miss)
420 silly packumentCache full:https://registry.npmjs.org/workbox-strategies set size:undefined disposed:false
421 http fetch GET 200 https://registry.npmjs.org/@apideck%2fbetter-ajv-errors 1172ms (cache miss)
422 silly packumentCache full:https://registry.npmjs.org/@apideck%2fbetter-ajv-errors set size:undefined disposed:false
423 http fetch GET 200 https://registry.npmjs.org/workbox-background-sync 2522ms (cache miss)
424 silly packumentCache full:https://registry.npmjs.org/workbox-background-sync set size:undefined disposed:false
425 http fetch GET 200 https://registry.npmjs.org/workbox-navigation-preload 1188ms (cache miss)
426 silly packumentCache full:https://registry.npmjs.org/workbox-navigation-preload set size:undefined disposed:false
427 http fetch GET 200 https://registry.npmjs.org/@rollup%2fplugin-node-resolve 1233ms (cache miss)
428 silly packumentCache full:https://registry.npmjs.org/@rollup%2fplugin-node-resolve set size:undefined disposed:false
429 http fetch GET 200 https://registry.npmjs.org/workbox-google-analytics 2717ms (cache miss)
430 silly packumentCache full:https://registry.npmjs.org/workbox-google-analytics set size:undefined disposed:false
431 http fetch GET 200 https://registry.npmjs.org/@surma%2frollup-plugin-off-main-thread 2356ms (cache miss)
432 silly packumentCache full:https://registry.npmjs.org/@surma%2frollup-plugin-off-main-thread set size:undefined disposed:false
433 http fetch GET 200 https://registry.npmjs.org/workbox-cacheable-response 2465ms (cache miss)
434 silly packumentCache full:https://registry.npmjs.org/workbox-cacheable-response set size:undefined disposed:false
435 http fetch GET 200 https://registry.npmjs.org/rollup 6893ms (cache miss)
436 silly packumentCache full:https://registry.npmjs.org/rollup set size:undefined disposed:false
437 silly placeDep ROOT source-list-map@2.0.1 OK for: webpack-sources@1.4.3 want: ^2.0.0
438 silly placeDep ROOT @apideck/better-ajv-errors@0.3.7 OK for: workbox-build@6.6.0 want: ^0.3.1
439 silly placeDep ROOT @babel/core@7.29.7 OK for: workbox-build@6.6.0 want: ^7.11.1
440 silly placeDep ROOT @babel/preset-env@7.29.7 OK for: workbox-build@6.6.0 want: ^7.11.0
441 silly placeDep ROOT @rollup/plugin-babel@5.3.1 OK for: workbox-build@6.6.0 want: ^5.2.0
442 silly placeDep ROOT @rollup/plugin-node-resolve@11.2.1 OK for: workbox-build@6.6.0 want: ^11.2.1
443 silly placeDep ROOT @rollup/plugin-replace@2.4.2 OK for: workbox-build@6.6.0 want: ^2.4.1
444 silly placeDep ROOT @surma/rollup-plugin-off-main-thread@2.2.3 OK for: workbox-build@6.6.0 want: ^2.2.3
445 silly placeDep ROOT common-tags@1.8.2 OK for: workbox-build@6.6.0 want: ^1.8.0
446 silly placeDep node_modules/workbox-build glob@7.2.3 OK for: workbox-build@6.6.0 want: ^7.1.6
447 silly placeDep ROOT rollup@2.80.0 OK for: workbox-build@6.6.0 want: ^2.43.1
448 silly placeDep ROOT rollup-plugin-terser@7.0.2 OK for: workbox-build@6.6.0 want: ^7.0.0
449 silly placeDep node_modules/workbox-build source-map@0.8.0 OK for: workbox-build@6.6.0 want: ^0.8.0-beta.0
450 silly placeDep ROOT stringify-object@3.3.0 OK for: workbox-build@6.6.0 want: ^3.3.0
451 silly placeDep ROOT strip-comments@2.0.1 OK for: workbox-build@6.6.0 want: ^2.0.1
452 silly placeDep ROOT tempy@0.6.0 OK for: workbox-build@6.6.0 want: ^0.6.0
453 silly placeDep ROOT workbox-background-sync@6.6.0 OK for: workbox-build@6.6.0 want: 6.6.0
454 silly placeDep ROOT workbox-broadcast-update@6.6.0 OK for: workbox-build@6.6.0 want: 6.6.0
455 silly placeDep ROOT workbox-cacheable-response@6.6.0 OK for: workbox-build@6.6.0 want: 6.6.0
456 silly placeDep ROOT workbox-core@6.6.0 OK for: workbox-build@6.6.0 want: 6.6.0
457 silly placeDep ROOT workbox-expiration@6.6.0 OK for: workbox-build@6.6.0 want: 6.6.0
458 silly placeDep ROOT workbox-google-analytics@6.6.0 OK for: workbox-build@6.6.0 want: 6.6.0
459 silly placeDep ROOT workbox-navigation-preload@6.6.0 OK for: workbox-build@6.6.0 want: 6.6.0
460 silly placeDep ROOT workbox-precaching@6.6.0 OK for: workbox-build@6.6.0 want: 6.6.0
461 silly placeDep ROOT workbox-range-requests@6.6.0 OK for: workbox-build@6.6.0 want: 6.6.0
462 silly placeDep ROOT workbox-recipes@6.6.0 OK for: workbox-build@6.6.0 want: 6.6.0
463 silly placeDep ROOT workbox-routing@6.6.0 OK for: workbox-build@6.6.0 want: 6.6.0
464 silly placeDep ROOT workbox-strategies@6.6.0 OK for: workbox-build@6.6.0 want: 6.6.0
465 silly placeDep ROOT workbox-streams@6.6.0 OK for: workbox-build@6.6.0 want: 6.6.0
466 silly placeDep ROOT workbox-sw@6.6.0 OK for: workbox-build@6.6.0 want: 6.6.0
467 silly fetch manifest leven@^3.1.0
468 silly packumentCache full:https://registry.npmjs.org/leven cache-miss
469 silly fetch manifest jsonpointer@^5.0.1
470 silly packumentCache full:https://registry.npmjs.org/jsonpointer cache-miss
471 silly fetch manifest debug@^4.1.0
472 silly packumentCache full:https://registry.npmjs.org/debug cache-miss
473 silly fetch manifest semver@^6.3.1
474 silly packumentCache full:https://registry.npmjs.org/semver cache-miss
475 silly fetch manifest gensync@^1.0.0-beta.2
476 silly packumentCache full:https://registry.npmjs.org/gensync cache-miss
477 silly fetch manifest @babel/types@^7.29.7
478 silly packumentCache full:https://registry.npmjs.org/@babel%2ftypes cache-miss
479 silly fetch manifest @babel/parser@^7.29.7
480 silly packumentCache full:https://registry.npmjs.org/@babel%2fparser cache-miss
481 silly fetch manifest @babel/helpers@^7.29.7
482 silly packumentCache full:https://registry.npmjs.org/@babel%2fhelpers cache-miss
483 silly fetch manifest @babel/template@^7.29.7
484 silly packumentCache full:https://registry.npmjs.org/@babel%2ftemplate cache-miss
485 silly fetch manifest @babel/traverse@^7.29.7
486 silly packumentCache full:https://registry.npmjs.org/@babel%2ftraverse cache-miss
487 silly fetch manifest @babel/generator@^7.29.7
488 silly packumentCache full:https://registry.npmjs.org/@babel%2fgenerator cache-miss
489 silly fetch manifest @babel/code-frame@^7.29.7
490 silly packumentCache full:https://registry.npmjs.org/@babel%2fcode-frame cache-miss
491 silly fetch manifest convert-source-map@^2.0.0
492 silly packumentCache full:https://registry.npmjs.org/convert-source-map cache-miss
493 silly fetch manifest @jridgewell/remapping@^2.3.5
494 silly packumentCache full:https://registry.npmjs.org/@jridgewell%2fremapping cache-miss
495 silly fetch manifest @babel/helper-module-transforms@^7.29.7
496 silly packumentCache full:https://registry.npmjs.org/@babel%2fhelper-module-transforms cache-miss
497 http fetch GET 200 https://registry.npmjs.org/leven 368ms (cache miss)
498 silly packumentCache full:https://registry.npmjs.org/leven set size:undefined disposed:false
499 silly fetch manifest @babel/helper-compilation-targets@^7.29.7
500 silly packumentCache full:https://registry.npmjs.org/@babel%2fhelper-compilation-targets cache-miss
501 http fetch GET 200 https://registry.npmjs.org/jsonpointer 378ms (cache miss)
502 silly packumentCache full:https://registry.npmjs.org/jsonpointer set size:undefined disposed:false
503 silly fetch manifest semver@^6.3.1
504 silly packumentCache full:https://registry.npmjs.org/semver cache-miss
505 http fetch GET 200 https://registry.npmjs.org/debug 1027ms (cache miss)
506 silly packumentCache full:https://registry.npmjs.org/debug set size:undefined disposed:false
507 silly fetch manifest core-js-compat@^3.48.0
508 silly packumentCache full:https://registry.npmjs.org/core-js-compat cache-miss
509 http fetch GET 200 https://registry.npmjs.org/gensync 1097ms (cache miss)
510 silly packumentCache full:https://registry.npmjs.org/gensync set size:undefined disposed:false
511 silly fetch manifest @babel/compat-data@^7.29.7
512 silly packumentCache full:https://registry.npmjs.org/@babel%2fcompat-data cache-miss
513 http fetch GET 200 https://registry.npmjs.org/semver 2136ms (cache miss)
514 silly packumentCache full:https://registry.npmjs.org/semver set size:undefined disposed:false
515 silly fetch manifest @babel/preset-modules@0.1.6-no-external-plugins
516 silly packumentCache full:https://registry.npmjs.org/@babel%2fpreset-modules cache-miss
517 http fetch GET 200 https://registry.npmjs.org/@babel%2ftemplate 2237ms (cache miss)
518 silly packumentCache full:https://registry.npmjs.org/@babel%2ftemplate set size:undefined disposed:false
519 silly fetch manifest @babel/helper-plugin-utils@^7.29.7
520 silly packumentCache full:https://registry.npmjs.org/@babel%2fhelper-plugin-utils cache-miss
521 http fetch GET 200 https://registry.npmjs.org/convert-source-map 2245ms (cache miss)
522 silly packumentCache full:https://registry.npmjs.org/convert-source-map set size:undefined disposed:false
523 silly fetch manifest babel-plugin-polyfill-corejs2@^0.4.15
524 silly packumentCache full:https://registry.npmjs.org/babel-plugin-polyfill-corejs2 cache-miss
525 http fetch GET 200 https://registry.npmjs.org/@babel%2fcode-frame 2325ms (cache miss)
526 silly packumentCache full:https://registry.npmjs.org/@babel%2fcode-frame set size:undefined disposed:false
527 silly fetch manifest babel-plugin-polyfill-corejs3@^0.14.0
528 silly packumentCache full:https://registry.npmjs.org/babel-plugin-polyfill-corejs3 cache-miss
529 http fetch GET 200 https://registry.npmjs.org/@jridgewell%2fremapping 2473ms (cache miss)
530 silly packumentCache full:https://registry.npmjs.org/@jridgewell%2fremapping set size:undefined disposed:false
531 silly fetch manifest @babel/helper-validator-option@^7.29.7
532 silly packumentCache full:https://registry.npmjs.org/@babel%2fhelper-validator-option cache-miss
533 http fetch GET 200 https://registry.npmjs.org/semver 2649ms (cache miss)
534 silly packumentCache full:https://registry.npmjs.org/semver set size:undefined disposed:false
535 silly fetch manifest @babel/plugin-transform-for-of@^7.29.7
536 silly packumentCache full:https://registry.npmjs.org/@babel%2fplugin-transform-for-of cache-miss
537 http fetch GET 200 https://registry.npmjs.org/@babel%2fhelper-plugin-utils 1005ms (cache miss)
538 silly packumentCache full:https://registry.npmjs.org/@babel%2fhelper-plugin-utils set size:undefined disposed:false
539 silly fetch manifest @babel/plugin-transform-spread@^7.29.7
540 silly packumentCache full:https://registry.npmjs.org/@babel%2fplugin-transform-spread cache-miss
541 http fetch GET 200 https://registry.npmjs.org/babel-plugin-polyfill-corejs2 1049ms (cache miss)
542 silly packumentCache full:https://registry.npmjs.org/babel-plugin-polyfill-corejs2 set size:undefined disposed:false
543 silly fetch manifest @babel/plugin-transform-classes@^7.29.7
544 silly packumentCache full:https://registry.npmjs.org/@babel%2fplugin-transform-classes cache-miss
545 http fetch GET 200 https://registry.npmjs.org/babel-plugin-polyfill-corejs3 1062ms (cache miss)
546 silly packumentCache full:https://registry.npmjs.org/babel-plugin-polyfill-corejs3 set size:undefined disposed:false
547 silly fetch manifest @babel/plugin-transform-literals@^7.29.7
548 silly packumentCache full:https://registry.npmjs.org/@babel%2fplugin-transform-literals cache-miss
549 http fetch GET 200 https://registry.npmjs.org/@babel%2fpreset-modules 3490ms (cache miss)
550 silly packumentCache full:https://registry.npmjs.org/@babel%2fpreset-modules set size:undefined disposed:false
551 silly fetch manifest @babel/helper-compilation-targets@^7.29.7
552 silly packumentCache full:https://registry.npmjs.org/@babel%2fhelper-compilation-targets cache-miss
553 http fetch GET 200 https://registry.npmjs.org/@babel%2fhelpers 5765ms (cache miss)
554 silly packumentCache full:https://registry.npmjs.org/@babel%2fhelpers set size:undefined disposed:false
555 silly fetch manifest babel-plugin-polyfill-regenerator@^0.6.6
556 silly packumentCache full:https://registry.npmjs.org/babel-plugin-polyfill-regenerator cache-miss
557 http fetch GET 200 https://registry.npmjs.org/@babel%2fgenerator 5869ms (cache miss)
558 silly packumentCache full:https://registry.npmjs.org/@babel%2fgenerator set size:undefined disposed:false
559 silly fetch manifest @babel/plugin-transform-new-target@^7.29.7
560 silly packumentCache full:https://registry.npmjs.org/@babel%2fplugin-transform-new-target cache-miss
561 http fetch GET 200 https://registry.npmjs.org/@babel%2fhelper-compilation-targets 5578ms (cache miss)
562 silly packumentCache full:https://registry.npmjs.org/@babel%2fhelper-compilation-targets set size:undefined disposed:false
563 silly fetch manifest @babel/plugin-transform-parameters@^7.29.7
564 silly packumentCache full:https://registry.npmjs.org/@babel%2fplugin-transform-parameters cache-miss
565 http fetch GET 200 https://registry.npmjs.org/@babel%2fhelper-validator-option 3463ms (cache miss)
566 silly packumentCache full:https://registry.npmjs.org/@babel%2fhelper-validator-option set size:undefined disposed:false
567 silly fetch manifest @babel/plugin-transform-modules-amd@^7.29.7
568 silly packumentCache full:https://registry.npmjs.org/@babel%2fplugin-transform-modules-amd cache-miss
569 http fetch GET 200 https://registry.npmjs.org/@babel%2fplugin-transform-for-of 3108ms (cache miss)
570 silly packumentCache full:https://registry.npmjs.org/@babel%2fplugin-transform-for-of set size:undefined disposed:false
571 silly fetch manifest @babel/plugin-transform-modules-umd@^7.29.7
572 silly packumentCache full:https://registry.npmjs.org/@babel%2fplugin-transform-modules-umd cache-miss
573 http fetch GET 200 https://registry.npmjs.org/@babel%2fcompat-data 5236ms (cache miss)
574 silly packumentCache full:https://registry.npmjs.org/@babel%2fcompat-data set size:undefined disposed:false
575 silly fetch manifest @babel/plugin-transform-regenerator@^7.29.7
576 silly packumentCache full:https://registry.npmjs.org/@babel%2fplugin-transform-regenerator cache-miss
577 http fetch GET 200 https://registry.npmjs.org/@babel%2fplugin-transform-literals 2974ms (cache miss)
578 silly packumentCache full:https://registry.npmjs.org/@babel%2fplugin-transform-literals set size:undefined disposed:false
579 silly fetch manifest @babel/plugin-transform-dotall-regex@^7.29.7
580 silly packumentCache full:https://registry.npmjs.org/@babel%2fplugin-transform-dotall-regex cache-miss
581 http fetch GET 200 https://registry.npmjs.org/@babel%2fparser 6437ms (cache miss)
582 silly packumentCache full:https://registry.npmjs.org/@babel%2fparser set size:undefined disposed:false
583 silly fetch manifest @babel/plugin-transform-json-strings@^7.29.7
584 silly packumentCache full:https://registry.npmjs.org/@babel%2fplugin-transform-json-strings cache-miss
585 http fetch GET 200 https://registry.npmjs.org/@babel%2ftraverse 6464ms (cache miss)
586 silly packumentCache full:https://registry.npmjs.org/@babel%2ftraverse set size:undefined disposed:false
587 silly fetch manifest @babel/plugin-transform-object-super@^7.29.7
588 silly packumentCache full:https://registry.npmjs.org/@babel%2fplugin-transform-object-super cache-miss
589 http fetch GET 200 https://registry.npmjs.org/@babel%2fhelper-compilation-targets 899ms (cache miss)
590 silly packumentCache full:https://registry.npmjs.org/@babel%2fhelper-compilation-targets set size:undefined disposed:false
591 silly fetch manifest @babel/plugin-transform-sticky-regex@^7.29.7
592 silly packumentCache full:https://registry.npmjs.org/@babel%2fplugin-transform-sticky-regex cache-miss
593 http fetch GET 200 https://registry.npmjs.org/@babel%2fhelper-module-transforms 6532ms (cache miss)
594 silly packumentCache full:https://registry.npmjs.org/@babel%2fhelper-module-transforms set size:undefined disposed:false
595 silly fetch manifest @babel/plugin-transform-block-scoping@^7.29.7
596 silly packumentCache full:https://registry.npmjs.org/@babel%2fplugin-transform-block-scoping cache-miss
597 http fetch GET 200 https://registry.npmjs.org/babel-plugin-polyfill-regenerator 826ms (cache miss)
598 silly packumentCache full:https://registry.npmjs.org/babel-plugin-polyfill-regenerator set size:undefined disposed:false
599 silly fetch manifest @babel/plugin-transform-destructuring@^7.29.7
600 silly packumentCache full:https://registry.npmjs.org/@babel%2fplugin-transform-destructuring cache-miss
601 http fetch GET 200 https://registry.npmjs.org/@babel%2fplugin-transform-parameters 1033ms (cache miss)
602 silly packumentCache full:https://registry.npmjs.org/@babel%2fplugin-transform-parameters set size:undefined disposed:false
603 silly fetch manifest @babel/plugin-transform-function-name@^7.29.7
604 silly packumentCache full:https://registry.npmjs.org/@babel%2fplugin-transform-function-name cache-miss
605 http fetch GET 200 https://registry.npmjs.org/@babel%2fplugin-transform-new-target 1314ms (cache miss)
606 silly packumentCache full:https://registry.npmjs.org/@babel%2fplugin-transform-new-target set size:undefined disposed:false
607 silly fetch manifest @babel/plugin-transform-typeof-symbol@^7.29.7
608 silly packumentCache full:https://registry.npmjs.org/@babel%2fplugin-transform-typeof-symbol cache-miss
609 http fetch GET 200 https://registry.npmjs.org/@babel%2fplugin-transform-spread 3974ms (cache miss)
610 silly packumentCache full:https://registry.npmjs.org/@babel%2fplugin-transform-spread set size:undefined disposed:false
611 silly fetch manifest @babel/plugin-transform-unicode-regex@^7.29.7
612 silly packumentCache full:https://registry.npmjs.org/@babel%2fplugin-transform-unicode-regex cache-miss
613 http fetch GET 200 https://registry.npmjs.org/@babel%2fplugin-transform-modules-umd 1182ms (cache miss)
614 silly packumentCache full:https://registry.npmjs.org/@babel%2fplugin-transform-modules-umd set size:undefined disposed:false
615 silly fetch manifest @babel/plugin-syntax-import-assertions@^7.29.7
616 silly packumentCache full:https://registry.npmjs.org/@babel%2fplugin-syntax-import-assertions cache-miss
617 http fetch GET 200 https://registry.npmjs.org/@babel%2fplugin-transform-classes 4032ms (cache miss)
618 silly packumentCache full:https://registry.npmjs.org/@babel%2fplugin-transform-classes set size:undefined disposed:false
619 silly fetch manifest @babel/plugin-syntax-import-attributes@^7.29.7
620 silly packumentCache full:https://registry.npmjs.org/@babel%2fplugin-syntax-import-attributes cache-miss
621 http fetch GET 200 https://registry.npmjs.org/core-js-compat 7790ms (cache miss)
622 silly packumentCache full:https://registry.npmjs.org/core-js-compat set size:undefined disposed:false
623 silly fetch manifest @babel/plugin-transform-duplicate-keys@^7.29.7
624 silly packumentCache full:https://registry.npmjs.org/@babel%2fplugin-transform-duplicate-keys cache-miss
625 http fetch GET 200 https://registry.npmjs.org/@babel%2ftypes 8894ms (cache miss)
626 silly packumentCache full:https://registry.npmjs.org/@babel%2ftypes set size:undefined disposed:false
627 silly fetch manifest @babel/plugin-transform-dynamic-import@^7.29.7
628 silly packumentCache full:https://registry.npmjs.org/@babel%2fplugin-transform-dynamic-import cache-miss
629 http fetch GET 200 https://registry.npmjs.org/@babel%2fplugin-transform-dotall-regex 2668ms (cache miss)
630 silly packumentCache full:https://registry.npmjs.org/@babel%2fplugin-transform-dotall-regex set size:undefined disposed:false
631 silly fetch manifest @babel/plugin-transform-reserved-words@^7.29.7
632 silly packumentCache full:https://registry.npmjs.org/@babel%2fplugin-transform-reserved-words cache-miss
633 http fetch GET 200 https://registry.npmjs.org/@babel%2fplugin-transform-json-strings 2635ms (cache miss)
634 silly packumentCache full:https://registry.npmjs.org/@babel%2fplugin-transform-json-strings set size:undefined disposed:false
635 silly fetch manifest @babel/plugin-syntax-unicode-sets-regex@^7.18.6
636 silly packumentCache full:https://registry.npmjs.org/@babel%2fplugin-syntax-unicode-sets-regex cache-miss
637 http fetch GET 200 https://registry.npmjs.org/@babel%2fplugin-transform-sticky-regex 2621ms (cache miss)
638 silly packumentCache full:https://registry.npmjs.org/@babel%2fplugin-transform-sticky-regex set size:undefined disposed:false
639 silly fetch manifest @babel/plugin-transform-arrow-functions@^7.29.7
640 silly packumentCache full:https://registry.npmjs.org/@babel%2fplugin-transform-arrow-functions cache-miss
641 http fetch GET 200 https://registry.npmjs.org/@babel%2fplugin-transform-regenerator 2876ms (cache miss)
642 silly packumentCache full:https://registry.npmjs.org/@babel%2fplugin-transform-regenerator set size:undefined disposed:false
643 silly fetch manifest @babel/plugin-transform-private-methods@^7.29.7
644 silly packumentCache full:https://registry.npmjs.org/@babel%2fplugin-transform-private-methods cache-miss
645 http fetch GET 200 https://registry.npmjs.org/@babel%2fplugin-transform-modules-amd 3444ms (cache miss)
646 silly packumentCache full:https://registry.npmjs.org/@babel%2fplugin-transform-modules-amd set size:undefined disposed:false
647 silly fetch manifest @babel/plugin-transform-unicode-escapes@^7.29.7
648 silly packumentCache full:https://registry.npmjs.org/@babel%2fplugin-transform-unicode-escapes cache-miss
649 http fetch GET 200 https://registry.npmjs.org/@babel%2fplugin-transform-function-name 2671ms (cache miss)
650 silly packumentCache full:https://registry.npmjs.org/@babel%2fplugin-transform-function-name set size:undefined disposed:false
651 silly fetch manifest @babel/plugin-transform-class-properties@^7.29.7
652 silly packumentCache full:https://registry.npmjs.org/@babel%2fplugin-transform-class-properties cache-miss
653 http fetch GET 200 https://registry.npmjs.org/@babel%2fplugin-transform-unicode-regex 2562ms (cache miss)
654 silly packumentCache full:https://registry.npmjs.org/@babel%2fplugin-transform-unicode-regex set size:undefined disposed:false
655 silly fetch manifest @babel/plugin-transform-modules-commonjs@^7.29.7
656 silly packumentCache full:https://registry.npmjs.org/@babel%2fplugin-transform-modules-commonjs cache-miss
657 http fetch GET 200 https://registry.npmjs.org/@babel%2fplugin-transform-typeof-symbol 2634ms (cache miss)
658 silly packumentCache full:https://registry.npmjs.org/@babel%2fplugin-transform-typeof-symbol set size:undefined disposed:false
659 silly fetch manifest @babel/plugin-transform-modules-systemjs@^7.29.7
660 silly packumentCache full:https://registry.npmjs.org/@babel%2fplugin-transform-modules-systemjs cache-miss
661 http fetch GET 200 https://registry.npmjs.org/@babel%2fplugin-transform-object-super 3381ms (cache miss)
662 silly packumentCache full:https://registry.npmjs.org/@babel%2fplugin-transform-object-super set size:undefined disposed:false
663 silly fetch manifest @babel/plugin-transform-regexp-modifiers@^7.29.7
664 silly packumentCache full:https://registry.npmjs.org/@babel%2fplugin-transform-regexp-modifiers cache-miss
665 http fetch GET 200 https://registry.npmjs.org/@babel%2fplugin-syntax-import-attributes 3844ms (cache miss)
666 silly packumentCache full:https://registry.npmjs.org/@babel%2fplugin-syntax-import-attributes set size:undefined disposed:false
667 silly fetch manifest @babel/plugin-transform-numeric-separator@^7.29.7
668 silly packumentCache full:https://registry.npmjs.org/@babel%2fplugin-transform-numeric-separator cache-miss
669 http fetch GET 200 https://registry.npmjs.org/@babel%2fplugin-syntax-import-assertions 4190ms (cache miss)
670 silly packumentCache full:https://registry.npmjs.org/@babel%2fplugin-syntax-import-assertions set size:undefined disposed:false
671 silly fetch manifest @babel/plugin-transform-optional-chaining@^7.29.7
672 silly packumentCache full:https://registry.npmjs.org/@babel%2fplugin-transform-optional-chaining cache-miss
673 http fetch GET 200 https://registry.npmjs.org/@babel%2fplugin-transform-duplicate-keys 2797ms (cache miss)
674 silly packumentCache full:https://registry.npmjs.org/@babel%2fplugin-transform-duplicate-keys set size:undefined disposed:false
675 silly fetch manifest @babel/plugin-transform-property-literals@^7.29.7
676 silly packumentCache full:https://registry.npmjs.org/@babel%2fplugin-transform-property-literals cache-miss
677 http fetch GET 200 https://registry.npmjs.org/@babel%2fplugin-transform-dynamic-import 2743ms (cache miss)
678 silly packumentCache full:https://registry.npmjs.org/@babel%2fplugin-transform-dynamic-import set size:undefined disposed:false
679 silly fetch manifest @babel/plugin-transform-template-literals@^7.29.7
680 silly packumentCache full:https://registry.npmjs.org/@babel%2fplugin-transform-template-literals cache-miss
681 http fetch GET 200 https://registry.npmjs.org/@babel%2fplugin-transform-destructuring 5064ms (cache miss)
682 silly packumentCache full:https://registry.npmjs.org/@babel%2fplugin-transform-destructuring set size:undefined disposed:false
683 silly fetch manifest @babel/plugin-transform-async-to-generator@^7.29.7
684 silly packumentCache full:https://registry.npmjs.org/@babel%2fplugin-transform-async-to-generator cache-miss
685 http fetch GET 200 https://registry.npmjs.org/@babel%2fplugin-syntax-unicode-sets-regex 2604ms (cache miss)
686 silly packumentCache full:https://registry.npmjs.org/@babel%2fplugin-syntax-unicode-sets-regex set size:undefined disposed:false
687 silly fetch manifest @babel/plugin-transform-class-static-block@^7.29.7
688 silly packumentCache full:https://registry.npmjs.org/@babel%2fplugin-transform-class-static-block cache-miss
689 http fetch GET 200 https://registry.npmjs.org/@babel%2fplugin-transform-private-methods 2504ms (cache miss)
690 silly packumentCache full:https://registry.npmjs.org/@babel%2fplugin-transform-private-methods set size:undefined disposed:false
691 silly fetch manifest @babel/plugin-transform-object-rest-spread@^7.29.7
692 silly packumentCache full:https://registry.npmjs.org/@babel%2fplugin-transform-object-rest-spread cache-miss
693 http fetch GET 200 https://registry.npmjs.org/@babel%2fplugin-transform-reserved-words 2671ms (cache miss)
694 silly packumentCache full:https://registry.npmjs.org/@babel%2fplugin-transform-reserved-words set size:undefined disposed:false
695 silly fetch manifest @babel/plugin-transform-unicode-sets-regex@^7.29.7
696 silly packumentCache full:https://registry.npmjs.org/@babel%2fplugin-transform-unicode-sets-regex cache-miss
697 http fetch GET 200 https://registry.npmjs.org/@babel%2fplugin-transform-arrow-functions 2601ms (cache miss)
698 silly packumentCache full:https://registry.npmjs.org/@babel%2fplugin-transform-arrow-functions set size:undefined disposed:false
699 silly fetch manifest @babel/plugin-transform-computed-properties@^7.29.7
700 silly packumentCache full:https://registry.npmjs.org/@babel%2fplugin-transform-computed-properties cache-miss
701 http fetch GET 200 https://registry.npmjs.org/@babel%2fplugin-transform-block-scoping 5337ms (cache miss)
702 silly packumentCache full:https://registry.npmjs.org/@babel%2fplugin-transform-block-scoping set size:undefined disposed:false
703 silly fetch manifest @babel/plugin-transform-shorthand-properties@^7.29.7
704 silly packumentCache full:https://registry.npmjs.org/@babel%2fplugin-transform-shorthand-properties cache-miss
705 http fetch GET 200 https://registry.npmjs.org/@babel%2fplugin-transform-unicode-escapes 2545ms (cache miss)
706 silly packumentCache full:https://registry.npmjs.org/@babel%2fplugin-transform-unicode-escapes set size:undefined disposed:false
707 silly fetch manifest @babel/plugin-transform-export-namespace-from@^7.29.7
708 silly packumentCache full:https://registry.npmjs.org/@babel%2fplugin-transform-export-namespace-from cache-miss
709 http fetch GET 200 https://registry.npmjs.org/@babel%2fplugin-transform-class-properties 2317ms (cache miss)
710 silly packumentCache full:https://registry.npmjs.org/@babel%2fplugin-transform-class-properties set size:undefined disposed:false
711 silly fetch manifest @babel/plugin-transform-block-scoped-functions@^7.29.7
712 silly packumentCache full:https://registry.npmjs.org/@babel%2fplugin-transform-block-scoped-functions cache-miss
713 http fetch GET 200 https://registry.npmjs.org/@babel%2fplugin-transform-modules-commonjs 2242ms (cache miss)
714 silly packumentCache full:https://registry.npmjs.org/@babel%2fplugin-transform-modules-commonjs set size:undefined disposed:false
715 silly fetch manifest @babel/plugin-transform-optional-catch-binding@^7.29.7
716 silly packumentCache full:https://registry.npmjs.org/@babel%2fplugin-transform-optional-catch-binding cache-miss
717 http fetch GET 200 https://registry.npmjs.org/@babel%2fplugin-transform-modules-systemjs 2427ms (cache miss)
718 silly packumentCache full:https://registry.npmjs.org/@babel%2fplugin-transform-modules-systemjs set size:undefined disposed:false
719 silly fetch manifest @babel/plugin-transform-unicode-property-regex@^7.29.7
720 silly packumentCache full:https://registry.npmjs.org/@babel%2fplugin-transform-unicode-property-regex cache-miss
721 http fetch GET 200 https://registry.npmjs.org/@babel%2fplugin-transform-regexp-modifiers 2446ms (cache miss)
722 silly packumentCache full:https://registry.npmjs.org/@babel%2fplugin-transform-regexp-modifiers set size:undefined disposed:false
723 silly fetch manifest @babel/plugin-transform-exponentiation-operator@^7.29.7
724 silly packumentCache full:https://registry.npmjs.org/@babel%2fplugin-transform-exponentiation-operator cache-miss
725 http fetch GET 200 https://registry.npmjs.org/@babel%2fplugin-transform-optional-chaining 857ms (cache miss)
726 silly packumentCache full:https://registry.npmjs.org/@babel%2fplugin-transform-optional-chaining set size:undefined disposed:false
727 silly fetch manifest @babel/plugin-proposal-private-property-in-object@7.21.0-placeholder-for-preset-env.2
728 silly packumentCache full:https://registry.npmjs.org/@babel%2fplugin-proposal-private-property-in-object cache-miss
729 http fetch GET 200 https://registry.npmjs.org/@babel%2fplugin-transform-property-literals 867ms (cache miss)
730 silly packumentCache full:https://registry.npmjs.org/@babel%2fplugin-transform-property-literals set size:undefined disposed:false
731 silly fetch manifest @babel/plugin-transform-async-generator-functions@^7.29.7
732 silly packumentCache full:https://registry.npmjs.org/@babel%2fplugin-transform-async-generator-functions cache-miss
733 http fetch GET 200 https://registry.npmjs.org/@babel%2fplugin-transform-template-literals 867ms (cache miss)
734 silly packumentCache full:https://registry.npmjs.org/@babel%2fplugin-transform-template-literals set size:undefined disposed:false
735 silly fetch manifest @babel/plugin-transform-member-expression-literals@^7.29.7
736 silly packumentCache full:https://registry.npmjs.org/@babel%2fplugin-transform-member-expression-literals cache-miss
737 http fetch GET 200 https://registry.npmjs.org/@babel%2fplugin-transform-async-to-generator 893ms (cache miss)
738 silly packumentCache full:https://registry.npmjs.org/@babel%2fplugin-transform-async-to-generator set size:undefined disposed:false
739 silly fetch manifest @babel/plugin-transform-private-property-in-object@^7.29.7
740 silly packumentCache full:https://registry.npmjs.org/@babel%2fplugin-transform-private-property-in-object cache-miss
741 http fetch GET 200 https://registry.npmjs.org/@babel%2fplugin-transform-numeric-separator 1383ms (cache miss)
742 silly packumentCache full:https://registry.npmjs.org/@babel%2fplugin-transform-numeric-separator set size:undefined disposed:false
743 silly fetch manifest @babel/plugin-transform-nullish-coalescing-operator@^7.29.7
744 silly packumentCache full:https://registry.npmjs.org/@babel%2fplugin-transform-nullish-coalescing-operator cache-miss
745 http fetch GET 200 https://registry.npmjs.org/@babel%2fplugin-transform-class-static-block 907ms (cache miss)
746 silly packumentCache full:https://registry.npmjs.org/@babel%2fplugin-transform-class-static-block set size:undefined disposed:false
747 silly fetch manifest @babel/plugin-transform-explicit-resource-management@^7.29.7
748 silly packumentCache full:https://registry.npmjs.org/@babel%2fplugin-transform-explicit-resource-management cache-miss
749 http fetch GET 200 https://registry.npmjs.org/@babel%2fplugin-transform-unicode-sets-regex 877ms (cache miss)
750 silly packumentCache full:https://registry.npmjs.org/@babel%2fplugin-transform-unicode-sets-regex set size:undefined disposed:false
751 silly fetch manifest @babel/plugin-transform-logical-assignment-operators@^7.29.7
752 silly packumentCache full:https://registry.npmjs.org/@babel%2fplugin-transform-logical-assignment-operators cache-miss
753 http fetch GET 200 https://registry.npmjs.org/@babel%2fplugin-transform-computed-properties 921ms (cache miss)
754 silly packumentCache full:https://registry.npmjs.org/@babel%2fplugin-transform-computed-properties set size:undefined disposed:false
755 silly fetch manifest @babel/plugin-transform-named-capturing-groups-regex@^7.29.7
756 silly packumentCache full:https://registry.npmjs.org/@babel%2fplugin-transform-named-capturing-groups-regex cache-miss
757 http fetch GET 200 https://registry.npmjs.org/@babel%2fplugin-transform-object-rest-spread 1070ms (cache miss)
758 silly packumentCache full:https://registry.npmjs.org/@babel%2fplugin-transform-object-rest-spread set size:undefined disposed:false
759 silly fetch manifest @babel/plugin-bugfix-firefox-class-in-computed-class-key@^7.29.7
760 silly packumentCache full:https://registry.npmjs.org/@babel%2fplugin-bugfix-firefox-class-in-computed-class-key cache-miss
761 http fetch GET 200 https://registry.npmjs.org/@babel%2fplugin-transform-shorthand-properties 954ms (cache miss)
762 silly packumentCache full:https://registry.npmjs.org/@babel%2fplugin-transform-shorthand-properties set size:undefined disposed:false
763 silly fetch manifest @babel/plugin-bugfix-safari-rest-destructuring-rhs-array@^7.29.7
764 silly packumentCache full:https://registry.npmjs.org/@babel%2fplugin-bugfix-safari-rest-destructuring-rhs-array cache-miss
765 http fetch GET 200 https://registry.npmjs.org/@babel%2fplugin-transform-block-scoped-functions 927ms (cache miss)
766 silly packumentCache full:https://registry.npmjs.org/@babel%2fplugin-transform-block-scoped-functions set size:undefined disposed:false
767 silly fetch manifest @babel/plugin-bugfix-safari-class-field-initializer-scope@^7.29.7
768 silly packumentCache full:https://registry.npmjs.org/@babel%2fplugin-bugfix-safari-class-field-initializer-scope cache-miss
769 http fetch GET 200 https://registry.npmjs.org/@babel%2fplugin-transform-export-namespace-from 971ms (cache miss)
770 silly packumentCache full:https://registry.npmjs.org/@babel%2fplugin-transform-export-namespace-from set size:undefined disposed:false
771 silly fetch manifest @babel/plugin-bugfix-v8-static-class-fields-redefine-readonly@^7.29.7
772 silly packumentCache full:https://registry.npmjs.org/@babel%2fplugin-bugfix-v8-static-class-fields-redefine-readonly cache-miss
773 http fetch GET 200 https://registry.npmjs.org/@babel%2fplugin-transform-optional-catch-binding 912ms (cache miss)
774 silly packumentCache full:https://registry.npmjs.org/@babel%2fplugin-transform-optional-catch-binding set size:undefined disposed:false
775 silly fetch manifest @babel/plugin-bugfix-v8-spread-parameters-in-optional-chaining@^7.29.7
776 silly packumentCache full:https://registry.npmjs.org/@babel%2fplugin-bugfix-v8-spread-parameters-in-optional-chaining cache-miss
777 http fetch GET 200 https://registry.npmjs.org/@babel%2fplugin-transform-unicode-property-regex 760ms (cache miss)
778 silly packumentCache full:https://registry.npmjs.org/@babel%2fplugin-transform-unicode-property-regex set size:undefined disposed:false
779 silly fetch manifest @babel/plugin-transform-duplicate-named-capturing-groups-regex@^7.29.7
780 silly packumentCache full:https://registry.npmjs.org/@babel%2fplugin-transform-duplicate-named-capturing-groups-regex cache-miss
781 http fetch GET 200 https://registry.npmjs.org/@babel%2fplugin-transform-async-generator-functions 675ms (cache miss)
782 silly packumentCache full:https://registry.npmjs.org/@babel%2fplugin-transform-async-generator-functions set size:undefined disposed:false
783 silly fetch manifest @babel/plugin-bugfix-safari-id-destructuring-collision-in-function-expression@^7.29.7
784 silly packumentCache full:https://registry.npmjs.org/@babel%2fplugin-bugfix-safari-id-destructuring-collision-in-function-expression cache-miss
785 http fetch GET 200 https://registry.npmjs.org/@babel%2fplugin-transform-explicit-resource-management 602ms (cache miss)
786 silly packumentCache full:https://registry.npmjs.org/@babel%2fplugin-transform-explicit-resource-management set size:undefined disposed:false
787 silly fetch manifest @rollup/pluginutils@^3.1.0
788 silly packumentCache full:https://registry.npmjs.org/@rollup%2fpluginutils cache-miss
789 http fetch GET 200 https://registry.npmjs.org/@babel%2fplugin-transform-nullish-coalescing-operator 640ms (cache miss)
790 silly packumentCache full:https://registry.npmjs.org/@babel%2fplugin-transform-nullish-coalescing-operator set size:undefined disposed:false
791 silly fetch manifest @babel/helper-module-imports@^7.10.4
792 silly packumentCache full:https://registry.npmjs.org/@babel%2fhelper-module-imports cache-miss
793 http fetch GET 200 https://registry.npmjs.org/@babel%2fplugin-transform-private-property-in-object 669ms (cache miss)
794 silly packumentCache full:https://registry.npmjs.org/@babel%2fplugin-transform-private-property-in-object set size:undefined disposed:false
795 silly fetch manifest deepmerge@^4.2.2
796 silly packumentCache full:https://registry.npmjs.org/deepmerge cache-miss
797 http fetch GET 200 https://registry.npmjs.org/@babel%2fplugin-transform-logical-assignment-operators 639ms (cache miss)
798 silly packumentCache full:https://registry.npmjs.org/@babel%2fplugin-transform-logical-assignment-operators set size:undefined disposed:false
799 silly fetch manifest is-module@^1.0.0
800 silly packumentCache full:https://registry.npmjs.org/is-module cache-miss
801 http fetch GET 200 https://registry.npmjs.org/@babel%2fplugin-proposal-private-property-in-object 909ms (cache miss)
802 silly packumentCache full:https://registry.npmjs.org/@babel%2fplugin-proposal-private-property-in-object set size:undefined disposed:false
803 silly fetch manifest @types/resolve@1.17.1
804 silly packumentCache full:https://registry.npmjs.org/@types%2fresolve cache-miss
805 http fetch GET 200 https://registry.npmjs.org/@babel%2fplugin-transform-named-capturing-groups-regex 607ms (cache miss)
806 silly packumentCache full:https://registry.npmjs.org/@babel%2fplugin-transform-named-capturing-groups-regex set size:undefined disposed:false
807 silly fetch manifest builtin-modules@^3.1.0
808 silly packumentCache full:https://registry.npmjs.org/builtin-modules cache-miss
809 http fetch GET 200 https://registry.npmjs.org/@babel%2fplugin-bugfix-firefox-class-in-computed-class-key 580ms (cache miss)
810 silly packumentCache full:https://registry.npmjs.org/@babel%2fplugin-bugfix-firefox-class-in-computed-class-key set size:undefined disposed:false
811 silly fetch manifest @rollup/pluginutils@^3.1.0
812 silly packumentCache full:https://registry.npmjs.org/@rollup%2fpluginutils cache-miss
813 http fetch GET 200 https://registry.npmjs.org/@babel%2fplugin-bugfix-safari-rest-destructuring-rhs-array 552ms (cache miss)
814 silly packumentCache full:https://registry.npmjs.org/@babel%2fplugin-bugfix-safari-rest-destructuring-rhs-array set size:undefined disposed:false
815 silly fetch manifest magic-string@^0.25.7
816 silly packumentCache full:https://registry.npmjs.org/magic-string cache-miss
817 http fetch GET 200 https://registry.npmjs.org/@babel%2fplugin-bugfix-v8-static-class-fields-redefine-readonly 771ms (cache miss)
818 silly packumentCache full:https://registry.npmjs.org/@babel%2fplugin-bugfix-v8-static-class-fields-redefine-readonly set size:undefined disposed:false
819 silly fetch manifest @rollup/pluginutils@^3.1.0
820 silly packumentCache full:https://registry.npmjs.org/@rollup%2fpluginutils cache-miss
821 http fetch GET 200 https://registry.npmjs.org/@babel%2fplugin-transform-member-expression-literals 1215ms (cache miss)
822 silly packumentCache full:https://registry.npmjs.org/@babel%2fplugin-transform-member-expression-literals set size:undefined disposed:false
823 silly fetch manifest ejs@^3.1.6
824 silly packumentCache full:https://registry.npmjs.org/ejs cache-miss
825 http fetch GET 200 https://registry.npmjs.org/@babel%2fplugin-bugfix-v8-spread-parameters-in-optional-chaining 794ms (cache miss)
826 silly packumentCache full:https://registry.npmjs.org/@babel%2fplugin-bugfix-v8-spread-parameters-in-optional-chaining set size:undefined disposed:false
827 silly fetch manifest magic-string@^0.25.0
828 silly packumentCache full:https://registry.npmjs.org/magic-string cache-miss
829 http fetch GET 200 https://registry.npmjs.org/@babel%2fplugin-transform-duplicate-named-capturing-groups-regex 732ms (cache miss)
830 silly packumentCache full:https://registry.npmjs.org/@babel%2fplugin-transform-duplicate-named-capturing-groups-regex set size:undefined disposed:false
831 silly fetch manifest string.prototype.matchall@^4.0.6
832 silly packumentCache full:https://registry.npmjs.org/string.prototype.matchall cache-miss
833 http fetch GET 200 https://registry.npmjs.org/@rollup%2fpluginutils 618ms (cache miss)
834 silly packumentCache full:https://registry.npmjs.org/@rollup%2fpluginutils set size:undefined disposed:false
835 silly fetch manifest minimatch@^3.1.1
836 silly packumentCache full:https://registry.npmjs.org/minimatch cache-miss
837 http fetch GET 200 https://registry.npmjs.org/@babel%2fhelper-module-imports 664ms (cache miss)
838 silly packumentCache full:https://registry.npmjs.org/@babel%2fhelper-module-imports set size:undefined disposed:false
839 silly fetch manifest @babel/code-frame@^7.10.4
840 silly packumentCache full:https://registry.npmjs.org/@babel%2fcode-frame cache-miss
841 http cache https://registry.npmjs.org/@babel%2fcode-frame 17ms (cache hit)
842 silly packumentCache full:https://registry.npmjs.org/@babel%2fcode-frame set size:206617 disposed:false
843 silly fetch manifest jest-worker@^26.2.1
844 silly packumentCache full:https://registry.npmjs.org/jest-worker cache-miss
845 http cache https://registry.npmjs.org/jest-worker 13ms (cache hit)
846 silly packumentCache full:https://registry.npmjs.org/jest-worker set size:484932 disposed:false
847 silly fetch manifest serialize-javascript@^4.0.0
848 silly packumentCache full:https://registry.npmjs.org/serialize-javascript cache-miss
849 http fetch GET 200 https://registry.npmjs.org/deepmerge 712ms (cache miss)
850 silly packumentCache full:https://registry.npmjs.org/deepmerge set size:undefined disposed:false
851 silly fetch manifest is-obj@^1.0.1
852 silly packumentCache full:https://registry.npmjs.org/is-obj cache-miss
853 http fetch GET 200 https://registry.npmjs.org/@babel%2fplugin-transform-exponentiation-operator 1655ms (cache miss)
854 silly packumentCache full:https://registry.npmjs.org/@babel%2fplugin-transform-exponentiation-operator set size:undefined disposed:false
855 silly fetch manifest is-regexp@^1.0.0
856 silly packumentCache full:https://registry.npmjs.org/is-regexp cache-miss
857 http fetch GET 200 https://registry.npmjs.org/is-module 718ms (cache miss)
858 silly packumentCache full:https://registry.npmjs.org/is-module set size:undefined disposed:false
859 silly fetch manifest get-own-enumerable-property-symbols@^3.0.0
860 silly packumentCache full:https://registry.npmjs.org/get-own-enumerable-property-symbols cache-miss
861 http fetch GET 200 https://registry.npmjs.org/builtin-modules 688ms (cache miss)
862 silly packumentCache full:https://registry.npmjs.org/builtin-modules set size:undefined disposed:false
863 silly fetch manifest temp-dir@^2.0.0
864 silly packumentCache full:https://registry.npmjs.org/temp-dir cache-miss
865 http fetch GET 200 https://registry.npmjs.org/@types%2fresolve 728ms (cache miss)
866 silly packumentCache full:https://registry.npmjs.org/@types%2fresolve set size:undefined disposed:false
867 silly fetch manifest type-fest@^0.16.0
868 silly packumentCache full:https://registry.npmjs.org/type-fest cache-miss
869 http fetch GET 200 https://registry.npmjs.org/@rollup%2fpluginutils 677ms (cache miss)
870 silly packumentCache full:https://registry.npmjs.org/@rollup%2fpluginutils set size:undefined disposed:false
871 http fetch GET 200 https://registry.npmjs.org/@babel%2fplugin-bugfix-safari-class-field-initializer-scope 1173ms (cache miss)
872 silly packumentCache full:https://registry.npmjs.org/@babel%2fplugin-bugfix-safari-class-field-initializer-scope set size:undefined disposed:false
873 http fetch GET 200 https://registry.npmjs.org/magic-string 506ms (cache miss)
874 silly packumentCache full:https://registry.npmjs.org/magic-string set size:undefined disposed:false
875 http fetch GET 200 https://registry.npmjs.org/string.prototype.matchall 504ms (cache miss)
876 silly packumentCache full:https://registry.npmjs.org/string.prototype.matchall set size:undefined disposed:false
877 http fetch GET 200 https://registry.npmjs.org/@rollup%2fpluginutils 886ms (cache miss)
878 silly packumentCache full:https://registry.npmjs.org/@rollup%2fpluginutils set size:undefined disposed:false
879 http fetch GET 200 https://registry.npmjs.org/temp-dir 645ms (cache miss)
880 silly packumentCache full:https://registry.npmjs.org/temp-dir set size:undefined disposed:false
881 http fetch GET 200 https://registry.npmjs.org/ejs 989ms (cache miss)
882 silly packumentCache full:https://registry.npmjs.org/ejs set size:undefined disposed:false
883 http fetch GET 200 https://registry.npmjs.org/is-obj 852ms (cache miss)
884 silly packumentCache full:https://registry.npmjs.org/is-obj set size:undefined disposed:false
885 http fetch GET 200 https://registry.npmjs.org/serialize-javascript 870ms (cache miss)
886 silly packumentCache full:https://registry.npmjs.org/serialize-javascript set size:undefined disposed:false
887 http fetch GET 200 https://registry.npmjs.org/get-own-enumerable-property-symbols 833ms (cache miss)
888 silly packumentCache full:https://registry.npmjs.org/get-own-enumerable-property-symbols set size:undefined disposed:false
889 http fetch GET 200 https://registry.npmjs.org/magic-string 1419ms (cache miss)
890 silly packumentCache full:https://registry.npmjs.org/magic-string set size:undefined disposed:false
891 http fetch GET 200 https://registry.npmjs.org/is-regexp 866ms (cache miss)
892 silly packumentCache full:https://registry.npmjs.org/is-regexp set size:undefined disposed:false
893 http fetch GET 200 https://registry.npmjs.org/minimatch 1095ms (cache miss)
894 silly packumentCache full:https://registry.npmjs.org/minimatch set size:undefined disposed:false
895 http fetch GET 200 https://registry.npmjs.org/type-fest 1239ms (cache miss)
896 silly packumentCache full:https://registry.npmjs.org/type-fest set size:undefined disposed:false
897 http fetch GET 200 https://registry.npmjs.org/@babel%2fplugin-bugfix-safari-id-destructuring-collision-in-function-expression 3027ms (cache miss)
898 silly packumentCache full:https://registry.npmjs.org/@babel%2fplugin-bugfix-safari-id-destructuring-collision-in-function-expression set size:undefined disposed:false
899 silly placeDep ROOT jsonpointer@5.0.1 OK for: @apideck/better-ajv-errors@0.3.7 want: ^5.0.1
900 silly placeDep ROOT leven@3.1.0 OK for: @apideck/better-ajv-errors@0.3.7 want: ^3.1.0
901 silly placeDep ROOT @babel/code-frame@7.29.7 OK for: @babel/core@7.29.7 want: ^7.29.7
902 silly placeDep ROOT @babel/generator@7.29.8 OK for: @babel/core@7.29.7 want: ^7.29.7
903 silly placeDep ROOT @babel/helper-compilation-targets@7.29.7 OK for: @babel/core@7.29.7 want: ^7.29.7
904 silly placeDep ROOT @babel/helper-module-transforms@7.29.7 OK for: @babel/core@7.29.7 want: ^7.29.7
905 silly placeDep ROOT @babel/helpers@7.29.7 OK for: @babel/core@7.29.7 want: ^7.29.7
906 silly placeDep ROOT @babel/parser@7.29.8 OK for: @babel/core@7.29.7 want: ^7.29.7
907 silly placeDep ROOT @babel/template@7.29.7 OK for: @babel/core@7.29.7 want: ^7.29.7
908 silly placeDep ROOT @babel/traverse@7.29.8 OK for: @babel/core@7.29.7 want: ^7.29.7
909 silly placeDep ROOT @babel/types@7.29.8 OK for: @babel/core@7.29.7 want: ^7.29.7
910 silly placeDep ROOT @jridgewell/remapping@2.3.5 OK for: @babel/core@7.29.7 want: ^2.3.5
911 silly placeDep ROOT convert-source-map@2.0.0 OK for: @babel/core@7.29.7 want: ^2.0.0
912 silly placeDep node_modules/@babel/core debug@4.4.3 OK for: @babel/core@7.29.7 want: ^4.1.0
913 silly placeDep ROOT gensync@1.0.0-beta.2 OK for: @babel/core@7.29.7 want: ^1.0.0-beta.2
914 silly placeDep node_modules/@babel/core semver@6.3.1 OK for: @babel/core@7.29.7 want: ^6.3.1
915 silly fetch manifest @babel/helper-validator-identifier@^7.29.7
916 silly packumentCache full:https://registry.npmjs.org/@babel%2fhelper-validator-identifier cache-miss
917 silly fetch manifest jsesc@^3.0.2
918 silly packumentCache full:https://registry.npmjs.org/jsesc cache-miss
919 silly fetch manifest @babel/types@^7.29.8
920 silly packumentCache full:https://registry.npmjs.org/@babel%2ftypes cache-miss
921 silly fetch manifest @babel/parser@^7.29.8
922 silly packumentCache full:https://registry.npmjs.org/@babel%2fparser cache-miss
923 silly fetch manifest @jridgewell/gen-mapping@^0.3.12
924 silly packumentCache full:https://registry.npmjs.org/@jridgewell%2fgen-mapping cache-miss
925 silly fetch manifest @jridgewell/trace-mapping@^0.3.28
926 silly packumentCache full:https://registry.npmjs.org/@jridgewell%2ftrace-mapping cache-miss
927 silly fetch manifest lru-cache@^5.1.1
928 silly packumentCache full:https://registry.npmjs.org/lru-cache cache-miss
929 silly fetch manifest browserslist@^4.24.0
930 silly packumentCache full:https://registry.npmjs.org/browserslist cache-miss
931 silly fetch manifest @babel/helper-module-imports@^7.29.7
932 silly packumentCache full:https://registry.npmjs.org/@babel%2fhelper-module-imports cache-miss
933 silly fetch manifest @babel/helper-validator-identifier@^7.29.7
934 silly packumentCache full:https://registry.npmjs.org/@babel%2fhelper-validator-identifier cache-miss
935 silly fetch manifest @babel/types@^7.29.8
936 silly packumentCache full:https://registry.npmjs.org/@babel%2ftypes cache-miss
937 silly fetch manifest debug@^4.3.1
938 silly packumentCache full:https://registry.npmjs.org/debug cache-miss
939 silly fetch manifest @babel/types@^7.29.8
940 silly packumentCache full:https://registry.npmjs.org/@babel%2ftypes cache-miss
941 silly fetch manifest @babel/helper-globals@^7.29.7
942 silly packumentCache full:https://registry.npmjs.org/@babel%2fhelper-globals cache-miss
943 silly fetch manifest @babel/helper-string-parser@^7.29.7
944 silly packumentCache full:https://registry.npmjs.org/@babel%2fhelper-string-parser cache-miss
945 http cache https://registry.npmjs.org/debug 40ms (cache hit)
946 silly packumentCache full:https://registry.npmjs.org/debug set size:195840 disposed:false
947 silly fetch manifest @babel/helper-validator-identifier@^7.29.7
948 silly packumentCache full:https://registry.npmjs.org/@babel%2fhelper-validator-identifier cache-miss
949 http cache https://registry.npmjs.org/@babel%2fhelper-module-imports 57ms (cache hit)
950 silly packumentCache full:https://registry.npmjs.org/@babel%2fhelper-module-imports set size:203392 disposed:false
951 silly fetch manifest ms@^2.1.3
952 silly packumentCache full:https://registry.npmjs.org/ms cache-miss
953 http cache https://registry.npmjs.org/@babel%2ftypes 64ms (cache hit)
954 silly packumentCache full:https://registry.npmjs.org/@babel%2ftypes set size:502938 disposed:false
955 http cache https://registry.npmjs.org/@babel%2ftypes 71ms (cache hit)
956 silly packumentCache full:https://registry.npmjs.org/@babel%2ftypes set size:502938 disposed:false
957 silly packumentCache full:https://registry.npmjs.org/@babel%2ftypes dispose
958 http cache https://registry.npmjs.org/@babel%2fparser 96ms (cache hit)
959 silly packumentCache full:https://registry.npmjs.org/@babel%2fparser set size:737961 disposed:false
960 http cache https://registry.npmjs.org/@babel%2ftypes 123ms (cache hit)
961 silly packumentCache full:https://registry.npmjs.org/@babel%2ftypes set size:502938 disposed:true
962 silly packumentCache full:https://registry.npmjs.org/@babel%2ftypes dispose
963 http fetch GET 200 https://registry.npmjs.org/@jridgewell%2fgen-mapping 634ms (cache miss)
964 silly packumentCache full:https://registry.npmjs.org/@jridgewell%2fgen-mapping set size:undefined disposed:false
965 http fetch GET 200 https://registry.npmjs.org/jsesc 664ms (cache miss)
966 silly packumentCache full:https://registry.npmjs.org/jsesc set size:undefined disposed:false
967 http fetch GET 200 https://registry.npmjs.org/@babel%2fhelper-validator-identifier 670ms (cache miss)
968 silly packumentCache full:https://registry.npmjs.org/@babel%2fhelper-validator-identifier set size:undefined disposed:false
969 http fetch GET 200 https://registry.npmjs.org/@babel%2fhelper-validator-identifier 700ms (cache miss)
970 silly packumentCache full:https://registry.npmjs.org/@babel%2fhelper-validator-identifier set size:undefined disposed:false
971 http fetch GET 200 https://registry.npmjs.org/@jridgewell%2ftrace-mapping 774ms (cache miss)
972 silly packumentCache full:https://registry.npmjs.org/@jridgewell%2ftrace-mapping set size:undefined disposed:false
973 http fetch GET 200 https://registry.npmjs.org/@babel%2fhelper-globals 846ms (cache miss)
974 silly packumentCache full:https://registry.npmjs.org/@babel%2fhelper-globals set size:undefined disposed:false
975 http fetch GET 200 https://registry.npmjs.org/ms 943ms (cache miss)
976 silly packumentCache full:https://registry.npmjs.org/ms set size:undefined disposed:false
977 http fetch GET 200 https://registry.npmjs.org/browserslist 1108ms (cache miss)
978 silly packumentCache full:https://registry.npmjs.org/browserslist set size:undefined disposed:false
979 http fetch GET 200 https://registry.npmjs.org/@babel%2fhelper-string-parser 1225ms (cache miss)
980 silly packumentCache full:https://registry.npmjs.org/@babel%2fhelper-string-parser set size:undefined disposed:false
981 http fetch GET 200 https://registry.npmjs.org/@babel%2fhelper-validator-identifier 1422ms (cache miss)
982 silly packumentCache full:https://registry.npmjs.org/@babel%2fhelper-validator-identifier set size:undefined disposed:false
983 http fetch GET 200 https://registry.npmjs.org/lru-cache 1566ms (cache miss)
984 silly packumentCache full:https://registry.npmjs.org/lru-cache set size:undefined disposed:false
985 silly placeDep ROOT @babel/helper-validator-identifier@7.29.7 OK for: @babel/code-frame@7.29.7 want: ^7.29.7
986 silly placeDep ROOT @jridgewell/gen-mapping@0.3.13 REPLACE for: @babel/generator@7.29.8 want: ^0.3.12
987 silly placeDep ROOT @jridgewell/trace-mapping@0.3.31 REPLACE for: @babel/generator@7.29.8 want: ^0.3.28
988 silly placeDep ROOT jsesc@3.1.0 OK for: @babel/generator@7.29.8 want: ^3.0.2
989 silly placeDep ROOT @babel/compat-data@7.29.7 OK for: @babel/helper-compilation-targets@7.29.7 want: ^7.29.7
990 silly placeDep ROOT @babel/helper-validator-option@7.29.7 OK for: @babel/helper-compilation-targets@7.29.7 want: ^7.29.7
991 silly placeDep ROOT browserslist@4.28.9 OK for: @babel/helper-compilation-targets@7.29.7 want: ^4.24.0
992 silly placeDep node_modules/@babel/helper-compilation-targets lru-cache@5.1.1 OK for: @babel/helper-compilation-targets@7.29.7 want: ^5.1.1
993 silly placeDep node_modules/@babel/helper-compilation-targets semver@6.3.1 OK for: @babel/helper-compilation-targets@7.29.7 want: ^6.3.1
994 silly fetch manifest caniuse-lite@^1.0.30001810
995 silly packumentCache full:https://registry.npmjs.org/caniuse-lite cache-miss
996 silly fetch manifest node-releases@^2.0.54
997 silly packumentCache full:https://registry.npmjs.org/node-releases cache-miss
998 silly fetch manifest electron-to-chromium@^1.5.420
999 silly packumentCache full:https://registry.npmjs.org/electron-to-chromium cache-miss
1000 silly fetch manifest update-browserslist-db@^1.3.2
1001 silly packumentCache full:https://registry.npmjs.org/update-browserslist-db cache-miss
1002 silly fetch manifest baseline-browser-mapping@^2.11.20
1003 silly packumentCache full:https://registry.npmjs.org/baseline-browser-mapping cache-miss
1004 silly fetch manifest yallist@^3.0.2
1005 silly packumentCache full:https://registry.npmjs.org/yallist cache-miss
1006 http fetch GET 200 https://registry.npmjs.org/update-browserslist-db 257ms (cache miss)
1007 silly packumentCache full:https://registry.npmjs.org/update-browserslist-db set size:undefined disposed:false
1008 http fetch GET 200 https://registry.npmjs.org/node-releases 740ms (cache miss)
1009 silly packumentCache full:https://registry.npmjs.org/node-releases set size:undefined disposed:false
1010 http fetch GET 200 https://registry.npmjs.org/baseline-browser-mapping 963ms (cache miss)
1011 silly packumentCache full:https://registry.npmjs.org/baseline-browser-mapping set size:undefined disposed:false
1012 http fetch GET 200 https://registry.npmjs.org/yallist 1335ms (cache miss)
1013 silly packumentCache full:https://registry.npmjs.org/yallist set size:undefined disposed:false
1014 http fetch GET 200 https://registry.npmjs.org/caniuse-lite 4519ms (cache miss)
1015 silly packumentCache full:https://registry.npmjs.org/caniuse-lite set size:undefined disposed:false
1016 http fetch GET 200 https://registry.npmjs.org/electron-to-chromium 22263ms (cache miss)
1017 silly packumentCache full:https://registry.npmjs.org/electron-to-chromium set size:undefined disposed:false
1018 silly placeDep ROOT @babel/helper-module-imports@7.29.7 OK for: @babel/helper-module-transforms@7.29.7 want: ^7.29.7
1019 silly placeDep ROOT @babel/helper-plugin-utils@7.29.7 OK for: @babel/preset-env@7.29.7 want: ^7.29.7
1020 silly placeDep ROOT @babel/plugin-bugfix-firefox-class-in-computed-class-key@7.29.7 OK for: @babel/preset-env@7.29.7 want: ^7.29.7
1021 silly placeDep ROOT @babel/plugin-bugfix-safari-class-field-initializer-scope@7.29.7 OK for: @babel/preset-env@7.29.7 want: ^7.29.7
1022 silly placeDep ROOT @babel/plugin-bugfix-safari-id-destructuring-collision-in-function-expression@7.29.7 OK for: @babel/preset-env@7.29.7 want: ^7.29.7
1023 silly placeDep ROOT @babel/plugin-bugfix-safari-rest-destructuring-rhs-array@7.29.7 OK for: @babel/preset-env@7.29.7 want: ^7.29.7
1024 silly placeDep ROOT @babel/plugin-bugfix-v8-spread-parameters-in-optional-chaining@7.29.7 OK for: @babel/preset-env@7.29.7 want: ^7.29.7
1025 silly placeDep ROOT @babel/plugin-bugfix-v8-static-class-fields-redefine-readonly@7.29.7 OK for: @babel/preset-env@7.29.7 want: ^7.29.7
1026 silly placeDep ROOT @babel/plugin-proposal-private-property-in-object@7.21.0-placeholder-for-preset-env.2 OK for: @babel/preset-env@7.29.7 want: 7.21.0-placeholder-for-preset-env.2
1027 silly placeDep ROOT @babel/plugin-syntax-import-assertions@7.29.7 OK for: @babel/preset-env@7.29.7 want: ^7.29.7
1028 silly placeDep ROOT @babel/plugin-syntax-import-attributes@7.29.7 OK for: @babel/preset-env@7.29.7 want: ^7.29.7
1029 silly placeDep ROOT @babel/plugin-syntax-unicode-sets-regex@7.18.6 OK for: @babel/preset-env@7.29.7 want: ^7.18.6
1030 silly placeDep ROOT @babel/plugin-transform-arrow-functions@7.29.7 OK for: @babel/preset-env@7.29.7 want: ^7.29.7
1031 silly placeDep ROOT @babel/plugin-transform-async-generator-functions@7.29.7 OK for: @babel/preset-env@7.29.7 want: ^7.29.7
1032 silly placeDep ROOT @babel/plugin-transform-async-to-generator@7.29.7 OK for: @babel/preset-env@7.29.7 want: ^7.29.7
1033 silly placeDep ROOT @babel/plugin-transform-block-scoped-functions@7.29.7 OK for: @babel/preset-env@7.29.7 want: ^7.29.7
1034 silly placeDep ROOT @babel/plugin-transform-block-scoping@7.29.7 OK for: @babel/preset-env@7.29.7 want: ^7.29.7
1035 silly placeDep ROOT @babel/plugin-transform-class-properties@7.29.7 OK for: @babel/preset-env@7.29.7 want: ^7.29.7
1036 silly placeDep ROOT @babel/plugin-transform-class-static-block@7.29.7 OK for: @babel/preset-env@7.29.7 want: ^7.29.7
1037 silly placeDep ROOT @babel/plugin-transform-classes@7.29.7 OK for: @babel/preset-env@7.29.7 want: ^7.29.7
1038 silly placeDep ROOT @babel/plugin-transform-computed-properties@7.29.7 OK for: @babel/preset-env@7.29.7 want: ^7.29.7
1039 silly placeDep ROOT @babel/plugin-transform-destructuring@7.29.7 OK for: @babel/preset-env@7.29.7 want: ^7.29.7
1040 silly placeDep ROOT @babel/plugin-transform-dotall-regex@7.29.7 OK for: @babel/preset-env@7.29.7 want: ^7.29.7
1041 silly placeDep ROOT @babel/plugin-transform-duplicate-keys@7.29.7 OK for: @babel/preset-env@7.29.7 want: ^7.29.7
1042 silly placeDep ROOT @babel/plugin-transform-duplicate-named-capturing-groups-regex@7.29.7 OK for: @babel/preset-env@7.29.7 want: ^7.29.7
1043 silly placeDep ROOT @babel/plugin-transform-dynamic-import@7.29.7 OK for: @babel/preset-env@7.29.7 want: ^7.29.7
1044 silly placeDep ROOT @babel/plugin-transform-explicit-resource-management@7.29.7 OK for: @babel/preset-env@7.29.7 want: ^7.29.7
1045 silly placeDep ROOT @babel/plugin-transform-exponentiation-operator@7.29.7 OK for: @babel/preset-env@7.29.7 want: ^7.29.7
1046 silly placeDep ROOT @babel/plugin-transform-export-namespace-from@7.29.7 OK for: @babel/preset-env@7.29.7 want: ^7.29.7
1047 silly placeDep ROOT @babel/plugin-transform-for-of@7.29.7 OK for: @babel/preset-env@7.29.7 want: ^7.29.7
1048 silly placeDep ROOT @babel/plugin-transform-function-name@7.29.7 OK for: @babel/preset-env@7.29.7 want: ^7.29.7
1049 silly placeDep ROOT @babel/plugin-transform-json-strings@7.29.7 OK for: @babel/preset-env@7.29.7 want: ^7.29.7
1050 silly placeDep ROOT @babel/plugin-transform-literals@7.29.7 OK for: @babel/preset-env@7.29.7 want: ^7.29.7
1051 silly placeDep ROOT @babel/plugin-transform-logical-assignment-operators@7.29.7 OK for: @babel/preset-env@7.29.7 want: ^7.29.7
1052 silly placeDep ROOT @babel/plugin-transform-member-expression-literals@7.29.7 OK for: @babel/preset-env@7.29.7 want: ^7.29.7
1053 silly placeDep ROOT @babel/plugin-transform-modules-amd@7.29.7 OK for: @babel/preset-env@7.29.7 want: ^7.29.7
1054 silly placeDep ROOT @babel/plugin-transform-modules-commonjs@7.29.7 OK for: @babel/preset-env@7.29.7 want: ^7.29.7
1055 silly placeDep ROOT @babel/plugin-transform-modules-systemjs@7.29.8 OK for: @babel/preset-env@7.29.7 want: ^7.29.7
1056 silly placeDep ROOT @babel/plugin-transform-modules-umd@7.29.7 OK for: @babel/preset-env@7.29.7 want: ^7.29.7
1057 silly placeDep ROOT @babel/plugin-transform-named-capturing-groups-regex@7.29.7 OK for: @babel/preset-env@7.29.7 want: ^7.29.7
1058 silly placeDep ROOT @babel/plugin-transform-new-target@7.29.7 OK for: @babel/preset-env@7.29.7 want: ^7.29.7
1059 silly placeDep ROOT @babel/plugin-transform-nullish-coalescing-operator@7.29.7 OK for: @babel/preset-env@7.29.7 want: ^7.29.7
1060 silly placeDep ROOT @babel/plugin-transform-numeric-separator@7.29.7 OK for: @babel/preset-env@7.29.7 want: ^7.29.7
1061 silly placeDep ROOT @babel/plugin-transform-object-rest-spread@7.29.7 OK for: @babel/preset-env@7.29.7 want: ^7.29.7
1062 silly placeDep ROOT @babel/plugin-transform-object-super@7.29.7 OK for: @babel/preset-env@7.29.7 want: ^7.29.7
1063 silly placeDep ROOT @babel/plugin-transform-optional-catch-binding@7.29.7 OK for: @babel/preset-env@7.29.7 want: ^7.29.7
1064 silly placeDep ROOT @babel/plugin-transform-optional-chaining@7.29.7 OK for: @babel/preset-env@7.29.7 want: ^7.29.7
1065 silly placeDep ROOT @babel/plugin-transform-parameters@7.29.7 OK for: @babel/preset-env@7.29.7 want: ^7.29.7
1066 silly placeDep ROOT @babel/plugin-transform-private-methods@7.29.7 OK for: @babel/preset-env@7.29.7 want: ^7.29.7
1067 silly placeDep ROOT @babel/plugin-transform-private-property-in-object@7.29.7 OK for: @babel/preset-env@7.29.7 want: ^7.29.7
1068 silly placeDep ROOT @babel/plugin-transform-property-literals@7.29.7 OK for: @babel/preset-env@7.29.7 want: ^7.29.7
1069 silly placeDep ROOT @babel/plugin-transform-regenerator@7.29.8 OK for: @babel/preset-env@7.29.7 want: ^7.29.7
1070 silly placeDep ROOT @babel/plugin-transform-regexp-modifiers@7.29.7 OK for: @babel/preset-env@7.29.7 want: ^7.29.7
1071 silly placeDep ROOT @babel/plugin-transform-reserved-words@7.29.7 OK for: @babel/preset-env@7.29.7 want: ^7.29.7
1072 silly placeDep ROOT @babel/plugin-transform-shorthand-properties@7.29.7 OK for: @babel/preset-env@7.29.7 want: ^7.29.7
1073 silly placeDep ROOT @babel/plugin-transform-spread@7.29.8 OK for: @babel/preset-env@7.29.7 want: ^7.29.7
1074 silly placeDep ROOT @babel/plugin-transform-sticky-regex@7.29.7 OK for: @babel/preset-env@7.29.7 want: ^7.29.7
1075 silly placeDep ROOT @babel/plugin-transform-template-literals@7.29.7 OK for: @babel/preset-env@7.29.7 want: ^7.29.7
1076 silly placeDep ROOT @babel/plugin-transform-typeof-symbol@7.29.7 OK for: @babel/preset-env@7.29.7 want: ^7.29.7
1077 silly placeDep ROOT @babel/plugin-transform-unicode-escapes@7.29.7 OK for: @babel/preset-env@7.29.7 want: ^7.29.7
1078 silly placeDep ROOT @babel/plugin-transform-unicode-property-regex@7.29.7 OK for: @babel/preset-env@7.29.7 want: ^7.29.7
1079 silly placeDep ROOT @babel/plugin-transform-unicode-regex@7.29.7 OK for: @babel/preset-env@7.29.7 want: ^7.29.7
1080 silly placeDep ROOT @babel/plugin-transform-unicode-sets-regex@7.29.7 OK for: @babel/preset-env@7.29.7 want: ^7.29.7
1081 silly placeDep ROOT @babel/preset-modules@0.1.6-no-external-plugins OK for: @babel/preset-env@7.29.7 want: 0.1.6-no-external-plugins
1082 silly placeDep ROOT babel-plugin-polyfill-corejs2@0.4.17 OK for: @babel/preset-env@7.29.7 want: ^0.4.15
1083 silly placeDep ROOT babel-plugin-polyfill-corejs3@0.14.2 OK for: @babel/preset-env@7.29.7 want: ^0.14.0
1084 silly placeDep ROOT babel-plugin-polyfill-regenerator@0.6.8 OK for: @babel/preset-env@7.29.7 want: ^0.6.6
1085 silly placeDep ROOT core-js-compat@3.50.0 OK for: @babel/preset-env@7.29.7 want: ^3.48.0
1086 silly placeDep node_modules/@babel/preset-env semver@6.3.1 OK for: @babel/preset-env@7.29.7 want: ^6.3.1
1087 silly fetch manifest @babel/helper-skip-transparent-expression-wrappers@^7.29.7
1088 silly packumentCache full:https://registry.npmjs.org/@babel%2fhelper-skip-transparent-expression-wrappers cache-miss
1089 silly fetch manifest @babel/helper-skip-transparent-expression-wrappers@^7.29.7
1090 silly packumentCache full:https://registry.npmjs.org/@babel%2fhelper-skip-transparent-expression-wrappers cache-miss
1091 silly fetch manifest @babel/helper-create-regexp-features-plugin@^7.18.6
1092 silly packumentCache full:https://registry.npmjs.org/@babel%2fhelper-create-regexp-features-plugin cache-miss
1093 silly fetch manifest @babel/helper-remap-async-to-generator@^7.29.7
1094 silly packumentCache full:https://registry.npmjs.org/@babel%2fhelper-remap-async-to-generator cache-miss
1095 silly fetch manifest @babel/helper-remap-async-to-generator@^7.29.7
1096 silly packumentCache full:https://registry.npmjs.org/@babel%2fhelper-remap-async-to-generator cache-miss
1097 silly fetch manifest @babel/helper-create-class-features-plugin@^7.29.7
1098 silly packumentCache full:https://registry.npmjs.org/@babel%2fhelper-create-class-features-plugin cache-miss
1099 silly fetch manifest @babel/helper-create-class-features-plugin@^7.29.7
1100 silly packumentCache full:https://registry.npmjs.org/@babel%2fhelper-create-class-features-plugin cache-miss
1101 silly fetch manifest @babel/helper-replace-supers@^7.29.7
1102 silly packumentCache full:https://registry.npmjs.org/@babel%2fhelper-replace-supers cache-miss
1103 silly fetch manifest @babel/helper-annotate-as-pure@^7.29.7
1104 silly packumentCache full:https://registry.npmjs.org/@babel%2fhelper-annotate-as-pure cache-miss
1105 silly fetch manifest @babel/helper-create-regexp-features-plugin@^7.29.7
1106 silly packumentCache full:https://registry.npmjs.org/@babel%2fhelper-create-regexp-features-plugin cache-miss
1107 silly fetch manifest @babel/helper-create-regexp-features-plugin@^7.29.7
1108 silly packumentCache full:https://registry.npmjs.org/@babel%2fhelper-create-regexp-features-plugin cache-miss
1109 silly fetch manifest @babel/helper-skip-transparent-expression-wrappers@^7.29.7
1110 silly packumentCache full:https://registry.npmjs.org/@babel%2fhelper-skip-transparent-expression-wrappers cache-miss
1111 silly fetch manifest @babel/helper-create-regexp-features-plugin@^7.29.7
1112 silly packumentCache full:https://registry.npmjs.org/@babel%2fhelper-create-regexp-features-plugin cache-miss
1113 silly fetch manifest @babel/helper-replace-supers@^7.29.7
1114 silly packumentCache full:https://registry.npmjs.org/@babel%2fhelper-replace-supers cache-miss
1115 silly fetch manifest @babel/helper-skip-transparent-expression-wrappers@^7.29.7
1116 silly packumentCache full:https://registry.npmjs.org/@babel%2fhelper-skip-transparent-expression-wrappers cache-miss
1117 http fetch GET 200 https://registry.npmjs.org/@babel%2fhelper-skip-transparent-expression-wrappers 1207ms (cache miss)
1118 silly packumentCache full:https://registry.npmjs.org/@babel%2fhelper-skip-transparent-expression-wrappers set size:undefined disposed:false
1119 silly fetch manifest @babel/helper-create-class-features-plugin@^7.29.7
1120 silly packumentCache full:https://registry.npmjs.org/@babel%2fhelper-create-class-features-plugin cache-miss
1121 http fetch GET 200 https://registry.npmjs.org/@babel%2fhelper-create-regexp-features-plugin 1461ms (cache miss)
1122 silly packumentCache full:https://registry.npmjs.org/@babel%2fhelper-create-regexp-features-plugin set size:undefined disposed:false
1123 silly fetch manifest @babel/helper-annotate-as-pure@^7.29.7
1124 silly packumentCache full:https://registry.npmjs.org/@babel%2fhelper-annotate-as-pure cache-miss
1125 http fetch GET 200 https://registry.npmjs.org/@babel%2fhelper-create-regexp-features-plugin 2659ms (cache miss)
1126 silly packumentCache full:https://registry.npmjs.org/@babel%2fhelper-create-regexp-features-plugin set size:undefined disposed:false
1127 silly fetch manifest @babel/helper-create-class-features-plugin@^7.29.7
1128 silly packumentCache full:https://registry.npmjs.org/@babel%2fhelper-create-class-features-plugin cache-miss
1129 http fetch GET 200 https://registry.npmjs.org/@babel%2fhelper-replace-supers 2746ms (cache miss)
1130 silly packumentCache full:https://registry.npmjs.org/@babel%2fhelper-replace-supers set size:undefined disposed:false
1131 silly fetch manifest esutils@^2.0.2
1132 silly packumentCache full:https://registry.npmjs.org/esutils cache-miss
1133 http fetch GET 200 https://registry.npmjs.org/@babel%2fhelper-skip-transparent-expression-wrappers 2841ms (cache miss)
1134 silly packumentCache full:https://registry.npmjs.org/@babel%2fhelper-skip-transparent-expression-wrappers set size:undefined disposed:false
1135 silly fetch manifest @babel/helper-define-polyfill-provider@^0.6.8
1136 silly packumentCache full:https://registry.npmjs.org/@babel%2fhelper-define-polyfill-provider cache-miss
1137 http fetch GET 200 https://registry.npmjs.org/@babel%2fhelper-create-class-features-plugin 3104ms (cache miss)
1138 silly packumentCache full:https://registry.npmjs.org/@babel%2fhelper-create-class-features-plugin set size:undefined disposed:false
1139 silly fetch manifest @babel/helper-define-polyfill-provider@^0.6.8
1140 silly packumentCache full:https://registry.npmjs.org/@babel%2fhelper-define-polyfill-provider cache-miss
1141 http fetch GET 200 https://registry.npmjs.org/@babel%2fhelper-skip-transparent-expression-wrappers 3337ms (cache miss)
1142 silly packumentCache full:https://registry.npmjs.org/@babel%2fhelper-skip-transparent-expression-wrappers set size:undefined disposed:false
1143 silly fetch manifest @babel/helper-define-polyfill-provider@^0.6.8
1144 silly packumentCache full:https://registry.npmjs.org/@babel%2fhelper-define-polyfill-provider cache-miss
1145 http fetch GET 200 https://registry.npmjs.org/@babel%2fhelper-annotate-as-pure 4060ms (cache miss)
1146 silly packumentCache full:https://registry.npmjs.org/@babel%2fhelper-annotate-as-pure set size:undefined disposed:false
1147 http fetch GET 200 https://registry.npmjs.org/@babel%2fhelper-skip-transparent-expression-wrappers 4392ms (cache miss)
1148 silly packumentCache full:https://registry.npmjs.org/@babel%2fhelper-skip-transparent-expression-wrappers set size:undefined disposed:false
1149 http fetch GET 200 https://registry.npmjs.org/@babel%2fhelper-remap-async-to-generator 4397ms (cache miss)
1150 silly packumentCache full:https://registry.npmjs.org/@babel%2fhelper-remap-async-to-generator set size:undefined disposed:false
1151 http fetch GET 200 https://registry.npmjs.org/@babel%2fhelper-remap-async-to-generator 4406ms (cache miss)
1152 silly packumentCache full:https://registry.npmjs.org/@babel%2fhelper-remap-async-to-generator set size:undefined disposed:false
1153 http fetch GET 200 https://registry.npmjs.org/esutils 3925ms (cache miss)
1154 silly packumentCache full:https://registry.npmjs.org/esutils set size:undefined disposed:false
1155 http fetch GET 200 https://registry.npmjs.org/@babel%2fhelper-replace-supers 7338ms (cache miss)
1156 silly packumentCache full:https://registry.npmjs.org/@babel%2fhelper-replace-supers set size:undefined disposed:false
1157 http fetch GET 200 https://registry.npmjs.org/@babel%2fhelper-create-class-features-plugin 4701ms (cache miss)
1158 silly packumentCache full:https://registry.npmjs.org/@babel%2fhelper-create-class-features-plugin set size:undefined disposed:false
1159 http fetch GET 200 https://registry.npmjs.org/@babel%2fhelper-define-polyfill-provider 4379ms (cache miss)
1160 silly packumentCache full:https://registry.npmjs.org/@babel%2fhelper-define-polyfill-provider set size:undefined disposed:false
1161 http fetch GET 200 https://registry.npmjs.org/@babel%2fhelper-create-regexp-features-plugin 7686ms (cache miss)
1162 silly packumentCache full:https://registry.npmjs.org/@babel%2fhelper-create-regexp-features-plugin set size:undefined disposed:false
1163 http fetch GET 200 https://registry.npmjs.org/@babel%2fhelper-create-regexp-features-plugin 7758ms (cache miss)
1164 silly packumentCache full:https://registry.npmjs.org/@babel%2fhelper-create-regexp-features-plugin set size:undefined disposed:false
1165 http fetch GET 200 https://registry.npmjs.org/@babel%2fhelper-create-class-features-plugin 7769ms (cache miss)
1166 silly packumentCache full:https://registry.npmjs.org/@babel%2fhelper-create-class-features-plugin set size:undefined disposed:false
1167 http fetch GET 200 https://registry.npmjs.org/@babel%2fhelper-create-class-features-plugin 6765ms (cache miss)
1168 silly packumentCache full:https://registry.npmjs.org/@babel%2fhelper-create-class-features-plugin set size:undefined disposed:false
1169 http fetch GET 200 https://registry.npmjs.org/@babel%2fhelper-annotate-as-pure 6560ms (cache miss)
1170 silly packumentCache full:https://registry.npmjs.org/@babel%2fhelper-annotate-as-pure set size:undefined disposed:false
1171 http fetch GET 200 https://registry.npmjs.org/@babel%2fhelper-define-polyfill-provider 6593ms (cache miss)
1172 silly packumentCache full:https://registry.npmjs.org/@babel%2fhelper-define-polyfill-provider set size:undefined disposed:false
1173 http fetch GET 200 https://registry.npmjs.org/@babel%2fhelper-define-polyfill-provider 6221ms (cache miss)
1174 silly packumentCache full:https://registry.npmjs.org/@babel%2fhelper-define-polyfill-provider set size:undefined disposed:false
1175 silly placeDep ROOT @babel/helper-skip-transparent-expression-wrappers@7.29.7 OK for: @babel/plugin-bugfix-safari-rest-destructuring-rhs-array@7.29.7 want: ^7.29.7
1176 silly placeDep ROOT @babel/helper-create-regexp-features-plugin@7.29.7 OK for: @babel/plugin-syntax-unicode-sets-regex@7.18.6 want: ^7.18.6
1177 silly fetch manifest regexpu-core@^6.3.1
1178 silly packumentCache full:https://registry.npmjs.org/regexpu-core cache-miss
1179 http fetch GET 200 https://registry.npmjs.org/regexpu-core 496ms (cache miss)
1180 silly packumentCache full:https://registry.npmjs.org/regexpu-core set size:undefined disposed:false
1181 silly placeDep ROOT @babel/helper-annotate-as-pure@7.29.7 OK for: @babel/helper-create-regexp-features-plugin@7.29.7 want: ^7.29.7
1182 silly placeDep ROOT regexpu-core@6.4.0 OK for: @babel/helper-create-regexp-features-plugin@7.29.7 want: ^6.3.1
1183 silly placeDep node_modules/@babel/helper-create-regexp-features-plugin semver@6.3.1 OK for: @babel/helper-create-regexp-features-plugin@7.29.7 want: ^6.3.1
1184 silly fetch manifest regenerate@^1.4.2
1185 silly packumentCache full:https://registry.npmjs.org/regenerate cache-miss
1186 silly fetch manifest regenerate-unicode-properties@^10.2.2
1187 silly packumentCache full:https://registry.npmjs.org/regenerate-unicode-properties cache-miss
1188 silly fetch manifest regjsgen@^0.8.0
1189 silly packumentCache full:https://registry.npmjs.org/regjsgen cache-miss
1190 silly fetch manifest regjsparser@^0.13.0
1191 silly packumentCache full:https://registry.npmjs.org/regjsparser cache-miss
1192 silly fetch manifest unicode-match-property-ecmascript@^2.0.0
1193 silly packumentCache full:https://registry.npmjs.org/unicode-match-property-ecmascript cache-miss
1194 silly fetch manifest unicode-match-property-value-ecmascript@^2.2.1
1195 silly packumentCache full:https://registry.npmjs.org/unicode-match-property-value-ecmascript cache-miss
1196 http fetch GET 200 https://registry.npmjs.org/unicode-match-property-ecmascript 493ms (cache miss)
1197 silly packumentCache full:https://registry.npmjs.org/unicode-match-property-ecmascript set size:undefined disposed:false
1198 http fetch GET 200 https://registry.npmjs.org/regenerate-unicode-properties 535ms (cache miss)
1199 silly packumentCache full:https://registry.npmjs.org/regenerate-unicode-properties set size:undefined disposed:false
1200 http fetch GET 200 https://registry.npmjs.org/regjsgen 573ms (cache miss)
1201 silly packumentCache full:https://registry.npmjs.org/regjsgen set size:undefined disposed:false
1202 http fetch GET 200 https://registry.npmjs.org/unicode-match-property-value-ecmascript 574ms (cache miss)
1203 silly packumentCache full:https://registry.npmjs.org/unicode-match-property-value-ecmascript set size:undefined disposed:false
1204 http fetch GET 200 https://registry.npmjs.org/regenerate 670ms (cache miss)
1205 silly packumentCache full:https://registry.npmjs.org/regenerate set size:undefined disposed:false
1206 http fetch GET 200 https://registry.npmjs.org/regjsparser 772ms (cache miss)
1207 silly packumentCache full:https://registry.npmjs.org/regjsparser set size:undefined disposed:false
1208 silly placeDep ROOT @babel/helper-remap-async-to-generator@7.29.7 OK for: @babel/plugin-transform-async-generator-functions@7.29.7 want: ^7.29.7
1209 silly fetch manifest @babel/helper-wrap-function@^7.29.7
1210 silly packumentCache full:https://registry.npmjs.org/@babel%2fhelper-wrap-function cache-miss
1211 http fetch GET 200 https://registry.npmjs.org/@babel%2fhelper-wrap-function 431ms (cache miss)
1212 silly packumentCache full:https://registry.npmjs.org/@babel%2fhelper-wrap-function set size:undefined disposed:false
1213 silly placeDep ROOT @babel/helper-wrap-function@7.29.7 OK for: @babel/helper-remap-async-to-generator@7.29.7 want: ^7.29.7
1214 silly placeDep ROOT @babel/helper-create-class-features-plugin@7.29.7 OK for: @babel/plugin-transform-class-properties@7.29.7 want: ^7.29.7
1215 silly fetch manifest @babel/helper-optimise-call-expression@^7.29.7
1216 silly packumentCache full:https://registry.npmjs.org/@babel%2fhelper-optimise-call-expression cache-miss
1217 silly fetch manifest @babel/helper-member-expression-to-functions@^7.29.7
1218 silly packumentCache full:https://registry.npmjs.org/@babel%2fhelper-member-expression-to-functions cache-miss
1219 http fetch GET 200 https://registry.npmjs.org/@babel%2fhelper-optimise-call-expression 107ms (cache miss)
1220 silly packumentCache full:https://registry.npmjs.org/@babel%2fhelper-optimise-call-expression set size:undefined disposed:false
1221 http fetch GET 200 https://registry.npmjs.org/@babel%2fhelper-member-expression-to-functions 1663ms (cache miss)
1222 silly packumentCache full:https://registry.npmjs.org/@babel%2fhelper-member-expression-to-functions set size:undefined disposed:false
1223 silly placeDep ROOT @babel/helper-member-expression-to-functions@7.29.7 OK for: @babel/helper-create-class-features-plugin@7.29.7 want: ^7.29.7
1224 silly placeDep ROOT @babel/helper-optimise-call-expression@7.29.7 OK for: @babel/helper-create-class-features-plugin@7.29.7 want: ^7.29.7
1225 silly placeDep ROOT @babel/helper-replace-supers@7.29.7 OK for: @babel/helper-create-class-features-plugin@7.29.7 want: ^7.29.7
1226 silly placeDep node_modules/@babel/helper-create-class-features-plugin semver@6.3.1 OK for: @babel/helper-create-class-features-plugin@7.29.7 want: ^6.3.1
1227 silly placeDep ROOT @babel/helper-globals@7.29.7 OK for: @babel/plugin-transform-classes@7.29.7 want: ^7.29.7
1228 silly placeDep ROOT esutils@2.0.3 OK for: @babel/preset-modules@0.1.6-no-external-plugins want: ^2.0.2
1229 silly placeDep node_modules/@babel/traverse debug@4.4.3 OK for: @babel/traverse@7.29.8 want: ^4.3.1
1230 silly placeDep ROOT @babel/helper-string-parser@7.29.7 OK for: @babel/types@7.29.8 want: ^7.29.7
1231 silly placeDep ROOT @rollup/pluginutils@3.1.0 OK for: @rollup/plugin-babel@5.3.1 want: ^3.1.0
1232 silly fetch manifest @types/estree@0.0.39
1233 silly packumentCache full:https://registry.npmjs.org/@types%2festree cache-miss
1234 silly fetch manifest estree-walker@^1.0.1
1235 silly packumentCache full:https://registry.npmjs.org/estree-walker cache-miss
1236 http fetch GET 200 https://registry.npmjs.org/estree-walker 803ms (cache miss)
1237 silly packumentCache full:https://registry.npmjs.org/estree-walker set size:undefined disposed:false
1238 http fetch GET 200 https://registry.npmjs.org/@types%2festree 1075ms (cache miss)
1239 silly packumentCache full:https://registry.npmjs.org/@types%2festree set size:undefined disposed:false
1240 silly placeDep ROOT @types/resolve@1.17.1 OK for: @rollup/plugin-node-resolve@11.2.1 want: 1.17.1
1241 silly placeDep ROOT builtin-modules@3.3.0 OK for: @rollup/plugin-node-resolve@11.2.1 want: ^3.1.0
1242 silly placeDep ROOT deepmerge@4.3.1 OK for: @rollup/plugin-node-resolve@11.2.1 want: ^4.2.2
1243 silly placeDep ROOT is-module@1.0.0 OK for: @rollup/plugin-node-resolve@11.2.1 want: ^1.0.0
1244 silly placeDep ROOT magic-string@0.25.9 OK for: @rollup/plugin-replace@2.4.2 want: ^0.25.7
1245 silly fetch manifest sourcemap-codec@^1.4.8
1246 silly packumentCache full:https://registry.npmjs.org/sourcemap-codec cache-miss
1247 http fetch GET 200 https://registry.npmjs.org/sourcemap-codec 774ms (cache miss)
1248 silly packumentCache full:https://registry.npmjs.org/sourcemap-codec set size:undefined disposed:false
1249 silly placeDep ROOT @types/estree@0.0.39 OK for: @rollup/pluginutils@3.1.0 want: 0.0.39
1250 silly placeDep ROOT estree-walker@1.0.1 OK for: @rollup/pluginutils@3.1.0 want: ^1.0.1
1251 silly placeDep ROOT ejs@3.1.10 OK for: @surma/rollup-plugin-off-main-thread@2.2.3 want: ^3.1.6
1252 silly placeDep ROOT string.prototype.matchall@4.1.0 OK for: @surma/rollup-plugin-off-main-thread@2.2.3 want: ^4.0.6
1253 silly fetch manifest jake@^10.8.5
1254 silly packumentCache full:https://registry.npmjs.org/jake cache-miss
1255 silly fetch manifest call-bind@^1.0.9
1256 silly packumentCache full:https://registry.npmjs.org/call-bind cache-miss
1257 silly fetch manifest call-bound@^1.0.4
1258 silly packumentCache full:https://registry.npmjs.org/call-bound cache-miss
1259 silly fetch manifest es-abstract@^1.24.2
1260 silly packumentCache full:https://registry.npmjs.org/es-abstract cache-miss
1261 silly fetch manifest side-channel@^1.1.1
1262 silly packumentCache full:https://registry.npmjs.org/side-channel cache-miss
1263 silly fetch manifest get-intrinsic@^1.3.0
1264 silly packumentCache full:https://registry.npmjs.org/get-intrinsic cache-miss
1265 silly fetch manifest internal-slot@^1.1.0
1266 silly packumentCache full:https://registry.npmjs.org/internal-slot cache-miss
1267 silly fetch manifest es-object-atoms@^1.1.2
1268 silly packumentCache full:https://registry.npmjs.org/es-object-atoms cache-miss
1269 silly fetch manifest define-properties@^1.2.1
1270 silly packumentCache full:https://registry.npmjs.org/define-properties cache-miss
1271 silly fetch manifest set-function-name@^2.0.2
1272 silly packumentCache full:https://registry.npmjs.org/set-function-name cache-miss
1273 silly fetch manifest regexp.prototype.flags@^1.5.4
1274 silly packumentCache full:https://registry.npmjs.org/regexp.prototype.flags cache-miss
1275 http fetch GET 200 https://registry.npmjs.org/es-object-atoms 366ms (cache miss)
1276 silly packumentCache full:https://registry.npmjs.org/es-object-atoms set size:undefined disposed:false
1277 http fetch GET 200 https://registry.npmjs.org/side-channel 372ms (cache miss)
1278 silly packumentCache full:https://registry.npmjs.org/side-channel set size:undefined disposed:false
1279 http fetch GET 200 https://registry.npmjs.org/es-abstract 441ms (cache miss)
1280 silly packumentCache full:https://registry.npmjs.org/es-abstract set size:undefined disposed:false
1281 http fetch GET 200 https://registry.npmjs.org/regexp.prototype.flags 624ms (cache miss)
1282 silly packumentCache full:https://registry.npmjs.org/regexp.prototype.flags set size:undefined disposed:false
1283 http fetch GET 200 https://registry.npmjs.org/set-function-name 663ms (cache miss)
1284 silly packumentCache full:https://registry.npmjs.org/set-function-name set size:undefined disposed:false
1285 http fetch GET 200 https://registry.npmjs.org/call-bound 678ms (cache miss)
1286 silly packumentCache full:https://registry.npmjs.org/call-bound set size:undefined disposed:false
1287 http fetch GET 200 https://registry.npmjs.org/internal-slot 678ms (cache miss)
1288 silly packumentCache full:https://registry.npmjs.org/internal-slot set size:undefined disposed:false
1289 http fetch GET 200 https://registry.npmjs.org/call-bind 691ms (cache miss)
1290 silly packumentCache full:https://registry.npmjs.org/call-bind set size:undefined disposed:false
1291 http fetch GET 200 https://registry.npmjs.org/jake 880ms (cache miss)
1292 silly packumentCache full:https://registry.npmjs.org/jake set size:undefined disposed:false
1293 http fetch GET 200 https://registry.npmjs.org/get-intrinsic 884ms (cache miss)
1294 silly packumentCache full:https://registry.npmjs.org/get-intrinsic set size:undefined disposed:false
1295 http fetch GET 200 https://registry.npmjs.org/define-properties 888ms (cache miss)
1296 silly packumentCache full:https://registry.npmjs.org/define-properties set size:undefined disposed:false
1297 silly placeDep ROOT @babel/helper-define-polyfill-provider@0.6.8 OK for: babel-plugin-polyfill-corejs2@0.4.17 want: ^0.6.8
1298 silly placeDep node_modules/babel-plugin-polyfill-corejs2 semver@6.3.1 OK for: babel-plugin-polyfill-corejs2@0.4.17 want: ^6.3.1
1299 silly fetch manifest debug@^4.4.3
1300 silly packumentCache full:https://registry.npmjs.org/debug cache-hit
1301 silly fetch manifest resolve@^1.22.11
1302 silly packumentCache full:https://registry.npmjs.org/resolve cache-miss
1303 silly fetch manifest lodash.debounce@^4.0.8
1304 silly packumentCache full:https://registry.npmjs.org/lodash.debounce cache-miss
1305 http fetch GET 200 https://registry.npmjs.org/lodash.debounce 120ms (cache miss)
1306 silly packumentCache full:https://registry.npmjs.org/lodash.debounce set size:undefined disposed:false
1307 http fetch GET 200 https://registry.npmjs.org/resolve 2136ms (cache miss)
1308 silly packumentCache full:https://registry.npmjs.org/resolve set size:undefined disposed:false
1309 silly placeDep node_modules/@babel/helper-define-polyfill-provider debug@4.4.3 OK for: @babel/helper-define-polyfill-provider@0.6.8 want: ^4.4.3
1310 silly placeDep ROOT lodash.debounce@4.0.8 OK for: @babel/helper-define-polyfill-provider@0.6.8 want: ^4.0.8
1311 silly placeDep ROOT resolve@1.22.12 REPLACE for: @babel/helper-define-polyfill-provider@0.6.8 want: ^1.22.11
1312 silly placeDep ROOT baseline-browser-mapping@2.11.21 OK for: browserslist@4.28.9 want: ^2.11.20
1313 silly placeDep ROOT caniuse-lite@1.0.30001810 REPLACE for: browserslist@4.28.9 want: ^1.0.30001810
1314 silly placeDep ROOT electron-to-chromium@1.5.422 OK for: browserslist@4.28.9 want: ^1.5.420
1315 silly placeDep ROOT node-releases@2.0.54 OK for: browserslist@4.28.9 want: ^2.0.54
1316 silly placeDep ROOT update-browserslist-db@1.3.2 OK for: browserslist@4.28.9 want: ^1.3.2
1317 silly placeDep ROOT jake@10.9.4 OK for: ejs@3.1.10 want: ^10.8.5
1318 silly fetch manifest filelist@^1.0.4
1319 silly packumentCache full:https://registry.npmjs.org/filelist cache-miss
1320 http fetch GET 200 https://registry.npmjs.org/filelist 1242ms (cache miss)
1321 silly packumentCache full:https://registry.npmjs.org/filelist set size:undefined disposed:false
1322 silly placeDep ROOT filelist@1.0.6 OK for: jake@10.9.4 want: ^1.0.4
1323 silly fetch manifest minimatch@^5.0.1
1324 silly packumentCache full:https://registry.npmjs.org/minimatch cache-miss
1325 http cache https://registry.npmjs.org/minimatch 14ms (cache hit)
1326 silly packumentCache full:https://registry.npmjs.org/minimatch set size:377924 disposed:false
1327 silly placeDep node_modules/filelist minimatch@5.1.9 OK for: filelist@1.0.6 want: ^5.0.1
1328 silly placeDep ROOT sourcemap-codec@1.4.8 OK for: magic-string@0.25.9 want: ^1.4.8
1329 silly placeDep ROOT regenerate@1.4.2 OK for: regexpu-core@6.4.0 want: ^1.4.2
1330 silly placeDep ROOT regenerate-unicode-properties@10.2.2 OK for: regexpu-core@6.4.0 want: ^10.2.2
1331 silly placeDep ROOT regjsgen@0.8.0 OK for: regexpu-core@6.4.0 want: ^0.8.0
1332 silly placeDep ROOT regjsparser@0.13.2 OK for: regexpu-core@6.4.0 want: ^0.13.0
1333 silly placeDep ROOT unicode-match-property-ecmascript@2.0.0 OK for: regexpu-core@6.4.0 want: ^2.0.0
1334 silly placeDep ROOT unicode-match-property-value-ecmascript@2.2.1 OK for: regexpu-core@6.4.0 want: ^2.2.1
1335 silly fetch manifest unicode-canonical-property-names-ecmascript@^2.0.0
1336 silly packumentCache full:https://registry.npmjs.org/unicode-canonical-property-names-ecmascript cache-miss
1337 silly fetch manifest unicode-property-aliases-ecmascript@^2.0.0
1338 silly packumentCache full:https://registry.npmjs.org/unicode-property-aliases-ecmascript cache-miss
1339 http fetch GET 200 https://registry.npmjs.org/unicode-canonical-property-names-ecmascript 332ms (cache miss)
1340 silly packumentCache full:https://registry.npmjs.org/unicode-canonical-property-names-ecmascript set size:undefined disposed:false
1341 http fetch GET 200 https://registry.npmjs.org/unicode-property-aliases-ecmascript 383ms (cache miss)
1342 silly packumentCache full:https://registry.npmjs.org/unicode-property-aliases-ecmascript set size:undefined disposed:false
1343 silly placeDep node_modules/rollup-plugin-terser jest-worker@26.6.2 OK for: rollup-plugin-terser@7.0.2 want: ^26.2.1
1344 silly placeDep ROOT serialize-javascript@4.0.0 OK for: rollup-plugin-terser@7.0.2 want: ^4.0.0
1345 silly fetch manifest randombytes@^2.1.0
1346 silly packumentCache full:https://registry.npmjs.org/randombytes cache-miss
1347 http fetch GET 200 https://registry.npmjs.org/randombytes 69ms (cache miss)
1348 silly packumentCache full:https://registry.npmjs.org/randombytes set size:undefined disposed:false
1349 silly placeDep ROOT randombytes@2.1.0 OK for: serialize-javascript@4.0.0 want: ^2.1.0
1350 silly placeDep ROOT call-bind@1.0.9 REPLACE for: string.prototype.matchall@4.1.0 want: ^1.0.9
1351 silly placeDep ROOT call-bound@1.0.4 REPLACE for: string.prototype.matchall@4.1.0 want: ^1.0.4
1352 silly placeDep ROOT define-properties@1.2.1 OK for: string.prototype.matchall@4.1.0 want: ^1.2.1
1353 silly placeDep ROOT es-abstract@1.24.2 OK for: string.prototype.matchall@4.1.0 want: ^1.24.2
1354 silly placeDep ROOT es-object-atoms@1.1.2 REPLACE for: string.prototype.matchall@4.1.0 want: ^1.1.2
1355 silly placeDep ROOT get-intrinsic@1.3.0 REPLACE for: string.prototype.matchall@4.1.0 want: ^1.3.0
1356 silly placeDep ROOT internal-slot@1.1.0 OK for: string.prototype.matchall@4.1.0 want: ^1.1.0
1357 silly placeDep ROOT regexp.prototype.flags@1.5.4 OK for: string.prototype.matchall@4.1.0 want: ^1.5.4
1358 silly placeDep ROOT set-function-name@2.0.2 OK for: string.prototype.matchall@4.1.0 want: ^2.0.2
1359 silly placeDep ROOT side-channel@1.1.1 REPLACE for: string.prototype.matchall@4.1.0 want: ^1.1.1
1360 silly fetch manifest call-bind-apply-helpers@^1.0.2
1361 silly packumentCache full:https://registry.npmjs.org/call-bind-apply-helpers cache-miss
1362 silly fetch manifest call-bind-apply-helpers@^1.0.2
1363 silly packumentCache full:https://registry.npmjs.org/call-bind-apply-helpers cache-miss
1364 silly fetch manifest array-buffer-byte-length@^1.0.2
1365 silly packumentCache full:https://registry.npmjs.org/array-buffer-byte-length cache-miss
1366 silly fetch manifest arraybuffer.prototype.slice@^1.0.4
1367 silly packumentCache full:https://registry.npmjs.org/arraybuffer.prototype.slice cache-miss
1368 silly fetch manifest available-typed-arrays@^1.0.7
1369 silly packumentCache full:https://registry.npmjs.org/available-typed-arrays cache-miss
1370 silly fetch manifest data-view-buffer@^1.0.2
1371 silly packumentCache full:https://registry.npmjs.org/data-view-buffer cache-miss
1372 silly fetch manifest data-view-byte-length@^1.0.2
1373 silly packumentCache full:https://registry.npmjs.org/data-view-byte-length cache-miss
1374 silly fetch manifest data-view-byte-offset@^1.0.1
1375 silly packumentCache full:https://registry.npmjs.org/data-view-byte-offset cache-miss
1376 silly fetch manifest es-to-primitive@^1.3.0
1377 silly packumentCache full:https://registry.npmjs.org/es-to-primitive cache-miss
1378 silly fetch manifest function.prototype.name@^1.1.8
1379 silly packumentCache full:https://registry.npmjs.org/function.prototype.name cache-miss
1380 silly fetch manifest get-symbol-description@^1.1.0
1381 silly packumentCache full:https://registry.npmjs.org/get-symbol-description cache-miss
1382 silly fetch manifest globalthis@^1.0.4
1383 silly packumentCache full:https://registry.npmjs.org/globalthis cache-miss
1384 silly fetch manifest has-proto@^1.2.0
1385 silly packumentCache full:https://registry.npmjs.org/has-proto cache-miss
1386 silly fetch manifest is-array-buffer@^3.0.5
1387 silly packumentCache full:https://registry.npmjs.org/is-array-buffer cache-miss
1388 silly fetch manifest is-callable@^1.2.7
1389 silly packumentCache full:https://registry.npmjs.org/is-callable cache-miss
1390 http fetch GET 200 https://registry.npmjs.org/call-bind-apply-helpers 141ms (cache miss)
1391 silly packumentCache full:https://registry.npmjs.org/call-bind-apply-helpers set size:undefined disposed:false
1392 silly fetch manifest is-data-view@^1.0.2
1393 silly packumentCache full:https://registry.npmjs.org/is-data-view cache-miss
1394 http fetch GET 200 https://registry.npmjs.org/call-bind-apply-helpers 270ms (cache miss)
1395 silly packumentCache full:https://registry.npmjs.org/call-bind-apply-helpers set size:undefined disposed:false
1396 silly fetch manifest is-negative-zero@^2.0.3
1397 silly packumentCache full:https://registry.npmjs.org/is-negative-zero cache-miss
1398 http fetch GET 200 https://registry.npmjs.org/available-typed-arrays 379ms (cache miss)
1399 silly packumentCache full:https://registry.npmjs.org/available-typed-arrays set size:undefined disposed:false
1400 silly fetch manifest is-regex@^1.2.1
1401 silly packumentCache full:https://registry.npmjs.org/is-regex cache-miss
1402 http fetch GET 200 https://registry.npmjs.org/data-view-buffer 460ms (cache miss)
1403 silly packumentCache full:https://registry.npmjs.org/data-view-buffer set size:undefined disposed:false
1404 silly fetch manifest is-set@^2.0.3
1405 silly packumentCache full:https://registry.npmjs.org/is-set cache-miss
1406 http fetch GET 200 https://registry.npmjs.org/data-view-byte-length 470ms (cache miss)
1407 silly packumentCache full:https://registry.npmjs.org/data-view-byte-length set size:undefined disposed:false
1408 silly fetch manifest is-shared-array-buffer@^1.0.4
1409 silly packumentCache full:https://registry.npmjs.org/is-shared-array-buffer cache-miss
1410 http fetch GET 200 https://registry.npmjs.org/function.prototype.name 488ms (cache miss)
1411 silly packumentCache full:https://registry.npmjs.org/function.prototype.name set size:undefined disposed:false
1412 silly fetch manifest is-string@^1.1.1
1413 silly packumentCache full:https://registry.npmjs.org/is-string cache-miss
1414 http fetch GET 200 https://registry.npmjs.org/arraybuffer.prototype.slice 501ms (cache miss)
1415 silly packumentCache full:https://registry.npmjs.org/arraybuffer.prototype.slice set size:undefined disposed:false
1416 silly fetch manifest is-typed-array@^1.1.15
1417 silly packumentCache full:https://registry.npmjs.org/is-typed-array cache-miss
1418 http fetch GET 200 https://registry.npmjs.org/is-array-buffer 503ms (cache miss)
1419 silly packumentCache full:https://registry.npmjs.org/is-array-buffer set size:undefined disposed:false
1420 silly fetch manifest is-weakref@^1.1.1
1421 silly packumentCache full:https://registry.npmjs.org/is-weakref cache-miss
1422 http fetch GET 200 https://registry.npmjs.org/has-proto 513ms (cache miss)
1423 silly packumentCache full:https://registry.npmjs.org/has-proto set size:undefined disposed:false
1424 silly fetch manifest object.assign@^4.1.7
1425 silly packumentCache full:https://registry.npmjs.org/object.assign cache-miss
1426 http fetch GET 200 https://registry.npmjs.org/get-symbol-description 538ms (cache miss)
1427 silly packumentCache full:https://registry.npmjs.org/get-symbol-description set size:undefined disposed:false
1428 silly fetch manifest own-keys@^1.0.1
1429 silly packumentCache full:https://registry.npmjs.org/own-keys cache-miss
1430 http fetch GET 200 https://registry.npmjs.org/es-to-primitive 556ms (cache miss)
1431 silly packumentCache full:https://registry.npmjs.org/es-to-primitive set size:undefined disposed:false
1432 silly fetch manifest safe-array-concat@^1.1.3
1433 silly packumentCache full:https://registry.npmjs.org/safe-array-concat cache-miss
1434 http fetch GET 200 https://registry.npmjs.org/is-callable 547ms (cache miss)
1435 silly packumentCache full:https://registry.npmjs.org/is-callable set size:undefined disposed:false
1436 silly fetch manifest safe-push-apply@^1.0.0
1437 silly packumentCache full:https://registry.npmjs.org/safe-push-apply cache-miss
1438 http fetch GET 200 https://registry.npmjs.org/data-view-byte-offset 570ms (cache miss)
1439 silly packumentCache full:https://registry.npmjs.org/data-view-byte-offset set size:undefined disposed:false
1440 silly fetch manifest safe-regex-test@^1.1.0
1441 silly packumentCache full:https://registry.npmjs.org/safe-regex-test cache-miss
1442 http fetch GET 200 https://registry.npmjs.org/globalthis 715ms (cache miss)
1443 silly packumentCache full:https://registry.npmjs.org/globalthis set size:undefined disposed:false
1444 silly fetch manifest set-proto@^1.0.0
1445 silly packumentCache full:https://registry.npmjs.org/set-proto cache-miss
1446 http fetch GET 200 https://registry.npmjs.org/is-data-view 617ms (cache miss)
1447 silly packumentCache full:https://registry.npmjs.org/is-data-view set size:undefined disposed:false
1448 silly fetch manifest stop-iteration-iterator@^1.1.0
1449 silly packumentCache full:https://registry.npmjs.org/stop-iteration-iterator cache-miss
1450 http fetch GET 200 https://registry.npmjs.org/is-negative-zero 560ms (cache miss)
1451 silly packumentCache full:https://registry.npmjs.org/is-negative-zero set size:undefined disposed:false
1452 silly fetch manifest string.prototype.trim@^1.2.10
1453 silly packumentCache full:https://registry.npmjs.org/string.prototype.trim cache-miss
1454 http fetch GET 200 https://registry.npmjs.org/is-regex 577ms (cache miss)
1455 silly packumentCache full:https://registry.npmjs.org/is-regex set size:undefined disposed:false
1456 silly fetch manifest string.prototype.trimend@^1.0.9
1457 silly packumentCache full:https://registry.npmjs.org/string.prototype.trimend cache-miss
1458 http fetch GET 200 https://registry.npmjs.org/is-set 514ms (cache miss)
1459 silly packumentCache full:https://registry.npmjs.org/is-set set size:undefined disposed:false
1460 silly fetch manifest string.prototype.trimstart@^1.0.8
1461 silly packumentCache full:https://registry.npmjs.org/string.prototype.trimstart cache-miss
1462 http fetch GET 200 https://registry.npmjs.org/is-shared-array-buffer 578ms (cache miss)
1463 silly packumentCache full:https://registry.npmjs.org/is-shared-array-buffer set size:undefined disposed:false
1464 silly fetch manifest typed-array-buffer@^1.0.3
1465 silly packumentCache full:https://registry.npmjs.org/typed-array-buffer cache-miss
1466 http fetch GET 200 https://registry.npmjs.org/is-string 580ms (cache miss)
1467 silly packumentCache full:https://registry.npmjs.org/is-string set size:undefined disposed:false
1468 silly fetch manifest typed-array-byte-length@^1.0.3
1469 silly packumentCache full:https://registry.npmjs.org/typed-array-byte-length cache-miss
1470 http fetch GET 200 https://registry.npmjs.org/array-buffer-byte-length 1127ms (cache miss)
1471 silly packumentCache full:https://registry.npmjs.org/array-buffer-byte-length set size:undefined disposed:false
1472 silly fetch manifest typed-array-byte-offset@^1.0.4
1473 silly packumentCache full:https://registry.npmjs.org/typed-array-byte-offset cache-miss
1474 http fetch GET 200 https://registry.npmjs.org/is-weakref 730ms (cache miss)
1475 silly packumentCache full:https://registry.npmjs.org/is-weakref set size:undefined disposed:false
1476 silly fetch manifest typed-array-length@^1.0.7
1477 silly packumentCache full:https://registry.npmjs.org/typed-array-length cache-miss
1478 http fetch GET 200 https://registry.npmjs.org/own-keys 780ms (cache miss)
1479 silly packumentCache full:https://registry.npmjs.org/own-keys set size:undefined disposed:false
1480 silly fetch manifest unbox-primitive@^1.1.0
1481 silly packumentCache full:https://registry.npmjs.org/unbox-primitive cache-miss
1482 http fetch GET 200 https://registry.npmjs.org/object.assign 834ms (cache miss)
1483 silly packumentCache full:https://registry.npmjs.org/object.assign set size:undefined disposed:false
1484 silly fetch manifest which-typed-array@^1.1.19
1485 silly packumentCache full:https://registry.npmjs.org/which-typed-array cache-miss
1486 http fetch GET 200 https://registry.npmjs.org/safe-push-apply 814ms (cache miss)
1487 silly packumentCache full:https://registry.npmjs.org/safe-push-apply set size:undefined disposed:false
1488 silly fetch manifest functions-have-names@^1.2.3
1489 silly packumentCache full:https://registry.npmjs.org/functions-have-names cache-miss
1490 http fetch GET 200 https://registry.npmjs.org/safe-array-concat 833ms (cache miss)
1491 silly packumentCache full:https://registry.npmjs.org/safe-array-concat set size:undefined disposed:false
1492 silly fetch manifest side-channel-list@^1.0.1
1493 silly packumentCache full:https://registry.npmjs.org/side-channel-list cache-miss
1494 http fetch GET 200 https://registry.npmjs.org/safe-regex-test 839ms (cache miss)
1495 silly packumentCache full:https://registry.npmjs.org/safe-regex-test set size:undefined disposed:false
1496 http fetch GET 200 https://registry.npmjs.org/is-typed-array 917ms (cache miss)
1497 silly packumentCache full:https://registry.npmjs.org/is-typed-array set size:undefined disposed:false
1498 http fetch GET 200 https://registry.npmjs.org/stop-iteration-iterator 713ms (cache miss)
1499 silly packumentCache full:https://registry.npmjs.org/stop-iteration-iterator set size:undefined disposed:false
1500 http fetch GET 200 https://registry.npmjs.org/set-proto 741ms (cache miss)
1501 silly packumentCache full:https://registry.npmjs.org/set-proto set size:undefined disposed:false
1502 http fetch GET 200 https://registry.npmjs.org/string.prototype.trim 775ms (cache miss)
1503 silly packumentCache full:https://registry.npmjs.org/string.prototype.trim set size:undefined disposed:false
1504 http fetch GET 200 https://registry.npmjs.org/string.prototype.trimend 709ms (cache miss)
1505 silly packumentCache full:https://registry.npmjs.org/string.prototype.trimend set size:undefined disposed:false
1506 http fetch GET 200 https://registry.npmjs.org/string.prototype.trimstart 693ms (cache miss)
1507 silly packumentCache full:https://registry.npmjs.org/string.prototype.trimstart set size:undefined disposed:false
1508 http fetch GET 200 https://registry.npmjs.org/typed-array-buffer 650ms (cache miss)
1509 silly packumentCache full:https://registry.npmjs.org/typed-array-buffer set size:undefined disposed:false
1510 http fetch GET 200 https://registry.npmjs.org/typed-array-byte-length 631ms (cache miss)
1511 silly packumentCache full:https://registry.npmjs.org/typed-array-byte-length set size:undefined disposed:false
1512 http fetch GET 200 https://registry.npmjs.org/typed-array-byte-offset 601ms (cache miss)
1513 silly packumentCache full:https://registry.npmjs.org/typed-array-byte-offset set size:undefined disposed:false
1514 http fetch GET 200 https://registry.npmjs.org/typed-array-length 478ms (cache miss)
1515 silly packumentCache full:https://registry.npmjs.org/typed-array-length set size:undefined disposed:false
1516 http fetch GET 200 https://registry.npmjs.org/unbox-primitive 6618ms (cache miss)
1517 silly packumentCache full:https://registry.npmjs.org/unbox-primitive set size:undefined disposed:false
1518 http fetch GET 200 https://registry.npmjs.org/which-typed-array 6648ms (cache miss)
1519 silly packumentCache full:https://registry.npmjs.org/which-typed-array set size:undefined disposed:false
1520 http fetch GET 200 https://registry.npmjs.org/side-channel-list 6652ms (cache miss)
1521 silly packumentCache full:https://registry.npmjs.org/side-channel-list set size:undefined disposed:false
1522 http fetch GET 200 https://registry.npmjs.org/functions-have-names 6691ms (cache miss)
1523 silly packumentCache full:https://registry.npmjs.org/functions-have-names set size:undefined disposed:false
1524 silly placeDep ROOT call-bind-apply-helpers@1.0.2 REPLACE for: call-bind@1.0.9 want: ^1.0.2
1525 silly placeDep ROOT array-buffer-byte-length@1.0.2 OK for: es-abstract@1.24.2 want: ^1.0.2
1526 silly placeDep ROOT arraybuffer.prototype.slice@1.0.4 OK for: es-abstract@1.24.2 want: ^1.0.4
1527 silly placeDep ROOT available-typed-arrays@1.0.7 OK for: es-abstract@1.24.2 want: ^1.0.7
1528 silly placeDep ROOT data-view-buffer@1.0.2 OK for: es-abstract@1.24.2 want: ^1.0.2
1529 silly placeDep ROOT data-view-byte-length@1.0.2 OK for: es-abstract@1.24.2 want: ^1.0.2
1530 silly placeDep ROOT data-view-byte-offset@1.0.1 OK for: es-abstract@1.24.2 want: ^1.0.1
1531 silly placeDep ROOT es-to-primitive@1.3.4 OK for: es-abstract@1.24.2 want: ^1.3.0
1532 silly placeDep ROOT function.prototype.name@1.2.0 OK for: es-abstract@1.24.2 want: ^1.1.8
1533 silly placeDep ROOT get-symbol-description@1.1.0 OK for: es-abstract@1.24.2 want: ^1.1.0
1534 silly placeDep ROOT globalthis@1.0.4 OK for: es-abstract@1.24.2 want: ^1.0.4
1535 silly placeDep ROOT has-proto@1.2.0 OK for: es-abstract@1.24.2 want: ^1.2.0
1536 silly placeDep ROOT is-array-buffer@3.0.5 OK for: es-abstract@1.24.2 want: ^3.0.5
1537 silly placeDep ROOT is-callable@1.2.7 OK for: es-abstract@1.24.2 want: ^1.2.7
1538 silly placeDep ROOT is-data-view@1.0.2 OK for: es-abstract@1.24.2 want: ^1.0.2
1539 silly placeDep ROOT is-negative-zero@2.0.3 OK for: es-abstract@1.24.2 want: ^2.0.3
1540 silly placeDep ROOT is-regex@1.2.1 OK for: es-abstract@1.24.2 want: ^1.2.1
1541 silly placeDep ROOT is-set@2.0.3 OK for: es-abstract@1.24.2 want: ^2.0.3
1542 silly placeDep ROOT is-shared-array-buffer@1.0.4 OK for: es-abstract@1.24.2 want: ^1.0.4
1543 silly placeDep ROOT is-string@1.1.1 OK for: es-abstract@1.24.2 want: ^1.1.1
1544 silly placeDep ROOT is-typed-array@1.1.15 OK for: es-abstract@1.24.2 want: ^1.1.15
1545 silly placeDep ROOT is-weakref@1.1.1 OK for: es-abstract@1.24.2 want: ^1.1.1
1546 silly placeDep ROOT object.assign@4.1.7 OK for: es-abstract@1.24.2 want: ^4.1.7
1547 silly placeDep ROOT own-keys@1.0.2 OK for: es-abstract@1.24.2 want: ^1.0.1
1548 silly placeDep ROOT safe-array-concat@1.1.4 OK for: es-abstract@1.24.2 want: ^1.1.3
1549 silly placeDep ROOT safe-push-apply@1.0.0 OK for: es-abstract@1.24.2 want: ^1.0.0
1550 silly placeDep ROOT safe-regex-test@1.1.0 OK for: es-abstract@1.24.2 want: ^1.1.0
1551 silly placeDep ROOT set-proto@1.0.0 OK for: es-abstract@1.24.2 want: ^1.0.0
1552 silly placeDep ROOT stop-iteration-iterator@1.1.0 OK for: es-abstract@1.24.2 want: ^1.1.0
1553 silly placeDep ROOT string.prototype.trim@1.2.11 OK for: es-abstract@1.24.2 want: ^1.2.10
1554 silly placeDep ROOT string.prototype.trimend@1.0.10 OK for: es-abstract@1.24.2 want: ^1.0.9
1555 silly placeDep ROOT string.prototype.trimstart@1.0.8 OK for: es-abstract@1.24.2 want: ^1.0.8
1556 silly placeDep ROOT typed-array-buffer@1.0.3 OK for: es-abstract@1.24.2 want: ^1.0.3
1557 silly placeDep ROOT typed-array-byte-length@1.0.3 OK for: es-abstract@1.24.2 want: ^1.0.3
1558 silly placeDep ROOT typed-array-byte-offset@1.0.4 OK for: es-abstract@1.24.2 want: ^1.0.4
1559 silly placeDep ROOT typed-array-length@1.0.8 OK for: es-abstract@1.24.2 want: ^1.0.7
1560 silly placeDep ROOT unbox-primitive@1.1.0 OK for: es-abstract@1.24.2 want: ^1.1.0
1561 silly placeDep ROOT which-typed-array@1.1.22 OK for: es-abstract@1.24.2 want: ^1.1.19
1562 silly fetch manifest is-array-buffer@^3.0.4
1563 silly packumentCache full:https://registry.npmjs.org/is-array-buffer cache-miss
1564 silly fetch manifest possible-typed-array-names@^1.0.0
1565 silly packumentCache full:https://registry.npmjs.org/possible-typed-array-names cache-miss
1566 silly fetch manifest is-data-view@^1.0.1
1567 silly packumentCache full:https://registry.npmjs.org/is-data-view cache-miss
1568 silly fetch manifest is-symbol@^1.1.1
1569 silly packumentCache full:https://registry.npmjs.org/is-symbol cache-miss
1570 silly fetch manifest is-date-object@^1.1.0
1571 silly packumentCache full:https://registry.npmjs.org/is-date-object cache-miss
1572 silly fetch manifest es-abstract-get@^1.0.0
1573 silly packumentCache full:https://registry.npmjs.org/es-abstract-get cache-miss
1574 silly fetch manifest hasown@^2.0.4
1575 silly packumentCache full:https://registry.npmjs.org/hasown cache-miss
1576 silly fetch manifest is-document.all@^1.0.0
1577 silly packumentCache full:https://registry.npmjs.org/is-document.all cache-miss
1578 silly fetch manifest is-typed-array@^1.1.13
1579 silly packumentCache full:https://registry.npmjs.org/is-typed-array cache-miss
1580 silly fetch manifest which-typed-array@^1.1.16
1581 silly packumentCache full:https://registry.npmjs.org/which-typed-array cache-miss
1582 silly fetch manifest for-each@^0.3.3
1583 silly packumentCache full:https://registry.npmjs.org/for-each cache-miss
1584 silly fetch manifest for-each@^0.3.3
1585 silly packumentCache full:https://registry.npmjs.org/for-each cache-miss
1586 silly fetch manifest reflect.getprototypeof@^1.0.9
1587 silly packumentCache full:https://registry.npmjs.org/reflect.getprototypeof cache-miss
1588 silly fetch manifest for-each@^0.3.5
1589 silly packumentCache full:https://registry.npmjs.org/for-each cache-miss
1590 silly fetch manifest possible-typed-array-names@^1.1.0
1591 silly packumentCache full:https://registry.npmjs.org/possible-typed-array-names cache-miss
1592 http cache https://registry.npmjs.org/is-data-view 76ms (cache hit)
1593 silly packumentCache full:https://registry.npmjs.org/is-data-view set size:13756 disposed:false
1594 silly fetch manifest reflect.getprototypeof@^1.0.10
1595 silly packumentCache full:https://registry.npmjs.org/reflect.getprototypeof cache-miss
1596 http cache https://registry.npmjs.org/is-array-buffer 85ms (cache hit)
1597 silly packumentCache full:https://registry.npmjs.org/is-array-buffer set size:33562 disposed:false
1598 silly fetch manifest has-bigints@^1.0.2
1599 silly packumentCache full:https://registry.npmjs.org/has-bigints cache-miss
1600 http cache https://registry.npmjs.org/is-typed-array 76ms (cache hit)
1601 silly packumentCache full:https://registry.npmjs.org/is-typed-array set size:79965 disposed:false
1602 silly fetch manifest which-boxed-primitive@^1.1.1
1603 silly packumentCache full:https://registry.npmjs.org/which-boxed-primitive cache-miss
1604 http cache https://registry.npmjs.org/which-typed-array 77ms (cache hit)
1605 silly packumentCache full:https://registry.npmjs.org/which-typed-array set size:101551 disposed:false
1606 silly fetch manifest for-each@^0.3.5
1607 silly packumentCache full:https://registry.npmjs.org/for-each cache-miss
1608 http fetch GET 200 https://registry.npmjs.org/is-date-object 513ms (cache miss)
1609 silly packumentCache full:https://registry.npmjs.org/is-date-object set size:undefined disposed:false
1610 http fetch GET 200 https://registry.npmjs.org/for-each 537ms (cache miss)
1611 silly packumentCache full:https://registry.npmjs.org/for-each set size:undefined disposed:false
1612 http fetch GET 200 https://registry.npmjs.org/for-each 557ms (cache miss)
1613 silly packumentCache full:https://registry.npmjs.org/for-each set size:undefined disposed:false
1614 http fetch GET 200 https://registry.npmjs.org/for-each 589ms (cache miss)
1615 silly packumentCache full:https://registry.npmjs.org/for-each set size:undefined disposed:false
1616 http fetch GET 200 https://registry.npmjs.org/possible-typed-array-names 677ms (cache miss)
1617 silly packumentCache full:https://registry.npmjs.org/possible-typed-array-names set size:undefined disposed:false
1618 http fetch GET 200 https://registry.npmjs.org/hasown 707ms (cache miss)
1619 silly packumentCache full:https://registry.npmjs.org/hasown set size:undefined disposed:false
1620 http fetch GET 200 https://registry.npmjs.org/possible-typed-array-names 721ms (cache miss)
1621 silly packumentCache full:https://registry.npmjs.org/possible-typed-array-names set size:undefined disposed:false
1622 http fetch GET 200 https://registry.npmjs.org/reflect.getprototypeof 674ms (cache miss)
1623 silly packumentCache full:https://registry.npmjs.org/reflect.getprototypeof set size:undefined disposed:false
1624 http fetch GET 200 https://registry.npmjs.org/reflect.getprototypeof 739ms (cache miss)
1625 silly packumentCache full:https://registry.npmjs.org/reflect.getprototypeof set size:undefined disposed:false
1626 http fetch GET 200 https://registry.npmjs.org/is-symbol 781ms (cache miss)
1627 silly packumentCache full:https://registry.npmjs.org/is-symbol set size:undefined disposed:false
1628 http fetch GET 200 https://registry.npmjs.org/has-bigints 713ms (cache miss)
1629 silly packumentCache full:https://registry.npmjs.org/has-bigints set size:undefined disposed:false
1630 http fetch GET 200 https://registry.npmjs.org/which-boxed-primitive 731ms (cache miss)
1631 silly packumentCache full:https://registry.npmjs.org/which-boxed-primitive set size:undefined disposed:false
1632 http fetch GET 200 https://registry.npmjs.org/for-each 730ms (cache miss)
1633 silly packumentCache full:https://registry.npmjs.org/for-each set size:undefined disposed:false
1634 http fetch GET 200 https://registry.npmjs.org/is-document.all 847ms (cache miss)
1635 silly packumentCache full:https://registry.npmjs.org/is-document.all set size:undefined disposed:false
1636 http fetch GET 200 https://registry.npmjs.org/es-abstract-get 862ms (cache miss)
1637 silly packumentCache full:https://registry.npmjs.org/es-abstract-get set size:undefined disposed:false
1638 silly placeDep ROOT possible-typed-array-names@1.1.0 OK for: available-typed-arrays@1.0.7 want: ^1.0.0
1639 silly placeDep ROOT es-abstract-get@1.0.0 OK for: es-to-primitive@1.3.4 want: ^1.0.0
1640 silly placeDep ROOT is-date-object@1.1.0 OK for: es-to-primitive@1.3.4 want: ^1.1.0
1641 silly placeDep ROOT is-symbol@1.1.1 OK for: es-to-primitive@1.3.4 want: ^1.1.1
1642 silly placeDep ROOT functions-have-names@1.2.3 OK for: function.prototype.name@1.2.0 want: ^1.2.3
1643 silly placeDep ROOT hasown@2.0.4 REPLACE for: function.prototype.name@1.2.0 want: ^2.0.4
1644 silly placeDep ROOT is-document.all@1.0.0 OK for: function.prototype.name@1.2.0 want: ^1.0.0
1645 silly placeDep ROOT side-channel-list@1.0.1 OK for: side-channel@1.1.1 want: ^1.0.1
1646 silly placeDep ROOT get-own-enumerable-property-symbols@3.0.2 OK for: stringify-object@3.3.0 want: ^3.0.0
1647 silly placeDep node_modules/stringify-object is-obj@1.0.1 OK for: stringify-object@3.3.0 want: ^1.0.1
1648 silly placeDep ROOT is-regexp@1.0.0 OK for: stringify-object@3.3.0 want: ^1.0.0
1649 silly placeDep ROOT temp-dir@2.0.0 OK for: tempy@0.6.0 want: ^2.0.0
1650 silly placeDep ROOT type-fest@0.16.0 OK for: tempy@0.6.0 want: ^0.16.0
1651 silly placeDep ROOT for-each@0.3.5 OK for: typed-array-byte-length@1.0.3 want: ^0.3.3
1652 silly placeDep ROOT reflect.getprototypeof@1.0.10 OK for: typed-array-byte-offset@1.0.4 want: ^1.0.9
1653 silly fetch manifest which-builtin-type@^1.2.1
1654 silly packumentCache full:https://registry.npmjs.org/which-builtin-type cache-miss
1655 http fetch GET 200 https://registry.npmjs.org/which-builtin-type 1100ms (cache miss)
1656 silly packumentCache full:https://registry.npmjs.org/which-builtin-type set size:undefined disposed:false
1657 silly placeDep ROOT which-builtin-type@1.2.1 OK for: reflect.getprototypeof@1.0.10 want: ^1.2.1
1658 silly fetch manifest is-async-function@^2.0.0
1659 silly packumentCache full:https://registry.npmjs.org/is-async-function cache-miss
1660 silly fetch manifest is-finalizationregistry@^1.1.0
1661 silly packumentCache full:https://registry.npmjs.org/is-finalizationregistry cache-miss
1662 silly fetch manifest is-generator-function@^1.0.10
1663 silly packumentCache full:https://registry.npmjs.org/is-generator-function cache-miss
1664 silly fetch manifest which-boxed-primitive@^1.1.0
1665 silly packumentCache full:https://registry.npmjs.org/which-boxed-primitive cache-miss
1666 silly fetch manifest which-collection@^1.0.2
1667 silly packumentCache full:https://registry.npmjs.org/which-collection cache-miss
1668 http cache https://registry.npmjs.org/which-boxed-primitive 25ms (cache hit)
1669 silly packumentCache full:https://registry.npmjs.org/which-boxed-primitive set size:19407 disposed:false
1670 http fetch GET 200 https://registry.npmjs.org/is-finalizationregistry 2617ms (cache miss)
1671 silly packumentCache full:https://registry.npmjs.org/is-finalizationregistry set size:undefined disposed:false
1672 http fetch GET 200 https://registry.npmjs.org/is-generator-function 2811ms (cache miss)
1673 silly packumentCache full:https://registry.npmjs.org/is-generator-function set size:undefined disposed:false
1674 http fetch GET 200 https://registry.npmjs.org/is-async-function 2822ms (cache miss)
1675 silly packumentCache full:https://registry.npmjs.org/is-async-function set size:undefined disposed:false
1676 http fetch GET 200 https://registry.npmjs.org/which-collection 2837ms (cache miss)
1677 silly packumentCache full:https://registry.npmjs.org/which-collection set size:undefined disposed:false
1678 silly placeDep ROOT has-bigints@1.1.0 OK for: unbox-primitive@1.1.0 want: ^1.0.2
1679 silly placeDep ROOT which-boxed-primitive@1.1.1 OK for: unbox-primitive@1.1.0 want: ^1.1.1
1680 silly fetch manifest is-bigint@^1.1.0
1681 silly packumentCache full:https://registry.npmjs.org/is-bigint cache-miss
1682 silly fetch manifest is-boolean-object@^1.2.1
1683 silly packumentCache full:https://registry.npmjs.org/is-boolean-object cache-miss
1684 silly fetch manifest is-number-object@^1.1.1
1685 silly packumentCache full:https://registry.npmjs.org/is-number-object cache-miss
1686 http fetch GET 200 https://registry.npmjs.org/is-boolean-object 1392ms (cache miss)
1687 silly packumentCache full:https://registry.npmjs.org/is-boolean-object set size:undefined disposed:false
1688 http fetch GET 200 https://registry.npmjs.org/is-number-object 1404ms (cache miss)
1689 silly packumentCache full:https://registry.npmjs.org/is-number-object set size:undefined disposed:false
1690 http fetch GET 200 https://registry.npmjs.org/is-bigint 1679ms (cache miss)
1691 silly packumentCache full:https://registry.npmjs.org/is-bigint set size:undefined disposed:false
1692 silly placeDep ROOT unicode-canonical-property-names-ecmascript@2.0.1 OK for: unicode-match-property-ecmascript@2.0.0 want: ^2.0.0
1693 silly placeDep ROOT unicode-property-aliases-ecmascript@2.2.0 OK for: unicode-match-property-ecmascript@2.0.0 want: ^2.0.0
1694 silly placeDep ROOT is-bigint@1.1.0 OK for: which-boxed-primitive@1.1.1 want: ^1.1.0
1695 silly placeDep ROOT is-boolean-object@1.2.2 OK for: which-boxed-primitive@1.1.1 want: ^1.2.1
1696 silly placeDep ROOT is-number-object@1.1.1 OK for: which-boxed-primitive@1.1.1 want: ^1.1.1
1697 silly placeDep ROOT is-async-function@2.1.1 OK for: which-builtin-type@1.2.1 want: ^2.0.0
1698 silly placeDep ROOT is-finalizationregistry@1.1.1 OK for: which-builtin-type@1.2.1 want: ^1.1.0
1699 silly placeDep ROOT is-generator-function@1.1.2 OK for: which-builtin-type@1.2.1 want: ^1.0.10
1700 silly placeDep ROOT which-collection@1.0.2 OK for: which-builtin-type@1.2.1 want: ^1.0.2
1701 silly fetch manifest async-function@^1.0.0
1702 silly packumentCache full:https://registry.npmjs.org/async-function cache-miss
1703 silly fetch manifest generator-function@^2.0.0
1704 silly packumentCache full:https://registry.npmjs.org/generator-function cache-miss
1705 silly fetch manifest is-map@^2.0.3
1706 silly packumentCache full:https://registry.npmjs.org/is-map cache-miss
1707 silly fetch manifest is-weakmap@^2.0.2
1708 silly packumentCache full:https://registry.npmjs.org/is-weakmap cache-miss
1709 silly fetch manifest is-weakset@^2.0.3
1710 silly packumentCache full:https://registry.npmjs.org/is-weakset cache-miss
1711 http fetch GET 200 https://registry.npmjs.org/generator-function 220ms (cache miss)
1712 silly packumentCache full:https://registry.npmjs.org/generator-function set size:undefined disposed:false
1713 http fetch GET 200 https://registry.npmjs.org/async-function 225ms (cache miss)
1714 silly packumentCache full:https://registry.npmjs.org/async-function set size:undefined disposed:false
1715 http fetch GET 200 https://registry.npmjs.org/is-weakmap 224ms (cache miss)
1716 silly packumentCache full:https://registry.npmjs.org/is-weakmap set size:undefined disposed:false
1717 http fetch GET 200 https://registry.npmjs.org/is-weakset 226ms (cache miss)
1718 silly packumentCache full:https://registry.npmjs.org/is-weakset set size:undefined disposed:false
1719 http fetch GET 200 https://registry.npmjs.org/is-map 237ms (cache miss)
1720 silly packumentCache full:https://registry.npmjs.org/is-map set size:undefined disposed:false
1721 silly placeDep ROOT async-function@1.0.0 OK for: is-async-function@2.1.1 want: ^1.0.0
1722 silly placeDep ROOT generator-function@2.0.1 OK for: is-generator-function@1.1.2 want: ^2.0.0
1723 silly placeDep ROOT is-map@2.0.3 OK for: which-collection@1.0.2 want: ^2.0.3
1724 silly placeDep ROOT is-weakmap@2.0.2 OK for: which-collection@1.0.2 want: ^2.0.2
1725 silly placeDep ROOT is-weakset@2.0.4 OK for: which-collection@1.0.2 want: ^2.0.3
1726 silly placeDep ROOT @types/trusted-types@2.0.7 OK for: workbox-window@6.6.0 want: ^2.0.2
1727 silly placeDep node_modules/@babel/core ms@2.1.3 OK for: debug@4.4.3 want: ^2.1.3
1728 silly placeDep node_modules/@babel/helper-compilation-targets yallist@3.1.1 OK for: lru-cache@5.1.1 want: ^3.0.2
1729 silly placeDep node_modules/@babel/helper-define-polyfill-provider ms@2.1.3 OK for: debug@4.4.3 want: ^2.1.3
1730 silly placeDep node_modules/@babel/traverse ms@2.1.3 OK for: debug@4.4.3 want: ^2.1.3
1731 silly fetch manifest pify@^2.0.0
1732 silly packumentCache full:https://registry.npmjs.org/pify cache-miss
1733 http cache https://registry.npmjs.org/pify 8ms (cache hit)
1734 silly packumentCache full:https://registry.npmjs.org/pify set size:33583 disposed:false
1735 silly placeDep node_modules/del array-union@1.0.2 OK for: globby@6.1.0 want: ^1.0.1
1736 silly placeDep node_modules/del glob@7.2.3 OK for: globby@6.1.0 want: ^7.0.3
1737 silly placeDep node_modules/del/node_modules/globby pify@2.3.0 OK for: globby@6.1.0 want: ^2.0.0
1738 silly placeDep ROOT pinkie-promise@2.0.1 OK for: globby@6.1.0 want: ^2.0.0
1739 silly fetch manifest array-uniq@^1.0.1
1740 silly packumentCache full:https://registry.npmjs.org/array-uniq cache-miss
1741 silly fetch manifest pinkie@^2.0.0
1742 silly packumentCache full:https://registry.npmjs.org/pinkie cache-miss
1743 http fetch GET 200 https://registry.npmjs.org/pinkie 212ms (cache miss)
1744 silly packumentCache full:https://registry.npmjs.org/pinkie set size:undefined disposed:false
1745 http fetch GET 200 https://registry.npmjs.org/array-uniq 438ms (cache miss)
1746 silly packumentCache full:https://registry.npmjs.org/array-uniq set size:undefined disposed:false
1747 silly placeDep ROOT pinkie@2.0.4 OK for: pinkie-promise@2.0.1 want: ^2.0.0
1748 silly placeDep ROOT array-uniq@1.0.3 OK for: array-union@1.0.2 want: ^1.0.1
1749 silly placeDep node_modules/del minimatch@3.1.5 OK for: glob@7.2.3 want: ^3.1.1
1750 silly fetch manifest brace-expansion@^1.1.7
1751 silly packumentCache full:https://registry.npmjs.org/brace-expansion cache-miss
1752 http fetch GET 200 https://registry.npmjs.org/brace-expansion 106ms (cache miss)
1753 silly packumentCache full:https://registry.npmjs.org/brace-expansion set size:undefined disposed:false
1754 silly placeDep node_modules/del brace-expansion@1.1.18 OK for: minimatch@3.1.5 want: ^1.1.7
1755 silly placeDep ROOT p-try@2.2.0 OK for: p-limit@2.3.0 want: ^2.0.0
1756 silly placeDep node_modules/schema-utils json-schema-traverse@0.4.1 OK for: ajv@6.15.0 want: ^0.4.1
1757 silly placeDep node_modules/terser-webpack-plugin ajv-formats@2.1.1 OK for: schema-utils@4.3.3 want: ^2.1.1
1758 silly placeDep node_modules/terser-webpack-plugin ajv-keywords@5.1.0 OK for: schema-utils@4.3.3 want: ^5.1.0
1759 silly placeDep node_modules/workbox-build minimatch@3.1.5 OK for: glob@7.2.3 want: ^3.1.1
1760 silly placeDep node_modules/workbox-build brace-expansion@1.1.18 OK for: minimatch@3.1.5 want: ^1.1.7
1761 silly reify mark retired [ 'D:\\Job_Portal\\node_modules\\call-bound' ]
1762 silly reify mark retired [ 'D:\\Job_Portal\\node_modules\\call-bind' ]
1763 silly reify mark retired [ 'D:\\Job_Portal\\node_modules\\caniuse-lite' ]
1764 silly reify mark retired [ 'D:\\Job_Portal\\node_modules\\call-bind-apply-helpers' ]
1765 silly reify mark retired [ 'D:\\Job_Portal\\node_modules\\es-object-atoms' ]
1766 silly reify mark retired [ 'D:\\Job_Portal\\node_modules\\get-intrinsic' ]
1767 silly reify mark retired [ 'D:\\Job_Portal\\node_modules\\hasown' ]
1768 silly reify mark retired [
1768 silly reify   'D:\\Job_Portal\\node_modules\\resolve',
1768 silly reify   'D:\\Job_Portal\\node_modules\\.bin\\resolve',
1768 silly reify   'D:\\Job_Portal\\node_modules\\.bin\\resolve.cmd',
1768 silly reify   'D:\\Job_Portal\\node_modules\\.bin\\resolve.ps1'
1768 silly reify ]
1769 silly reify mark retired [ 'D:\\Job_Portal\\node_modules\\side-channel-list' ]
1770 silly reify mark retired [ 'D:\\Job_Portal\\node_modules\\side-channel' ]
1771 silly reify mark retired [ 'D:\\Job_Portal\\node_modules\\@jridgewell\\set-array' ]
1772 silly reify mark retired [ 'D:\\Job_Portal\\node_modules\\@jridgewell\\gen-mapping' ]
1773 silly reify mark retired [ 'D:\\Job_Portal\\node_modules\\@jridgewell\\trace-mapping' ]
1774 silly reify moves {
1774 silly reify   'D:\\Job_Portal\\node_modules\\call-bound': 'D:\\Job_Portal\\node_modules\\.call-bound-gGFno8Ly',
1774 silly reify   'D:\\Job_Portal\\node_modules\\call-bind': 'D:\\Job_Portal\\node_modules\\.call-bind-6HTLmOHV',
1774 silly reify   'D:\\Job_Portal\\node_modules\\caniuse-lite': 'D:\\Job_Portal\\node_modules\\.caniuse-lite-pMrQ1bA4',
1774 silly reify   'D:\\Job_Portal\\node_modules\\call-bind-apply-helpers': 'D:\\Job_Portal\\node_modules\\.call-bind-apply-helpers-eZ36mIGG',
1774 silly reify   'D:\\Job_Portal\\node_modules\\es-object-atoms': 'D:\\Job_Portal\\node_modules\\.es-object-atoms-rydIjEap',
1774 silly reify   'D:\\Job_Portal\\node_modules\\get-intrinsic': 'D:\\Job_Portal\\node_modules\\.get-intrinsic-bkBWn0QG',
1774 silly reify   'D:\\Job_Portal\\node_modules\\hasown': 'D:\\Job_Portal\\node_modules\\.hasown-k7P8NiYV',
1774 silly reify   'D:\\Job_Portal\\node_modules\\resolve': 'D:\\Job_Portal\\node_modules\\.resolve-EOfhXWrh',
1774 silly reify   'D:\\Job_Portal\\node_modules\\.bin\\resolve': 'D:\\Job_Portal\\node_modules\\.bin\\.resolve-Kpu1egB2',
1774 silly reify   'D:\\Job_Portal\\node_modules\\.bin\\resolve.cmd': 'D:\\Job_Portal\\node_modules\\.bin\\.resolve.cmd-NVayVsny',
1774 silly reify   'D:\\Job_Portal\\node_modules\\.bin\\resolve.ps1': 'D:\\Job_Portal\\node_modules\\.bin\\.resolve.ps1-EdaG19yD',
1774 silly reify   'D:\\Job_Portal\\node_modules\\side-channel-list': 'D:\\Job_Portal\\node_modules\\.side-channel-list-B1YLhFEE',
1774 silly reify   'D:\\Job_Portal\\node_modules\\side-channel': 'D:\\Job_Portal\\node_modules\\.side-channel-epezmcGx',
1774 silly reify   'D:\\Job_Portal\\node_modules\\@jridgewell\\set-array': 'D:\\Job_Portal\\node_modules\\@jridgewell\\.set-array-17BkHnAc',
1774 silly reify   'D:\\Job_Portal\\node_modules\\@jridgewell\\gen-mapping': 'D:\\Job_Portal\\node_modules\\@jridgewell\\.gen-mapping-djr3hJWZ',
1774 silly reify   'D:\\Job_Portal\\node_modules\\@jridgewell\\trace-mapping': 'D:\\Job_Portal\\node_modules\\@jridgewell\\.trace-mapping-rVfAPvMq'
1774 silly reify }
1775 silly audit bulk request {
1775 silly audit   '@alloc/quick-lru': [ '5.2.0' ],
1775 silly audit   '@asteasolutions/zod-to-openapi': [ '7.3.4' ],
1775 silly audit   '@babel/runtime': [ '7.28.4' ],
1775 silly audit   '@cfworker/json-schema': [ '4.1.1' ],
1775 silly audit   '@colors/colors': [ '1.6.0' ],
1775 silly audit   '@dabh/diagnostics': [ '2.0.8' ],
1775 silly audit   '@date-fns/tz': [ '1.4.1' ],
1775 silly audit   '@emnapi/runtime': [ '1.7.1' ],
1775 silly audit   '@esbuild/aix-ppc64': [ '0.27.2' ],
1775 silly audit   '@esbuild/android-arm': [ '0.27.2' ],
1775 silly audit   '@esbuild/android-arm64': [ '0.27.2' ],
1775 silly audit   '@esbuild/android-x64': [ '0.27.2' ],
1775 silly audit   '@esbuild/darwin-arm64': [ '0.27.2' ],
1775 silly audit   '@esbuild/darwin-x64': [ '0.27.2' ],
1775 silly audit   '@esbuild/freebsd-arm64': [ '0.27.2' ],
1775 silly audit   '@esbuild/freebsd-x64': [ '0.27.2' ],
1775 silly audit   '@esbuild/linux-arm': [ '0.27.2' ],
1775 silly audit   '@esbuild/linux-arm64': [ '0.27.2' ],
1775 silly audit   '@esbuild/linux-ia32': [ '0.27.2' ],
1775 silly audit   '@esbuild/linux-loong64': [ '0.27.2' ],
1775 silly audit   '@esbuild/linux-mips64el': [ '0.27.2' ],
1775 silly audit   '@esbuild/linux-ppc64': [ '0.27.2' ],
1775 silly audit   '@esbuild/linux-riscv64': [ '0.27.2' ],
1775 silly audit   '@esbuild/linux-s390x': [ '0.27.2' ],
1775 silly audit   '@esbuild/linux-x64': [ '0.27.2' ],
1775 silly audit   '@esbuild/netbsd-arm64': [ '0.27.2' ],
1775 silly audit   '@esbuild/netbsd-x64': [ '0.27.2' ],
1775 silly audit   '@esbuild/openbsd-arm64': [ '0.27.2' ],
1775 silly audit   '@esbuild/openbsd-x64': [ '0.27.2' ],
1775 silly audit   '@esbuild/openharmony-arm64': [ '0.27.2' ],
1775 silly audit   '@esbuild/sunos-x64': [ '0.27.2' ],
1775 silly audit   '@esbuild/win32-arm64': [ '0.27.2' ],
1775 silly audit   '@esbuild/win32-ia32': [ '0.27.2' ],
1775 silly audit   '@esbuild/win32-x64': [ '0.27.2' ],
1775 silly audit   '@fastify/busboy': [ '3.2.0' ],
1775 silly audit   '@firebase/ai': [ '1.4.0' ],
1775 silly audit   '@firebase/analytics': [ '0.10.16' ],
1775 silly audit   '@firebase/analytics-compat': [ '0.2.22' ],
1775 silly audit   '@firebase/analytics-types': [ '0.8.3' ],
1775 silly audit   '@firebase/app': [ '0.13.1' ],
1775 silly audit   '@firebase/app-check': [ '0.10.0' ],
1775 silly audit   '@firebase/app-check-compat': [ '0.3.25' ],
1775 silly audit   '@firebase/app-check-interop-types': [ '0.3.3', '0.3.2' ],
1775 silly audit   '@firebase/app-check-types': [ '0.5.3' ],
1775 silly audit   '@firebase/app-compat': [ '0.4.1' ],
1775 silly audit   '@firebase/app-types': [ '0.9.3', '0.9.2' ],
1775 silly audit   '@firebase/auth-compat': [ '0.5.27' ],
1775 silly audit   '@firebase/auth': [ '1.10.7' ],
1775 silly audit   '@firebase/auth-interop-types': [ '0.2.4', '0.2.3' ],
1775 silly audit   '@firebase/auth-types': [ '0.13.0' ],
1775 silly audit   '@firebase/component': [ '0.6.17', '0.6.9' ],
1775 silly audit   '@firebase/data-connect': [ '0.3.9' ],
1775 silly audit   '@firebase/database': [ '1.0.19', '1.0.8' ],
1775 silly audit   '@firebase/database-compat': [ '2.0.10', '1.0.8' ],
1775 silly audit   '@firebase/database-types': [ '1.0.14', '1.0.5' ],
1775 silly audit   '@firebase/firestore': [ '4.7.17' ],
1775 silly audit   '@firebase/firestore-compat': [ '0.3.52' ],
1775 silly audit   '@firebase/firestore-types': [ '3.0.3' ],
1775 silly audit   '@grpc/grpc-js': [ '1.9.15', '1.14.3' ],
1775 silly audit   '@firebase/functions': [ '0.12.8' ],
1775 silly audit   '@firebase/functions-compat': [ '0.3.25' ],
1775 silly audit   '@firebase/functions-types': [ '0.6.3' ],
1775 silly audit   '@firebase/installations': [ '0.6.17' ],
1775 silly audit   '@firebase/installations-compat': [ '0.2.17' ],
1775 silly audit   '@firebase/installations-types': [ '0.5.3' ],
1775 silly audit   '@firebase/logger': [ '0.4.4', '0.4.2' ],
1775 silly audit   '@firebase/messaging': [ '0.12.21' ],
1775 silly audit   '@firebase/messaging-compat': [ '0.2.21' ],
1775 silly audit   '@firebase/messaging-interop-types': [ '0.2.3' ],
1775 silly audit   '@firebase/performance': [ '0.7.6' ],
1775 silly audit   '@firebase/performance-compat': [ '0.2.19' ],
1775 silly audit   '@firebase/performance-types': [ '0.2.3' ],
1775 silly audit   '@firebase/remote-config': [ '0.6.4' ],
1775 silly audit   '@firebase/remote-config-compat': [ '0.2.17' ],
1775 silly audit   '@firebase/remote-config-types': [ '0.4.0' ],
1775 silly audit   '@firebase/storage': [ '0.13.13' ],
1775 silly audit   '@firebase/storage-compat': [ '0.3.23' ],
1775 silly audit   '@firebase/storage-types': [ '0.8.3' ],
1775 silly audit   '@firebase/util': [ '1.12.0', '1.10.0' ],
1775 silly audit   '@firebase/webchannel-wrapper': [ '1.0.3' ],
1775 silly audit   '@floating-ui/core': [ '1.7.3' ],
1775 silly audit   '@floating-ui/dom': [ '1.7.4' ],
1775 silly audit   '@floating-ui/react-dom': [ '2.1.6' ],
1775 silly audit   '@floating-ui/utils': [ '0.2.10' ],
1775 silly audit   '@genkit-ai/ai': [ '1.28.0' ],
1775 silly audit   '@genkit-ai/core': [ '1.28.0' ],
1775 silly audit   '@genkit-ai/firebase': [ '1.28.0' ],
1775 silly audit   '@genkit-ai/google-cloud': [ '1.28.0' ],
1775 silly audit   '@genkit-ai/google-genai': [ '1.28.0' ],
1775 silly audit   '@genkit-ai/telemetry-server': [ '1.28.0' ],
1775 silly audit   '@genkit-ai/tools-common': [ '1.28.0' ],
1775 silly audit   commander: [ '11.1.0', '4.1.1', '2.20.3' ],
1775 silly audit   uuid: [ '9.0.1', '8.3.2', '10.0.0' ],
1775 silly audit   '@google-cloud/common': [ '5.0.2' ],
1775 silly audit   '@google-cloud/firestore': [ '7.11.6' ],
1775 silly audit   '@google-cloud/logging': [ '11.2.1' ],
1775 silly audit   '@google-cloud/logging-winston': [ '6.0.1' ],
1775 silly audit   '@google-cloud/modelarmor': [ '0.4.1' ],
1775 silly audit   '@grpc/proto-loader': [ '0.8.0', '0.7.13' ],
1775 silly audit   'agent-base': [ '6.0.2', '7.1.3' ],
1775 silly audit   debug: [ '4.4.3', '2.6.9', '4.4.0' ],
1775 silly audit   gaxios: [ '7.1.3', '6.7.1' ],
1775 silly audit   'gcp-metadata': [ '8.1.2', '6.1.1' ],
1775 silly audit   'google-auth-library': [ '10.5.0', '9.15.1' ],
1775 silly audit   'google-gax': [ '5.0.6', '4.6.1' ],
1775 silly audit   'google-logging-utils': [ '1.1.3', '0.0.2' ],
1775 silly audit   gtoken: [ '8.0.0', '7.1.0' ],
1775 silly audit   ms: [ '2.1.3', '2.0.0' ],
1775 silly audit   'proto3-json-serializer': [ '3.0.4', '2.0.2' ],
1775 silly audit   'retry-request': [ '8.0.2', '7.0.2' ],
1775 silly audit   rimraf: [ '5.0.10', '2.7.1' ],
1775 silly audit   'teeny-request': [ '10.1.0', '9.0.0' ],
1775 silly audit   'https-proxy-agent': [ '5.0.1', '7.0.6' ],
1775 silly audit   '@google-cloud/opentelemetry-cloud-monitoring-exporter': [ '0.19.0' ],
1775 silly audit   '@google-cloud/opentelemetry-cloud-trace-exporter': [ '2.4.1' ],
1775 silly audit   '@google-cloud/opentelemetry-resource-util': [ '2.4.0' ],
1775 silly audit   '@google-cloud/paginator': [ '5.0.2' ],
1775 silly audit   '@google-cloud/precise-date': [ '4.0.0' ],
1775 silly audit   '@google-cloud/projectify': [ '4.0.0' ],
1775 silly audit   '@google-cloud/promisify': [ '4.0.0' ],
1775 silly audit   '@google-cloud/storage': [ '7.18.0' ],
1775 silly audit   '@hookform/resolvers': [ '4.1.3' ],
1775 silly audit   '@img/colour': [ '1.0.0' ],
1775 silly audit   '@img/sharp-darwin-arm64': [ '0.34.5' ],
1775 silly audit   '@img/sharp-darwin-x64': [ '0.34.5' ],
1775 silly audit   '@img/sharp-libvips-darwin-arm64': [ '1.2.4' ],
1775 silly audit   '@img/sharp-libvips-darwin-x64': [ '1.2.4' ],
1775 silly audit   '@img/sharp-libvips-linux-arm': [ '1.2.4' ],
1775 silly audit   '@img/sharp-libvips-linux-arm64': [ '1.2.4' ],
1775 silly audit   '@img/sharp-libvips-linux-ppc64': [ '1.2.4' ],
1775 silly audit   '@img/sharp-libvips-linux-riscv64': [ '1.2.4' ],
1775 silly audit   '@img/sharp-libvips-linux-s390x': [ '1.2.4' ],
1775 silly audit   '@img/sharp-libvips-linux-x64': [ '1.2.4' ],
1775 silly audit   '@img/sharp-libvips-linuxmusl-arm64': [ '1.2.4' ],
1775 silly audit   '@img/sharp-libvips-linuxmusl-x64': [ '1.2.4' ],
1775 silly audit   '@img/sharp-linux-arm': [ '0.34.5' ],
1775 silly audit   '@img/sharp-linux-arm64': [ '0.34.5' ],
1775 silly audit   '@img/sharp-linux-ppc64': [ '0.34.5' ],
1775 silly audit   '@img/sharp-linux-riscv64': [ '0.34.5' ],
1775 silly audit   '@img/sharp-linux-s390x': [ '0.34.5' ],
1775 silly audit   '@img/sharp-linux-x64': [ '0.34.5' ],
1775 silly audit   '@img/sharp-linuxmusl-arm64': [ '0.34.5' ],
1775 silly audit   '@img/sharp-linuxmusl-x64': [ '0.34.5' ],
1775 silly audit   '@img/sharp-wasm32': [ '0.34.5' ],
1775 silly audit   '@img/sharp-win32-arm64': [ '0.34.5' ],
1775 silly audit   '@img/sharp-win32-ia32': [ '0.34.5' ],
1775 silly audit   '@img/sharp-win32-x64': [ '0.34.5' ],
1775 silly audit   '@inquirer/ansi': [ '1.0.2' ],
1775 silly audit   '@inquirer/checkbox': [ '4.3.2' ],
1775 silly audit   '@inquirer/confirm': [ '5.1.21' ],
1775 silly audit   '@inquirer/core': [ '10.3.2' ],
1775 silly audit   'ansi-regex': [ '5.0.1', '6.1.0' ],
1775 silly audit   'ansi-styles': [ '4.3.0', '6.2.1' ],
1775 silly audit   'emoji-regex': [ '8.0.0', '9.2.2' ],
1775 silly audit   'string-width': [ '4.2.3', '5.1.2' ],
1775 silly audit   'strip-ansi': [ '6.0.1', '7.1.0' ],
1775 silly audit   'wrap-ansi': [ '6.2.0', '7.0.0', '8.1.0' ],
1775 silly audit   '@inquirer/editor': [ '4.2.23' ],
1775 silly audit   '@inquirer/expand': [ '4.0.23' ],
1775 silly audit   '@inquirer/external-editor': [ '1.0.3' ],
1775 silly audit   'iconv-lite': [ '0.7.2', '0.6.3', '0.7.0', '0.4.24' ],
1775 silly audit   '@inquirer/figures': [ '1.0.15' ],
1775 silly audit   '@inquirer/input': [ '4.3.1' ],
1775 silly audit   '@inquirer/number': [ '3.0.23' ],
1775 silly audit   '@inquirer/password': [ '4.0.23' ],
1775 silly audit   '@inquirer/prompts': [ '7.10.1' ],
1775 silly audit   '@inquirer/rawlist': [ '4.1.11' ],
1775 silly audit   '@inquirer/search': [ '3.2.2' ],
1775 silly audit   '@inquirer/select': [ '4.4.2' ],
1775 silly audit   '@inquirer/type': [ '3.0.10' ],
1775 silly audit   '@isaacs/cliui': [ '8.0.2' ],
1775 silly audit   '@jridgewell/resolve-uri': [ '3.1.2' ],
1775 silly audit   '@jridgewell/sourcemap-codec': [ '1.5.0' ],
1775 silly audit   '@js-sdsl/ordered-map': [ '4.4.2' ],
1775 silly audit   '@jsep-plugin/assignment': [ '1.3.0' ],
1775 silly audit   '@jsep-plugin/regex': [ '1.0.4' ],
1775 silly audit   '@modelcontextprotocol/sdk': [ '1.18.2' ],
1775 silly audit   accepts: [ '2.0.0', '1.3.8' ],
1775 silly audit   ajv: [ '6.12.6', '8.17.1', '6.15.0' ],
1775 silly audit   'body-parser': [ '2.2.0', '1.20.3' ],
1775 silly audit   'content-disposition': [ '1.0.0', '0.5.4' ],
1775 silly audit   'cookie-signature': [ '1.2.2', '1.0.6' ],
1775 silly audit   express: [ '5.1.0', '4.21.2' ],
1775 silly audit   finalhandler: [ '2.1.0', '1.3.1' ],
1775 silly audit   fresh: [ '2.0.0', '0.5.2' ],
1775 silly audit   'json-schema-traverse': [ '0.4.1', '1.0.0' ],
1775 silly audit   'media-typer': [ '1.1.0', '0.3.0' ],
1775 silly audit   'merge-descriptors': [ '2.0.0', '1.0.3' ],
1775 silly audit   'mime-db': [ '1.54.0', '1.52.0' ],
1775 silly audit   'mime-types': [ '3.0.1', '2.1.35' ],
1775 silly audit   negotiator: [ '1.0.0', '0.6.3' ],
1775 silly audit   qs: [ '6.14.0', '6.13.0' ],
1775 silly audit   'raw-body': [ '3.0.1', '2.5.2' ],
1775 silly audit   send: [ '1.2.0', '0.19.0' ],
1775 silly audit   'serve-static': [ '2.2.0', '1.16.2' ],
1775 silly audit   'type-is': [ '2.0.1', '1.6.18' ],
1775 silly audit   '@next/env': [ '15.5.9' ],
1775 silly audit   '@next/swc-darwin-arm64': [ '15.5.7' ],
1775 silly audit   '@next/swc-darwin-x64': [ '15.5.7' ],
1775 silly audit   '@next/swc-linux-arm64-gnu': [ '15.5.7' ],
1775 silly audit   '@next/swc-linux-arm64-musl': [ '15.5.7' ],
1775 silly audit   '@next/swc-linux-x64-gnu': [ '15.5.7' ],
1775 silly audit   '@next/swc-linux-x64-musl': [ '15.5.7' ],
1775 silly audit   '@next/swc-win32-arm64-msvc': [ '15.5.7' ],
1775 silly audit   '@next/swc-win32-x64-msvc': [ '15.5.7' ],
1775 silly audit   '@nodelib/fs.scandir': [ '2.1.5' ],
1775 silly audit   '@nodelib/fs.stat': [ '2.0.5' ],
1775 silly audit   '@nodelib/fs.walk': [ '1.2.8' ],
1775 silly audit   '@opentelemetry/api': [ '1.9.0' ],
1775 silly audit   '@opentelemetry/api-logs': [ '0.52.1' ],
1775 silly audit   '@opentelemetry/auto-instrumentations-node': [ '0.49.2' ],
1775 silly audit   '@opentelemetry/context-async-hooks': [ '1.25.1' ],
1775 silly audit   '@opentelemetry/core': [ '1.25.1', '1.30.1' ],
1775 silly audit   '@opentelemetry/semantic-conventions': [ '1.25.1', '1.28.0', '1.39.0' ],
1775 silly audit   '@opentelemetry/exporter-jaeger': [ '1.30.1' ],
1775 silly audit   '@opentelemetry/resources': [ '1.30.1', '1.25.1' ],
1775 silly audit   '@opentelemetry/sdk-trace-base': [ '1.30.1', '1.25.1' ],
1775 silly audit   '@opentelemetry/exporter-trace-otlp-grpc': [ '0.52.1' ],
1775 silly audit   '@opentelemetry/exporter-trace-otlp-http': [ '0.52.1' ],
1775 silly audit   '@opentelemetry/exporter-trace-otlp-proto': [ '0.52.1' ],
1775 silly audit   '@opentelemetry/exporter-zipkin': [ '1.25.1' ],
1775 silly audit   '@opentelemetry/instrumentation': [ '0.52.1' ],
1775 silly audit   '@opentelemetry/instrumentation-amqplib': [ '0.41.0' ],
1775 silly audit   '@opentelemetry/instrumentation-aws-lambda': [ '0.43.0' ],
1775 silly audit   '@opentelemetry/instrumentation-aws-sdk': [ '0.43.1' ],
1775 silly audit   '@opentelemetry/instrumentation-bunyan': [ '0.40.0' ],
1775 silly audit   '@opentelemetry/instrumentation-cassandra-driver': [ '0.40.0' ],
1775 silly audit   '@opentelemetry/instrumentation-connect': [ '0.38.0' ],
1775 silly audit   '@opentelemetry/instrumentation-cucumber': [ '0.8.0' ],
1775 silly audit   '@opentelemetry/instrumentation-dataloader': [ '0.11.0' ],
1775 silly audit   '@opentelemetry/instrumentation-dns': [ '0.38.0' ],
1775 silly audit   '@opentelemetry/instrumentation-express': [ '0.41.1' ],
1775 silly audit   '@opentelemetry/instrumentation-fastify': [ '0.38.0' ],
1775 silly audit   '@opentelemetry/instrumentation-fs': [ '0.14.0' ],
1775 silly audit   '@opentelemetry/instrumentation-generic-pool': [ '0.38.1' ],
1775 silly audit   '@opentelemetry/instrumentation-graphql': [ '0.42.0' ],
1775 silly audit   '@opentelemetry/instrumentation-grpc': [ '0.52.1' ],
1775 silly audit   '@opentelemetry/instrumentation-hapi': [ '0.40.0' ],
1775 silly audit   '@opentelemetry/instrumentation-http': [ '0.52.1' ],
1775 silly audit   '@opentelemetry/instrumentation-ioredis': [ '0.42.0' ],
1775 silly audit   '@opentelemetry/instrumentation-kafkajs': [ '0.2.0' ],
1775 silly audit   '@opentelemetry/instrumentation-knex': [ '0.39.0' ],
1775 silly audit   '@opentelemetry/instrumentation-koa': [ '0.42.0' ],
1775 silly audit   '@opentelemetry/instrumentation-lru-memoizer': [ '0.39.0' ],
1775 silly audit   '@opentelemetry/instrumentation-memcached': [ '0.38.0' ],
1775 silly audit   '@opentelemetry/instrumentation-mongodb': [ '0.46.0' ],
1775 silly audit   '@opentelemetry/instrumentation-mongoose': [ '0.41.0' ],
1775 silly audit   '@opentelemetry/instrumentation-mysql': [ '0.40.0' ],
1775 silly audit   '@opentelemetry/instrumentation-mysql2': [ '0.40.0' ],
1775 silly audit   '@opentelemetry/instrumentation-nestjs-core': [ '0.39.0' ],
1775 silly audit   '@opentelemetry/instrumentation-net': [ '0.38.0' ],
1775 silly audit   '@opentelemetry/instrumentation-pg': [ '0.43.0' ],
1775 silly audit   '@opentelemetry/instrumentation-pino': [ '0.41.0' ],
1775 silly audit   '@opentelemetry/instrumentation-redis': [ '0.41.0' ],
1775 silly audit   '@opentelemetry/instrumentation-redis-4': [ '0.41.1' ],
1775 silly audit   '@opentelemetry/instrumentation-restify': [ '0.40.0' ],
1775 silly audit   '@opentelemetry/instrumentation-router': [ '0.39.0' ],
1775 silly audit   '@opentelemetry/instrumentation-socket.io': [ '0.41.0' ],
1775 silly audit   '@opentelemetry/instrumentation-tedious': [ '0.13.0' ],
1775 silly audit   '@opentelemetry/instrumentation-undici': [ '0.5.0' ],
1775 silly audit   '@opentelemetry/instrumentation-winston': [ '0.39.0' ],
1775 silly audit   '@opentelemetry/otlp-exporter-base': [ '0.52.1' ],
1775 silly audit   '@opentelemetry/otlp-grpc-exporter-base': [ '0.52.1' ],
1775 silly audit   '@opentelemetry/otlp-transformer': [ '0.52.1' ],
1775 silly audit   '@opentelemetry/propagation-utils': [ '0.30.16' ],
1775 silly audit   '@opentelemetry/propagator-aws-xray': [ '1.26.2' ],
1775 silly audit   '@opentelemetry/propagator-b3': [ '1.25.1' ],
1775 silly audit   '@opentelemetry/propagator-jaeger': [ '1.25.1' ],
1775 silly audit   '@opentelemetry/redis-common': [ '0.36.2' ],
1775 silly audit   '@opentelemetry/resource-detector-alibaba-cloud': [ '0.29.7' ],
1775 silly audit   '@opentelemetry/resource-detector-aws': [ '1.12.0' ],
1775 silly audit   '@opentelemetry/resource-detector-azure': [ '0.2.12' ],
1775 silly audit   '@opentelemetry/resource-detector-container': [ '0.4.4' ],
1775 silly audit   '@opentelemetry/resource-detector-gcp': [ '0.29.13' ],
1775 silly audit   '@opentelemetry/sdk-logs': [ '0.52.1' ],
1775 silly audit   '@opentelemetry/sdk-metrics': [ '1.25.1' ],
1775 silly audit   '@opentelemetry/sdk-node': [ '0.52.1' ],
1775 silly audit   '@opentelemetry/sdk-trace-node': [ '1.25.1' ],
1775 silly audit   '@opentelemetry/sql-common': [ '0.40.1' ],
1775 silly audit   '@pkgjs/parseargs': [ '0.11.0' ],
1775 silly audit   '@protobufjs/aspromise': [ '1.1.2' ],
1775 silly audit   '@protobufjs/base64': [ '1.1.2' ],
1775 silly audit   '@protobufjs/codegen': [ '2.0.4' ],
1775 silly audit   '@protobufjs/eventemitter': [ '1.1.0' ],
1775 silly audit   '@protobufjs/fetch': [ '1.1.0' ],
1775 silly audit   '@protobufjs/float': [ '1.0.2' ],
1775 silly audit   '@protobufjs/inquire': [ '1.1.0' ],
1775 silly audit   '@protobufjs/path': [ '1.1.2' ],
1775 silly audit   '@protobufjs/pool': [ '1.1.0' ],
1775 silly audit   '@protobufjs/utf8': [ '1.1.0' ],
1775 silly audit   '@radix-ui/number': [ '1.1.0' ],
1775 silly audit   '@radix-ui/primitive': [ '1.1.1', '1.1.2', '1.1.3' ],
1775 silly audit   '@radix-ui/react-accordion': [ '1.2.3' ],
1775 silly audit   '@radix-ui/react-collapsible': [ '1.1.3', '1.1.11' ],
1775 silly audit   '@radix-ui/react-alert-dialog': [ '1.1.6' ],
1775 silly audit   '@radix-ui/react-dialog': [ '1.1.6', '1.1.15' ],
1775 silly audit   '@radix-ui/react-dismissable-layer': [ '1.1.5', '1.1.11' ],
1775 silly audit   '@radix-ui/react-focus-scope': [ '1.1.2', '1.1.7' ],
1775 silly audit   '@radix-ui/react-portal': [ '1.1.4', '1.1.9' ],
1775 silly audit   '@radix-ui/react-slot': [ '1.1.2', '1.2.3' ],
1775 silly audit   '@radix-ui/react-use-escape-keydown': [ '1.1.0', '1.1.1' ],
1775 silly audit   '@radix-ui/react-arrow': [ '1.1.2' ],
1775 silly audit   '@radix-ui/react-avatar': [ '1.1.3' ],
1775 silly audit   '@radix-ui/react-checkbox': [ '1.1.4' ],
1775 silly audit   '@radix-ui/react-compose-refs': [ '1.1.2', '1.1.1' ],
1775 silly audit   '@radix-ui/react-context': [ '1.1.2', '1.1.1' ],
1775 silly audit   '@radix-ui/react-id': [ '1.1.1', '1.1.0' ],
1775 silly audit   '@radix-ui/react-presence': [ '1.1.4', '1.1.5', '1.1.2' ],
1775 silly audit   '@radix-ui/react-primitive': [ '2.1.3', '2.0.2' ],
1775 silly audit   '@radix-ui/react-use-controllable-state': [ '1.2.2', '1.1.0' ],
1775 silly audit   '@radix-ui/react-use-layout-effect': [ '1.1.1', '1.1.0' ],
1775 silly audit   '@radix-ui/react-collection': [ '1.1.2' ],
1775 silly audit   '@radix-ui/react-focus-guards': [ '1.1.3', '1.1.1' ],
1775 silly audit   '@radix-ui/react-direction': [ '1.1.0' ],
1775 silly audit   '@radix-ui/react-use-callback-ref': [ '1.1.1', '1.1.0' ],
1775 silly audit   '@radix-ui/react-dropdown-menu': [ '2.1.6' ],
1775 silly audit   '@radix-ui/react-label': [ '2.1.2' ],
1775 silly audit   '@radix-ui/react-menu': [ '2.1.6' ],
1775 silly audit   '@radix-ui/react-menubar': [ '1.1.6' ],
1775 silly audit   '@radix-ui/react-popover': [ '1.1.6' ],
1775 silly audit   '@radix-ui/react-popper': [ '1.2.2' ],
1775 silly audit   '@radix-ui/react-progress': [ '1.1.2' ],
1775 silly audit   '@radix-ui/react-radio-group': [ '1.2.3' ],
1775 silly audit   '@radix-ui/react-roving-focus': [ '1.1.2' ],
1775 silly audit   '@radix-ui/react-scroll-area': [ '1.2.3' ],
1775 silly audit   '@radix-ui/react-select': [ '2.1.6' ],
1775 silly audit   '@radix-ui/react-separator': [ '1.1.2' ],
1775 silly audit   '@radix-ui/react-slider': [ '1.2.3' ],
1775 silly audit   '@radix-ui/react-switch': [ '1.1.3' ],
1775 silly audit   '@radix-ui/react-tabs': [ '1.1.3' ],
1775 silly audit   '@radix-ui/react-toast': [ '1.2.6' ],
1775 silly audit   '@radix-ui/react-tooltip': [ '1.1.8' ],
1775 silly audit   '@radix-ui/react-use-effect-event': [ '0.0.2' ],
1775 silly audit   '@radix-ui/react-use-previous': [ '1.1.0' ],
1775 silly audit   '@radix-ui/react-use-rect': [ '1.1.0' ],
1775 silly audit   '@radix-ui/react-use-size': [ '1.1.0' ],
1775 silly audit   '@radix-ui/react-visually-hidden': [ '1.1.2' ],
1775 silly audit   '@radix-ui/rect': [ '1.1.0' ],
1775 silly audit   '@so-ric/colorspace': [ '1.1.6' ],
1775 silly audit   '@standard-schema/utils': [ '0.3.0' ],
1775 silly audit   '@swc/helpers': [ '0.5.15' ],
1775 silly audit   '@tootallnate/once': [ '2.0.0' ],
1775 silly audit   '@trpc/server': [ '10.45.4' ],
1775 silly audit   '@types/aws-lambda': [ '8.10.122' ],
1775 silly audit   '@types/bunyan': [ '1.8.9' ],
1775 silly audit   '@types/caseless': [ '0.12.5' ],
1775 silly audit   '@types/connect': [ '3.4.36' ],
1775 silly audit   '@types/d3-array': [ '3.2.1' ],
1775 silly audit   '@types/d3-color': [ '3.1.3' ],
1775 silly audit   '@types/d3-ease': [ '3.0.2' ],
1775 silly audit   '@types/d3-interpolate': [ '3.0.4' ],
1775 silly audit   '@types/d3-path': [ '3.1.1' ],
1775 silly audit   '@types/d3-scale': [ '4.0.9' ],
1775 silly audit   '@types/d3-shape': [ '3.1.7' ],
1775 silly audit   '@types/d3-time': [ '3.0.4' ],
1775 silly audit   '@types/d3-timer': [ '3.0.2' ],
1775 silly audit   '@types/json-schema': [ '7.0.15' ],
1775 silly audit   '@types/jsonwebtoken': [ '9.0.10' ],
1775 silly audit   '@types/long': [ '4.0.2' ],
1775 silly audit   '@types/memcached': [ '2.2.10' ],
1775 silly audit   '@types/ms': [ '2.1.0' ],
1775 silly audit   '@types/mysql': [ '2.15.22' ],
1775 silly audit   '@types/node': [ '20.17.17', '22.19.7' ],
1775 silly audit   '@types/pg': [ '8.6.1' ],
1775 silly audit   '@types/pg-pool': [ '2.0.4' ],
1775 silly audit   '@types/raf': [ '3.4.3' ],
1775 silly audit   '@types/react': [ '19.2.7' ],
1775 silly audit   '@types/react-dom': [ '19.2.3' ],
1775 silly audit   '@types/request': [ '2.48.13' ],
1775 silly audit   'form-data': [ '2.5.5', '4.0.5' ],
1775 silly audit   '@types/shimmer': [ '1.2.0' ],
1775 silly audit   '@types/tedious': [ '4.0.14' ],
1775 silly audit   '@types/tough-cookie': [ '4.0.5' ],
1775 silly audit   '@types/triple-beam': [ '1.3.5' ],
1775 silly audit   '@types/yauzl': [ '2.10.3' ],
1775 silly audit   '@yarnpkg/lockfile': [ '1.1.0' ],
1775 silly audit   'abort-controller': [ '3.0.0' ],
1775 silly audit   acorn: [ '8.15.0' ],
1775 silly audit   'acorn-import-attributes': [ '1.9.5' ],
1775 silly audit   'adm-zip': [ '0.5.16' ],
1775 silly audit   'ajv-formats': [ '3.0.1', '2.1.1' ],
1775 silly audit   'ansi-color': [ '0.2.2' ],
1775 silly audit   'any-promise': [ '1.3.0' ],
1775 silly audit   anymatch: [ '3.1.3' ],
1775 silly audit   arg: [ '5.0.2' ],
1775 silly audit   argparse: [ '2.0.1' ],
1775 silly audit   'aria-hidden': [ '1.2.4' ],
1775 silly audit   'array-flatten': [ '1.1.1' ],
1775 silly audit   arrify: [ '2.0.1' ],
1775 silly audit   async: [ '3.2.6' ],
1775 silly audit   'async-mutex': [ '0.5.0' ],
1775 silly audit   'async-retry': [ '1.3.3' ],
1775 silly audit   asynckit: [ '0.4.0' ],
1775 silly audit   'at-least-node': [ '1.0.0' ],
1775 silly audit   atob: [ '2.1.2' ],
1775 silly audit   axios: [ '1.13.3' ],
1775 silly audit   'balanced-match': [ '1.0.2' ],
1775 silly audit   'base64-arraybuffer': [ '1.0.2' ],
1775 silly audit   'base64-js': [ '1.5.1' ],
1775 silly audit   'bignumber.js': [ '9.1.2' ],
1775 silly audit   'binary-extensions': [ '2.3.0' ],
1775 silly audit   bl: [ '4.1.0' ],
1775 silly audit   'brace-expansion': [ '2.0.1', '1.1.11', '1.1.18' ],
1775 silly audit   braces: [ '3.0.3' ],
1775 silly audit   btoa: [ '1.2.1' ],
1775 silly audit   buffer: [ '5.7.1' ],
1775 silly audit   'buffer-crc32': [ '0.2.13' ],
1775 silly audit   'buffer-equal-constant-time': [ '1.0.1' ],
1775 silly audit   bufrw: [ '1.4.0' ],
1775 silly audit   bytes: [ '3.1.2' ],
1775 silly audit   'camelcase-css': [ '2.0.1' ],
1775 silly audit   canvg: [ '3.0.11' ],
1775 silly audit   chalk: [ '4.1.2' ],
1775 silly audit   chardet: [ '2.1.1' ],
1775 silly audit   chokidar: [ '3.6.0' ],
1775 silly audit   'glob-parent': [ '5.1.2', '6.0.2' ],
1775 silly audit   'ci-info': [ '3.9.0' ],
1775 silly audit   'cjs-module-lexer': [ '1.4.3' ],
1775 silly audit   'class-variance-authority': [ '0.7.1' ],
1775 silly audit   'cli-cursor': [ '3.1.0' ],
1775 silly audit   'cli-spinners': [ '2.9.2' ],
1775 silly audit   'cli-width': [ '4.1.0' ],
1775 silly audit   'client-only': [ '0.0.1' ],
1775 silly audit   cliui: [ '8.0.1' ],
1775 silly audit   clone: [ '1.0.4' ],
1775 silly audit   clsx: [ '2.1.1' ],
1775 silly audit   color: [ '5.0.3' ],
1775 silly audit   'color-convert': [ '2.0.1', '3.1.3' ],
1775 silly audit   'color-name': [ '1.1.4', '2.1.0' ],
1775 silly audit   'color-string': [ '2.1.4' ],
1775 silly audit   colorette: [ '2.0.20' ],
1775 silly audit   'combined-stream': [ '1.0.8' ],
1775 silly audit   'concat-map': [ '0.0.1' ],
1775 silly audit   configstore: [ '5.0.1' ],
1775 silly audit   'dot-prop': [ '5.3.0', '6.0.1' ],
1775 silly audit   'content-type': [ '1.0.5' ],
1775 silly audit   cookie: [ '0.7.1' ],
1775 silly audit   'core-js': [ '3.50.0' ],
1775 silly audit   cors: [ '2.8.5' ],
1775 silly audit   'cross-spawn': [ '7.0.6' ],
1775 silly audit   'crypto-random-string': [ '2.0.0' ],
1775 silly audit   'css-line-break': [ '2.1.0' ],
1775 silly audit   cssesc: [ '3.0.0' ],
1775 silly audit   csstype: [ '3.2.3' ],
1775 silly audit   'd3-array': [ '3.2.4' ],
1775 silly audit   'd3-color': [ '3.1.0' ],
1775 silly audit   'd3-ease': [ '3.0.1' ],
1775 silly audit   'd3-format': [ '3.1.0' ],
1775 silly audit   'd3-interpolate': [ '3.0.1' ],
1775 silly audit   'd3-path': [ '3.1.0' ],
1775 silly audit   'd3-scale': [ '4.0.2' ],
1775 silly audit   'd3-shape': [ '3.2.0' ],
1775 silly audit   'd3-time': [ '3.1.0' ],
1775 silly audit   'd3-time-format': [ '4.1.0' ],
1775 silly audit   'd3-timer': [ '3.0.1' ],
1775 silly audit   'data-uri-to-buffer': [ '4.0.1' ],
1775 silly audit   'date-fns': [ '3.6.0', '4.1.0' ],
1775 silly audit   'date-fns-jalali': [ '4.1.0-0' ],
1775 silly audit   'decimal.js-light': [ '2.5.1' ],
1775 silly audit   deeks: [ '3.1.0' ],
1775 silly audit   defaults: [ '1.0.4' ],
1775 silly audit   'define-data-property': [ '1.1.4' ],
1775 silly audit   'delayed-stream': [ '1.0.0' ],
1775 silly audit   depd: [ '2.0.0' ],
1775 silly audit   destroy: [ '1.2.0' ],
1775 silly audit   'detect-libc': [ '2.1.2' ],
1775 silly audit   'detect-node-es': [ '1.1.0' ],
1775 silly audit   didyoumean: [ '1.2.2' ],
1775 silly audit   dlv: [ '1.1.3' ],
1775 silly audit   'doc-path': [ '4.1.1' ],
1775 silly audit   'dom-helpers': [ '5.2.1' ],
1775 silly audit   dompurify: [ '2.5.9' ],
1775 silly audit   dotenv: [ '16.5.0' ],
1775 silly audit   dotprompt: [ '1.1.2' ],
1775 silly audit   'dunder-proto': [ '1.0.1' ],
1775 silly audit   duplexer: [ '0.1.2' ],
1775 silly audit   duplexify: [ '4.1.3' ],
1775 silly audit   eastasianwidth: [ '0.2.0' ],
1775 silly audit   'ecdsa-sig-formatter': [ '1.0.11' ],
1775 silly audit   'ee-first': [ '1.1.1' ],
1775 silly audit   'embla-carousel': [ '8.6.0' ],
1775 silly audit   'embla-carousel-react': [ '8.6.0' ],
1775 silly audit   'embla-carousel-reactive-utils': [ '8.6.0' ],
1775 silly audit   enabled: [ '2.0.0' ],
1775 silly audit   encodeurl: [ '2.0.0', '1.0.2' ],
1775 silly audit   'end-of-stream': [ '1.4.4' ],
1775 silly audit   error: [ '7.0.2' ],
1775 silly audit   'es-define-property': [ '1.0.1' ],
1775 silly audit   'es-errors': [ '1.3.0' ],
1775 silly audit   'es-set-tostringtag': [ '2.1.0' ],
1775 silly audit   esbuild: [ '0.27.2' ],
1775 silly audit   escalade: [ '3.2.0' ],
1775 silly audit   'escape-html': [ '1.0.3' ],
1775 silly audit   etag: [ '1.8.1' ],
1775 silly audit   'event-stream': [ '3.3.4' ],
1775 silly audit   'event-target-shim': [ '5.0.1' ],
1775 silly audit   eventemitter3: [ '4.0.7' ],
1775 silly audit   eventid: [ '2.0.1' ],
1775 silly audit   eventsource: [ '3.0.7' ],
1775 silly audit   'eventsource-parser': [ '3.0.6' ],
1775 silly audit   'express-rate-limit': [ '7.5.1' ],
1775 silly audit   extend: [ '3.0.2' ],
1775 silly audit   'extract-zip': [ '2.0.1' ],
1775 silly audit   'farmhash-modern': [ '1.1.0' ],
1775 silly audit   'fast-deep-equal': [ '3.1.3' ],
1775 silly audit   'fast-equals': [ '5.3.3' ],
1775 silly audit   'fast-glob': [ '3.3.3' ],
1775 silly audit   'fast-json-stable-stringify': [ '2.1.0' ],
1775 silly audit   'fast-uri': [ '3.1.0' ],
1775 silly audit   'fast-xml-parser': [ '4.5.3' ],
1775 silly audit   fastq: [ '1.19.0' ],
1775 silly audit   'faye-websocket': [ '0.11.4' ],
1775 silly audit   'fd-slicer': [ '1.1.0' ],
1775 silly audit   fecha: [ '4.2.3' ],
1775 silly audit   'fetch-blob': [ '3.2.0' ],
1775 silly audit   fflate: [ '0.8.3' ],
1775 silly audit   'fill-range': [ '7.1.1' ],
1775 silly audit   'find-yarn-workspace-root': [ '2.0.0' ],
1775 silly audit   firebase: [ '11.9.1' ],
1775 silly audit   'firebase-admin': [ '12.7.0' ],
1775 silly audit   'undici-types': [ '6.21.0', '6.19.8' ],
1775 silly audit   'fn.name': [ '1.1.0' ],
1775 silly audit   'follow-redirects': [ '1.15.11' ],
1775 silly audit   'foreground-child': [ '3.3.0' ],
1775 silly audit   'formdata-polyfill': [ '4.0.10' ],
1775 silly audit   forwarded: [ '0.2.0' ],
1775 silly audit   from: [ '0.1.7' ],
1775 silly audit   'fs-extra': [ '9.1.0' ],
1775 silly audit   'fs.realpath': [ '1.0.0' ],
1775 silly audit   fsevents: [ '2.3.3' ],
1775 silly audit   'function-bind': [ '1.1.2' ],
1775 silly audit   'functional-red-black-tree': [ '1.0.1' ],
1775 silly audit   'node-fetch': [ '2.7.0', '3.3.2' ],
1775 silly audit   genkit: [ '1.28.0' ],
1775 silly audit   'genkit-cli': [ '1.28.0' ],
1775 silly audit   'get-caller-file': [ '2.0.5' ],
1775 silly audit   'get-nonce': [ '1.0.1' ],
1775 silly audit   'get-port': [ '5.1.1' ],
1775 silly audit   'get-proto': [ '1.0.1' ],
1775 silly audit   'get-stream': [ '5.2.0' ],
1775 silly audit   'get-tsconfig': [ '4.13.0' ],
1775 silly audit   glob: [ '10.4.5', '7.2.3' ],
1775 silly audit   googleapis: [ '137.1.0' ],
1775 silly audit   'googleapis-common': [ '7.2.0' ],
1775 silly audit   gopd: [ '1.2.0' ],
1775 silly audit   'graceful-fs': [ '4.2.11' ],
1775 silly audit   handlebars: [ '4.7.8' ],
1775 silly audit   'has-flag': [ '4.0.0' ],
1775 silly audit   'has-property-descriptors': [ '1.0.2' ],
1775 silly audit   'has-symbols': [ '1.1.0' ],
1775 silly audit   'has-tostringtag': [ '1.0.2' ],
1775 silly audit   hexer: [ '1.5.0' ],
1775 silly audit   'html-entities': [ '2.6.0' ],
1775 silly audit   html2canvas: [ '1.4.1' ],
1775 silly audit   'http-errors': [ '2.0.0' ],
1775 silly audit   'http-parser-js': [ '0.5.10' ],
1775 silly audit   'http-proxy-agent': [ '5.0.0' ],
1775 silly audit   idb: [ '7.1.1' ],
1775 silly audit   ieee754: [ '1.2.1' ],
1775 silly audit   'import-in-the-middle': [ '1.15.0' ],
1775 silly audit   imurmurhash: [ '0.1.4' ],
1775 silly audit   inflight: [ '1.0.6' ],
1775 silly audit   inherits: [ '2.0.4' ],
1775 silly audit   internmap: [ '2.0.3' ],
1775 silly audit   'ipaddr.js': [ '1.9.1' ],
1775 silly audit   'is-binary-path': [ '2.1.0' ],
1775 silly audit   'is-core-module': [ '2.16.1' ],
1775 silly audit   'is-docker': [ '2.2.1' ],
1775 silly audit   'is-extglob': [ '2.1.1' ],
1775 silly audit   'is-fullwidth-code-point': [ '3.0.0' ],
1775 silly audit   'is-glob': [ '4.0.3' ],
1775 silly audit   'is-interactive': [ '1.0.0' ],
1775 silly audit   'is-number': [ '7.0.0' ],
1775 silly audit   'is-obj': [ '2.0.0', '1.0.1' ],
1775 silly audit   'is-promise': [ '4.0.0' ],
1775 silly audit   'is-stream': [ '2.0.1' ],
1775 silly audit   'is-typedarray': [ '1.0.0' ],
1775 silly audit   'is-unicode-supported': [ '0.1.0' ],
1775 silly audit   'is-wsl': [ '1.1.0', '2.2.0' ],
1775 silly audit   isarray: [ '2.0.5' ],
1775 silly audit   isexe: [ '2.0.0' ],
1775 silly audit   jackspeak: [ '3.4.3' ],
1775 silly audit   'jaeger-client': [ '3.19.0' ],
1775 silly audit   jiti: [ '1.21.7' ],
1775 silly audit   jose: [ '4.15.9' ],
1775 silly audit   'js-tokens': [ '4.0.0' ],
1775 silly audit   'js-yaml': [ '4.1.1' ],
1775 silly audit   jsep: [ '1.4.0' ],
1775 silly audit   'json-2-csv': [ '5.5.10' ],
1775 silly audit   'json-bigint': [ '1.0.0' ],
1775 silly audit   'json-schema': [ '0.4.0' ],
1775 silly audit   'json-stable-stringify': [ '1.2.1' ],
1775 silly audit   json5: [ '2.2.3' ],
1775 silly audit   jsonfile: [ '6.1.0' ],
1775 silly audit   jsonify: [ '0.0.1' ],
1775 silly audit   'jsonpath-plus': [ '10.3.0' ],
1775 silly audit   jsonwebtoken: [ '9.0.3' ],
1775 silly audit   jspdf: [ '2.5.2' ],
1775 silly audit   jwa: [ '2.0.1' ],
1775 silly audit   'jwks-rsa': [ '3.2.2' ],
1775 silly audit   jws: [ '4.0.1' ],
1775 silly audit   'klaw-sync': [ '6.0.0' ],
1775 silly audit   kuler: [ '2.0.0' ],
1775 silly audit   lilconfig: [ '3.1.3' ],
1775 silly audit   limiter: [ '1.1.5' ],
1775 silly audit   'lines-and-columns': [ '1.2.4' ],
1775 silly audit   lockfile: [ '1.0.4' ],
1775 silly audit   'signal-exit': [ '3.0.7', '4.1.0' ],
1775 silly audit   lodash: [ '4.17.21' ],
1775 silly audit   'lodash.camelcase': [ '4.3.0' ],
1775 silly audit   'lodash.clonedeep': [ '4.5.0' ],
1775 silly audit   'lodash.includes': [ '4.3.0' ],
1775 silly audit   'lodash.isboolean': [ '3.0.3' ],
1775 silly audit   'lodash.isinteger': [ '4.0.4' ],
1775 silly audit   'lodash.isnumber': [ '3.0.3' ],
1775 silly audit   'lodash.isplainobject': [ '4.0.6' ],
1775 silly audit   'lodash.isstring': [ '4.0.1' ],
1775 silly audit   'lodash.mapvalues': [ '4.6.0' ],
1775 silly audit   'lodash.merge': [ '4.6.2' ],
1775 silly audit   'lodash.once': [ '4.1.1' ],
1775 silly audit   'log-symbols': [ '4.1.0' ],
1775 silly audit   logform: [ '2.7.0' ],
1775 silly audit   long: [ '5.3.0', '2.4.0' ],
1775 silly audit   'loose-envify': [ '1.4.0' ],
1775 silly audit   'lru-cache': [ '10.4.3', '6.0.0', '5.1.1' ],
1775 silly audit   'lru-memoizer': [ '2.3.0' ],
1775 silly audit   'lucide-react': [ '0.475.0' ],
1775 silly audit   'make-dir': [ '3.1.0' ],
1775 silly audit   semver: [ '6.3.1', '7.7.3' ],
1775 silly audit   'map-stream': [ '0.1.0' ],
1775 silly audit   'math-intrinsics': [ '1.1.0' ],
1775 silly audit   merge2: [ '1.4.1' ],
1775 silly audit   methods: [ '1.1.2' ],
1775 silly audit   micromatch: [ '4.0.8' ],
1775 silly audit   mime: [ '3.0.0', '1.6.0' ],
1775 silly audit   'mimic-fn': [ '2.1.0' ],
1775 silly audit   minimatch: [ '9.0.5', '3.1.2', '5.1.9', '3.1.5' ],
1775 silly audit   minimist: [ '1.2.8' ],
1775 silly audit   minipass: [ '7.1.2' ],
1775 silly audit   'module-details-from-path': [ '1.0.4' ],
1775 silly audit   'mute-stream': [ '2.0.0' ],
1775 silly audit   mz: [ '2.7.0' ],
1775 silly audit   nanoid: [ '3.3.8' ],
1775 silly audit   'neo-async': [ '2.6.2' ],
1775 silly audit   next: [ '15.5.9' ],
1775 silly audit   postcss: [ '8.4.31', '8.5.2' ],
1775 silly audit   'node-domexception': [ '1.0.0' ],
1775 silly audit   'node-forge': [ '1.3.3' ],
1775 silly audit   'node-int64': [ '0.4.0' ],
1775 silly audit   'normalize-path': [ '3.0.0' ],
1775 silly audit   'object-assign': [ '4.1.1' ],
1775 silly audit   'object-hash': [ '3.0.0' ],
1775 silly audit   'object-inspect': [ '1.13.4' ],
1775 silly audit   'object-keys': [ '1.1.1' ],
1775 silly audit   'on-finished': [ '2.4.1' ],
1775 silly audit   once: [ '1.4.0' ],
1775 silly audit   'one-time': [ '1.0.0' ],
1775 silly audit   onetime: [ '5.1.2' ],
1775 silly audit   open: [ '6.4.0', '7.4.2' ],
1775 silly audit   'openapi3-ts': [ '4.5.0' ],
1775 silly audit   opentracing: [ '0.14.7' ],
1775 silly audit   ora: [ '5.4.1' ],
1775 silly audit   'os-tmpdir': [ '1.0.2' ],
1775 silly audit   'p-limit': [ '3.1.0', '2.3.0' ],
1775 silly audit   'package-json-from-dist': [ '1.0.1' ],
1775 silly audit   parseurl: [ '1.3.3' ],
1775 silly audit   'partial-json': [ '0.1.7' ],
1775 silly audit   'patch-package': [ '8.0.0' ],
1775 silly audit   'path-is-absolute': [ '1.0.1' ],
1775 silly audit   'path-key': [ '3.1.1' ],
1775 silly audit   'path-parse': [ '1.0.7' ],
1775 silly audit   'path-scurry': [ '1.11.1' ],
1775 silly audit   'path-to-regexp': [ '0.1.12', '8.3.0' ],
1775 silly audit   'pause-stream': [ '0.0.11' ],
1775 silly audit   pend: [ '1.2.0' ],
1775 silly audit   'performance-now': [ '2.1.0' ],
1775 silly audit   'pg-int8': [ '1.0.1' ],
1775 silly audit   'pg-protocol': [ '1.11.0' ],
1775 silly audit   'pg-types': [ '2.2.0' ],
1775 silly audit   picocolors: [ '1.1.1' ],
1775 silly audit   picomatch: [ '2.3.1' ],
1775 silly audit   pify: [ '2.3.0', '4.0.1' ],
1775 silly audit   pirates: [ '4.0.6' ],
1775 silly audit   'pkce-challenge': [ '5.0.0' ],
1775 silly audit   'postcss-import': [ '15.1.0' ],
1775 silly audit   'postcss-js': [ '4.0.1' ],
1775 silly audit   'postcss-load-config': [ '4.0.2' ],
1775 silly audit   'postcss-nested': [ '6.2.0' ],
1775 silly audit   'postcss-selector-parser': [ '6.1.2' ],
1775 silly audit   'postcss-value-parser': [ '4.2.0' ],
1775 silly audit   'postgres-array': [ '2.0.0' ],
1775 silly audit   'postgres-bytea': [ '1.0.1' ],
1775 silly audit   'postgres-date': [ '1.0.7' ],
1775 silly audit   'postgres-interval': [ '1.2.0' ],
1775 silly audit   process: [ '0.10.1' ],
1775 silly audit   'prop-types': [ '15.8.1' ],
1775 silly audit   'react-is': [ '16.13.1', '18.3.1' ],
1775 silly audit   protobufjs: [ '7.5.4' ],
1775 silly audit   'proxy-addr': [ '2.0.7' ],
1775 silly audit   'proxy-from-env': [ '1.1.0' ],
1775 silly audit   'ps-tree': [ '1.2.0' ],
1775 silly audit   pump: [ '3.0.2' ],
1775 silly audit   pumpify: [ '2.0.1' ],
1775 silly audit   punycode: [ '2.3.1' ],
1775 silly audit   'queue-microtask': [ '1.2.3' ],
1775 silly audit   raf: [ '3.4.1' ],
1775 silly audit   'range-parser': [ '1.2.1' ],
1775 silly audit   razorpay: [ '2.9.6' ],
1775 silly audit   react: [ '19.2.1' ],
1775 silly audit   'react-day-picker': [ '9.11.3' ],
1775 silly audit   'react-dom': [ '19.2.1' ],
1775 silly audit   'react-hook-form': [ '7.54.2' ],
1775 silly audit   'react-remove-scroll': [ '2.6.3' ],
1775 silly audit   'react-remove-scroll-bar': [ '2.3.8' ],
1775 silly audit   'react-smooth': [ '4.0.4' ],
1775 silly audit   'react-style-singleton': [ '2.2.3' ],
1775 silly audit   'react-transition-group': [ '4.4.5' ],
1775 silly audit   'read-cache': [ '1.0.0' ],
1775 silly audit   'readable-stream': [ '3.6.2' ],
1775 silly audit   readdirp: [ '3.6.0' ],
1775 silly audit   recharts: [ '2.15.1' ],
1775 silly audit   'recharts-scale': [ '0.4.5' ],
1775 silly audit   'regenerator-runtime': [ '0.13.11' ],
1775 silly audit   'require-directory': [ '2.1.1' ],
1775 silly audit   'require-from-string': [ '2.0.2' ],
1775 silly audit   'require-in-the-middle': [ '7.5.2' ],
1775 silly audit   'resolve-pkg-maps': [ '1.0.0' ],
1775 silly audit   'restore-cursor': [ '3.1.0' ],
1775 silly audit   retry: [ '0.13.1' ],
1775 silly audit   reusify: [ '1.0.4' ],
1775 silly audit   rgbcolor: [ '1.0.1' ],
1775 silly audit   router: [ '2.2.0' ],
1775 silly audit   'run-parallel': [ '1.2.0' ],
1775 silly audit   'safe-buffer': [ '5.2.1' ],
1775 silly audit   'safe-stable-stringify': [ '2.5.0' ],
1775 silly audit   'safer-buffer': [ '2.1.2' ],
1775 silly audit   scheduler: [ '0.27.0' ],
1775 silly audit   'set-function-length': [ '1.2.2' ],
1775 silly audit   setprototypeof: [ '1.2.0' ],
1775 silly audit   sharp: [ '0.34.5' ],
1775 silly audit   'shebang-command': [ '2.0.0' ],
1775 silly audit   'shebang-regex': [ '3.0.0' ],
1775 silly audit   shimmer: [ '1.2.1' ],
1775 silly audit   'side-channel-map': [ '1.0.1' ],
1775 silly audit   'side-channel-weakmap': [ '1.0.2' ],
1775 silly audit   slash: [ '2.0.0', '3.0.0' ],
1775 silly audit   'source-map': [ '0.6.1', '0.8.0' ],
1775 silly audit   'source-map-js': [ '1.2.1' ],
1775 silly audit   split: [ '0.3.3' ],
1775 silly audit   'stack-trace': [ '0.0.10' ],
1775 silly audit   'stackblur-canvas': [ '2.7.0' ],
1775 silly audit   statuses: [ '2.0.1' ],
1775 silly audit   'stream-combiner': [ '0.0.4' ],
1775 silly audit   'stream-events': [ '1.0.5' ],
1775 silly audit   'stream-shift': [ '1.0.3' ],
1775 silly audit   string_decoder: [ '1.3.0' ],
1775 silly audit   'string-template': [ '0.2.1' ],
1775 silly audit   strnum: [ '1.1.2' ],
1775 silly audit   stubs: [ '3.0.0' ],
1775 silly audit   'styled-jsx': [ '5.1.6' ],
1775 silly audit   sucrase: [ '3.35.0' ],
1775 silly audit   'supports-color': [ '7.2.0', '8.1.1' ],
1775 silly audit   'supports-preserve-symlinks-flag': [ '1.0.0' ],
1775 silly audit   'svg-pathdata': [ '6.0.3' ],
1775 silly audit   'tailwind-merge': [ '3.0.1' ],
1775 silly audit   tailwindcss: [ '3.4.17' ],
1775 silly audit   'tailwindcss-animate': [ '1.0.7' ],
1775 silly audit   terminate: [ '2.8.0' ],
1775 silly audit   'text-hex': [ '1.0.0' ],
1775 silly audit   'text-segmentation': [ '1.0.3' ],
1775 silly audit   thenify: [ '3.3.1' ],
1775 silly audit   'thenify-all': [ '1.6.0' ],
1775 silly audit   thriftrw: [ '3.11.4' ],
1775 silly audit   through: [ '2.3.8' ],
1775 silly audit   'tiny-invariant': [ '1.3.3' ],
1775 silly audit   tmp: [ '0.0.33' ],
1775 silly audit   'to-regex-range': [ '5.0.1' ],
1775 silly audit   toidentifier: [ '1.0.1' ],
1775 silly audit   tr46: [ '0.0.3' ],
1775 silly audit   'triple-beam': [ '1.4.1' ],
1775 silly audit   'ts-interface-checker': [ '0.1.13' ],
1775 silly audit   tslib: [ '2.8.1' ],
1775 silly audit   tsx: [ '4.21.0' ],
1775 silly audit   'typedarray-to-buffer': [ '3.1.5' ],
1775 silly audit   typescript: [ '5.7.3' ],
1775 silly audit   'uglify-js': [ '3.19.3' ],
1775 silly audit   'unique-string': [ '2.0.0' ],
1775 silly audit   universalify: [ '2.0.1' ],
1775 silly audit   unpipe: [ '1.0.0' ],
1775 silly audit   'uri-js': [ '4.4.1' ],
1775 silly audit   'uri-templates': [ '0.2.0' ],
1775 silly audit   'url-template': [ '2.0.8' ],
1775 silly audit   'use-callback-ref': [ '1.3.3' ],
1775 silly audit   'use-sidecar': [ '1.1.3' ],
1775 silly audit   'util-deprecate': [ '1.0.2' ],
1775 silly audit   'utils-merge': [ '1.0.1' ],
1775 silly audit   utrie: [ '1.0.2' ],
1775 silly audit   vary: [ '1.1.2' ],
1775 silly audit   'victory-vendor': [ '36.9.2' ],
1775 silly audit   wcwidth: [ '1.0.1' ],
1775 silly audit   'web-streams-polyfill': [ '3.3.3' ],
1775 silly audit   'web-vitals': [ '4.2.4' ],
1775 silly audit   'webidl-conversions': [ '3.0.1' ],
1775 silly audit   'websocket-driver': [ '0.7.4' ],
1775 silly audit   'websocket-extensions': [ '0.1.4' ],
1775 silly audit   'whatwg-url': [ '5.0.0' ],
1775 silly audit   which: [ '2.0.2' ],
1775 silly audit   winston: [ '3.19.0' ],
1775 silly audit   'winston-transport': [ '4.9.0' ],
1775 silly audit   wordwrap: [ '1.0.0' ],
1775 silly audit   wrappy: [ '1.0.2' ],
1775 silly audit   'write-file-atomic': [ '3.0.3' ],
1775 silly audit   'xdg-basedir': [ '4.0.0' ],
1775 silly audit   xorshift: [ '1.2.0' ],
1775 silly audit   xtend: [ '4.0.2' ],
1775 silly audit   y18n: [ '5.0.8' ],
1775 silly audit   yallist: [ '4.0.0', '3.1.1' ],
1775 silly audit   yaml: [ '2.8.0' ],
1775 silly audit   yargs: [ '17.7.2' ],
1775 silly audit   'yargs-parser': [ '21.1.1' ],
1775 silly audit   yauzl: [ '2.10.0' ],
1775 silly audit   'yocto-queue': [ '0.1.0' ],
1775 silly audit   'yoctocolors-cjs': [ '2.1.3' ],
1775 silly audit   zod: [ '3.24.2' ],
1775 silly audit   'zod-to-json-schema': [ '3.24.6' ],
1775 silly audit   '@types/leaflet': [ '1.9.22' ],
1775 silly audit   leaflet: [ '1.9.4' ],
1775 silly audit   'next-pwa': [ '5.6.0' ],
1775 silly audit   'react-leaflet': [ '5.0.0' ],
1775 silly audit   '@types/geojson': [ '7946.0.16' ],
1775 silly audit   'babel-loader': [ '8.4.1' ],
1775 silly audit   'clean-webpack-plugin': [ '4.0.0' ],
1775 silly audit   globby: [ '11.1.0', '6.1.0' ],
1775 silly audit   'terser-webpack-plugin': [ '5.6.1' ],
1775 silly audit   'workbox-webpack-plugin': [ '6.6.0' ],
1775 silly audit   'workbox-window': [ '6.6.0' ],
1775 silly audit   'find-cache-dir': [ '3.3.2' ],
1775 silly audit   'loader-utils': [ '2.0.4' ],
1775 silly audit   'schema-utils': [ '2.7.1', '4.3.3' ],
1775 silly audit   del: [ '4.1.1' ],
1775 silly audit   '@types/glob': [ '7.2.0' ],
1775 silly audit   'is-path-cwd': [ '2.2.0' ],
1775 silly audit   'is-path-in-cwd': [ '2.1.0' ],
1775 silly audit   'p-map': [ '2.1.0' ],
1775 silly audit   '@types/minimatch': [ '5.1.2' ],
1775 silly audit   commondir: [ '1.0.1' ],
1775 silly audit   'pkg-dir': [ '4.2.0' ],
1775 silly audit   'array-union': [ '2.1.0', '1.0.2' ],
1775 silly audit   'dir-glob': [ '3.0.1' ],
1775 silly audit   ignore: [ '5.3.2' ],
1775 silly audit   'path-type': [ '4.0.0' ],
1775 silly audit   'is-path-inside': [ '2.1.0' ],
1775 silly audit   'path-is-inside': [ '1.0.2' ],
1775 silly audit   'big.js': [ '5.2.2' ],
1775 silly audit   'emojis-list': [ '3.0.0' ],
1775 silly audit   'find-up': [ '4.1.0' ],
1775 silly audit   'locate-path': [ '5.0.0' ],
1775 silly audit   'path-exists': [ '4.0.0' ],
1775 silly audit   'p-locate': [ '4.1.0' ],
1775 silly audit   '@react-leaflet/core': [ '3.0.0' ],
1775 silly audit   'ajv-keywords': [ '3.5.2', '5.1.0' ],
1775 silly audit   'jest-worker': [ '27.5.1', '26.6.2' ],
1775 silly audit   terser: [ '5.51.2' ],
1775 silly audit   'merge-stream': [ '2.0.0' ],
1775 silly audit   '@jridgewell/source-map': [ '0.3.11' ],
1775 silly audit   'source-map-support': [ '0.5.21' ],
1775 silly audit   'buffer-from': [ '1.1.2' ],
1775 silly audit   'pretty-bytes': [ '5.6.0' ],
1775 silly audit   upath: [ '1.2.0' ],
1775 silly audit   'webpack-sources': [ '1.4.3' ],
1775 silly audit   'workbox-build': [ '6.6.0' ],
1775 silly audit   'source-list-map': [ '2.0.1' ],
1775 silly audit   '@apideck/better-ajv-errors': [ '0.3.7' ],
1775 silly audit   '@babel/core': [ '7.29.7' ],
1775 silly audit   '@babel/preset-env': [ '7.29.7' ],
1775 silly audit   '@rollup/plugin-babel': [ '5.3.1' ],
1775 silly audit   '@rollup/plugin-node-resolve': [ '11.2.1' ],
1775 silly audit   '@rollup/plugin-replace': [ '2.4.2' ],
1775 silly audit   '@surma/rollup-plugin-off-main-thread': [ '2.2.3' ],
1775 silly audit   'common-tags': [ '1.8.2' ],
1775 silly audit   rollup: [ '2.80.0' ],
1775 silly audit   'rollup-plugin-terser': [ '7.0.2' ],
1775 silly audit   'stringify-object': [ '3.3.0' ],
1775 silly audit   'strip-comments': [ '2.0.1' ],
1775 silly audit   tempy: [ '0.6.0' ],
1775 silly audit   'workbox-background-sync': [ '6.6.0' ],
1775 silly audit   'workbox-broadcast-update': [ '6.6.0' ],
1775 silly audit   'workbox-cacheable-response': [ '6.6.0' ],
1775 silly audit   'workbox-core': [ '6.6.0' ],
1775 silly audit   'workbox-expiration': [ '6.6.0' ],
1775 silly audit   'workbox-google-analytics': [ '6.6.0' ],
1775 silly audit   'workbox-navigation-preload': [ '6.6.0' ],
1775 silly audit   'workbox-precaching': [ '6.6.0' ],
1775 silly audit   'workbox-range-requests': [ '6.6.0' ],
1775 silly audit   'workbox-recipes': [ '6.6.0' ],
1775 silly audit   'workbox-routing': [ '6.6.0' ],
1775 silly audit   'workbox-strategies': [ '6.6.0' ],
1775 silly audit   'workbox-streams': [ '6.6.0' ],
1775 silly audit   'workbox-sw': [ '6.6.0' ],
1775 silly audit   jsonpointer: [ '5.0.1' ],
1775 silly audit   leven: [ '3.1.0' ],
1775 silly audit   '@babel/code-frame': [ '7.29.7' ],
1775 silly audit   '@babel/generator': [ '7.29.8' ],
1775 silly audit   '@babel/helper-compilation-targets': [ '7.29.7' ],
1775 silly audit   '@babel/helper-module-transforms': [ '7.29.7' ],
1775 silly audit   '@babel/helpers': [ '7.29.7' ],
1775 silly audit   '@babel/parser': [ '7.29.8' ],
1775 silly audit   '@babel/template': [ '7.29.7' ],
1775 silly audit   '@babel/traverse': [ '7.29.8' ],
1775 silly audit   '@babel/types': [ '7.29.8' ],
1775 silly audit   '@jridgewell/remapping': [ '2.3.5' ],
1775 silly audit   'convert-source-map': [ '2.0.0' ],
1775 silly audit   gensync: [ '1.0.0-beta.2' ],
1775 silly audit   '@babel/helper-validator-identifier': [ '7.29.7' ],
1775 silly audit   '@jridgewell/gen-mapping': [ '0.3.13' ],
1775 silly audit   '@jridgewell/trace-mapping': [ '0.3.31' ],
1775 silly audit   jsesc: [ '3.1.0' ],
1775 silly audit   '@babel/compat-data': [ '7.29.7' ],
1775 silly audit   '@babel/helper-validator-option': [ '7.29.7' ],
1775 silly audit   browserslist: [ '4.28.9' ],
1775 silly audit   '@babel/helper-module-imports': [ '7.29.7' ],
1775 silly audit   '@babel/helper-plugin-utils': [ '7.29.7' ],
1775 silly audit   '@babel/plugin-bugfix-firefox-class-in-computed-class-key': [ '7.29.7' ],
1775 silly audit   '@babel/plugin-bugfix-safari-class-field-initializer-scope': [ '7.29.7' ],
1775 silly audit   '@babel/plugin-bugfix-safari-id-destructuring-collision-in-function-expression': [ '7.29.7' ],
1775 silly audit   '@babel/plugin-bugfix-safari-rest-destructuring-rhs-array': [ '7.29.7' ],
1775 silly audit   '@babel/plugin-bugfix-v8-spread-parameters-in-optional-chaining': [ '7.29.7' ],
1775 silly audit   '@babel/plugin-bugfix-v8-static-class-fields-redefine-readonly': [ '7.29.7' ],
1775 silly audit   '@babel/plugin-proposal-private-property-in-object': [ '7.21.0-placeholder-for-preset-env.2' ],
1775 silly audit   '@babel/plugin-syntax-import-assertions': [ '7.29.7' ],
1775 silly audit   '@babel/plugin-syntax-import-attributes': [ '7.29.7' ],
1775 silly audit   '@babel/plugin-syntax-unicode-sets-regex': [ '7.18.6' ],
1775 silly audit   '@babel/plugin-transform-arrow-functions': [ '7.29.7' ],
1775 silly audit   '@babel/plugin-transform-async-generator-functions': [ '7.29.7' ],
1775 silly audit   '@babel/plugin-transform-async-to-generator': [ '7.29.7' ],
1775 silly audit   '@babel/plugin-transform-block-scoped-functions': [ '7.29.7' ],
1775 silly audit   '@babel/plugin-transform-block-scoping': [ '7.29.7' ],
1775 silly audit   '@babel/plugin-transform-class-properties': [ '7.29.7' ],
1775 silly audit   '@babel/plugin-transform-class-static-block': [ '7.29.7' ],
1775 silly audit   '@babel/plugin-transform-classes': [ '7.29.7' ],
1775 silly audit   '@babel/plugin-transform-computed-properties': [ '7.29.7' ],
1775 silly audit   '@babel/plugin-transform-destructuring': [ '7.29.7' ],
1775 silly audit   '@babel/plugin-transform-dotall-regex': [ '7.29.7' ],
1775 silly audit   '@babel/plugin-transform-duplicate-keys': [ '7.29.7' ],
1775 silly audit   '@babel/plugin-transform-duplicate-named-capturing-groups-regex': [ '7.29.7' ],
1775 silly audit   '@babel/plugin-transform-dynamic-import': [ '7.29.7' ],
1775 silly audit   '@babel/plugin-transform-explicit-resource-management': [ '7.29.7' ],
1775 silly audit   '@babel/plugin-transform-exponentiation-operator': [ '7.29.7' ],
1775 silly audit   '@babel/plugin-transform-export-namespace-from': [ '7.29.7' ],
1775 silly audit   '@babel/plugin-transform-for-of': [ '7.29.7' ],
1775 silly audit   '@babel/plugin-transform-function-name': [ '7.29.7' ],
1775 silly audit   '@babel/plugin-transform-json-strings': [ '7.29.7' ],
1775 silly audit   '@babel/plugin-transform-literals': [ '7.29.7' ],
1775 silly audit   '@babel/plugin-transform-logical-assignment-operators': [ '7.29.7' ],
1775 silly audit   '@babel/plugin-transform-member-expression-literals': [ '7.29.7' ],
1775 silly audit   '@babel/plugin-transform-modules-amd': [ '7.29.7' ],
1775 silly audit   '@babel/plugin-transform-modules-commonjs': [ '7.29.7' ],
1775 silly audit   '@babel/plugin-transform-modules-systemjs': [ '7.29.8' ],
1775 silly audit   '@babel/plugin-transform-modules-umd': [ '7.29.7' ],
1775 silly audit   '@babel/plugin-transform-named-capturing-groups-regex': [ '7.29.7' ],
1775 silly audit   '@babel/plugin-transform-new-target': [ '7.29.7' ],
1775 silly audit   '@babel/plugin-transform-nullish-coalescing-operator': [ '7.29.7' ],
1775 silly audit   '@babel/plugin-transform-numeric-separator': [ '7.29.7' ],
1775 silly audit   '@babel/plugin-transform-object-rest-spread': [ '7.29.7' ],
1775 silly audit   '@babel/plugin-transform-object-super': [ '7.29.7' ],
1775 silly audit   '@babel/plugin-transform-optional-catch-binding': [ '7.29.7' ],
1775 silly audit   '@babel/plugin-transform-optional-chaining': [ '7.29.7' ],
1775 silly audit   '@babel/plugin-transform-parameters': [ '7.29.7' ],
1775 silly audit   '@babel/plugin-transform-private-methods': [ '7.29.7' ],
1775 silly audit   '@babel/plugin-transform-private-property-in-object': [ '7.29.7' ],
1775 silly audit   '@babel/plugin-transform-property-literals': [ '7.29.7' ],
1775 silly audit   '@babel/plugin-transform-regenerator': [ '7.29.8' ],
1775 silly audit   '@babel/plugin-transform-regexp-modifiers': [ '7.29.7' ],
1775 silly audit   '@babel/plugin-transform-reserved-words': [ '7.29.7' ],
1775 silly audit   '@babel/plugin-transform-shorthand-properties': [ '7.29.7' ],
1775 silly audit   '@babel/plugin-transform-spread': [ '7.29.8' ],
1775 silly audit   '@babel/plugin-transform-sticky-regex': [ '7.29.7' ],
1775 silly audit   '@babel/plugin-transform-template-literals': [ '7.29.7' ],
1775 silly audit   '@babel/plugin-transform-typeof-symbol': [ '7.29.7' ],
1775 silly audit   '@babel/plugin-transform-unicode-escapes': [ '7.29.7' ],
1775 silly audit   '@babel/plugin-transform-unicode-property-regex': [ '7.29.7' ],
1775 silly audit   '@babel/plugin-transform-unicode-regex': [ '7.29.7' ],
1775 silly audit   '@babel/plugin-transform-unicode-sets-regex': [ '7.29.7' ],
1775 silly audit   '@babel/preset-modules': [ '0.1.6-no-external-plugins' ],
1775 silly audit   'babel-plugin-polyfill-corejs2': [ '0.4.17' ],
1775 silly audit   'babel-plugin-polyfill-corejs3': [ '0.14.2' ],
1775 silly audit   'babel-plugin-polyfill-regenerator': [ '0.6.8' ],
1775 silly audit   'core-js-compat': [ '3.50.0' ],
1775 silly audit   '@babel/helper-skip-transparent-expression-wrappers': [ '7.29.7' ],
1775 silly audit   '@babel/helper-create-regexp-features-plugin': [ '7.29.7' ],
1775 silly audit   '@babel/helper-annotate-as-pure': [ '7.29.7' ],
1775 silly audit   'regexpu-core': [ '6.4.0' ],
1775 silly audit   '@babel/helper-remap-async-to-generator': [ '7.29.7' ],
1775 silly audit   '@babel/helper-wrap-function': [ '7.29.7' ],
1775 silly audit   '@babel/helper-create-class-features-plugin': [ '7.29.7' ],
1775 silly audit   '@babel/helper-member-expression-to-functions': [ '7.29.7' ],
1775 silly audit   '@babel/helper-optimise-call-expression': [ '7.29.7' ],
1775 silly audit   '@babel/helper-replace-supers': [ '7.29.7' ],
1775 silly audit   '@babel/helper-globals': [ '7.29.7' ],
1775 silly audit   esutils: [ '2.0.3' ],
1775 silly audit   '@babel/helper-string-parser': [ '7.29.7' ],
1775 silly audit   '@rollup/pluginutils': [ '3.1.0' ],
1775 silly audit   '@types/resolve': [ '1.17.1' ],
1775 silly audit   'builtin-modules': [ '3.3.0' ],
1775 silly audit   deepmerge: [ '4.3.1' ],
1775 silly audit   'is-module': [ '1.0.0' ],
1775 silly audit   'magic-string': [ '0.25.9' ],
1775 silly audit   '@types/estree': [ '0.0.39' ],
1775 silly audit   'estree-walker': [ '1.0.1' ],
1775 silly audit   ejs: [ '3.1.10' ],
1775 silly audit   'string.prototype.matchall': [ '4.1.0' ],
1775 silly audit   '@babel/helper-define-polyfill-provider': [ '0.6.8' ],
1775 silly audit   'lodash.debounce': [ '4.0.8' ],
1775 silly audit   resolve: [ '1.22.12' ],
1775 silly audit   'baseline-browser-mapping': [ '2.11.21' ],
1775 silly audit   'caniuse-lite': [ '1.0.30001810' ],
1775 silly audit   'electron-to-chromium': [ '1.5.422' ],
1775 silly audit   'node-releases': [ '2.0.54' ],
1775 silly audit   'update-browserslist-db': [ '1.3.2' ],
1775 silly audit   jake: [ '10.9.4' ],
1775 silly audit   filelist: [ '1.0.6' ],
1775 silly audit   'sourcemap-codec': [ '1.4.8' ],
1775 silly audit   regenerate: [ '1.4.2' ],
1775 silly audit   'regenerate-unicode-properties': [ '10.2.2' ],
1775 silly audit   regjsgen: [ '0.8.0' ],
1775 silly audit   regjsparser: [ '0.13.2' ],
1775 silly audit   'unicode-match-property-ecmascript': [ '2.0.0' ],
1775 silly audit   'unicode-match-property-value-ecmascript': [ '2.2.1' ],
1775 silly audit   'serialize-javascript': [ '4.0.0' ],
1775 silly audit   randombytes: [ '2.1.0' ],
1775 silly audit   'call-bind': [ '1.0.9' ],
1775 silly audit   'call-bound': [ '1.0.4' ],
1775 silly audit   'define-properties': [ '1.2.1' ],
1775 silly audit   'es-abstract': [ '1.24.2' ],
1775 silly audit   'es-object-atoms': [ '1.1.2' ],
1775 silly audit   'get-intrinsic': [ '1.3.0' ],
1775 silly audit   'internal-slot': [ '1.1.0' ],
1775 silly audit   'regexp.prototype.flags': [ '1.5.4' ],
1775 silly audit   'set-function-name': [ '2.0.2' ],
1775 silly audit   'side-channel': [ '1.1.1' ],
1775 silly audit   'call-bind-apply-helpers': [ '1.0.2' ],
1775 silly audit   'array-buffer-byte-length': [ '1.0.2' ],
1775 silly audit   'arraybuffer.prototype.slice': [ '1.0.4' ],
1775 silly audit   'available-typed-arrays': [ '1.0.7' ],
1775 silly audit   'data-view-buffer': [ '1.0.2' ],
1775 silly audit   'data-view-byte-length': [ '1.0.2' ],
1775 silly audit   'data-view-byte-offset': [ '1.0.1' ],
1775 silly audit   'es-to-primitive': [ '1.3.4' ],
1775 silly audit   'function.prototype.name': [ '1.2.0' ],
1775 silly audit   'get-symbol-description': [ '1.1.0' ],
1775 silly audit   globalthis: [ '1.0.4' ],
1775 silly audit   'has-proto': [ '1.2.0' ],
1775 silly audit   'is-array-buffer': [ '3.0.5' ],
1775 silly audit   'is-callable': [ '1.2.7' ],
1775 silly audit   'is-data-view': [ '1.0.2' ],
1775 silly audit   'is-negative-zero': [ '2.0.3' ],
1775 silly audit   'is-regex': [ '1.2.1' ],
1775 silly audit   'is-set': [ '2.0.3' ],
1775 silly audit   'is-shared-array-buffer': [ '1.0.4' ],
1775 silly audit   'is-string': [ '1.1.1' ],
1775 silly audit   'is-typed-array': [ '1.1.15' ],
1775 silly audit   'is-weakref': [ '1.1.1' ],
1775 silly audit   'object.assign': [ '4.1.7' ],
1775 silly audit   'own-keys': [ '1.0.2' ],
1775 silly audit   'safe-array-concat': [ '1.1.4' ],
1775 silly audit   'safe-push-apply': [ '1.0.0' ],
1775 silly audit   'safe-regex-test': [ '1.1.0' ],
1775 silly audit   'set-proto': [ '1.0.0' ],
1775 silly audit   'stop-iteration-iterator': [ '1.1.0' ],
1775 silly audit   'string.prototype.trim': [ '1.2.11' ],
1775 silly audit   'string.prototype.trimend': [ '1.0.10' ],
1775 silly audit   'string.prototype.trimstart': [ '1.0.8' ],
1775 silly audit   'typed-array-buffer': [ '1.0.3' ],
1775 silly audit   'typed-array-byte-length': [ '1.0.3' ],
1775 silly audit   'typed-array-byte-offset': [ '1.0.4' ],
1775 silly audit   'typed-array-length': [ '1.0.8' ],
1775 silly audit   'unbox-primitive': [ '1.1.0' ],
1775 silly audit   'which-typed-array': [ '1.1.22' ],
1775 silly audit   'possible-typed-array-names': [ '1.1.0' ],
1775 silly audit   'es-abstract-get': [ '1.0.0' ],
1775 silly audit   'is-date-object': [ '1.1.0' ],
1775 silly audit   'is-symbol': [ '1.1.1' ],
1775 silly audit   'functions-have-names': [ '1.2.3' ],
1775 silly audit   hasown: [ '2.0.4' ],
1775 silly audit   'is-document.all': [ '1.0.0' ],
1775 silly audit   'side-channel-list': [ '1.0.1' ],
1775 silly audit   'get-own-enumerable-property-symbols': [ '3.0.2' ],
1775 silly audit   'is-regexp': [ '1.0.0' ],
1775 silly audit   'temp-dir': [ '2.0.0' ],
1775 silly audit   'type-fest': [ '0.16.0' ],
1775 silly audit   'for-each': [ '0.3.5' ],
1775 silly audit   'reflect.getprototypeof': [ '1.0.10' ],
1775 silly audit   'which-builtin-type': [ '1.2.1' ],
1775 silly audit   'has-bigints': [ '1.1.0' ],
1775 silly audit   'which-boxed-primitive': [ '1.1.1' ],
1775 silly audit   'unicode-canonical-property-names-ecmascript': [ '2.0.1' ],
1775 silly audit   'unicode-property-aliases-ecmascript': [ '2.2.0' ],
1775 silly audit   'is-bigint': [ '1.1.0' ],
1775 silly audit   'is-boolean-object': [ '1.2.2' ],
1775 silly audit   'is-number-object': [ '1.1.1' ],
1775 silly audit   'is-async-function': [ '2.1.1' ],
1775 silly audit   'is-finalizationregistry': [ '1.1.1' ],
1775 silly audit   'is-generator-function': [ '1.1.2' ],
1775 silly audit   'which-collection': [ '1.0.2' ],
1775 silly audit   'async-function': [ '1.0.0' ],
1775 silly audit   'generator-function': [ '2.0.1' ],
1775 silly audit   'is-map': [ '2.0.3' ],
1775 silly audit   'is-weakmap': [ '2.0.2' ],
1775 silly audit   'is-weakset': [ '2.0.4' ],
1775 silly audit   '@types/trusted-types': [ '2.0.7' ],
1775 silly audit   'pinkie-promise': [ '2.0.1' ],
1775 silly audit   pinkie: [ '2.0.4' ],
1775 silly audit   'array-uniq': [ '1.0.3' ],
1775 silly audit   'p-try': [ '2.2.0' ]
1775 silly audit }
1776 http cache p-try@https://registry.npmjs.org/p-try/-/p-try-2.2.0.tgz 0ms (cache hit)
1777 http cache array-uniq@https://registry.npmjs.org/array-uniq/-/array-uniq-1.0.3.tgz 0ms (cache hit)
1778 http cache pinkie@https://registry.npmjs.org/pinkie/-/pinkie-2.0.4.tgz 0ms (cache hit)
1779 http cache @types/trusted-types@https://registry.npmjs.org/@types/trusted-types/-/trusted-types-2.0.7.tgz 0ms (cache hit)
1780 http cache pinkie-promise@https://registry.npmjs.org/pinkie-promise/-/pinkie-promise-2.0.1.tgz 0ms (cache hit)
1781 http cache is-weakset@https://registry.npmjs.org/is-weakset/-/is-weakset-2.0.4.tgz 0ms (cache hit)
1782 http cache is-weakmap@https://registry.npmjs.org/is-weakmap/-/is-weakmap-2.0.2.tgz 0ms (cache hit)
1783 http cache is-map@https://registry.npmjs.org/is-map/-/is-map-2.0.3.tgz 0ms (cache hit)
1784 http cache async-function@https://registry.npmjs.org/async-function/-/async-function-1.0.0.tgz 0ms (cache hit)
1785 http cache which-collection@https://registry.npmjs.org/which-collection/-/which-collection-1.0.2.tgz 0ms (cache hit)
1786 http cache generator-function@https://registry.npmjs.org/generator-function/-/generator-function-2.0.1.tgz 0ms (cache hit)
1787 http cache is-async-function@https://registry.npmjs.org/is-async-function/-/is-async-function-2.1.1.tgz 0ms (cache hit)
1788 http cache is-finalizationregistry@https://registry.npmjs.org/is-finalizationregistry/-/is-finalizationregistry-1.1.1.tgz 0ms (cache hit)
1789 http cache is-generator-function@https://registry.npmjs.org/is-generator-function/-/is-generator-function-1.1.2.tgz 0ms (cache hit)
1790 http cache is-boolean-object@https://registry.npmjs.org/is-boolean-object/-/is-boolean-object-1.2.2.tgz 0ms (cache hit)
1791 http cache is-number-object@https://registry.npmjs.org/is-number-object/-/is-number-object-1.1.1.tgz 0ms (cache hit)
1792 http cache unicode-canonical-property-names-ecmascript@https://registry.npmjs.org/unicode-canonical-property-names-ecmascript/-/unicode-canonical-property-names-ecmascript-2.0.1.tgz 0ms (cache hit)
1793 http cache is-bigint@https://registry.npmjs.org/is-bigint/-/is-bigint-1.1.0.tgz 0ms (cache hit)
1794 http cache unicode-property-aliases-ecmascript@https://registry.npmjs.org/unicode-property-aliases-ecmascript/-/unicode-property-aliases-ecmascript-2.2.0.tgz 0ms (cache hit)
1795 http cache has-bigints@https://registry.npmjs.org/has-bigints/-/has-bigints-1.1.0.tgz 0ms (cache hit)
1796 http cache which-boxed-primitive@https://registry.npmjs.org/which-boxed-primitive/-/which-boxed-primitive-1.1.1.tgz 0ms (cache hit)
1797 http cache reflect.getprototypeof@https://registry.npmjs.org/reflect.getprototypeof/-/reflect.getprototypeof-1.0.10.tgz 0ms (cache hit)
1798 http cache which-builtin-type@https://registry.npmjs.org/which-builtin-type/-/which-builtin-type-1.2.1.tgz 0ms (cache hit)
1799 http cache for-each@https://registry.npmjs.org/for-each/-/for-each-0.3.5.tgz 0ms (cache hit)
1800 http cache temp-dir@https://registry.npmjs.org/temp-dir/-/temp-dir-2.0.0.tgz 0ms (cache hit)
1801 http cache type-fest@https://registry.npmjs.org/type-fest/-/type-fest-0.16.0.tgz 0ms (cache hit)
1802 http cache is-regexp@https://registry.npmjs.org/is-regexp/-/is-regexp-1.0.0.tgz 0ms (cache hit)
1803 http cache is-document.all@https://registry.npmjs.org/is-document.all/-/is-document.all-1.0.0.tgz 0ms (cache hit)
1804 http cache get-own-enumerable-property-symbols@https://registry.npmjs.org/get-own-enumerable-property-symbols/-/get-own-enumerable-property-symbols-3.0.2.tgz 0ms (cache hit)
1805 http cache is-symbol@https://registry.npmjs.org/is-symbol/-/is-symbol-1.1.1.tgz 0ms (cache hit)
1806 http cache functions-have-names@https://registry.npmjs.org/functions-have-names/-/functions-have-names-1.2.3.tgz 0ms (cache hit)
1807 http cache is-date-object@https://registry.npmjs.org/is-date-object/-/is-date-object-1.1.0.tgz 0ms (cache hit)
1808 http cache possible-typed-array-names@https://registry.npmjs.org/possible-typed-array-names/-/possible-typed-array-names-1.1.0.tgz 0ms (cache hit)
1809 http cache unbox-primitive@https://registry.npmjs.org/unbox-primitive/-/unbox-primitive-1.1.0.tgz 0ms (cache hit)
1810 http cache es-abstract-get@https://registry.npmjs.org/es-abstract-get/-/es-abstract-get-1.0.0.tgz 0ms (cache hit)
1811 http cache typed-array-byte-offset@https://registry.npmjs.org/typed-array-byte-offset/-/typed-array-byte-offset-1.0.4.tgz 0ms (cache hit)
1812 http cache which-typed-array@https://registry.npmjs.org/which-typed-array/-/which-typed-array-1.1.22.tgz 0ms (cache hit)
1813 http cache typed-array-length@https://registry.npmjs.org/typed-array-length/-/typed-array-length-1.0.8.tgz 0ms (cache hit)
1814 http cache typed-array-buffer@https://registry.npmjs.org/typed-array-buffer/-/typed-array-buffer-1.0.3.tgz 0ms (cache hit)
1815 http cache typed-array-byte-length@https://registry.npmjs.org/typed-array-byte-length/-/typed-array-byte-length-1.0.3.tgz 0ms (cache hit)
1816 http cache string.prototype.trimend@https://registry.npmjs.org/string.prototype.trimend/-/string.prototype.trimend-1.0.10.tgz 0ms (cache hit)
1817 http cache string.prototype.trimstart@https://registry.npmjs.org/string.prototype.trimstart/-/string.prototype.trimstart-1.0.8.tgz 0ms (cache hit)
1818 http cache string.prototype.trim@https://registry.npmjs.org/string.prototype.trim/-/string.prototype.trim-1.2.11.tgz 0ms (cache hit)
1819 http cache set-proto@https://registry.npmjs.org/set-proto/-/set-proto-1.0.0.tgz 0ms (cache hit)
1820 http cache stop-iteration-iterator@https://registry.npmjs.org/stop-iteration-iterator/-/stop-iteration-iterator-1.1.0.tgz 0ms (cache hit)
1821 http cache safe-push-apply@https://registry.npmjs.org/safe-push-apply/-/safe-push-apply-1.0.0.tgz 0ms (cache hit)
1822 http cache safe-regex-test@https://registry.npmjs.org/safe-regex-test/-/safe-regex-test-1.1.0.tgz 0ms (cache hit)
1823 http cache safe-array-concat@https://registry.npmjs.org/safe-array-concat/-/safe-array-concat-1.1.4.tgz 0ms (cache hit)
1824 http cache object.assign@https://registry.npmjs.org/object.assign/-/object.assign-4.1.7.tgz 0ms (cache hit)
1825 http cache own-keys@https://registry.npmjs.org/own-keys/-/own-keys-1.0.2.tgz 0ms (cache hit)
1826 http cache is-typed-array@https://registry.npmjs.org/is-typed-array/-/is-typed-array-1.1.15.tgz 0ms (cache hit)
1827 http cache is-weakref@https://registry.npmjs.org/is-weakref/-/is-weakref-1.1.1.tgz 0ms (cache hit)
1828 http cache is-string@https://registry.npmjs.org/is-string/-/is-string-1.1.1.tgz 0ms (cache hit)
1829 http cache is-set@https://registry.npmjs.org/is-set/-/is-set-2.0.3.tgz 0ms (cache hit)
1830 http cache is-negative-zero@https://registry.npmjs.org/is-negative-zero/-/is-negative-zero-2.0.3.tgz 0ms (cache hit)
1831 http cache is-shared-array-buffer@https://registry.npmjs.org/is-shared-array-buffer/-/is-shared-array-buffer-1.0.4.tgz 0ms (cache hit)
1832 http cache is-data-view@https://registry.npmjs.org/is-data-view/-/is-data-view-1.0.2.tgz 0ms (cache hit)
1833 http cache is-callable@https://registry.npmjs.org/is-callable/-/is-callable-1.2.7.tgz 0ms (cache hit)
1834 http cache is-regex@https://registry.npmjs.org/is-regex/-/is-regex-1.2.1.tgz 0ms (cache hit)
1835 http cache has-proto@https://registry.npmjs.org/has-proto/-/has-proto-1.2.0.tgz 0ms (cache hit)
1836 http cache is-array-buffer@https://registry.npmjs.org/is-array-buffer/-/is-array-buffer-3.0.5.tgz 0ms (cache hit)
1837 http cache get-symbol-description@https://registry.npmjs.org/get-symbol-description/-/get-symbol-description-1.1.0.tgz 0ms (cache hit)
1838 http cache function.prototype.name@https://registry.npmjs.org/function.prototype.name/-/function.prototype.name-1.2.0.tgz 0ms (cache hit)
1839 http cache es-to-primitive@https://registry.npmjs.org/es-to-primitive/-/es-to-primitive-1.3.4.tgz 0ms (cache hit)
1840 http cache data-view-byte-offset@https://registry.npmjs.org/data-view-byte-offset/-/data-view-byte-offset-1.0.1.tgz 0ms (cache hit)
1841 http cache globalthis@https://registry.npmjs.org/globalthis/-/globalthis-1.0.4.tgz 0ms (cache hit)
1842 http cache data-view-byte-length@https://registry.npmjs.org/data-view-byte-length/-/data-view-byte-length-1.0.2.tgz 0ms (cache hit)
1843 http cache data-view-buffer@https://registry.npmjs.org/data-view-buffer/-/data-view-buffer-1.0.2.tgz 0ms (cache hit)
1844 http cache available-typed-arrays@https://registry.npmjs.org/available-typed-arrays/-/available-typed-arrays-1.0.7.tgz 0ms (cache hit)
1845 http cache set-function-name@https://registry.npmjs.org/set-function-name/-/set-function-name-2.0.2.tgz 0ms (cache hit)
1846 http cache array-buffer-byte-length@https://registry.npmjs.org/array-buffer-byte-length/-/array-buffer-byte-length-1.0.2.tgz 0ms (cache hit)
1847 http cache regexp.prototype.flags@https://registry.npmjs.org/regexp.prototype.flags/-/regexp.prototype.flags-1.5.4.tgz 0ms (cache hit)
1848 http cache arraybuffer.prototype.slice@https://registry.npmjs.org/arraybuffer.prototype.slice/-/arraybuffer.prototype.slice-1.0.4.tgz 0ms (cache hit)
1849 http cache internal-slot@https://registry.npmjs.org/internal-slot/-/internal-slot-1.1.0.tgz 0ms (cache hit)
1850 http cache define-properties@https://registry.npmjs.org/define-properties/-/define-properties-1.2.1.tgz 0ms (cache hit)
1851 http cache es-abstract@https://registry.npmjs.org/es-abstract/-/es-abstract-1.24.2.tgz 0ms (cache hit)
1852 http cache unicode-match-property-value-ecmascript@https://registry.npmjs.org/unicode-match-property-value-ecmascript/-/unicode-match-property-value-ecmascript-2.2.1.tgz 0ms (cache hit)
1853 http cache randombytes@https://registry.npmjs.org/randombytes/-/randombytes-2.1.0.tgz 0ms (cache hit)
1854 http cache serialize-javascript@https://registry.npmjs.org/serialize-javascript/-/serialize-javascript-4.0.0.tgz 0ms (cache hit)
1855 http cache unicode-match-property-ecmascript@https://registry.npmjs.org/unicode-match-property-ecmascript/-/unicode-match-property-ecmascript-2.0.0.tgz 0ms (cache hit)
1856 http cache regjsparser@https://registry.npmjs.org/regjsparser/-/regjsparser-0.13.2.tgz 0ms (cache hit)
1857 http cache regenerate-unicode-properties@https://registry.npmjs.org/regenerate-unicode-properties/-/regenerate-unicode-properties-10.2.2.tgz 0ms (cache hit)
1858 http cache regenerate@https://registry.npmjs.org/regenerate/-/regenerate-1.4.2.tgz 0ms (cache hit)
1859 http cache sourcemap-codec@https://registry.npmjs.org/sourcemap-codec/-/sourcemap-codec-1.4.8.tgz 0ms (cache hit)
1860 http cache regjsgen@https://registry.npmjs.org/regjsgen/-/regjsgen-0.8.0.tgz 0ms (cache hit)
1861 http cache filelist@https://registry.npmjs.org/filelist/-/filelist-1.0.6.tgz 0ms (cache hit)
1862 http cache update-browserslist-db@https://registry.npmjs.org/update-browserslist-db/-/update-browserslist-db-1.3.2.tgz 1ms (cache hit)
1863 http cache node-releases@https://registry.npmjs.org/node-releases/-/node-releases-2.0.54.tgz 0ms (cache hit)
1864 http cache jake@https://registry.npmjs.org/jake/-/jake-10.9.4.tgz 0ms (cache hit)
1865 http cache baseline-browser-mapping@https://registry.npmjs.org/baseline-browser-mapping/-/baseline-browser-mapping-2.11.21.tgz 0ms (cache hit)
1866 http cache electron-to-chromium@https://registry.npmjs.org/electron-to-chromium/-/electron-to-chromium-1.5.422.tgz 0ms (cache hit)
1867 http cache lodash.debounce@https://registry.npmjs.org/lodash.debounce/-/lodash.debounce-4.0.8.tgz 0ms (cache hit)
1868 http cache @babel/helper-define-polyfill-provider@https://registry.npmjs.org/@babel/helper-define-polyfill-provider/-/helper-define-polyfill-provider-0.6.8.tgz 0ms (cache hit)
1869 http cache ejs@https://registry.npmjs.org/ejs/-/ejs-3.1.10.tgz 0ms (cache hit)
1870 http cache string.prototype.matchall@https://registry.npmjs.org/string.prototype.matchall/-/string.prototype.matchall-4.1.0.tgz 0ms (cache hit)
1871 http cache @types/estree@https://registry.npmjs.org/@types/estree/-/estree-0.0.39.tgz 0ms (cache hit)
1872 http cache @types/resolve@https://registry.npmjs.org/@types/resolve/-/resolve-1.17.1.tgz 0ms (cache hit)
1873 http cache magic-string@https://registry.npmjs.org/magic-string/-/magic-string-0.25.9.tgz 0ms (cache hit)
1874 http cache estree-walker@https://registry.npmjs.org/estree-walker/-/estree-walker-1.0.1.tgz 0ms (cache hit)
1875 http cache is-module@https://registry.npmjs.org/is-module/-/is-module-1.0.0.tgz 0ms (cache hit)
1876 http cache @babel/helper-string-parser@https://registry.npmjs.org/@babel/helper-string-parser/-/helper-string-parser-7.29.7.tgz 0ms (cache hit)
1877 http cache builtin-modules@https://registry.npmjs.org/builtin-modules/-/builtin-modules-3.3.0.tgz 0ms (cache hit)
1878 http cache @rollup/pluginutils@https://registry.npmjs.org/@rollup/pluginutils/-/pluginutils-3.1.0.tgz 0ms (cache hit)
1879 http cache esutils@https://registry.npmjs.org/esutils/-/esutils-2.0.3.tgz 0ms (cache hit)
1880 http cache deepmerge@https://registry.npmjs.org/deepmerge/-/deepmerge-4.3.1.tgz 0ms (cache hit)
1881 http cache @babel/helper-optimise-call-expression@https://registry.npmjs.org/@babel/helper-optimise-call-expression/-/helper-optimise-call-expression-7.29.7.tgz 0ms (cache hit)
1882 http cache @babel/helper-globals@https://registry.npmjs.org/@babel/helper-globals/-/helper-globals-7.29.7.tgz 0ms (cache hit)
1883 http cache @babel/helper-replace-supers@https://registry.npmjs.org/@babel/helper-replace-supers/-/helper-replace-supers-7.29.7.tgz 0ms (cache hit)
1884 http cache @babel/helper-member-expression-to-functions@https://registry.npmjs.org/@babel/helper-member-expression-to-functions/-/helper-member-expression-to-functions-7.29.7.tgz 0ms (cache hit)
1885 http cache regexpu-core@https://registry.npmjs.org/regexpu-core/-/regexpu-core-6.4.0.tgz 0ms (cache hit)
1886 http cache @babel/helper-create-class-features-plugin@https://registry.npmjs.org/@babel/helper-create-class-features-plugin/-/helper-create-class-features-plugin-7.29.7.tgz 0ms (cache hit)
1887 http cache @babel/helper-annotate-as-pure@https://registry.npmjs.org/@babel/helper-annotate-as-pure/-/helper-annotate-as-pure-7.29.7.tgz 0ms (cache hit)
1888 http cache @babel/helper-wrap-function@https://registry.npmjs.org/@babel/helper-wrap-function/-/helper-wrap-function-7.29.7.tgz 0ms (cache hit)
1889 http cache @babel/helper-create-regexp-features-plugin@https://registry.npmjs.org/@babel/helper-create-regexp-features-plugin/-/helper-create-regexp-features-plugin-7.29.7.tgz 0ms (cache hit)
1890 http cache @babel/helper-skip-transparent-expression-wrappers@https://registry.npmjs.org/@babel/helper-skip-transparent-expression-wrappers/-/helper-skip-transparent-expression-wrappers-7.29.7.tgz 0ms (cache hit)
1891 http cache core-js-compat@https://registry.npmjs.org/core-js-compat/-/core-js-compat-3.50.0.tgz 0ms (cache hit)
1892 http cache @babel/helper-remap-async-to-generator@https://registry.npmjs.org/@babel/helper-remap-async-to-generator/-/helper-remap-async-to-generator-7.29.7.tgz 0ms (cache hit)
1893 http cache babel-plugin-polyfill-corejs3@https://registry.npmjs.org/babel-plugin-polyfill-corejs3/-/babel-plugin-polyfill-corejs3-0.14.2.tgz 0ms (cache hit)
1894 http cache babel-plugin-polyfill-regenerator@https://registry.npmjs.org/babel-plugin-polyfill-regenerator/-/babel-plugin-polyfill-regenerator-0.6.8.tgz 0ms (cache hit)
1895 http cache @babel/plugin-transform-unicode-sets-regex@https://registry.npmjs.org/@babel/plugin-transform-unicode-sets-regex/-/plugin-transform-unicode-sets-regex-7.29.7.tgz 0ms (cache hit)
1896 http cache @babel/preset-modules@https://registry.npmjs.org/@babel/preset-modules/-/preset-modules-0.1.6-no-external-plugins.tgz 0ms (cache hit)
1897 http cache babel-plugin-polyfill-corejs2@https://registry.npmjs.org/babel-plugin-polyfill-corejs2/-/babel-plugin-polyfill-corejs2-0.4.17.tgz 0ms (cache hit)
1898 http cache @babel/plugin-transform-unicode-regex@https://registry.npmjs.org/@babel/plugin-transform-unicode-regex/-/plugin-transform-unicode-regex-7.29.7.tgz 0ms (cache hit)
1899 http cache @babel/plugin-transform-unicode-property-regex@https://registry.npmjs.org/@babel/plugin-transform-unicode-property-regex/-/plugin-transform-unicode-property-regex-7.29.7.tgz 0ms (cache hit)
1900 http cache @babel/plugin-transform-unicode-escapes@https://registry.npmjs.org/@babel/plugin-transform-unicode-escapes/-/plugin-transform-unicode-escapes-7.29.7.tgz 0ms (cache hit)
1901 http cache @babel/plugin-transform-template-literals@https://registry.npmjs.org/@babel/plugin-transform-template-literals/-/plugin-transform-template-literals-7.29.7.tgz 0ms (cache hit)
1902 http cache @babel/plugin-transform-sticky-regex@https://registry.npmjs.org/@babel/plugin-transform-sticky-regex/-/plugin-transform-sticky-regex-7.29.7.tgz 0ms (cache hit)
1903 http cache @babel/plugin-transform-typeof-symbol@https://registry.npmjs.org/@babel/plugin-transform-typeof-symbol/-/plugin-transform-typeof-symbol-7.29.7.tgz 0ms (cache hit)
1904 http cache @babel/plugin-transform-shorthand-properties@https://registry.npmjs.org/@babel/plugin-transform-shorthand-properties/-/plugin-transform-shorthand-properties-7.29.7.tgz 0ms (cache hit)
1905 http cache @babel/plugin-transform-reserved-words@https://registry.npmjs.org/@babel/plugin-transform-reserved-words/-/plugin-transform-reserved-words-7.29.7.tgz 0ms (cache hit)
1906 http cache @babel/plugin-transform-spread@https://registry.npmjs.org/@babel/plugin-transform-spread/-/plugin-transform-spread-7.29.8.tgz 0ms (cache hit)
1907 http cache @babel/plugin-transform-property-literals@https://registry.npmjs.org/@babel/plugin-transform-property-literals/-/plugin-transform-property-literals-7.29.7.tgz 0ms (cache hit)
1908 http cache @babel/plugin-transform-regexp-modifiers@https://registry.npmjs.org/@babel/plugin-transform-regexp-modifiers/-/plugin-transform-regexp-modifiers-7.29.7.tgz 0ms (cache hit)
1909 http cache @babel/plugin-transform-regenerator@https://registry.npmjs.org/@babel/plugin-transform-regenerator/-/plugin-transform-regenerator-7.29.8.tgz 0ms (cache hit)
1910 http cache @babel/plugin-transform-optional-chaining@https://registry.npmjs.org/@babel/plugin-transform-optional-chaining/-/plugin-transform-optional-chaining-7.29.7.tgz 0ms (cache hit)
1911 http cache @babel/plugin-transform-private-property-in-object@https://registry.npmjs.org/@babel/plugin-transform-private-property-in-object/-/plugin-transform-private-property-in-object-7.29.7.tgz 0ms (cache hit)
1912 http cache @babel/plugin-transform-parameters@https://registry.npmjs.org/@babel/plugin-transform-parameters/-/plugin-transform-parameters-7.29.7.tgz 0ms (cache hit)
1913 http cache @babel/plugin-transform-private-methods@https://registry.npmjs.org/@babel/plugin-transform-private-methods/-/plugin-transform-private-methods-7.29.7.tgz 0ms (cache hit)
1914 http cache @babel/plugin-transform-optional-catch-binding@https://registry.npmjs.org/@babel/plugin-transform-optional-catch-binding/-/plugin-transform-optional-catch-binding-7.29.7.tgz 0ms (cache hit)
1915 http cache @babel/plugin-transform-object-super@https://registry.npmjs.org/@babel/plugin-transform-object-super/-/plugin-transform-object-super-7.29.7.tgz 0ms (cache hit)
1916 http cache @babel/plugin-transform-nullish-coalescing-operator@https://registry.npmjs.org/@babel/plugin-transform-nullish-coalescing-operator/-/plugin-transform-nullish-coalescing-operator-7.29.7.tgz 0ms (cache hit)
1917 http cache @babel/plugin-transform-numeric-separator@https://registry.npmjs.org/@babel/plugin-transform-numeric-separator/-/plugin-transform-numeric-separator-7.29.7.tgz 0ms (cache hit)
1918 http cache @babel/plugin-transform-named-capturing-groups-regex@https://registry.npmjs.org/@babel/plugin-transform-named-capturing-groups-regex/-/plugin-transform-named-capturing-groups-regex-7.29.7.tgz 0ms (cache hit)
1919 http cache @babel/plugin-transform-modules-umd@https://registry.npmjs.org/@babel/plugin-transform-modules-umd/-/plugin-transform-modules-umd-7.29.7.tgz 0ms (cache hit)
1920 http cache @babel/plugin-transform-new-target@https://registry.npmjs.org/@babel/plugin-transform-new-target/-/plugin-transform-new-target-7.29.7.tgz 0ms (cache hit)
1921 http cache @babel/plugin-transform-object-rest-spread@https://registry.npmjs.org/@babel/plugin-transform-object-rest-spread/-/plugin-transform-object-rest-spread-7.29.7.tgz 0ms (cache hit)
1922 http cache @babel/plugin-transform-modules-systemjs@https://registry.npmjs.org/@babel/plugin-transform-modules-systemjs/-/plugin-transform-modules-systemjs-7.29.8.tgz 0ms (cache hit)
1923 http cache @babel/plugin-transform-logical-assignment-operators@https://registry.npmjs.org/@babel/plugin-transform-logical-assignment-operators/-/plugin-transform-logical-assignment-operators-7.29.7.tgz 0ms (cache hit)
1924 http cache @babel/plugin-transform-modules-commonjs@https://registry.npmjs.org/@babel/plugin-transform-modules-commonjs/-/plugin-transform-modules-commonjs-7.29.7.tgz 1ms (cache hit)
1925 http cache @babel/plugin-transform-modules-amd@https://registry.npmjs.org/@babel/plugin-transform-modules-amd/-/plugin-transform-modules-amd-7.29.7.tgz 0ms (cache hit)
1926 http cache @babel/plugin-transform-literals@https://registry.npmjs.org/@babel/plugin-transform-literals/-/plugin-transform-literals-7.29.7.tgz 0ms (cache hit)
1927 http cache @babel/plugin-transform-member-expression-literals@https://registry.npmjs.org/@babel/plugin-transform-member-expression-literals/-/plugin-transform-member-expression-literals-7.29.7.tgz 0ms (cache hit)
1928 http cache @babel/plugin-transform-function-name@https://registry.npmjs.org/@babel/plugin-transform-function-name/-/plugin-transform-function-name-7.29.7.tgz 0ms (cache hit)
1929 http cache @babel/plugin-transform-for-of@https://registry.npmjs.org/@babel/plugin-transform-for-of/-/plugin-transform-for-of-7.29.7.tgz 0ms (cache hit)
1930 http cache @babel/plugin-transform-json-strings@https://registry.npmjs.org/@babel/plugin-transform-json-strings/-/plugin-transform-json-strings-7.29.7.tgz 0ms (cache hit)
1931 http cache @babel/plugin-transform-exponentiation-operator@https://registry.npmjs.org/@babel/plugin-transform-exponentiation-operator/-/plugin-transform-exponentiation-operator-7.29.7.tgz 0ms (cache hit)
1932 http cache @babel/plugin-transform-export-namespace-from@https://registry.npmjs.org/@babel/plugin-transform-export-namespace-from/-/plugin-transform-export-namespace-from-7.29.7.tgz 0ms (cache hit)
1933 http cache @babel/plugin-transform-explicit-resource-management@https://registry.npmjs.org/@babel/plugin-transform-explicit-resource-management/-/plugin-transform-explicit-resource-management-7.29.7.tgz 0ms (cache hit)
1934 http cache @babel/plugin-transform-dynamic-import@https://registry.npmjs.org/@babel/plugin-transform-dynamic-import/-/plugin-transform-dynamic-import-7.29.7.tgz 0ms (cache hit)
1935 http cache @babel/plugin-transform-duplicate-named-capturing-groups-regex@https://registry.npmjs.org/@babel/plugin-transform-duplicate-named-capturing-groups-regex/-/plugin-transform-duplicate-named-capturing-groups-regex-7.29.7.tgz 0ms (cache hit)
1936 http cache @babel/plugin-transform-dotall-regex@https://registry.npmjs.org/@babel/plugin-transform-dotall-regex/-/plugin-transform-dotall-regex-7.29.7.tgz 0ms (cache hit)
1937 http cache @babel/plugin-transform-duplicate-keys@https://registry.npmjs.org/@babel/plugin-transform-duplicate-keys/-/plugin-transform-duplicate-keys-7.29.7.tgz 0ms (cache hit)
1938 http cache @babel/plugin-transform-destructuring@https://registry.npmjs.org/@babel/plugin-transform-destructuring/-/plugin-transform-destructuring-7.29.7.tgz 0ms (cache hit)
1939 http cache @babel/plugin-transform-classes@https://registry.npmjs.org/@babel/plugin-transform-classes/-/plugin-transform-classes-7.29.7.tgz 0ms (cache hit)
1940 http cache @babel/plugin-transform-class-static-block@https://registry.npmjs.org/@babel/plugin-transform-class-static-block/-/plugin-transform-class-static-block-7.29.7.tgz 0ms (cache hit)
1941 http cache @babel/plugin-transform-computed-properties@https://registry.npmjs.org/@babel/plugin-transform-computed-properties/-/plugin-transform-computed-properties-7.29.7.tgz 0ms (cache hit)
1942 http cache @babel/plugin-transform-class-properties@https://registry.npmjs.org/@babel/plugin-transform-class-properties/-/plugin-transform-class-properties-7.29.7.tgz 0ms (cache hit)
1943 http cache @babel/plugin-transform-block-scoping@https://registry.npmjs.org/@babel/plugin-transform-block-scoping/-/plugin-transform-block-scoping-7.29.7.tgz 0ms (cache hit)
1944 http cache @babel/plugin-transform-block-scoped-functions@https://registry.npmjs.org/@babel/plugin-transform-block-scoped-functions/-/plugin-transform-block-scoped-functions-7.29.7.tgz 0ms (cache hit)
1945 http cache @babel/plugin-transform-async-to-generator@https://registry.npmjs.org/@babel/plugin-transform-async-to-generator/-/plugin-transform-async-to-generator-7.29.7.tgz 0ms (cache hit)
1946 http cache @babel/plugin-transform-async-generator-functions@https://registry.npmjs.org/@babel/plugin-transform-async-generator-functions/-/plugin-transform-async-generator-functions-7.29.7.tgz 0ms (cache hit)
1947 http cache @babel/plugin-transform-arrow-functions@https://registry.npmjs.org/@babel/plugin-transform-arrow-functions/-/plugin-transform-arrow-functions-7.29.7.tgz 0ms (cache hit)
1948 http cache @babel/plugin-syntax-unicode-sets-regex@https://registry.npmjs.org/@babel/plugin-syntax-unicode-sets-regex/-/plugin-syntax-unicode-sets-regex-7.18.6.tgz 0ms (cache hit)
1949 http cache @babel/plugin-proposal-private-property-in-object@https://registry.npmjs.org/@babel/plugin-proposal-private-property-in-object/-/plugin-proposal-private-property-in-object-7.21.0-placeholder-for-preset-env.2.tgz 0ms (cache hit)
1950 http cache @babel/plugin-syntax-import-assertions@https://registry.npmjs.org/@babel/plugin-syntax-import-assertions/-/plugin-syntax-import-assertions-7.29.7.tgz 0ms (cache hit)
1951 http cache @babel/plugin-syntax-import-attributes@https://registry.npmjs.org/@babel/plugin-syntax-import-attributes/-/plugin-syntax-import-attributes-7.29.7.tgz 0ms (cache hit)
1952 http cache @babel/plugin-bugfix-v8-spread-parameters-in-optional-chaining@https://registry.npmjs.org/@babel/plugin-bugfix-v8-spread-parameters-in-optional-chaining/-/plugin-bugfix-v8-spread-parameters-in-optional-chaining-7.29.7.tgz 0ms (cache hit)
1953 http cache @babel/plugin-bugfix-v8-static-class-fields-redefine-readonly@https://registry.npmjs.org/@babel/plugin-bugfix-v8-static-class-fields-redefine-readonly/-/plugin-bugfix-v8-static-class-fields-redefine-readonly-7.29.7.tgz 0ms (cache hit)
1954 http cache @babel/plugin-bugfix-safari-rest-destructuring-rhs-array@https://registry.npmjs.org/@babel/plugin-bugfix-safari-rest-destructuring-rhs-array/-/plugin-bugfix-safari-rest-destructuring-rhs-array-7.29.7.tgz 0ms (cache hit)
1955 http cache @babel/plugin-bugfix-firefox-class-in-computed-class-key@https://registry.npmjs.org/@babel/plugin-bugfix-firefox-class-in-computed-class-key/-/plugin-bugfix-firefox-class-in-computed-class-key-7.29.7.tgz 0ms (cache hit)
1956 http cache @babel/plugin-bugfix-safari-id-destructuring-collision-in-function-expression@https://registry.npmjs.org/@babel/plugin-bugfix-safari-id-destructuring-collision-in-function-expression/-/plugin-bugfix-safari-id-destructuring-collision-in-function-expression-7.29.7.tgz 0ms (cache hit)
1957 http cache @babel/plugin-bugfix-safari-class-field-initializer-scope@https://registry.npmjs.org/@babel/plugin-bugfix-safari-class-field-initializer-scope/-/plugin-bugfix-safari-class-field-initializer-scope-7.29.7.tgz 0ms (cache hit)
1958 http cache @babel/helper-module-imports@https://registry.npmjs.org/@babel/helper-module-imports/-/helper-module-imports-7.29.7.tgz 0ms (cache hit)
1959 http cache @babel/helper-plugin-utils@https://registry.npmjs.org/@babel/helper-plugin-utils/-/helper-plugin-utils-7.29.7.tgz 0ms (cache hit)
1960 http cache jsesc@https://registry.npmjs.org/jsesc/-/jsesc-3.1.0.tgz 0ms (cache hit)
1961 http cache browserslist@https://registry.npmjs.org/browserslist/-/browserslist-4.28.9.tgz 0ms (cache hit)
1962 http cache @babel/helper-validator-option@https://registry.npmjs.org/@babel/helper-validator-option/-/helper-validator-option-7.29.7.tgz 0ms (cache hit)
1963 http cache @babel/helper-validator-identifier@https://registry.npmjs.org/@babel/helper-validator-identifier/-/helper-validator-identifier-7.29.7.tgz 0ms (cache hit)
1964 http cache @babel/compat-data@https://registry.npmjs.org/@babel/compat-data/-/compat-data-7.29.7.tgz 0ms (cache hit)
1965 http cache @jridgewell/remapping@https://registry.npmjs.org/@jridgewell/remapping/-/remapping-2.3.5.tgz 0ms (cache hit)
1966 http cache @babel/types@https://registry.npmjs.org/@babel/types/-/types-7.29.8.tgz 0ms (cache hit)
1967 http cache @babel/traverse@https://registry.npmjs.org/@babel/traverse/-/traverse-7.29.8.tgz 0ms (cache hit)
1968 http cache convert-source-map@https://registry.npmjs.org/convert-source-map/-/convert-source-map-2.0.0.tgz 0ms (cache hit)
1969 http cache gensync@https://registry.npmjs.org/gensync/-/gensync-1.0.0-beta.2.tgz 0ms (cache hit)
1970 http cache @babel/parser@https://registry.npmjs.org/@babel/parser/-/parser-7.29.8.tgz 0ms (cache hit)
1971 http cache @babel/helpers@https://registry.npmjs.org/@babel/helpers/-/helpers-7.29.7.tgz 0ms (cache hit)
1972 http cache @babel/template@https://registry.npmjs.org/@babel/template/-/template-7.29.7.tgz 0ms (cache hit)
1973 http cache @babel/helper-compilation-targets@https://registry.npmjs.org/@babel/helper-compilation-targets/-/helper-compilation-targets-7.29.7.tgz 0ms (cache hit)
1974 http cache @babel/generator@https://registry.npmjs.org/@babel/generator/-/generator-7.29.8.tgz 0ms (cache hit)
1975 http cache @babel/helper-module-transforms@https://registry.npmjs.org/@babel/helper-module-transforms/-/helper-module-transforms-7.29.7.tgz 0ms (cache hit)
1976 http cache @babel/code-frame@https://registry.npmjs.org/@babel/code-frame/-/code-frame-7.29.7.tgz 0ms (cache hit)
1977 http cache jsonpointer@https://registry.npmjs.org/jsonpointer/-/jsonpointer-5.0.1.tgz 0ms (cache hit)
1978 http cache workbox-sw@https://registry.npmjs.org/workbox-sw/-/workbox-sw-6.6.0.tgz 0ms (cache hit)
1979 http cache leven@https://registry.npmjs.org/leven/-/leven-3.1.0.tgz 0ms (cache hit)
1980 http cache workbox-streams@https://registry.npmjs.org/workbox-streams/-/workbox-streams-6.6.0.tgz 0ms (cache hit)
1981 http cache workbox-strategies@https://registry.npmjs.org/workbox-strategies/-/workbox-strategies-6.6.0.tgz 0ms (cache hit)
1982 http cache workbox-recipes@https://registry.npmjs.org/workbox-recipes/-/workbox-recipes-6.6.0.tgz 0ms (cache hit)
1983 http cache workbox-precaching@https://registry.npmjs.org/workbox-precaching/-/workbox-precaching-6.6.0.tgz 0ms (cache hit)
1984 http cache workbox-range-requests@https://registry.npmjs.org/workbox-range-requests/-/workbox-range-requests-6.6.0.tgz 0ms (cache hit)
1985 http cache workbox-navigation-preload@https://registry.npmjs.org/workbox-navigation-preload/-/workbox-navigation-preload-6.6.0.tgz 0ms (cache hit)
1986 http cache workbox-google-analytics@https://registry.npmjs.org/workbox-google-analytics/-/workbox-google-analytics-6.6.0.tgz 0ms (cache hit)
1987 http cache workbox-expiration@https://registry.npmjs.org/workbox-expiration/-/workbox-expiration-6.6.0.tgz 0ms (cache hit)
1988 http cache workbox-routing@https://registry.npmjs.org/workbox-routing/-/workbox-routing-6.6.0.tgz 0ms (cache hit)
1989 http cache workbox-core@https://registry.npmjs.org/workbox-core/-/workbox-core-6.6.0.tgz 0ms (cache hit)
1990 http cache workbox-cacheable-response@https://registry.npmjs.org/workbox-cacheable-response/-/workbox-cacheable-response-6.6.0.tgz 0ms (cache hit)
1991 http cache workbox-broadcast-update@https://registry.npmjs.org/workbox-broadcast-update/-/workbox-broadcast-update-6.6.0.tgz 0ms (cache hit)
1992 http cache tempy@https://registry.npmjs.org/tempy/-/tempy-0.6.0.tgz 0ms (cache hit)
1993 http cache rollup-plugin-terser@https://registry.npmjs.org/rollup-plugin-terser/-/rollup-plugin-terser-7.0.2.tgz 0ms (cache hit)
1994 http cache workbox-background-sync@https://registry.npmjs.org/workbox-background-sync/-/workbox-background-sync-6.6.0.tgz 0ms (cache hit)
1995 http cache rollup@https://registry.npmjs.org/rollup/-/rollup-2.80.0.tgz 0ms (cache hit)
1996 http cache strip-comments@https://registry.npmjs.org/strip-comments/-/strip-comments-2.0.1.tgz 0ms (cache hit)
1997 http cache common-tags@https://registry.npmjs.org/common-tags/-/common-tags-1.8.2.tgz 0ms (cache hit)
1998 http cache @rollup/plugin-replace@https://registry.npmjs.org/@rollup/plugin-replace/-/plugin-replace-2.4.2.tgz 1ms (cache hit)
1999 http cache @surma/rollup-plugin-off-main-thread@https://registry.npmjs.org/@surma/rollup-plugin-off-main-thread/-/rollup-plugin-off-main-thread-2.2.3.tgz 0ms (cache hit)
2000 http cache stringify-object@https://registry.npmjs.org/stringify-object/-/stringify-object-3.3.0.tgz 0ms (cache hit)
2001 http cache @rollup/plugin-node-resolve@https://registry.npmjs.org/@rollup/plugin-node-resolve/-/plugin-node-resolve-11.2.1.tgz 0ms (cache hit)
2002 http cache @rollup/plugin-babel@https://registry.npmjs.org/@rollup/plugin-babel/-/plugin-babel-5.3.1.tgz 0ms (cache hit)
2003 http cache @babel/preset-env@https://registry.npmjs.org/@babel/preset-env/-/preset-env-7.29.7.tgz 0ms (cache hit)
2004 http cache @apideck/better-ajv-errors@https://registry.npmjs.org/@apideck/better-ajv-errors/-/better-ajv-errors-0.3.7.tgz 0ms (cache hit)
2005 http cache workbox-build@https://registry.npmjs.org/workbox-build/-/workbox-build-6.6.0.tgz 0ms (cache hit)
2006 http cache @babel/core@https://registry.npmjs.org/@babel/core/-/core-7.29.7.tgz 0ms (cache hit)
2007 http cache source-list-map@https://registry.npmjs.org/source-list-map/-/source-list-map-2.0.1.tgz 0ms (cache hit)
2008 http cache webpack-sources@https://registry.npmjs.org/webpack-sources/-/webpack-sources-1.4.3.tgz 0ms (cache hit)
2009 http cache upath@https://registry.npmjs.org/upath/-/upath-1.2.0.tgz 0ms (cache hit)
2010 http cache buffer-from@https://registry.npmjs.org/buffer-from/-/buffer-from-1.1.2.tgz 0ms (cache hit)
2011 http cache @jridgewell/source-map@https://registry.npmjs.org/@jridgewell/source-map/-/source-map-0.3.11.tgz 0ms (cache hit)
2012 http cache source-map-support@https://registry.npmjs.org/source-map-support/-/source-map-support-0.5.21.tgz 0ms (cache hit)
2013 http cache pretty-bytes@https://registry.npmjs.org/pretty-bytes/-/pretty-bytes-5.6.0.tgz 0ms (cache hit)
2014 http cache terser@https://registry.npmjs.org/terser/-/terser-5.51.2.tgz 0ms (cache hit)
2015 http cache merge-stream@https://registry.npmjs.org/merge-stream/-/merge-stream-2.0.0.tgz 0ms (cache hit)
2016 http cache jest-worker@https://registry.npmjs.org/jest-worker/-/jest-worker-27.5.1.tgz 0ms (cache hit)
2017 http cache ajv-keywords@https://registry.npmjs.org/ajv-keywords/-/ajv-keywords-3.5.2.tgz 0ms (cache hit)
2018 http cache @react-leaflet/core@https://registry.npmjs.org/@react-leaflet/core/-/core-3.0.0.tgz 0ms (cache hit)
2019 http cache path-exists@https://registry.npmjs.org/path-exists/-/path-exists-4.0.0.tgz 0ms (cache hit)
2020 http cache p-locate@https://registry.npmjs.org/p-locate/-/p-locate-4.1.0.tgz 0ms (cache hit)
2021 http cache big.js@https://registry.npmjs.org/big.js/-/big.js-5.2.2.tgz 0ms (cache hit)
2022 http cache locate-path@https://registry.npmjs.org/locate-path/-/locate-path-5.0.0.tgz 0ms (cache hit)
2023 http cache path-is-inside@https://registry.npmjs.org/path-is-inside/-/path-is-inside-1.0.2.tgz 0ms (cache hit)
2024 http cache find-up@https://registry.npmjs.org/find-up/-/find-up-4.1.0.tgz 0ms (cache hit)
2025 http cache emojis-list@https://registry.npmjs.org/emojis-list/-/emojis-list-3.0.0.tgz 0ms (cache hit)
2026 http cache is-path-inside@https://registry.npmjs.org/is-path-inside/-/is-path-inside-2.1.0.tgz 0ms (cache hit)
2027 http cache path-type@https://registry.npmjs.org/path-type/-/path-type-4.0.0.tgz 0ms (cache hit)
2028 http cache @types/minimatch@https://registry.npmjs.org/@types/minimatch/-/minimatch-5.1.2.tgz 0ms (cache hit)
2029 http cache ignore@https://registry.npmjs.org/ignore/-/ignore-5.3.2.tgz 0ms (cache hit)
2030 http cache array-union@https://registry.npmjs.org/array-union/-/array-union-2.1.0.tgz 0ms (cache hit)
2031 http cache dir-glob@https://registry.npmjs.org/dir-glob/-/dir-glob-3.0.1.tgz 0ms (cache hit)
2032 http cache pkg-dir@https://registry.npmjs.org/pkg-dir/-/pkg-dir-4.2.0.tgz 0ms (cache hit)
2033 http cache commondir@https://registry.npmjs.org/commondir/-/commondir-1.0.1.tgz 0ms (cache hit)
2034 http cache is-path-in-cwd@https://registry.npmjs.org/is-path-in-cwd/-/is-path-in-cwd-2.1.0.tgz 0ms (cache hit)
2035 http cache p-map@https://registry.npmjs.org/p-map/-/p-map-2.1.0.tgz 0ms (cache hit)
2036 http cache is-path-cwd@https://registry.npmjs.org/is-path-cwd/-/is-path-cwd-2.2.0.tgz 0ms (cache hit)
2037 http cache @types/glob@https://registry.npmjs.org/@types/glob/-/glob-7.2.0.tgz 0ms (cache hit)
2038 http cache del@https://registry.npmjs.org/del/-/del-4.1.1.tgz 0ms (cache hit)
2039 http cache schema-utils@https://registry.npmjs.org/schema-utils/-/schema-utils-2.7.1.tgz 0ms (cache hit)
2040 http cache loader-utils@https://registry.npmjs.org/loader-utils/-/loader-utils-2.0.4.tgz 0ms (cache hit)
2041 http cache workbox-webpack-plugin@https://registry.npmjs.org/workbox-webpack-plugin/-/workbox-webpack-plugin-6.6.0.tgz 0ms (cache hit)
2042 http cache find-cache-dir@https://registry.npmjs.org/find-cache-dir/-/find-cache-dir-3.3.2.tgz 0ms (cache hit)
2043 http cache workbox-window@https://registry.npmjs.org/workbox-window/-/workbox-window-6.6.0.tgz 0ms (cache hit)
2044 http cache terser-webpack-plugin@https://registry.npmjs.org/terser-webpack-plugin/-/terser-webpack-plugin-5.6.1.tgz 0ms (cache hit)
2045 http cache globby@https://registry.npmjs.org/globby/-/globby-11.1.0.tgz 0ms (cache hit)
2046 http cache @types/geojson@https://registry.npmjs.org/@types/geojson/-/geojson-7946.0.16.tgz 0ms (cache hit)
2047 http cache babel-loader@https://registry.npmjs.org/babel-loader/-/babel-loader-8.4.1.tgz 0ms (cache hit)
2048 http cache clean-webpack-plugin@https://registry.npmjs.org/clean-webpack-plugin/-/clean-webpack-plugin-4.0.0.tgz 0ms (cache hit)
2049 http cache @types/leaflet@https://registry.npmjs.org/@types/leaflet/-/leaflet-1.9.22.tgz 0ms (cache hit)
2050 http cache leaflet@https://registry.npmjs.org/leaflet/-/leaflet-1.9.4.tgz 0ms (cache hit)
2051 http cache side-channel@https://registry.npmjs.org/side-channel/-/side-channel-1.1.1.tgz 0ms (cache hit)
2052 http cache react-leaflet@https://registry.npmjs.org/react-leaflet/-/react-leaflet-5.0.0.tgz 0ms (cache hit)
2053 http cache next-pwa@https://registry.npmjs.org/next-pwa/-/next-pwa-5.6.0.tgz 0ms (cache hit)
2054 http cache @jridgewell/trace-mapping@https://registry.npmjs.org/@jridgewell/trace-mapping/-/trace-mapping-0.3.31.tgz 0ms (cache hit)
2055 http cache @jridgewell/gen-mapping@https://registry.npmjs.org/@jridgewell/gen-mapping/-/gen-mapping-0.3.13.tgz 0ms (cache hit)
2056 http cache resolve@https://registry.npmjs.org/resolve/-/resolve-1.22.12.tgz 0ms (cache hit)
2057 http cache hasown@https://registry.npmjs.org/hasown/-/hasown-2.0.4.tgz 0ms (cache hit)
2058 http cache get-intrinsic@https://registry.npmjs.org/get-intrinsic/-/get-intrinsic-1.3.0.tgz 0ms (cache hit)
2059 http cache side-channel-list@https://registry.npmjs.org/side-channel-list/-/side-channel-list-1.0.1.tgz 0ms (cache hit)
2060 http cache caniuse-lite@https://registry.npmjs.org/caniuse-lite/-/caniuse-lite-1.0.30001810.tgz 0ms (cache hit)
2061 http cache call-bind-apply-helpers@https://registry.npmjs.org/call-bind-apply-helpers/-/call-bind-apply-helpers-1.0.2.tgz 0ms (cache hit)
2062 http cache es-object-atoms@https://registry.npmjs.org/es-object-atoms/-/es-object-atoms-1.1.2.tgz 0ms (cache hit)
2063 http cache call-bound@https://registry.npmjs.org/call-bound/-/call-bound-1.0.4.tgz 0ms (cache hit)
2064 http cache call-bind@https://registry.npmjs.org/call-bind/-/call-bind-1.0.9.tgz 0ms (cache hit)
2065 http cache minimatch@https://registry.npmjs.org/minimatch/-/minimatch-5.1.9.tgz 0ms (cache hit)
2066 http cache ms@https://registry.npmjs.org/ms/-/ms-2.1.3.tgz 0ms (cache hit)
2067 http cache semver@https://registry.npmjs.org/semver/-/semver-6.3.1.tgz 0ms (cache hit)
2068 http cache debug@https://registry.npmjs.org/debug/-/debug-4.4.3.tgz 0ms (cache hit)
2069 http cache yallist@https://registry.npmjs.org/yallist/-/yallist-3.1.1.tgz 0ms (cache hit)
2070 http cache semver@https://registry.npmjs.org/semver/-/semver-6.3.1.tgz 0ms (cache hit)
2071 http cache semver@https://registry.npmjs.org/semver/-/semver-6.3.1.tgz 0ms (cache hit)
2072 http cache ms@https://registry.npmjs.org/ms/-/ms-2.1.3.tgz 0ms (cache hit)
2073 http cache debug@https://registry.npmjs.org/debug/-/debug-4.4.3.tgz 0ms (cache hit)
2074 http cache semver@https://registry.npmjs.org/semver/-/semver-6.3.1.tgz 0ms (cache hit)
2075 http cache lru-cache@https://registry.npmjs.org/lru-cache/-/lru-cache-5.1.1.tgz 0ms (cache hit)
2076 http cache is-obj@https://registry.npmjs.org/is-obj/-/is-obj-1.0.1.tgz 0ms (cache hit)
2077 http cache jest-worker@https://registry.npmjs.org/jest-worker/-/jest-worker-26.6.2.tgz 0ms (cache hit)
2078 http cache brace-expansion@https://registry.npmjs.org/brace-expansion/-/brace-expansion-1.1.18.tgz 0ms (cache hit)
2079 http cache semver@https://registry.npmjs.org/semver/-/semver-6.3.1.tgz 0ms (cache hit)
2080 http cache semver@https://registry.npmjs.org/semver/-/semver-6.3.1.tgz 0ms (cache hit)
2081 http cache commander@https://registry.npmjs.org/commander/-/commander-2.20.3.tgz 0ms (cache hit)
2082 http cache ms@https://registry.npmjs.org/ms/-/ms-2.1.3.tgz 0ms (cache hit)
2083 http cache source-map@https://registry.npmjs.org/source-map/-/source-map-0.8.0.tgz 0ms (cache hit)
2084 http cache supports-color@https://registry.npmjs.org/supports-color/-/supports-color-8.1.1.tgz 0ms (cache hit)
2085 http cache debug@https://registry.npmjs.org/debug/-/debug-4.4.3.tgz 0ms (cache hit)
2086 http cache brace-expansion@https://registry.npmjs.org/brace-expansion/-/brace-expansion-1.1.18.tgz 0ms (cache hit)
2087 http cache minimatch@https://registry.npmjs.org/minimatch/-/minimatch-3.1.5.tgz 0ms (cache hit)
2088 http cache minimatch@https://registry.npmjs.org/minimatch/-/minimatch-3.1.5.tgz 0ms (cache hit)
2089 http cache glob@https://registry.npmjs.org/glob/-/glob-7.2.3.tgz 0ms (cache hit)
2090 http cache p-limit@https://registry.npmjs.org/p-limit/-/p-limit-2.3.0.tgz 0ms (cache hit)
2091 http cache glob@https://registry.npmjs.org/glob/-/glob-7.2.3.tgz 0ms (cache hit)
2092 http cache array-union@https://registry.npmjs.org/array-union/-/array-union-1.0.2.tgz 0ms (cache hit)
2093 http cache pify@https://registry.npmjs.org/pify/-/pify-4.0.1.tgz 0ms (cache hit)
2094 http cache ajv-formats@https://registry.npmjs.org/ajv-formats/-/ajv-formats-2.1.1.tgz 0ms (cache hit)
2095 http cache pify@https://registry.npmjs.org/pify/-/pify-2.3.0.tgz 0ms (cache hit)
2096 http cache globby@https://registry.npmjs.org/globby/-/globby-6.1.0.tgz 0ms (cache hit)
2097 http cache ajv@https://registry.npmjs.org/ajv/-/ajv-6.15.0.tgz 1ms (cache hit)
2098 http cache json-schema-traverse@https://registry.npmjs.org/json-schema-traverse/-/json-schema-traverse-0.4.1.tgz 0ms (cache hit)
2099 silly tarball no local data for p-try@https://registry.npmjs.org/p-try/-/p-try-2.2.0.tgz. Extracting by manifest.
2100 http cache schema-utils@https://registry.npmjs.org/schema-utils/-/schema-utils-4.3.3.tgz 0ms (cache hit)
2101 http cache slash@https://registry.npmjs.org/slash/-/slash-3.0.0.tgz 0ms (cache hit)
2102 http cache ajv-keywords@https://registry.npmjs.org/ajv-keywords/-/ajv-keywords-5.1.0.tgz 0ms (cache hit)
2103 silly tarball no local data for array-uniq@https://registry.npmjs.org/array-uniq/-/array-uniq-1.0.3.tgz. Extracting by manifest.
2104 silly tarball no local data for pinkie@https://registry.npmjs.org/pinkie/-/pinkie-2.0.4.tgz. Extracting by manifest.
2105 silly tarball no local data for @types/trusted-types@https://registry.npmjs.org/@types/trusted-types/-/trusted-types-2.0.7.tgz. Extracting by manifest.
2106 silly tarball no local data for pinkie-promise@https://registry.npmjs.org/pinkie-promise/-/pinkie-promise-2.0.1.tgz. Extracting by manifest.
2107 silly tarball no local data for is-weakset@https://registry.npmjs.org/is-weakset/-/is-weakset-2.0.4.tgz. Extracting by manifest.
2108 silly tarball no local data for is-weakmap@https://registry.npmjs.org/is-weakmap/-/is-weakmap-2.0.2.tgz. Extracting by manifest.
2109 silly tarball no local data for is-map@https://registry.npmjs.org/is-map/-/is-map-2.0.3.tgz. Extracting by manifest.
2110 silly tarball no local data for async-function@https://registry.npmjs.org/async-function/-/async-function-1.0.0.tgz. Extracting by manifest.
2111 silly tarball no local data for which-collection@https://registry.npmjs.org/which-collection/-/which-collection-1.0.2.tgz. Extracting by manifest.
2112 silly tarball no local data for generator-function@https://registry.npmjs.org/generator-function/-/generator-function-2.0.1.tgz. Extracting by manifest.
2113 silly tarball no local data for is-async-function@https://registry.npmjs.org/is-async-function/-/is-async-function-2.1.1.tgz. Extracting by manifest.
2114 silly tarball no local data for is-finalizationregistry@https://registry.npmjs.org/is-finalizationregistry/-/is-finalizationregistry-1.1.1.tgz. Extracting by manifest.
2115 silly tarball no local data for is-generator-function@https://registry.npmjs.org/is-generator-function/-/is-generator-function-1.1.2.tgz. Extracting by manifest.
2116 silly tarball no local data for is-boolean-object@https://registry.npmjs.org/is-boolean-object/-/is-boolean-object-1.2.2.tgz. Extracting by manifest.
2117 silly tarball no local data for is-number-object@https://registry.npmjs.org/is-number-object/-/is-number-object-1.1.1.tgz. Extracting by manifest.
2118 silly tarball no local data for unicode-canonical-property-names-ecmascript@https://registry.npmjs.org/unicode-canonical-property-names-ecmascript/-/unicode-canonical-property-names-ecmascript-2.0.1.tgz. Extracting by manifest.
2119 silly tarball no local data for is-bigint@https://registry.npmjs.org/is-bigint/-/is-bigint-1.1.0.tgz. Extracting by manifest.
2120 silly tarball no local data for unicode-property-aliases-ecmascript@https://registry.npmjs.org/unicode-property-aliases-ecmascript/-/unicode-property-aliases-ecmascript-2.2.0.tgz. Extracting by manifest.
2121 silly tarball no local data for has-bigints@https://registry.npmjs.org/has-bigints/-/has-bigints-1.1.0.tgz. Extracting by manifest.
2122 silly tarball no local data for which-boxed-primitive@https://registry.npmjs.org/which-boxed-primitive/-/which-boxed-primitive-1.1.1.tgz. Extracting by manifest.
2123 silly tarball no local data for reflect.getprototypeof@https://registry.npmjs.org/reflect.getprototypeof/-/reflect.getprototypeof-1.0.10.tgz. Extracting by manifest.
2124 silly tarball no local data for which-builtin-type@https://registry.npmjs.org/which-builtin-type/-/which-builtin-type-1.2.1.tgz. Extracting by manifest.
2125 silly tarball no local data for for-each@https://registry.npmjs.org/for-each/-/for-each-0.3.5.tgz. Extracting by manifest.
2126 silly tarball no local data for temp-dir@https://registry.npmjs.org/temp-dir/-/temp-dir-2.0.0.tgz. Extracting by manifest.
2127 silly tarball no local data for type-fest@https://registry.npmjs.org/type-fest/-/type-fest-0.16.0.tgz. Extracting by manifest.
2128 silly tarball no local data for is-regexp@https://registry.npmjs.org/is-regexp/-/is-regexp-1.0.0.tgz. Extracting by manifest.
2129 silly tarball no local data for is-document.all@https://registry.npmjs.org/is-document.all/-/is-document.all-1.0.0.tgz. Extracting by manifest.
2130 silly tarball no local data for get-own-enumerable-property-symbols@https://registry.npmjs.org/get-own-enumerable-property-symbols/-/get-own-enumerable-property-symbols-3.0.2.tgz. Extracting by manifest.
2131 silly tarball no local data for is-symbol@https://registry.npmjs.org/is-symbol/-/is-symbol-1.1.1.tgz. Extracting by manifest.
2132 silly tarball no local data for functions-have-names@https://registry.npmjs.org/functions-have-names/-/functions-have-names-1.2.3.tgz. Extracting by manifest.
2133 silly tarball no local data for is-date-object@https://registry.npmjs.org/is-date-object/-/is-date-object-1.1.0.tgz. Extracting by manifest.
2134 silly tarball no local data for possible-typed-array-names@https://registry.npmjs.org/possible-typed-array-names/-/possible-typed-array-names-1.1.0.tgz. Extracting by manifest.
2135 silly tarball no local data for unbox-primitive@https://registry.npmjs.org/unbox-primitive/-/unbox-primitive-1.1.0.tgz. Extracting by manifest.
2136 silly tarball no local data for es-abstract-get@https://registry.npmjs.org/es-abstract-get/-/es-abstract-get-1.0.0.tgz. Extracting by manifest.
2137 silly tarball no local data for typed-array-byte-offset@https://registry.npmjs.org/typed-array-byte-offset/-/typed-array-byte-offset-1.0.4.tgz. Extracting by manifest.
2138 silly tarball no local data for which-typed-array@https://registry.npmjs.org/which-typed-array/-/which-typed-array-1.1.22.tgz. Extracting by manifest.
2139 silly tarball no local data for typed-array-length@https://registry.npmjs.org/typed-array-length/-/typed-array-length-1.0.8.tgz. Extracting by manifest.
2140 silly tarball no local data for typed-array-buffer@https://registry.npmjs.org/typed-array-buffer/-/typed-array-buffer-1.0.3.tgz. Extracting by manifest.
2141 silly tarball no local data for typed-array-byte-length@https://registry.npmjs.org/typed-array-byte-length/-/typed-array-byte-length-1.0.3.tgz. Extracting by manifest.
2142 silly tarball no local data for string.prototype.trimend@https://registry.npmjs.org/string.prototype.trimend/-/string.prototype.trimend-1.0.10.tgz. Extracting by manifest.
2143 silly tarball no local data for string.prototype.trimstart@https://registry.npmjs.org/string.prototype.trimstart/-/string.prototype.trimstart-1.0.8.tgz. Extracting by manifest.
2144 silly tarball no local data for string.prototype.trim@https://registry.npmjs.org/string.prototype.trim/-/string.prototype.trim-1.2.11.tgz. Extracting by manifest.
2145 silly tarball no local data for set-proto@https://registry.npmjs.org/set-proto/-/set-proto-1.0.0.tgz. Extracting by manifest.
2146 silly tarball no local data for stop-iteration-iterator@https://registry.npmjs.org/stop-iteration-iterator/-/stop-iteration-iterator-1.1.0.tgz. Extracting by manifest.
2147 silly tarball no local data for safe-push-apply@https://registry.npmjs.org/safe-push-apply/-/safe-push-apply-1.0.0.tgz. Extracting by manifest.
2148 silly tarball no local data for safe-regex-test@https://registry.npmjs.org/safe-regex-test/-/safe-regex-test-1.1.0.tgz. Extracting by manifest.
2149 silly tarball no local data for safe-array-concat@https://registry.npmjs.org/safe-array-concat/-/safe-array-concat-1.1.4.tgz. Extracting by manifest.
2150 silly tarball no local data for object.assign@https://registry.npmjs.org/object.assign/-/object.assign-4.1.7.tgz. Extracting by manifest.
2151 silly tarball no local data for own-keys@https://registry.npmjs.org/own-keys/-/own-keys-1.0.2.tgz. Extracting by manifest.
2152 silly tarball no local data for is-typed-array@https://registry.npmjs.org/is-typed-array/-/is-typed-array-1.1.15.tgz. Extracting by manifest.
2153 silly tarball no local data for is-weakref@https://registry.npmjs.org/is-weakref/-/is-weakref-1.1.1.tgz. Extracting by manifest.
2154 silly tarball no local data for is-string@https://registry.npmjs.org/is-string/-/is-string-1.1.1.tgz. Extracting by manifest.
2155 silly tarball no local data for is-set@https://registry.npmjs.org/is-set/-/is-set-2.0.3.tgz. Extracting by manifest.
2156 silly tarball no local data for is-negative-zero@https://registry.npmjs.org/is-negative-zero/-/is-negative-zero-2.0.3.tgz. Extracting by manifest.
2157 silly tarball no local data for is-shared-array-buffer@https://registry.npmjs.org/is-shared-array-buffer/-/is-shared-array-buffer-1.0.4.tgz. Extracting by manifest.
2158 silly tarball no local data for is-data-view@https://registry.npmjs.org/is-data-view/-/is-data-view-1.0.2.tgz. Extracting by manifest.
2159 silly tarball no local data for is-callable@https://registry.npmjs.org/is-callable/-/is-callable-1.2.7.tgz. Extracting by manifest.
2160 silly tarball no local data for is-regex@https://registry.npmjs.org/is-regex/-/is-regex-1.2.1.tgz. Extracting by manifest.
2161 silly tarball no local data for has-proto@https://registry.npmjs.org/has-proto/-/has-proto-1.2.0.tgz. Extracting by manifest.
2162 silly tarball no local data for is-array-buffer@https://registry.npmjs.org/is-array-buffer/-/is-array-buffer-3.0.5.tgz. Extracting by manifest.
2163 silly tarball no local data for get-symbol-description@https://registry.npmjs.org/get-symbol-description/-/get-symbol-description-1.1.0.tgz. Extracting by manifest.
2164 silly tarball no local data for function.prototype.name@https://registry.npmjs.org/function.prototype.name/-/function.prototype.name-1.2.0.tgz. Extracting by manifest.
2165 silly tarball no local data for es-to-primitive@https://registry.npmjs.org/es-to-primitive/-/es-to-primitive-1.3.4.tgz. Extracting by manifest.
2166 silly tarball no local data for data-view-byte-offset@https://registry.npmjs.org/data-view-byte-offset/-/data-view-byte-offset-1.0.1.tgz. Extracting by manifest.
2167 silly tarball no local data for globalthis@https://registry.npmjs.org/globalthis/-/globalthis-1.0.4.tgz. Extracting by manifest.
2168 silly tarball no local data for data-view-byte-length@https://registry.npmjs.org/data-view-byte-length/-/data-view-byte-length-1.0.2.tgz. Extracting by manifest.
2169 silly tarball no local data for data-view-buffer@https://registry.npmjs.org/data-view-buffer/-/data-view-buffer-1.0.2.tgz. Extracting by manifest.
2170 silly tarball no local data for available-typed-arrays@https://registry.npmjs.org/available-typed-arrays/-/available-typed-arrays-1.0.7.tgz. Extracting by manifest.
2171 silly tarball no local data for set-function-name@https://registry.npmjs.org/set-function-name/-/set-function-name-2.0.2.tgz. Extracting by manifest.
2172 silly tarball no local data for array-buffer-byte-length@https://registry.npmjs.org/array-buffer-byte-length/-/array-buffer-byte-length-1.0.2.tgz. Extracting by manifest.
2173 silly tarball no local data for regexp.prototype.flags@https://registry.npmjs.org/regexp.prototype.flags/-/regexp.prototype.flags-1.5.4.tgz. Extracting by manifest.
2174 silly tarball no local data for arraybuffer.prototype.slice@https://registry.npmjs.org/arraybuffer.prototype.slice/-/arraybuffer.prototype.slice-1.0.4.tgz. Extracting by manifest.
2175 silly tarball no local data for internal-slot@https://registry.npmjs.org/internal-slot/-/internal-slot-1.1.0.tgz. Extracting by manifest.
2176 silly tarball no local data for define-properties@https://registry.npmjs.org/define-properties/-/define-properties-1.2.1.tgz. Extracting by manifest.
2177 silly tarball no local data for es-abstract@https://registry.npmjs.org/es-abstract/-/es-abstract-1.24.2.tgz. Extracting by manifest.
2178 silly tarball no local data for unicode-match-property-value-ecmascript@https://registry.npmjs.org/unicode-match-property-value-ecmascript/-/unicode-match-property-value-ecmascript-2.2.1.tgz. Extracting by manifest.
2179 silly tarball no local data for randombytes@https://registry.npmjs.org/randombytes/-/randombytes-2.1.0.tgz. Extracting by manifest.
2180 silly tarball no local data for serialize-javascript@https://registry.npmjs.org/serialize-javascript/-/serialize-javascript-4.0.0.tgz. Extracting by manifest.
2181 silly tarball no local data for unicode-match-property-ecmascript@https://registry.npmjs.org/unicode-match-property-ecmascript/-/unicode-match-property-ecmascript-2.0.0.tgz. Extracting by manifest.
2182 silly tarball no local data for regjsparser@https://registry.npmjs.org/regjsparser/-/regjsparser-0.13.2.tgz. Extracting by manifest.
2183 silly tarball no local data for regenerate-unicode-properties@https://registry.npmjs.org/regenerate-unicode-properties/-/regenerate-unicode-properties-10.2.2.tgz. Extracting by manifest.
2184 silly tarball no local data for regenerate@https://registry.npmjs.org/regenerate/-/regenerate-1.4.2.tgz. Extracting by manifest.
2185 silly tarball no local data for sourcemap-codec@https://registry.npmjs.org/sourcemap-codec/-/sourcemap-codec-1.4.8.tgz. Extracting by manifest.
2186 silly tarball no local data for regjsgen@https://registry.npmjs.org/regjsgen/-/regjsgen-0.8.0.tgz. Extracting by manifest.
2187 silly tarball no local data for filelist@https://registry.npmjs.org/filelist/-/filelist-1.0.6.tgz. Extracting by manifest.
2188 silly tarball no local data for update-browserslist-db@https://registry.npmjs.org/update-browserslist-db/-/update-browserslist-db-1.3.2.tgz. Extracting by manifest.
2189 silly tarball no local data for node-releases@https://registry.npmjs.org/node-releases/-/node-releases-2.0.54.tgz. Extracting by manifest.
2190 silly tarball no local data for jake@https://registry.npmjs.org/jake/-/jake-10.9.4.tgz. Extracting by manifest.
2191 silly tarball no local data for baseline-browser-mapping@https://registry.npmjs.org/baseline-browser-mapping/-/baseline-browser-mapping-2.11.21.tgz. Extracting by manifest.
2192 silly tarball no local data for electron-to-chromium@https://registry.npmjs.org/electron-to-chromium/-/electron-to-chromium-1.5.422.tgz. Extracting by manifest.
2193 silly tarball no local data for lodash.debounce@https://registry.npmjs.org/lodash.debounce/-/lodash.debounce-4.0.8.tgz. Extracting by manifest.
2194 silly tarball no local data for @babel/helper-define-polyfill-provider@https://registry.npmjs.org/@babel/helper-define-polyfill-provider/-/helper-define-polyfill-provider-0.6.8.tgz. Extracting by manifest.
2195 silly tarball no local data for ejs@https://registry.npmjs.org/ejs/-/ejs-3.1.10.tgz. Extracting by manifest.
2196 silly tarball no local data for string.prototype.matchall@https://registry.npmjs.org/string.prototype.matchall/-/string.prototype.matchall-4.1.0.tgz. Extracting by manifest.
2197 silly tarball no local data for @types/estree@https://registry.npmjs.org/@types/estree/-/estree-0.0.39.tgz. Extracting by manifest.
2198 silly tarball no local data for @types/resolve@https://registry.npmjs.org/@types/resolve/-/resolve-1.17.1.tgz. Extracting by manifest.
2199 silly tarball no local data for magic-string@https://registry.npmjs.org/magic-string/-/magic-string-0.25.9.tgz. Extracting by manifest.
2200 silly tarball no local data for estree-walker@https://registry.npmjs.org/estree-walker/-/estree-walker-1.0.1.tgz. Extracting by manifest.
2201 silly tarball no local data for is-module@https://registry.npmjs.org/is-module/-/is-module-1.0.0.tgz. Extracting by manifest.
2202 silly tarball no local data for @babel/helper-string-parser@https://registry.npmjs.org/@babel/helper-string-parser/-/helper-string-parser-7.29.7.tgz. Extracting by manifest.
2203 silly tarball no local data for builtin-modules@https://registry.npmjs.org/builtin-modules/-/builtin-modules-3.3.0.tgz. Extracting by manifest.
2204 silly tarball no local data for @rollup/pluginutils@https://registry.npmjs.org/@rollup/pluginutils/-/pluginutils-3.1.0.tgz. Extracting by manifest.
2205 silly tarball no local data for esutils@https://registry.npmjs.org/esutils/-/esutils-2.0.3.tgz. Extracting by manifest.
2206 silly tarball no local data for deepmerge@https://registry.npmjs.org/deepmerge/-/deepmerge-4.3.1.tgz. Extracting by manifest.
2207 silly tarball no local data for @babel/helper-optimise-call-expression@https://registry.npmjs.org/@babel/helper-optimise-call-expression/-/helper-optimise-call-expression-7.29.7.tgz. Extracting by manifest.
2208 silly tarball no local data for @babel/helper-globals@https://registry.npmjs.org/@babel/helper-globals/-/helper-globals-7.29.7.tgz. Extracting by manifest.
2209 silly tarball no local data for @babel/helper-replace-supers@https://registry.npmjs.org/@babel/helper-replace-supers/-/helper-replace-supers-7.29.7.tgz. Extracting by manifest.
2210 silly tarball no local data for @babel/helper-member-expression-to-functions@https://registry.npmjs.org/@babel/helper-member-expression-to-functions/-/helper-member-expression-to-functions-7.29.7.tgz. Extracting by manifest.
2211 silly tarball no local data for regexpu-core@https://registry.npmjs.org/regexpu-core/-/regexpu-core-6.4.0.tgz. Extracting by manifest.
2212 silly tarball no local data for @babel/helper-create-class-features-plugin@https://registry.npmjs.org/@babel/helper-create-class-features-plugin/-/helper-create-class-features-plugin-7.29.7.tgz. Extracting by manifest.
2213 silly tarball no local data for @babel/helper-annotate-as-pure@https://registry.npmjs.org/@babel/helper-annotate-as-pure/-/helper-annotate-as-pure-7.29.7.tgz. Extracting by manifest.
2214 silly tarball no local data for @babel/helper-wrap-function@https://registry.npmjs.org/@babel/helper-wrap-function/-/helper-wrap-function-7.29.7.tgz. Extracting by manifest.
2215 silly tarball no local data for @babel/helper-create-regexp-features-plugin@https://registry.npmjs.org/@babel/helper-create-regexp-features-plugin/-/helper-create-regexp-features-plugin-7.29.7.tgz. Extracting by manifest.
2216 silly tarball no local data for @babel/helper-skip-transparent-expression-wrappers@https://registry.npmjs.org/@babel/helper-skip-transparent-expression-wrappers/-/helper-skip-transparent-expression-wrappers-7.29.7.tgz. Extracting by manifest.
2217 silly tarball no local data for core-js-compat@https://registry.npmjs.org/core-js-compat/-/core-js-compat-3.50.0.tgz. Extracting by manifest.
2218 silly tarball no local data for @babel/helper-remap-async-to-generator@https://registry.npmjs.org/@babel/helper-remap-async-to-generator/-/helper-remap-async-to-generator-7.29.7.tgz. Extracting by manifest.
2219 silly tarball no local data for babel-plugin-polyfill-corejs3@https://registry.npmjs.org/babel-plugin-polyfill-corejs3/-/babel-plugin-polyfill-corejs3-0.14.2.tgz. Extracting by manifest.
2220 silly tarball no local data for babel-plugin-polyfill-regenerator@https://registry.npmjs.org/babel-plugin-polyfill-regenerator/-/babel-plugin-polyfill-regenerator-0.6.8.tgz. Extracting by manifest.
2221 silly tarball no local data for @babel/plugin-transform-unicode-sets-regex@https://registry.npmjs.org/@babel/plugin-transform-unicode-sets-regex/-/plugin-transform-unicode-sets-regex-7.29.7.tgz. Extracting by manifest.
2222 silly tarball no local data for @babel/preset-modules@https://registry.npmjs.org/@babel/preset-modules/-/preset-modules-0.1.6-no-external-plugins.tgz. Extracting by manifest.
2223 silly tarball no local data for babel-plugin-polyfill-corejs2@https://registry.npmjs.org/babel-plugin-polyfill-corejs2/-/babel-plugin-polyfill-corejs2-0.4.17.tgz. Extracting by manifest.
2224 silly tarball no local data for @babel/plugin-transform-unicode-regex@https://registry.npmjs.org/@babel/plugin-transform-unicode-regex/-/plugin-transform-unicode-regex-7.29.7.tgz. Extracting by manifest.
2225 silly tarball no local data for @babel/plugin-transform-unicode-property-regex@https://registry.npmjs.org/@babel/plugin-transform-unicode-property-regex/-/plugin-transform-unicode-property-regex-7.29.7.tgz. Extracting by manifest.
2226 silly tarball no local data for @babel/plugin-transform-unicode-escapes@https://registry.npmjs.org/@babel/plugin-transform-unicode-escapes/-/plugin-transform-unicode-escapes-7.29.7.tgz. Extracting by manifest.
2227 silly tarball no local data for @babel/plugin-transform-template-literals@https://registry.npmjs.org/@babel/plugin-transform-template-literals/-/plugin-transform-template-literals-7.29.7.tgz. Extracting by manifest.
2228 silly tarball no local data for @babel/plugin-transform-sticky-regex@https://registry.npmjs.org/@babel/plugin-transform-sticky-regex/-/plugin-transform-sticky-regex-7.29.7.tgz. Extracting by manifest.
2229 silly tarball no local data for @babel/plugin-transform-typeof-symbol@https://registry.npmjs.org/@babel/plugin-transform-typeof-symbol/-/plugin-transform-typeof-symbol-7.29.7.tgz. Extracting by manifest.
2230 silly tarball no local data for @babel/plugin-transform-shorthand-properties@https://registry.npmjs.org/@babel/plugin-transform-shorthand-properties/-/plugin-transform-shorthand-properties-7.29.7.tgz. Extracting by manifest.
2231 silly tarball no local data for @babel/plugin-transform-reserved-words@https://registry.npmjs.org/@babel/plugin-transform-reserved-words/-/plugin-transform-reserved-words-7.29.7.tgz. Extracting by manifest.
2232 silly tarball no local data for @babel/plugin-transform-spread@https://registry.npmjs.org/@babel/plugin-transform-spread/-/plugin-transform-spread-7.29.8.tgz. Extracting by manifest.
2233 silly tarball no local data for @babel/plugin-transform-property-literals@https://registry.npmjs.org/@babel/plugin-transform-property-literals/-/plugin-transform-property-literals-7.29.7.tgz. Extracting by manifest.
2234 silly tarball no local data for @babel/plugin-transform-regexp-modifiers@https://registry.npmjs.org/@babel/plugin-transform-regexp-modifiers/-/plugin-transform-regexp-modifiers-7.29.7.tgz. Extracting by manifest.
2235 silly tarball no local data for @babel/plugin-transform-regenerator@https://registry.npmjs.org/@babel/plugin-transform-regenerator/-/plugin-transform-regenerator-7.29.8.tgz. Extracting by manifest.
2236 silly tarball no local data for @babel/plugin-transform-optional-chaining@https://registry.npmjs.org/@babel/plugin-transform-optional-chaining/-/plugin-transform-optional-chaining-7.29.7.tgz. Extracting by manifest.
2237 silly tarball no local data for @babel/plugin-transform-private-property-in-object@https://registry.npmjs.org/@babel/plugin-transform-private-property-in-object/-/plugin-transform-private-property-in-object-7.29.7.tgz. Extracting by manifest.
2238 silly tarball no local data for @babel/plugin-transform-parameters@https://registry.npmjs.org/@babel/plugin-transform-parameters/-/plugin-transform-parameters-7.29.7.tgz. Extracting by manifest.
2239 silly tarball no local data for @babel/plugin-transform-private-methods@https://registry.npmjs.org/@babel/plugin-transform-private-methods/-/plugin-transform-private-methods-7.29.7.tgz. Extracting by manifest.
2240 silly tarball no local data for @babel/plugin-transform-optional-catch-binding@https://registry.npmjs.org/@babel/plugin-transform-optional-catch-binding/-/plugin-transform-optional-catch-binding-7.29.7.tgz. Extracting by manifest.
2241 silly tarball no local data for @babel/plugin-transform-object-super@https://registry.npmjs.org/@babel/plugin-transform-object-super/-/plugin-transform-object-super-7.29.7.tgz. Extracting by manifest.
2242 silly tarball no local data for @babel/plugin-transform-nullish-coalescing-operator@https://registry.npmjs.org/@babel/plugin-transform-nullish-coalescing-operator/-/plugin-transform-nullish-coalescing-operator-7.29.7.tgz. Extracting by manifest.
2243 silly tarball no local data for @babel/plugin-transform-numeric-separator@https://registry.npmjs.org/@babel/plugin-transform-numeric-separator/-/plugin-transform-numeric-separator-7.29.7.tgz. Extracting by manifest.
2244 silly tarball no local data for @babel/plugin-transform-named-capturing-groups-regex@https://registry.npmjs.org/@babel/plugin-transform-named-capturing-groups-regex/-/plugin-transform-named-capturing-groups-regex-7.29.7.tgz. Extracting by manifest.
2245 silly tarball no local data for @babel/plugin-transform-modules-umd@https://registry.npmjs.org/@babel/plugin-transform-modules-umd/-/plugin-transform-modules-umd-7.29.7.tgz. Extracting by manifest.
2246 silly tarball no local data for @babel/plugin-transform-new-target@https://registry.npmjs.org/@babel/plugin-transform-new-target/-/plugin-transform-new-target-7.29.7.tgz. Extracting by manifest.
2247 silly tarball no local data for @babel/plugin-transform-object-rest-spread@https://registry.npmjs.org/@babel/plugin-transform-object-rest-spread/-/plugin-transform-object-rest-spread-7.29.7.tgz. Extracting by manifest.
2248 silly tarball no local data for @babel/plugin-transform-modules-systemjs@https://registry.npmjs.org/@babel/plugin-transform-modules-systemjs/-/plugin-transform-modules-systemjs-7.29.8.tgz. Extracting by manifest.
2249 silly tarball no local data for @babel/plugin-transform-logical-assignment-operators@https://registry.npmjs.org/@babel/plugin-transform-logical-assignment-operators/-/plugin-transform-logical-assignment-operators-7.29.7.tgz. Extracting by manifest.
2250 silly tarball no local data for @babel/plugin-transform-modules-commonjs@https://registry.npmjs.org/@babel/plugin-transform-modules-commonjs/-/plugin-transform-modules-commonjs-7.29.7.tgz. Extracting by manifest.
2251 silly tarball no local data for @babel/plugin-transform-modules-amd@https://registry.npmjs.org/@babel/plugin-transform-modules-amd/-/plugin-transform-modules-amd-7.29.7.tgz. Extracting by manifest.
2252 silly tarball no local data for @babel/plugin-transform-literals@https://registry.npmjs.org/@babel/plugin-transform-literals/-/plugin-transform-literals-7.29.7.tgz. Extracting by manifest.
2253 silly tarball no local data for @babel/plugin-transform-member-expression-literals@https://registry.npmjs.org/@babel/plugin-transform-member-expression-literals/-/plugin-transform-member-expression-literals-7.29.7.tgz. Extracting by manifest.
2254 silly tarball no local data for @babel/plugin-transform-function-name@https://registry.npmjs.org/@babel/plugin-transform-function-name/-/plugin-transform-function-name-7.29.7.tgz. Extracting by manifest.
2255 silly tarball no local data for @babel/plugin-transform-for-of@https://registry.npmjs.org/@babel/plugin-transform-for-of/-/plugin-transform-for-of-7.29.7.tgz. Extracting by manifest.
2256 silly tarball no local data for @babel/plugin-transform-json-strings@https://registry.npmjs.org/@babel/plugin-transform-json-strings/-/plugin-transform-json-strings-7.29.7.tgz. Extracting by manifest.
2257 silly tarball no local data for @babel/plugin-transform-exponentiation-operator@https://registry.npmjs.org/@babel/plugin-transform-exponentiation-operator/-/plugin-transform-exponentiation-operator-7.29.7.tgz. Extracting by manifest.
2258 silly tarball no local data for @babel/plugin-transform-export-namespace-from@https://registry.npmjs.org/@babel/plugin-transform-export-namespace-from/-/plugin-transform-export-namespace-from-7.29.7.tgz. Extracting by manifest.
2259 silly tarball no local data for @babel/plugin-transform-explicit-resource-management@https://registry.npmjs.org/@babel/plugin-transform-explicit-resource-management/-/plugin-transform-explicit-resource-management-7.29.7.tgz. Extracting by manifest.
2260 silly tarball no local data for @babel/plugin-transform-dynamic-import@https://registry.npmjs.org/@babel/plugin-transform-dynamic-import/-/plugin-transform-dynamic-import-7.29.7.tgz. Extracting by manifest.
2261 silly tarball no local data for @babel/plugin-transform-duplicate-named-capturing-groups-regex@https://registry.npmjs.org/@babel/plugin-transform-duplicate-named-capturing-groups-regex/-/plugin-transform-duplicate-named-capturing-groups-regex-7.29.7.tgz. Extracting by manifest.
2262 silly tarball no local data for @babel/plugin-transform-dotall-regex@https://registry.npmjs.org/@babel/plugin-transform-dotall-regex/-/plugin-transform-dotall-regex-7.29.7.tgz. Extracting by manifest.
2263 silly tarball no local data for @babel/plugin-transform-duplicate-keys@https://registry.npmjs.org/@babel/plugin-transform-duplicate-keys/-/plugin-transform-duplicate-keys-7.29.7.tgz. Extracting by manifest.
2264 silly tarball no local data for @babel/plugin-transform-destructuring@https://registry.npmjs.org/@babel/plugin-transform-destructuring/-/plugin-transform-destructuring-7.29.7.tgz. Extracting by manifest.
2265 silly tarball no local data for @babel/plugin-transform-classes@https://registry.npmjs.org/@babel/plugin-transform-classes/-/plugin-transform-classes-7.29.7.tgz. Extracting by manifest.
2266 silly tarball no local data for @babel/plugin-transform-class-static-block@https://registry.npmjs.org/@babel/plugin-transform-class-static-block/-/plugin-transform-class-static-block-7.29.7.tgz. Extracting by manifest.
2267 silly tarball no local data for @babel/plugin-transform-computed-properties@https://registry.npmjs.org/@babel/plugin-transform-computed-properties/-/plugin-transform-computed-properties-7.29.7.tgz. Extracting by manifest.
2268 silly tarball no local data for @babel/plugin-transform-class-properties@https://registry.npmjs.org/@babel/plugin-transform-class-properties/-/plugin-transform-class-properties-7.29.7.tgz. Extracting by manifest.
2269 silly tarball no local data for @babel/plugin-transform-block-scoping@https://registry.npmjs.org/@babel/plugin-transform-block-scoping/-/plugin-transform-block-scoping-7.29.7.tgz. Extracting by manifest.
2270 silly tarball no local data for @babel/plugin-transform-block-scoped-functions@https://registry.npmjs.org/@babel/plugin-transform-block-scoped-functions/-/plugin-transform-block-scoped-functions-7.29.7.tgz. Extracting by manifest.
2271 silly tarball no local data for @babel/plugin-transform-async-to-generator@https://registry.npmjs.org/@babel/plugin-transform-async-to-generator/-/plugin-transform-async-to-generator-7.29.7.tgz. Extracting by manifest.
2272 silly tarball no local data for @babel/plugin-transform-async-generator-functions@https://registry.npmjs.org/@babel/plugin-transform-async-generator-functions/-/plugin-transform-async-generator-functions-7.29.7.tgz. Extracting by manifest.
2273 silly tarball no local data for @babel/plugin-transform-arrow-functions@https://registry.npmjs.org/@babel/plugin-transform-arrow-functions/-/plugin-transform-arrow-functions-7.29.7.tgz. Extracting by manifest.
2274 silly tarball no local data for @babel/plugin-syntax-unicode-sets-regex@https://registry.npmjs.org/@babel/plugin-syntax-unicode-sets-regex/-/plugin-syntax-unicode-sets-regex-7.18.6.tgz. Extracting by manifest.
2275 silly tarball no local data for @babel/plugin-proposal-private-property-in-object@https://registry.npmjs.org/@babel/plugin-proposal-private-property-in-object/-/plugin-proposal-private-property-in-object-7.21.0-placeholder-for-preset-env.2.tgz. Extracting by manifest.
2276 silly tarball no local data for @babel/plugin-syntax-import-assertions@https://registry.npmjs.org/@babel/plugin-syntax-import-assertions/-/plugin-syntax-import-assertions-7.29.7.tgz. Extracting by manifest.
2277 silly tarball no local data for @babel/plugin-syntax-import-attributes@https://registry.npmjs.org/@babel/plugin-syntax-import-attributes/-/plugin-syntax-import-attributes-7.29.7.tgz. Extracting by manifest.
2278 silly tarball no local data for @babel/plugin-bugfix-v8-spread-parameters-in-optional-chaining@https://registry.npmjs.org/@babel/plugin-bugfix-v8-spread-parameters-in-optional-chaining/-/plugin-bugfix-v8-spread-parameters-in-optional-chaining-7.29.7.tgz. Extracting by manifest.
2279 silly tarball no local data for @babel/plugin-bugfix-v8-static-class-fields-redefine-readonly@https://registry.npmjs.org/@babel/plugin-bugfix-v8-static-class-fields-redefine-readonly/-/plugin-bugfix-v8-static-class-fields-redefine-readonly-7.29.7.tgz. Extracting by manifest.
2280 silly tarball no local data for @babel/plugin-bugfix-safari-rest-destructuring-rhs-array@https://registry.npmjs.org/@babel/plugin-bugfix-safari-rest-destructuring-rhs-array/-/plugin-bugfix-safari-rest-destructuring-rhs-array-7.29.7.tgz. Extracting by manifest.
2281 silly tarball no local data for @babel/plugin-bugfix-firefox-class-in-computed-class-key@https://registry.npmjs.org/@babel/plugin-bugfix-firefox-class-in-computed-class-key/-/plugin-bugfix-firefox-class-in-computed-class-key-7.29.7.tgz. Extracting by manifest.
2282 silly tarball no local data for @babel/plugin-bugfix-safari-id-destructuring-collision-in-function-expression@https://registry.npmjs.org/@babel/plugin-bugfix-safari-id-destructuring-collision-in-function-expression/-/plugin-bugfix-safari-id-destructuring-collision-in-function-expression-7.29.7.tgz. Extracting by manifest.
2283 silly tarball no local data for @babel/plugin-bugfix-safari-class-field-initializer-scope@https://registry.npmjs.org/@babel/plugin-bugfix-safari-class-field-initializer-scope/-/plugin-bugfix-safari-class-field-initializer-scope-7.29.7.tgz. Extracting by manifest.
2284 silly tarball no local data for @babel/helper-module-imports@https://registry.npmjs.org/@babel/helper-module-imports/-/helper-module-imports-7.29.7.tgz. Extracting by manifest.
2285 silly tarball no local data for @babel/helper-plugin-utils@https://registry.npmjs.org/@babel/helper-plugin-utils/-/helper-plugin-utils-7.29.7.tgz. Extracting by manifest.
2286 silly tarball no local data for jsesc@https://registry.npmjs.org/jsesc/-/jsesc-3.1.0.tgz. Extracting by manifest.
2287 silly tarball no local data for browserslist@https://registry.npmjs.org/browserslist/-/browserslist-4.28.9.tgz. Extracting by manifest.
2288 silly tarball no local data for @babel/helper-validator-option@https://registry.npmjs.org/@babel/helper-validator-option/-/helper-validator-option-7.29.7.tgz. Extracting by manifest.
2289 silly tarball no local data for @babel/helper-validator-identifier@https://registry.npmjs.org/@babel/helper-validator-identifier/-/helper-validator-identifier-7.29.7.tgz. Extracting by manifest.
2290 silly tarball no local data for @babel/compat-data@https://registry.npmjs.org/@babel/compat-data/-/compat-data-7.29.7.tgz. Extracting by manifest.
2291 silly tarball no local data for @jridgewell/remapping@https://registry.npmjs.org/@jridgewell/remapping/-/remapping-2.3.5.tgz. Extracting by manifest.
2292 silly tarball no local data for @babel/types@https://registry.npmjs.org/@babel/types/-/types-7.29.8.tgz. Extracting by manifest.
2293 silly tarball no local data for @babel/traverse@https://registry.npmjs.org/@babel/traverse/-/traverse-7.29.8.tgz. Extracting by manifest.
2294 silly tarball no local data for convert-source-map@https://registry.npmjs.org/convert-source-map/-/convert-source-map-2.0.0.tgz. Extracting by manifest.
2295 silly tarball no local data for gensync@https://registry.npmjs.org/gensync/-/gensync-1.0.0-beta.2.tgz. Extracting by manifest.
2296 silly tarball no local data for @babel/parser@https://registry.npmjs.org/@babel/parser/-/parser-7.29.8.tgz. Extracting by manifest.
2297 silly tarball no local data for @babel/helpers@https://registry.npmjs.org/@babel/helpers/-/helpers-7.29.7.tgz. Extracting by manifest.
2298 silly tarball no local data for @babel/template@https://registry.npmjs.org/@babel/template/-/template-7.29.7.tgz. Extracting by manifest.
2299 silly tarball no local data for @babel/helper-compilation-targets@https://registry.npmjs.org/@babel/helper-compilation-targets/-/helper-compilation-targets-7.29.7.tgz. Extracting by manifest.
2300 silly tarball no local data for @babel/generator@https://registry.npmjs.org/@babel/generator/-/generator-7.29.8.tgz. Extracting by manifest.
2301 silly tarball no local data for @babel/helper-module-transforms@https://registry.npmjs.org/@babel/helper-module-transforms/-/helper-module-transforms-7.29.7.tgz. Extracting by manifest.
2302 silly tarball no local data for @babel/code-frame@https://registry.npmjs.org/@babel/code-frame/-/code-frame-7.29.7.tgz. Extracting by manifest.
2303 silly tarball no local data for jsonpointer@https://registry.npmjs.org/jsonpointer/-/jsonpointer-5.0.1.tgz. Extracting by manifest.
2304 silly tarball no local data for workbox-sw@https://registry.npmjs.org/workbox-sw/-/workbox-sw-6.6.0.tgz. Extracting by manifest.
2305 silly tarball no local data for leven@https://registry.npmjs.org/leven/-/leven-3.1.0.tgz. Extracting by manifest.
2306 silly tarball no local data for workbox-streams@https://registry.npmjs.org/workbox-streams/-/workbox-streams-6.6.0.tgz. Extracting by manifest.
2307 silly tarball no local data for workbox-strategies@https://registry.npmjs.org/workbox-strategies/-/workbox-strategies-6.6.0.tgz. Extracting by manifest.
2308 silly tarball no local data for workbox-recipes@https://registry.npmjs.org/workbox-recipes/-/workbox-recipes-6.6.0.tgz. Extracting by manifest.
2309 silly tarball no local data for workbox-precaching@https://registry.npmjs.org/workbox-precaching/-/workbox-precaching-6.6.0.tgz. Extracting by manifest.
2310 silly tarball no local data for workbox-range-requests@https://registry.npmjs.org/workbox-range-requests/-/workbox-range-requests-6.6.0.tgz. Extracting by manifest.
2311 silly tarball no local data for workbox-navigation-preload@https://registry.npmjs.org/workbox-navigation-preload/-/workbox-navigation-preload-6.6.0.tgz. Extracting by manifest.
2312 silly tarball no local data for workbox-google-analytics@https://registry.npmjs.org/workbox-google-analytics/-/workbox-google-analytics-6.6.0.tgz. Extracting by manifest.
2313 silly tarball no local data for workbox-expiration@https://registry.npmjs.org/workbox-expiration/-/workbox-expiration-6.6.0.tgz. Extracting by manifest.
2314 silly tarball no local data for workbox-routing@https://registry.npmjs.org/workbox-routing/-/workbox-routing-6.6.0.tgz. Extracting by manifest.
2315 silly tarball no local data for workbox-core@https://registry.npmjs.org/workbox-core/-/workbox-core-6.6.0.tgz. Extracting by manifest.
2316 silly tarball no local data for workbox-cacheable-response@https://registry.npmjs.org/workbox-cacheable-response/-/workbox-cacheable-response-6.6.0.tgz. Extracting by manifest.
2317 silly tarball no local data for workbox-broadcast-update@https://registry.npmjs.org/workbox-broadcast-update/-/workbox-broadcast-update-6.6.0.tgz. Extracting by manifest.
2318 silly tarball no local data for tempy@https://registry.npmjs.org/tempy/-/tempy-0.6.0.tgz. Extracting by manifest.
2319 silly tarball no local data for rollup-plugin-terser@https://registry.npmjs.org/rollup-plugin-terser/-/rollup-plugin-terser-7.0.2.tgz. Extracting by manifest.
2320 silly tarball no local data for workbox-background-sync@https://registry.npmjs.org/workbox-background-sync/-/workbox-background-sync-6.6.0.tgz. Extracting by manifest.
2321 silly tarball no local data for rollup@https://registry.npmjs.org/rollup/-/rollup-2.80.0.tgz. Extracting by manifest.
2322 silly tarball no local data for strip-comments@https://registry.npmjs.org/strip-comments/-/strip-comments-2.0.1.tgz. Extracting by manifest.
2323 silly tarball no local data for common-tags@https://registry.npmjs.org/common-tags/-/common-tags-1.8.2.tgz. Extracting by manifest.
2324 silly tarball no local data for @rollup/plugin-replace@https://registry.npmjs.org/@rollup/plugin-replace/-/plugin-replace-2.4.2.tgz. Extracting by manifest.
2325 silly tarball no local data for @surma/rollup-plugin-off-main-thread@https://registry.npmjs.org/@surma/rollup-plugin-off-main-thread/-/rollup-plugin-off-main-thread-2.2.3.tgz. Extracting by manifest.
2326 silly tarball no local data for stringify-object@https://registry.npmjs.org/stringify-object/-/stringify-object-3.3.0.tgz. Extracting by manifest.
2327 silly tarball no local data for @rollup/plugin-node-resolve@https://registry.npmjs.org/@rollup/plugin-node-resolve/-/plugin-node-resolve-11.2.1.tgz. Extracting by manifest.
2328 silly tarball no local data for @rollup/plugin-babel@https://registry.npmjs.org/@rollup/plugin-babel/-/plugin-babel-5.3.1.tgz. Extracting by manifest.
2329 silly tarball no local data for @babel/preset-env@https://registry.npmjs.org/@babel/preset-env/-/preset-env-7.29.7.tgz. Extracting by manifest.
2330 silly tarball no local data for @apideck/better-ajv-errors@https://registry.npmjs.org/@apideck/better-ajv-errors/-/better-ajv-errors-0.3.7.tgz. Extracting by manifest.
2331 silly tarball no local data for workbox-build@https://registry.npmjs.org/workbox-build/-/workbox-build-6.6.0.tgz. Extracting by manifest.
2332 silly tarball no local data for @babel/core@https://registry.npmjs.org/@babel/core/-/core-7.29.7.tgz. Extracting by manifest.
2333 silly tarball no local data for source-list-map@https://registry.npmjs.org/source-list-map/-/source-list-map-2.0.1.tgz. Extracting by manifest.
2334 silly tarball no local data for webpack-sources@https://registry.npmjs.org/webpack-sources/-/webpack-sources-1.4.3.tgz. Extracting by manifest.
2335 silly tarball no local data for upath@https://registry.npmjs.org/upath/-/upath-1.2.0.tgz. Extracting by manifest.
2336 silly tarball no local data for buffer-from@https://registry.npmjs.org/buffer-from/-/buffer-from-1.1.2.tgz. Extracting by manifest.
2337 silly tarball no local data for @jridgewell/source-map@https://registry.npmjs.org/@jridgewell/source-map/-/source-map-0.3.11.tgz. Extracting by manifest.
2338 silly tarball no local data for source-map-support@https://registry.npmjs.org/source-map-support/-/source-map-support-0.5.21.tgz. Extracting by manifest.
2339 silly tarball no local data for pretty-bytes@https://registry.npmjs.org/pretty-bytes/-/pretty-bytes-5.6.0.tgz. Extracting by manifest.
2340 silly tarball no local data for terser@https://registry.npmjs.org/terser/-/terser-5.51.2.tgz. Extracting by manifest.
2341 silly tarball no local data for merge-stream@https://registry.npmjs.org/merge-stream/-/merge-stream-2.0.0.tgz. Extracting by manifest.
2342 silly tarball no local data for jest-worker@https://registry.npmjs.org/jest-worker/-/jest-worker-27.5.1.tgz. Extracting by manifest.
2343 silly tarball no local data for ajv-keywords@https://registry.npmjs.org/ajv-keywords/-/ajv-keywords-3.5.2.tgz. Extracting by manifest.
2344 silly tarball no local data for @react-leaflet/core@https://registry.npmjs.org/@react-leaflet/core/-/core-3.0.0.tgz. Extracting by manifest.
2345 silly tarball no local data for path-exists@https://registry.npmjs.org/path-exists/-/path-exists-4.0.0.tgz. Extracting by manifest.
2346 silly tarball no local data for p-locate@https://registry.npmjs.org/p-locate/-/p-locate-4.1.0.tgz. Extracting by manifest.
2347 silly tarball no local data for big.js@https://registry.npmjs.org/big.js/-/big.js-5.2.2.tgz. Extracting by manifest.
2348 silly tarball no local data for locate-path@https://registry.npmjs.org/locate-path/-/locate-path-5.0.0.tgz. Extracting by manifest.
2349 silly tarball no local data for path-is-inside@https://registry.npmjs.org/path-is-inside/-/path-is-inside-1.0.2.tgz. Extracting by manifest.
2350 silly tarball no local data for find-up@https://registry.npmjs.org/find-up/-/find-up-4.1.0.tgz. Extracting by manifest.
2351 silly tarball no local data for emojis-list@https://registry.npmjs.org/emojis-list/-/emojis-list-3.0.0.tgz. Extracting by manifest.
2352 silly tarball no local data for is-path-inside@https://registry.npmjs.org/is-path-inside/-/is-path-inside-2.1.0.tgz. Extracting by manifest.
2353 silly tarball no local data for path-type@https://registry.npmjs.org/path-type/-/path-type-4.0.0.tgz. Extracting by manifest.
2354 silly tarball no local data for @types/minimatch@https://registry.npmjs.org/@types/minimatch/-/minimatch-5.1.2.tgz. Extracting by manifest.
2355 silly tarball no local data for ignore@https://registry.npmjs.org/ignore/-/ignore-5.3.2.tgz. Extracting by manifest.
2356 silly tarball no local data for array-union@https://registry.npmjs.org/array-union/-/array-union-2.1.0.tgz. Extracting by manifest.
2357 silly tarball no local data for dir-glob@https://registry.npmjs.org/dir-glob/-/dir-glob-3.0.1.tgz. Extracting by manifest.
2358 silly tarball no local data for pkg-dir@https://registry.npmjs.org/pkg-dir/-/pkg-dir-4.2.0.tgz. Extracting by manifest.
2359 silly tarball no local data for commondir@https://registry.npmjs.org/commondir/-/commondir-1.0.1.tgz. Extracting by manifest.
2360 silly tarball no local data for is-path-in-cwd@https://registry.npmjs.org/is-path-in-cwd/-/is-path-in-cwd-2.1.0.tgz. Extracting by manifest.
2361 silly tarball no local data for p-map@https://registry.npmjs.org/p-map/-/p-map-2.1.0.tgz. Extracting by manifest.
2362 silly tarball no local data for is-path-cwd@https://registry.npmjs.org/is-path-cwd/-/is-path-cwd-2.2.0.tgz. Extracting by manifest.
2363 silly tarball no local data for @types/glob@https://registry.npmjs.org/@types/glob/-/glob-7.2.0.tgz. Extracting by manifest.
2364 silly tarball no local data for del@https://registry.npmjs.org/del/-/del-4.1.1.tgz. Extracting by manifest.
2365 silly tarball no local data for schema-utils@https://registry.npmjs.org/schema-utils/-/schema-utils-2.7.1.tgz. Extracting by manifest.
2366 silly tarball no local data for loader-utils@https://registry.npmjs.org/loader-utils/-/loader-utils-2.0.4.tgz. Extracting by manifest.
2367 silly tarball no local data for workbox-webpack-plugin@https://registry.npmjs.org/workbox-webpack-plugin/-/workbox-webpack-plugin-6.6.0.tgz. Extracting by manifest.
2368 silly tarball no local data for find-cache-dir@https://registry.npmjs.org/find-cache-dir/-/find-cache-dir-3.3.2.tgz. Extracting by manifest.
2369 silly tarball no local data for workbox-window@https://registry.npmjs.org/workbox-window/-/workbox-window-6.6.0.tgz. Extracting by manifest.
2370 silly tarball no local data for terser-webpack-plugin@https://registry.npmjs.org/terser-webpack-plugin/-/terser-webpack-plugin-5.6.1.tgz. Extracting by manifest.
2371 silly tarball no local data for globby@https://registry.npmjs.org/globby/-/globby-11.1.0.tgz. Extracting by manifest.
2372 silly tarball no local data for @types/geojson@https://registry.npmjs.org/@types/geojson/-/geojson-7946.0.16.tgz. Extracting by manifest.
2373 silly tarball no local data for babel-loader@https://registry.npmjs.org/babel-loader/-/babel-loader-8.4.1.tgz. Extracting by manifest.
2374 silly tarball no local data for clean-webpack-plugin@https://registry.npmjs.org/clean-webpack-plugin/-/clean-webpack-plugin-4.0.0.tgz. Extracting by manifest.
2375 silly tarball no local data for @types/leaflet@https://registry.npmjs.org/@types/leaflet/-/leaflet-1.9.22.tgz. Extracting by manifest.
2376 silly tarball no local data for leaflet@https://registry.npmjs.org/leaflet/-/leaflet-1.9.4.tgz. Extracting by manifest.
2377 silly tarball no local data for side-channel@https://registry.npmjs.org/side-channel/-/side-channel-1.1.1.tgz. Extracting by manifest.
2378 silly tarball no local data for react-leaflet@https://registry.npmjs.org/react-leaflet/-/react-leaflet-5.0.0.tgz. Extracting by manifest.
2379 silly tarball no local data for next-pwa@https://registry.npmjs.org/next-pwa/-/next-pwa-5.6.0.tgz. Extracting by manifest.
2380 silly tarball no local data for @jridgewell/trace-mapping@https://registry.npmjs.org/@jridgewell/trace-mapping/-/trace-mapping-0.3.31.tgz. Extracting by manifest.
2381 silly tarball no local data for @jridgewell/gen-mapping@https://registry.npmjs.org/@jridgewell/gen-mapping/-/gen-mapping-0.3.13.tgz. Extracting by manifest.
2382 silly tarball no local data for resolve@https://registry.npmjs.org/resolve/-/resolve-1.22.12.tgz. Extracting by manifest.
2383 silly tarball no local data for hasown@https://registry.npmjs.org/hasown/-/hasown-2.0.4.tgz. Extracting by manifest.
2384 silly tarball no local data for get-intrinsic@https://registry.npmjs.org/get-intrinsic/-/get-intrinsic-1.3.0.tgz. Extracting by manifest.
2385 silly tarball no local data for side-channel-list@https://registry.npmjs.org/side-channel-list/-/side-channel-list-1.0.1.tgz. Extracting by manifest.
2386 silly tarball no local data for caniuse-lite@https://registry.npmjs.org/caniuse-lite/-/caniuse-lite-1.0.30001810.tgz. Extracting by manifest.
2387 silly tarball no local data for call-bind-apply-helpers@https://registry.npmjs.org/call-bind-apply-helpers/-/call-bind-apply-helpers-1.0.2.tgz. Extracting by manifest.
2388 silly tarball no local data for es-object-atoms@https://registry.npmjs.org/es-object-atoms/-/es-object-atoms-1.1.2.tgz. Extracting by manifest.
2389 silly tarball no local data for call-bound@https://registry.npmjs.org/call-bound/-/call-bound-1.0.4.tgz. Extracting by manifest.
2390 silly tarball no local data for call-bind@https://registry.npmjs.org/call-bind/-/call-bind-1.0.9.tgz. Extracting by manifest.
2391 silly tarball no local data for minimatch@https://registry.npmjs.org/minimatch/-/minimatch-5.1.9.tgz. Extracting by manifest.
2392 silly tarball no local data for ms@https://registry.npmjs.org/ms/-/ms-2.1.3.tgz. Extracting by manifest.
2393 silly tarball no local data for semver@https://registry.npmjs.org/semver/-/semver-6.3.1.tgz. Extracting by manifest.
2394 silly tarball no local data for debug@https://registry.npmjs.org/debug/-/debug-4.4.3.tgz. Extracting by manifest.
2395 silly tarball no local data for yallist@https://registry.npmjs.org/yallist/-/yallist-3.1.1.tgz. Extracting by manifest.
2396 silly tarball no local data for semver@https://registry.npmjs.org/semver/-/semver-6.3.1.tgz. Extracting by manifest.
2397 silly tarball no local data for semver@https://registry.npmjs.org/semver/-/semver-6.3.1.tgz. Extracting by manifest.
2398 silly tarball no local data for ms@https://registry.npmjs.org/ms/-/ms-2.1.3.tgz. Extracting by manifest.
2399 silly tarball no local data for debug@https://registry.npmjs.org/debug/-/debug-4.4.3.tgz. Extracting by manifest.
2400 silly tarball no local data for semver@https://registry.npmjs.org/semver/-/semver-6.3.1.tgz. Extracting by manifest.
2401 silly tarball no local data for lru-cache@https://registry.npmjs.org/lru-cache/-/lru-cache-5.1.1.tgz. Extracting by manifest.
2402 silly tarball no local data for is-obj@https://registry.npmjs.org/is-obj/-/is-obj-1.0.1.tgz. Extracting by manifest.
2403 silly tarball no local data for jest-worker@https://registry.npmjs.org/jest-worker/-/jest-worker-26.6.2.tgz. Extracting by manifest.
2404 silly tarball no local data for brace-expansion@https://registry.npmjs.org/brace-expansion/-/brace-expansion-1.1.18.tgz. Extracting by manifest.
2405 silly tarball no local data for semver@https://registry.npmjs.org/semver/-/semver-6.3.1.tgz. Extracting by manifest.
2406 silly tarball no local data for semver@https://registry.npmjs.org/semver/-/semver-6.3.1.tgz. Extracting by manifest.
2407 silly tarball no local data for commander@https://registry.npmjs.org/commander/-/commander-2.20.3.tgz. Extracting by manifest.
2408 silly tarball no local data for ms@https://registry.npmjs.org/ms/-/ms-2.1.3.tgz. Extracting by manifest.
2409 silly tarball no local data for source-map@https://registry.npmjs.org/source-map/-/source-map-0.8.0.tgz. Extracting by manifest.
2410 silly tarball no local data for supports-color@https://registry.npmjs.org/supports-color/-/supports-color-8.1.1.tgz. Extracting by manifest.
2411 silly tarball no local data for debug@https://registry.npmjs.org/debug/-/debug-4.4.3.tgz. Extracting by manifest.
2412 silly tarball no local data for brace-expansion@https://registry.npmjs.org/brace-expansion/-/brace-expansion-1.1.18.tgz. Extracting by manifest.
2413 silly tarball no local data for minimatch@https://registry.npmjs.org/minimatch/-/minimatch-3.1.5.tgz. Extracting by manifest.
2414 silly tarball no local data for minimatch@https://registry.npmjs.org/minimatch/-/minimatch-3.1.5.tgz. Extracting by manifest.
2415 silly tarball no local data for glob@https://registry.npmjs.org/glob/-/glob-7.2.3.tgz. Extracting by manifest.
2416 silly tarball no local data for p-limit@https://registry.npmjs.org/p-limit/-/p-limit-2.3.0.tgz. Extracting by manifest.
2417 silly tarball no local data for glob@https://registry.npmjs.org/glob/-/glob-7.2.3.tgz. Extracting by manifest.
2418 silly tarball no local data for array-union@https://registry.npmjs.org/array-union/-/array-union-1.0.2.tgz. Extracting by manifest.
2419 silly tarball no local data for pify@https://registry.npmjs.org/pify/-/pify-4.0.1.tgz. Extracting by manifest.
2420 silly tarball no local data for ajv-formats@https://registry.npmjs.org/ajv-formats/-/ajv-formats-2.1.1.tgz. Extracting by manifest.
2421 silly tarball no local data for pify@https://registry.npmjs.org/pify/-/pify-2.3.0.tgz. Extracting by manifest.
2422 silly tarball no local data for globby@https://registry.npmjs.org/globby/-/globby-6.1.0.tgz. Extracting by manifest.
2423 silly tarball no local data for ajv@https://registry.npmjs.org/ajv/-/ajv-6.15.0.tgz. Extracting by manifest.
2424 silly tarball no local data for json-schema-traverse@https://registry.npmjs.org/json-schema-traverse/-/json-schema-traverse-0.4.1.tgz. Extracting by manifest.
2425 silly tarball no local data for schema-utils@https://registry.npmjs.org/schema-utils/-/schema-utils-4.3.3.tgz. Extracting by manifest.
2426 silly tarball no local data for slash@https://registry.npmjs.org/slash/-/slash-3.0.0.tgz. Extracting by manifest.
2427 silly tarball no local data for ajv-keywords@https://registry.npmjs.org/ajv-keywords/-/ajv-keywords-5.1.0.tgz. Extracting by manifest.
2428 http fetch POST 200 https://registry.npmjs.org/-/npm/v1/security/advisories/bulk 1393ms
2429 silly audit report {
2429 silly audit report   '@grpc/grpc-js': [
2429 silly audit report     {
2429 silly audit report       id: 1120582,
2429 silly audit report       url: 'https://github.com/advisories/GHSA-5375-pq7m-f5r2',
2429 silly audit report       title: '@grpc/grpc-js: A malformed request can cause a server crash',
2429 silly audit report       severity: 'high',
2429 silly audit report       vulnerable_versions: '>=1.14.0 <1.14.4',
2429 silly audit report       cwe: [Array],
2429 silly audit report       cvss: [Object]
2429 silly audit report     },
2429 silly audit report     {
2429 silly audit report       id: 1120587,
2429 silly audit report       url: 'https://github.com/advisories/GHSA-5375-pq7m-f5r2',
2429 silly audit report       title: '@grpc/grpc-js: A malformed request can cause a server crash',
2429 silly audit report       severity: 'high',
2429 silly audit report       vulnerable_versions: '<1.9.16',
2429 silly audit report       cwe: [Array],
2429 silly audit report       cvss: [Object]
2429 silly audit report     },
2429 silly audit report     {
2429 silly audit report       id: 1120588,
2429 silly audit report       url: 'https://github.com/advisories/GHSA-99f4-grh7-6pcq',
2429 silly audit report       title: '@grpc/grpc-js: An incoming malformed compressed message can cause a client or server crash',
2429 silly audit report       severity: 'high',
2429 silly audit report       vulnerable_versions: '>=1.14.0 <1.14.4',
2429 silly audit report       cwe: [Array],
2429 silly audit report       cvss: [Object]
2429 silly audit report     },
2429 silly audit report     {
2429 silly audit report       id: 1120593,
2429 silly audit report       url: 'https://github.com/advisories/GHSA-99f4-grh7-6pcq',
2429 silly audit report       title: '@grpc/grpc-js: An incoming malformed compressed message can cause a client or server crash',
2429 silly audit report       severity: 'high',
2429 silly audit report       vulnerable_versions: '<1.9.16',
2429 silly audit report       cwe: [Array],
2429 silly audit report       cvss: [Object]
2429 silly audit report     }
2429 silly audit report   ],
2429 silly audit report   uuid: [
2429 silly audit report     {
2429 silly audit report       id: 1119441,
2429 silly audit report       url: 'https://github.com/advisories/GHSA-w5hq-g745-h8pq',
2429 silly audit report       title: 'uuid: Missing buffer bounds check in v3/v5/v6 when buf is provided',
2429 silly audit report       severity: 'moderate',
2429 silly audit report       vulnerable_versions: '<11.1.1',
2429 silly audit report       cwe: [Array],
2429 silly audit report       cvss: [Object]
2429 silly audit report     }
2429 silly audit report   ],
2429 silly audit report   '@modelcontextprotocol/sdk': [
2429 silly audit report     {
2429 silly audit report       id: 1113080,
2429 silly audit report       url: 'https://github.com/advisories/GHSA-345p-7cg4-v4c7',
2429 silly audit report       title: '@modelcontextprotocol/sdk has cross-client data leak via shared server/transport instance reuse',
2429 silly audit report       severity: 'high',
2429 silly audit report       vulnerable_versions: '>=1.10.0 <=1.25.3',
2429 silly audit report       cwe: [Array],
2429 silly audit report       cvss: [Object]
2429 silly audit report     },
2429 silly audit report     {
2429 silly audit report       id: 1113213,
2429 silly audit report       url: 'https://github.com/advisories/GHSA-w48q-cv73-mx4w',
2429 silly audit report       title: 'Model Context Protocol (MCP) TypeScript SDK does not enable DNS rebinding protection by default',
2429 silly audit report       severity: 'high',
2429 silly audit report       vulnerable_versions: '<1.24.0',
2429 silly audit report       cwe: [Array],
2429 silly audit report       cvss: [Object]
2429 silly audit report     },
2429 silly audit report     {
2429 silly audit report       id: 1123467,
2429 silly audit report       url: 'https://github.com/advisories/GHSA-8r9q-7v3j-jr4g',
2429 silly audit report       title: "Anthropic's MCP TypeScript SDK has a ReDoS vulnerability",
2429 silly audit report       severity: 'high',
2429 silly audit report       vulnerable_versions: '>=1.3.0 <1.25.2',
2429 silly audit report       cwe: [Array],
2429 silly audit report       cvss: [Object]
2429 silly audit report     }
2429 silly audit report   ],
2429 silly audit report   ajv: [
2429 silly audit report     {
2429 silly audit report       id: 1113714,
2429 silly audit report       url: 'https://github.com/advisories/GHSA-2g4f-4pwh-qvx6',
2429 silly audit report       title: 'ajv has ReDoS when using `$data` option',
2429 silly audit report       severity: 'moderate',
2429 silly audit report       vulnerable_versions: '<6.14.0',
2429 silly audit report       cwe: [Array],
2429 silly audit report       cvss: [Object]
2429 silly audit report     },
2429 silly audit report     {
2429 silly audit report       id: 1113715,
2429 silly audit report       url: 'https://github.com/advisories/GHSA-2g4f-4pwh-qvx6',
2429 silly audit report       title: 'ajv has ReDoS when using `$data` option',
2429 silly audit report       severity: 'moderate',
2429 silly audit report       vulnerable_versions: '>=7.0.0-alpha.0 <8.18.0',
2429 silly audit report       cwe: [Array],
2429 silly audit report       cvss: [Object]
2429 silly audit report     }
2429 silly audit report   ],
2429 silly audit report   'body-parser': [
2429 silly audit report     {
2429 silly audit report       id: 1110858,
2429 silly audit report       url: 'https://github.com/advisories/GHSA-wqch-xfxh-vrr4',
2429 silly audit report       title: 'body-parser is vulnerable to denial of service when url encoding is used',
2429 silly audit report       severity: 'moderate',
2429 silly audit report       vulnerable_versions: '>=2.2.0 <2.2.1',
2429 silly audit report       cwe: [Array],
2429 silly audit report       cvss: [Object]
2429 silly audit report     },
2429 silly audit report     {
2429 silly audit report       id: 1123976,
2429 silly audit report       url: 'https://github.com/advisories/GHSA-v422-hmwv-36x6',
2429 silly audit report       title: 'body-parser vulnerable to denial of service when invalid limit value silently disables size enforcement',
2429 silly audit report       severity: 'low',
2429 silly audit report       vulnerable_versions: '>=2.0.0 <2.3.0',
2429 silly audit report       cwe: [Array],
2429 silly audit report       cvss: [Object]
2429 silly audit report     },
2429 silly audit report     {
2429 silly audit report       id: 1123977,
2429 silly audit report       url: 'https://github.com/advisories/GHSA-v422-hmwv-36x6',
2429 silly audit report       title: 'body-parser vulnerable to denial of service when invalid limit value silently disables size enforcement',
2429 silly audit report       severity: 'low',
2429 silly audit report       vulnerable_versions: '<1.20.6',
2429 silly audit report       cwe: [Array],
2429 silly audit report       cvss: [Object]
2429 silly audit report     }
2429 silly audit report   ],
2429 silly audit report   qs: [
2429 silly audit report     {
2429 silly audit report       id: 1158507,
2429 silly audit report       url: 'https://github.com/advisories/GHSA-4mjr-xmp4-gh2g',
2429 silly audit report       title: 'qs: Denial of Service via Attacker Controlled isBuffer',
2429 silly audit report       severity: 'moderate',
2429 silly audit report       vulnerable_versions: '>=2.2.5 <6.16.0',
2429 silly audit report       cwe: [Array],
2429 silly audit report       cvss: [Object]
2429 silly audit report     },
2429 silly audit report     {
2429 silly audit report       id: 1119502,
2429 silly audit report       url: 'https://github.com/advisories/GHSA-q8mj-m7cp-5q26',
2429 silly audit report       title: 'qs has a remotely triggerable DoS: qs.stringify crashes with TypeError on null/undefined entries in comma-format arrays when encodeValuesOnly is set',
2429 silly audit report       severity: 'moderate',
2429 silly audit report       vulnerable_versions: '>=6.11.1 <=6.15.1',
2429 silly audit report       cwe: [Array],
2429 silly audit report       cvss: [Object]
2429 silly audit report     },
2429 silly audit report     {
2429 silly audit report       id: 1113161,
2429 silly audit report       url: 'https://github.com/advisories/GHSA-w7fw-mjwx-w883',
2429 silly audit report       title: "qs's arrayLimit bypass in comma parsing allows denial of service",
2429 silly audit report       severity: 'low',
2429 silly audit report       vulnerable_versions: '>=6.7.0 <=6.14.1',
2429 silly audit report       cwe: [Array],
2429 silly audit report       cvss: [Object]
2429 silly audit report     },
2429 silly audit report     {
2429 silly audit report       id: 1113719,
2429 silly audit report       url: 'https://github.com/advisories/GHSA-6rw7-vpxm-498p',
2429 silly audit report       title: "qs's arrayLimit bypass in its bracket notation allows DoS via memory exhaustion",
2429 silly audit report       severity: 'moderate',
2429 silly audit report       vulnerable_versions: '<6.14.1',
2429 silly audit report       cwe: [Array],
2429 silly audit report       cvss: [Object]
2429 silly audit report     }
2429 silly audit report   ],
2429 silly audit report   '@opentelemetry/auto-instrumentations-node': [
2429 silly audit report     {
2429 silly audit report       id: 1120251,
2429 silly audit report       url: 'https://github.com/advisories/GHSA-q7rr-3cgh-j5r3',
2429 silly audit report       title: 'Prometheus exporter process crash via malformed HTTP request',
2429 silly audit report       severity: 'high',
2429 silly audit report       vulnerable_versions: '<0.75.0',
2429 silly audit report       cwe: [Array],
2429 silly audit report       cvss: [Object]
2429 silly audit report     }
2429 silly audit report   ],
2429 silly audit report   '@opentelemetry/core': [
2429 silly audit report     {
2429 silly audit report       id: 1153174,
2429 silly audit report       url: 'https://github.com/advisories/GHSA-8988-4f7v-96qf',
2429 silly audit report       title: 'OpenTelemetry Core: Unbounded memory allocation in W3C Baggage propagation',
2429 silly audit report       severity: 'moderate',
2429 silly audit report       vulnerable_versions: '<2.8.0',
2429 silly audit report       cwe: [Array],
2429 silly audit report       cvss: [Object]
2429 silly audit report     }
2429 silly audit report   ],
2429 silly audit report   '@opentelemetry/propagator-jaeger': [
2429 silly audit report     {
2429 silly audit report       id: 1124011,
2429 silly audit report       url: 'https://github.com/advisories/GHSA-45rx-2jwx-cxfr',
2429 silly audit report       title: 'OpenTelemetry JavaScript: Denial of service in `JaegerPropagator` via unhandled exception on a malformed header',
2429 silly audit report       severity: 'high',
2429 silly audit report       vulnerable_versions: '<2.9.0',
2429 silly audit report       cwe: [Array],
2429 silly audit report       cvss: [Object]
2429 silly audit report     }
2429 silly audit report   ],
2429 silly audit report   '@opentelemetry/sdk-node': [
2429 silly audit report     {
2429 silly audit report       id: 1120252,
2429 silly audit report       url: 'https://github.com/advisories/GHSA-q7rr-3cgh-j5r3',
2429 silly audit report       title: 'Prometheus exporter process crash via malformed HTTP request',
2429 silly audit report       severity: 'high',
2429 silly audit report       vulnerable_versions: '<0.217.0',
2429 silly audit report       cwe: [Array],
2429 silly audit report       cvss: [Object]
2429 silly audit report     }
2429 silly audit report   ],
2429 silly audit report   '@protobufjs/utf8': [
2429 silly audit report     {
2429 silly audit report       id: 1118933,
2429 silly audit report       url: 'https://github.com/advisories/GHSA-q6x5-8v7m-xcrf',
2429 silly audit report       title: 'protobufjs has overlong UTF-8 decoding',
2429 silly audit report       severity: 'moderate',
2429 silly audit report       vulnerable_versions: '<=1.1.0',
2429 silly audit report       cwe: [Array],
2429 silly audit report       cvss: [Object]
2429 silly audit report     }
2429 silly audit report   ],
2429 silly audit report   '@tootallnate/once': [
2429 silly audit report     {
2429 silly audit report       id: 1119438,
2429 silly audit report       url: 'https://github.com/advisories/GHSA-vpq2-c234-7xj6',
2429 silly audit report       title: '@tootallnate/once vulnerable to Incorrect Control Flow Scoping',
2429 silly audit report       severity: 'low',
2429 silly audit report       vulnerable_versions: '<2.0.1',
2429 silly audit report       cwe: [Array],
2429 silly audit report       cvss: [Object]
2429 silly audit report     }
2429 silly audit report   ],
2429 silly audit report   'form-data': [
2429 silly audit report     {
2429 silly audit report       id: 1120743,
2429 silly audit report       url: 'https://github.com/advisories/GHSA-hmw2-7cc7-3qxx',
2429 silly audit report       title: 'form-data: CRLF injection in form-data via unescaped multipart field names and filenames',
2429 silly audit report       severity: 'high',
2429 silly audit report       vulnerable_versions: '>=4.0.0 <4.0.6',
2429 silly audit report       cwe: [Array],
2429 silly audit report       cvss: [Object]
2429 silly audit report     },
2429 silly audit report     {
2429 silly audit report       id: 1120745,
2429 silly audit report       url: 'https://github.com/advisories/GHSA-hmw2-7cc7-3qxx',
2429 silly audit report       title: 'form-data: CRLF injection in form-data via unescaped multipart field names and filenames',
2429 silly audit report       severity: 'high',
2429 silly audit report       vulnerable_versions: '<2.5.6',
2429 silly audit report       cwe: [Array],
2429 silly audit report       cvss: [Object]
2429 silly audit report     }
2429 silly audit report   ],
2429 silly audit report   'adm-zip': [
2429 silly audit report     {
2429 silly audit report       id: 1123686,
2429 silly audit report       url: 'https://github.com/advisories/GHSA-xcpc-8h2w-3j85',
2429 silly audit report       title: 'adm-zip: Crafted ZIP file triggers 4GB memory allocation',
2429 silly audit report       severity: 'high',
2429 silly audit report       vulnerable_versions: '<0.6.0',
2429 silly audit report       cwe: [Array],
2429 silly audit report       cvss: [Object]
2429 silly audit report     }
2429 silly audit report   ],
2429 silly audit report   axios: [
2429 silly audit report     {
2429 silly audit report       id: 1118607,
2429 silly audit report       url: 'https://github.com/advisories/GHSA-q8qp-cvcw-x6jj',
2429 silly audit report       title: 'Axios has prototype pollution read-side gadgets in HTTP adapter that allow credential injection and request hijacking',
2429 silly audit report       severity: 'high',
2429 silly audit report       vulnerable_versions: '>=1.0.0 <1.15.2',
2429 silly audit report       cwe: [Array],
2429 silly audit report       cvss: [Object]
2429 silly audit report     },
2429 silly audit report     {
2429 silly audit report       id: 1119404,
2429 silly audit report       url: 'https://github.com/advisories/GHSA-fvcv-3m26-pcqx',
2429 silly audit report       title: 'Axios has Unrestricted Cloud Metadata Exfiltration via Header Injection Chain',
2429 silly audit report       severity: 'moderate',
2429 silly audit report       vulnerable_versions: '>=1.0.0 <1.15.0',
2429 silly audit report       cwe: [Array],
2429 silly audit report       cvss: [Object]
2429 silly audit report     },
2429 silly audit report     {
2429 silly audit report       id: 1120125,
2429 silly audit report       url: 'https://github.com/advisories/GHSA-62hf-57xw-28j9',
2429 silly audit report       title: 'Axios: unbounded recursion in toFormData causes DoS via deeply nested request data',
2429 silly audit report       severity: 'moderate',
2429 silly audit report       vulnerable_versions: '>=1.0.0 <1.15.1',
2429 silly audit report       cwe: [Array],
2429 silly audit report       cvss: [Object]
2429 silly audit report     },
2429 silly audit report     {
2429 silly audit report       id: 1120547,
2429 silly audit report       url: 'https://github.com/advisories/GHSA-hfxv-24rg-xrqf',
2429 silly audit report       title: 'Axios: Regular Expression Denial of Service (ReDoS) via Cookie Name Injection',
2429 silly audit report       severity: 'high',
2429 silly audit report       vulnerable_versions: '>=1.0.0 <1.16.0',
2429 silly audit report       cwe: [Array],
2429 silly audit report       cvss: [Object]
2429 silly audit report     },
2429 silly audit report     {
2429 silly audit report       id: 1120643,
2429 silly audit report       url: 'https://github.com/advisories/GHSA-777c-7fjr-54vf',
2429 silly audit report       title: 'Allocation of Resources Without Limits or Throttling in Axios',
2429 silly audit report       severity: 'high',
2429 silly audit report       vulnerable_versions: '>=1.7.0 <1.16.0',
2429 silly audit report       cwe: [Array],
2429 silly audit report       cvss: [Object]
2429 silly audit report     },
2429 silly audit report     {
2429 silly audit report       id: 1120645,
2429 silly audit report       url: 'https://github.com/advisories/GHSA-p92q-9vqr-4j8v',
2429 silly audit report       title: 'Axios: Proxy-Authorization Credential Leak to Origin Server Across HTTP-to-HTTPS Redirect in Axios Node.js HTTP Adapter',
2429 silly audit report       severity: 'high',
2429 silly audit report       vulnerable_versions: '>=1.0.0 <1.16.0',
2429 silly audit report       cwe: [Array],
2429 silly audit report       cvss: [Object]
2429 silly audit report     },
2429 silly audit report     {
2429 silly audit report       id: 1120647,
2429 silly audit report       url: 'https://github.com/advisories/GHSA-j5f8-grm9-p9fc',
2429 silly audit report       title: 'Axios: Proxy-Authorization header leaks to redirect target when proxy is re-evaluated to direct connection',
2429 silly audit report       severity: 'high',
2429 silly audit report       vulnerable_versions: '>=1.0.0 <1.16.0',
2429 silly audit report       cwe: [Array],
2429 silly audit report       cvss: [Object]
2429 silly audit report     },
2429 silly audit report     {
2429 silly audit report       id: 1120649,
2429 silly audit report       url: 'https://github.com/advisories/GHSA-3g43-6gmg-66jw',
2429 silly audit report       title: 'axios Vulnerable to Credential Theft and Response Hijacking via Prototype Pollution Gadget in Config Merge',
2429 silly audit report       severity: 'high',
2429 silly audit report       vulnerable_versions: '>=1.0.0 <1.15.2',
2429 silly audit report       cwe: [Array],
2429 silly audit report       cvss: [Object]
2429 silly audit report     },
2429 silly audit report     {
2429 silly audit report       id: 1120650,
2429 silly audit report       url: 'https://github.com/advisories/GHSA-35jp-ww65-95wh',
2429 silly audit report       title: 'axios Vulnerable to Full Man-in-the-Middle via Prototype Pollution Gadget in `config.proxy`',
2429 silly audit report       severity: 'high',
2429 silly audit report       vulnerable_versions: '>=1.0.0 <1.16.0',
2429 silly audit report       cwe: [Array],
2429 silly audit report       cvss: [Object]
2429 silly audit report     },
2429 silly audit report     {
2429 silly audit report       id: 1120652,
2429 silly audit report       url: 'https://github.com/advisories/GHSA-898c-q2cr-xwhg',
2429 silly audit report       title: 'axios has DoS & Header Injection via Prototype Pollution Read-Side Gadgets in axios merge functions',
2429 silly audit report       severity: 'moderate',
2429 silly audit report       vulnerable_versions: '>=1.0.0 <1.16.0',
2429 silly audit report       cwe: [Array],
2429 silly audit report       cvss: [Object]
2429 silly audit report     },
2429 silly audit report     {
2429 silly audit report       id: 1116673,
2429 silly audit report       url: 'https://github.com/advisories/GHSA-3p68-rc4w-qgx5',
2429 silly audit report       title: 'Axios has a NO_PROXY Hostname Normalization Bypass that Leads to SSRF',
2429 silly audit report       severity: 'moderate',
2429 silly audit report       vulnerable_versions: '>=1.0.0 <1.15.0',
2429 silly audit report       cwe: [Array],
2429 silly audit report       cvss: [Object]
2429 silly audit report     },
2429 silly audit report     {
2429 silly audit report       id: 1117574,
2429 silly audit report       url: 'https://github.com/advisories/GHSA-w9j2-pvgh-6h63',
2429 silly audit report       title: 'Axios: Authentication Bypass via Prototype Pollution Gadget in `validateStatus` Merge Strategy',
2429 silly audit report       severity: 'moderate',
2429 silly audit report       vulnerable_versions: '>=1.0.0 <1.15.1',
2429 silly audit report       cwe: [Array],
2429 silly audit report       cvss: [Object]
2429 silly audit report     },
2429 silly audit report     {
2429 silly audit report       id: 1117576,
2429 silly audit report       url: 'https://github.com/advisories/GHSA-pmwg-cvhr-8vh7',
2429 silly audit report       title: 'Axios: Incomplete Fix for CVE-2025-62718 — NO_PROXY Protection Bypassed via RFC 1122 Loopback Subnet (127.0.0.0/8) in Axios 1.15.0',
2429 silly audit report       severity: 'high',
2429 silly audit report       vulnerable_versions: '>=1.0.0 <1.15.1',
2429 silly audit report       cwe: [Array],
2429 silly audit report       cvss: [Object]
2429 silly audit report     },
2429 silly audit report     {
2429 silly audit report       id: 1117577,
2429 silly audit report       url: 'https://github.com/advisories/GHSA-3w6x-2g7m-8v23',
2429 silly audit report       title: 'Axios: Invisible JSON Response Tampering via Prototype Pollution Gadget in `parseReviver`',
2429 silly audit report       severity: 'moderate',
2429 silly audit report       vulnerable_versions: '>=1.0.0 <1.15.2',
2429 silly audit report       cwe: [Array],
2429 silly audit report       cvss: [Object]
2429 silly audit report     },
2429 silly audit report     {
2429 silly audit report       id: 1117580,
2429 silly audit report       url: 'https://github.com/advisories/GHSA-xhjh-pmcv-23jw',
2429 silly audit report       title: 'Axios: Null Byte Injection via Reverse-Encoding in AxiosURLSearchParams',
2429 silly audit report       severity: 'low',
2429 silly audit report       vulnerable_versions: '>=1.0.0 <1.15.1',
2429 silly audit report       cwe: [Array],
2429 silly audit report       cvss: [Object]
2429 silly audit report     },
2429 silly audit report     {
2429 silly audit report       id: 1117581,
2429 silly audit report       url: 'https://github.com/advisories/GHSA-445q-vr5w-6q77',
2429 silly audit report       title: 'Axios: CRLF Injection in multipart/form-data body via unsanitized blob.type in formDataToStream',
2429 silly audit report       severity: 'moderate',
2429 silly audit report       vulnerable_versions: '>=1.0.0 <1.15.1',
2429 silly audit report       cwe: [Array],
2429 silly audit report       cvss: [Object]
2429 silly audit report     },
2429 silly audit report     {
2429 silly audit report       id: 1117583,
2429 silly audit report       url: 'https://github.com/advisories/GHSA-m7pr-hjqh-92cm',
2429 silly audit report       title: 'Axios: no_proxy bypass via IP alias allows SSRF',
2429 silly audit report       severity: 'moderate',
2429 silly audit report       vulnerable_versions: '>=1.0.0 <1.15.1',
2429 silly audit report       cwe: [Array],
2429 silly audit report       cvss: [Object]
2429 silly audit report     },
2429 silly audit report     {
2429 silly audit report       id: 1117587,
2429 silly audit report       url: 'https://github.com/advisories/GHSA-5c9x-8gcm-mpgx',
2429 silly audit report       title: "Axios' HTTP adapter-streamed uploads bypass maxBodyLength when maxRedirects: 0",
2429 silly audit report       severity: 'moderate',
2429 silly audit report       vulnerable_versions: '>=1.0.0 <1.15.1',
2429 silly audit report       cwe: [Array],
2429 silly audit report       cvss: [Object]
2429 silly audit report     },
2429 silly audit report     {
2429 silly audit report       id: 1117589,
2429 silly audit report       url: 'https://github.com/advisories/GHSA-vf2m-468p-8v99',
2429 silly audit report       title: 'Axios: HTTP adapter streamed responses bypass maxContentLength',
2429 silly audit report       severity: 'moderate',
2429 silly audit report       vulnerable_versions: '>=1.0.0 <1.15.1',
2429 silly audit report       cwe: [Array],
2429 silly audit report       cvss: [Object]
2429 silly audit report     },
2429 silly audit report     {
2429 silly audit report       id: 1117591,
2429 silly audit report       url: 'https://github.com/advisories/GHSA-pf86-5x62-jrwf',
2429 silly audit report       title: 'Axios: Prototype Pollution Gadgets - Response Tampering, Data Exfiltration, and Request Hijacking',
2429 silly audit report       severity: 'high',
2429 silly audit report       vulnerable_versions: '>=1.0.0 <1.15.1',
2429 silly audit report       cwe: [Array],
2429 silly audit report       cvss: [Object]
2429 silly audit report     },
2429 silly audit report     {
2429 silly audit report       id: 1117593,
2429 silly audit report       url: 'https://github.com/advisories/GHSA-6chq-wfr3-2hj9',
2429 silly audit report       title: 'Axios: Header Injection via Prototype Pollution',
2429 silly audit report       severity: 'high',
2429 silly audit report       vulnerable_versions: '>=1.0.0 <1.15.1',
2429 silly audit report       cwe: [Array],
2429 silly audit report       cvss: [Object]
2429 silly audit report     },
2429 silly audit report     {
2429 silly audit report       id: 1117595,
2429 silly audit report       url: 'https://github.com/advisories/GHSA-xx6v-rp6x-q39c',
2429 silly audit report       title: 'Axios: XSRF Token Cross-Origin Leakage via Prototype Pollution Gadget in `withXSRFToken` Boolean Coercion',
2429 silly audit report       severity: 'moderate',
2429 silly audit report       vulnerable_versions: '>=1.0.0 <1.15.1',
2429 silly audit report       cwe: [Array],
2429 silly audit report       cvss: [Object]
2429 silly audit report     },
2429 silly audit report     {
2429 silly audit report       id: 1117858,
2429 silly audit report       url: 'https://github.com/advisories/GHSA-43fc-jf86-j433',
2429 silly audit report       title: 'Axios is Vulnerable to Denial of Service via __proto__ Key in mergeConfig',
2429 silly audit report       severity: 'high',
2429 silly audit report       vulnerable_versions: '>=1.0.0 <=1.13.4',
2429 silly audit report       cwe: [Array],
2429 silly audit report       cvss: [Object]
2429 silly audit report     },
2429 silly audit report     {
2429 silly audit report       id: 1147949,
2429 silly audit report       url: 'https://github.com/advisories/GHSA-mmx7-hfxf-jppx',
2429 silly audit report       title: 'Axios: Prototype pollution gadgets can alter axios request construction',
2429 silly audit report       severity: 'moderate',
2429 silly audit report       vulnerable_versions: '>=1.0.0 <1.18.0',
2429 silly audit report       cwe: [Array],
2429 silly audit report       cvss: [Object]
2429 silly audit report     },
2429 silly audit report     {
2429 silly audit report       id: 1147950,
2429 silly audit report       url: 'https://github.com/advisories/GHSA-pmv8-rq9r-6j72',
2429 silly audit report       title: 'Axios: Deep formToJSON Key Recursion Can Cause Denial of Service',
2429 silly audit report       severity: 'moderate',
2429 silly audit report       vulnerable_versions: '>=1.0.0 <1.18.0',
2429 silly audit report       cwe: [Array],
2429 silly audit report       cvss: [Object]
2429 silly audit report     },
2429 silly audit report     {
2429 silly audit report       id: 1153175,
2429 silly audit report       url: 'https://github.com/advisories/GHSA-mwf2-3pr3-8698',
2429 silly audit report       title: 'Axios: HTTP/2 streamed uploads bypass `maxBodyLength`',
2429 silly audit report       severity: 'moderate',
2429 silly audit report       vulnerable_versions: '>=1.13.0 <1.18.0',
2429 silly audit report       cwe: [Array],
2429 silly audit report       cvss: [Object]
2429 silly audit report     },
2429 silly audit report     {
2429 silly audit report       id: 1153180,
2429 silly audit report       url: 'https://github.com/advisories/GHSA-7q8q-rj6j-mhjq',
2429 silly audit report       title: 'Axios: Nested axios option objects can consume polluted prototype values',
2429 silly audit report       severity: 'moderate',
2429 silly audit report       vulnerable_versions: '>=1.0.0 <1.18.0',
2429 silly audit report       cwe: [Array],
2429 silly audit report       cvss: [Object]
2429 silly audit report     },
2429 silly audit report     {
2429 silly audit report       id: 1153182,
2429 silly audit report       url: 'https://github.com/advisories/GHSA-jqh4-m9w3-8hp9',
2429 silly audit report       title: 'Axios: Fetch adapter `ReadableStream` uploads bypass `maxBodyLength`',
2429 silly audit report       severity: 'moderate',
2429 silly audit report       vulnerable_versions: '>=1.7.0 <1.18.0',
2429 silly audit report       cwe: [Array],
2429 silly audit report       cvss: [Object]
2429 silly audit report     },
2429 silly audit report     {
2429 silly audit report       id: 1153185,
2429 silly audit report       url: 'https://github.com/advisories/GHSA-42h9-826w-cgv3',
2429 silly audit report       title: 'Axios: Excessive recursion in formDataToJSON can cause denial of service',
2429 silly audit report       severity: 'moderate',
2429 silly audit report       vulnerable_versions: '>=1.0.0 <1.18.0',
2429 silly audit report       cwe: [Array],
2429 silly audit report       cvss: [Object]
2429 silly audit report     }
2429 silly audit report   ],
2429 silly audit report   'brace-expansion': [
2429 silly audit report     {
2429 silly audit report       id: 1105443,
2429 silly audit report       url: 'https://github.com/advisories/GHSA-v6h2-p8h4-qcjw',
2429 silly audit report       title: 'brace-expansion Regular Expression Denial of Service vulnerability',
2429 silly audit report       severity: 'low',
2429 silly audit report       vulnerable_versions: '>=1.0.0 <=1.1.11',
2429 silly audit report       cwe: [Array],
2429 silly audit report       cvss: [Object]
2429 silly audit report     },
2429 silly audit report     {
2429 silly audit report       id: 1105444,
2429 silly audit report       url: 'https://github.com/advisories/GHSA-v6h2-p8h4-qcjw',
2429 silly audit report       title: 'brace-expansion Regular Expression Denial of Service vulnerability',
2429 silly audit report       severity: 'low',
2429 silly audit report       vulnerable_versions: '>=2.0.0 <=2.0.1',
2429 silly audit report       cwe: [Array],
2429 silly audit report       cvss: [Object]
2429 silly audit report     },
2429 silly audit report     {
2429 silly audit report       id: 1130588,
2429 silly audit report       url: 'https://github.com/advisories/GHSA-mh99-v99m-4gvg',
2429 silly audit report       title: 'brace-expansion: DoS via unbounded expansion length causing an out-of-memory process crash',
2429 silly audit report       severity: 'high',
2429 silly audit report       vulnerable_versions: '<1.1.17',
2429 silly audit report       cwe: [Array],
2429 silly audit report       cvss: [Object]
2429 silly audit report     },
2429 silly audit report     {
2429 silly audit report       id: 1130589,
2429 silly audit report       url: 'https://github.com/advisories/GHSA-mh99-v99m-4gvg',
2429 silly audit report       title: 'brace-expansion: DoS via unbounded expansion length causing an out-of-memory process crash',
2429 silly audit report       severity: 'high',
2429 silly audit report       vulnerable_versions: '>=2.0.0 <2.1.3',
2429 silly audit report       cwe: [Array],
2429 silly audit report       cvss: [Object]
2429 silly audit report     },
2429 silly audit report     {
2429 silly audit report       id: 1130736,
2429 silly audit report       url: 'https://github.com/advisories/GHSA-rgw5-rvv9-x895',
2429 silly audit report       title: 'brace-expansion: DoS via unbounded intermediate arrays, bypassing the CVE-2026-14257 mitigation',
2429 silly audit report       severity: 'high',
2429 silly audit report       vulnerable_versions: '>=2.0.0 <2.1.4',
2429 silly audit report       cwe: [Array],
2429 silly audit report       cvss: [Object]
2429 silly audit report     },
2429 silly audit report     {
2429 silly audit report       id: 1130737,
2429 silly audit report       url: 'https://github.com/advisories/GHSA-rgw5-rvv9-x895',
2429 silly audit report       title: 'brace-expansion: DoS via unbounded intermediate arrays, bypassing the CVE-2026-14257 mitigation',
2429 silly audit report       severity: 'high',
2429 silly audit report       vulnerable_versions: '<1.1.18',
2429 silly audit report       cwe: [Array],
2429 silly audit report       cvss: [Object]
2429 silly audit report     },
2429 silly audit report     {
2429 silly audit report       id: 1115540,
2429 silly audit report       url: 'https://github.com/advisories/GHSA-f886-m6hf-6m8v',
2429 silly audit report       title: 'brace-expansion: Zero-step sequence causes process hang and memory exhaustion',
2429 silly audit report       severity: 'moderate',
2429 silly audit report       vulnerable_versions: '<1.1.13',
2429 silly audit report       cwe: [Array],
2429 silly audit report       cvss: [Object]
2429 silly audit report     },
2429 silly audit report     {
2429 silly audit report       id: 1115541,
2429 silly audit report       url: 'https://github.com/advisories/GHSA-f886-m6hf-6m8v',
2429 silly audit report       title: 'brace-expansion: Zero-step sequence causes process hang and memory exhaustion',
2429 silly audit report       severity: 'moderate',
2429 silly audit report       vulnerable_versions: '>=2.0.0 <2.0.3',
2429 silly audit report       cwe: [Array],
2429 silly audit report       cvss: [Object]
2429 silly audit report     },
2429 silly audit report     {
2429 silly audit report       id: 1123896,
2429 silly audit report       url: 'https://github.com/advisories/GHSA-3jxr-9vmj-r5cp',
2429 silly audit report       title: 'brace-expansion: DoS via exponential-time expansion of consecutive non-expanding {} groups',
2429 silly audit report       severity: 'high',
2429 silly audit report       vulnerable_versions: '>=2.0.0 <2.1.2',
2429 silly audit report       cwe: [Array],
2429 silly audit report       cvss: [Object]
2429 silly audit report     },
2429 silly audit report     {
2429 silly audit report       id: 1123897,
2429 silly audit report       url: 'https://github.com/advisories/GHSA-3jxr-9vmj-r5cp',
2429 silly audit report       title: 'brace-expansion: DoS via exponential-time expansion of consecutive non-expanding {} groups',
2429 silly audit report       severity: 'high',
2429 silly audit report       vulnerable_versions: '<1.1.16',
2429 silly audit report       cwe: [Array],
2429 silly audit report       cvss: [Object]
2429 silly audit report     }
2429 silly audit report   ],
2429 silly audit report   dompurify: [
2429 silly audit report     {
2429 silly audit report       id: 1105772,
2429 silly audit report       url: 'https://github.com/advisories/GHSA-vhxf-7vqr-mrjg',
2429 silly audit report       title: 'DOMPurify allows Cross-site Scripting (XSS)',
2429 silly audit report       severity: 'moderate',
2429 silly audit report       vulnerable_versions: '<3.2.4',
2429 silly audit report       cwe: [Array],
2429 silly audit report       cvss: [Object]
2429 silly audit report     },
2429 silly audit report     {
2429 silly audit report       id: 1120802,
2429 silly audit report       url: 'https://github.com/advisories/GHSA-hpcv-96wg-7vj8',
2429 silly audit report       title: 'DOMPurify: Cross-realm IN_PLACE sanitization leaves executable markup intact via realm-bound `instanceof` checks',
2429 silly audit report       severity: 'moderate',
2429 silly audit report       vulnerable_versions: '<=3.4.5',
2429 silly audit report       cwe: [Array],
2429 silly audit report       cvss: [Object]
2429 silly audit report     },
2429 silly audit report     {
2429 silly audit report       id: 1120803,
2429 silly audit report       url: 'https://github.com/advisories/GHSA-r47g-fvhr-h676',
2429 silly audit report       title: 'DOMPurify: IN_PLACE mode preserves attributes of a clobbered root element, allowing XSS via attacker-controlled root DOM',
2429 silly audit report       severity: 'moderate',
2429 silly audit report       vulnerable_versions: '<=3.4.5',
2429 silly audit report       cwe: [Array],
2429 silly audit report       cvss: [Object]
2429 silly audit report     },
2429 silly audit report     {
2429 silly audit report       id: 1120813,
2429 silly audit report       url: 'https://github.com/advisories/GHSA-rp9w-3fw7-7cwq',
2429 silly audit report       title: 'DOMPurify IN_PLACE Sanitization Bypass via Attached Shadow Root Inside <template>.content',
2429 silly audit report       severity: 'moderate',
2429 silly audit report       vulnerable_versions: '<=3.4.6',
2429 silly audit report       cwe: [Array],
2429 silly audit report       cvss: [Object]
2429 silly audit report     },
2429 silly audit report     {
2429 silly audit report       id: 1117138,
2429 silly audit report       url: 'https://github.com/advisories/GHSA-h7mw-gpvr-xq4m',
2429 silly audit report       title: 'DOMPurify: FORBID_TAGS bypassed by function-based ADD_TAGS predicate (asymmetry with FORBID_ATTR fix)',
2429 silly audit report       severity: 'moderate',
2429 silly audit report       vulnerable_versions: '<3.4.0',
2429 silly audit report       cwe: [Array],
2429 silly audit report       cvss: [Object]
2429 silly audit report     },
2429 silly audit report     {
2429 silly audit report       id: 1117139,
2429 silly audit report       url: 'https://github.com/advisories/GHSA-crv5-9vww-q3g8',
2429 silly audit report       title: 'DOMPurify has a SAFE_FOR_TEMPLATES bypass in RETURN_DOM mode',
2429 silly audit report       severity: 'moderate',
2429 silly audit report       vulnerable_versions: '>=1.0.10 <3.4.0',
2429 silly audit report       cwe: [Array],
2429 silly audit report       cvss: [Object]
2429 silly audit report     },
2429 silly audit report     {
2429 silly audit report       id: 1124022,
2429 silly audit report       url: 'https://github.com/advisories/GHSA-c2j3-45gr-mqc4',
2429 silly audit report       title: 'DOMPurify: `CUSTOM_ELEMENT_HANDLING` bypasses `afterSanitizeElements` for allowed custom elements.',
2429 silly audit report       severity: 'low',
2429 silly audit report       vulnerable_versions: '<=3.4.11',
2429 silly audit report       cwe: [Array],
2429 silly audit report       cvss: [Object]
2429 silly audit report     },
2429 silly audit report     {
2429 silly audit report       id: 1124233,
2429 silly audit report       url: 'https://github.com/advisories/GHSA-cmwh-pvxp-8882',
2429 silly audit report       title: 'DOMPurify: Permanent `ALLOWED_ATTR` pollution via `setConfig()` bypassing the hook clone-guard (incomplete fix of the 3.4.7 hook-pollution patch)',
2429 silly audit report       severity: 'moderate',
2429 silly audit report       vulnerable_versions: '<=3.4.10',
2429 silly audit report       cwe: [Array],
2429 silly audit report       cvss: [Object]
2429 silly audit report     },
2429 silly audit report     {
2429 silly audit report       id: 1124234,
2429 silly audit report       url: 'https://github.com/advisories/GHSA-vxr8-fq34-vvx9',
2429 silly audit report       title: 'DOMPurify: Trusted Types policy survives `clearConfig()` and can poison later `RETURN_TRUSTED_TYPE` output',
2429 silly audit report       severity: 'low',
2429 silly audit report       vulnerable_versions: '<3.4.9',
2429 silly audit report       cwe: [Array],
2429 silly audit report       cvss: [Object]
2429 silly audit report     },
2429 silly audit report     {
2429 silly audit report       id: 1124236,
2429 silly audit report       url: 'https://github.com/advisories/GHSA-x4vx-rjvf-j5p4',
2429 silly audit report       title: 'DOMPurify: `IN_PLACE` mode trusts attacker-controlled `nodeName` on live non-form nodes, allowing script retention and XSS via attacker-supplied DOM objects',
2429 silly audit report       severity: 'low',
2429 silly audit report       vulnerable_versions: '<=3.4.6',
2429 silly audit report       cwe: [Array],
2429 silly audit report       cvss: [Object]
2429 silly audit report     },
2429 silly audit report     {
2429 silly audit report       id: 1124237,
2429 silly audit report       url: 'https://github.com/advisories/GHSA-76mc-f452-cxcm',
2429 silly audit report       title: 'DOMPurify: Hook mutation of `data.allowedTags` / `data.allowedAttributes` permanently pollutes `DEFAULT_ALLOWED_TAGS` / `DEFAULT_ALLOWED_ATTR`',
2429 silly audit report       severity: 'moderate',
2429 silly audit report       vulnerable_versions: '<3.4.7',
2429 silly audit report       cwe: [Array],
2429 silly audit report       cvss: [Object]
2429 silly audit report     },
2429 silly audit report     {
2429 silly audit report       id: 1124238,
2429 silly audit report       url: 'https://github.com/advisories/GHSA-39q2-94rc-95cp',
2429 silly audit report       title: "DOMPurify's ADD_TAGS function form bypasses FORBID_TAGS due to short-circuit evaluation",
2429 silly audit report       severity: 'moderate',
2429 silly audit report       vulnerable_versions: '<=3.3.3',
2429 silly audit report       cwe: [Array],
2429 silly audit report       cvss: [Object]
2429 silly audit report     },
2429 silly audit report     {
2429 silly audit report       id: 1124239,
2429 silly audit report       url: 'https://github.com/advisories/GHSA-cjmm-f4jc-qw8r',
2429 silly audit report       title: 'DOMPurify ADD_ATTR predicate skips URI validation',
2429 silly audit report       severity: 'moderate',
2429 silly audit report       vulnerable_versions: '<=3.3.1',
2429 silly audit report       cwe: [Array],
2429 silly audit report       cvss: [Object]
2429 silly audit report     },
2429 silly audit report     {
2429 silly audit report       id: 1124240,
2429 silly audit report       url: 'https://github.com/advisories/GHSA-cj63-jhhr-wcxv',
2429 silly audit report       title: 'DOMPurify USE_PROFILES prototype pollution allows event handlers',
2429 silly audit report       severity: 'moderate',
2429 silly audit report       vulnerable_versions: '<=3.3.1',
2429 silly audit report       cwe: [Array],
2429 silly audit report       cvss: [Object]
2429 silly audit report     },
2429 silly audit report     {
2429 silly audit report       id: 1124241,
2429 silly audit report       url: 'https://github.com/advisories/GHSA-h8r8-wccr-v5f2',
2429 silly audit report       title: 'DOMPurify is vulnerable to mutation-XSS via Re-Contextualization ',
2429 silly audit report       severity: 'moderate',
2429 silly audit report       vulnerable_versions: '<3.3.2',
2429 silly audit report       cwe: [Array],
2429 silly audit report       cvss: [Object]
2429 silly audit report     },
2429 silly audit report     {
2429 silly audit report       id: 1138538,
2429 silly audit report       url: 'https://github.com/advisories/GHSA-55q2-fjhq-7xh7',
2429 silly audit report       title: 'DOMPurify: IN_PLACE hook removal leaves a detached subtree executable, causing XSS',
2429 silly audit report       severity: 'moderate',
2429 silly audit report       vulnerable_versions: '<=3.4.12',
2429 silly audit report       cwe: [Array],
2429 silly audit report       cvss: [Object]
2429 silly audit report     }
2429 silly audit report   ],
2429 silly audit report   'extract-zip': [
2429 silly audit report     {
2429 silly audit report       id: 1139346,
2429 silly audit report       url: 'https://github.com/advisories/GHSA-jmr9-qjv8-65gv',
2429 silly audit report       title: 'extract-zip unvalidated symlink path traversal',
2429 silly audit report       severity: 'high',
2429 silly audit report       vulnerable_versions: '<=2.0.1',
2429 silly audit report       cwe: [Array],
2429 silly audit report       cvss: [Object]
2429 silly audit report     }
2429 silly audit report   ],
2429 silly audit report   'fast-uri': [
2429 silly audit report     {
2429 silly audit report       id: 1158524,
2429 silly audit report       url: 'https://github.com/advisories/GHSA-f65p-4m7j-42xc',
2429 silly audit report       title: 'fast-uri vulnerable to server-side request forgery via malformed IPv6 normalization',
2429 silly audit report       severity: 'high',
2429 silly audit report       vulnerable_versions: '>=3.0.0 <3.1.6',
2429 silly audit report       cwe: [Array],
2429 silly audit report       cvss: [Object]
2429 silly audit report     },
2429 silly audit report     {
2429 silly audit report       id: 1158530,
2429 silly audit report       url: 'https://github.com/advisories/GHSA-jqff-g426-hqxp',
2429 silly audit report       title: 'fast-uri vulnerable to host confusion via percent-encoded scheme normalization',
2429 silly audit report       severity: 'high',
2429 silly audit report       vulnerable_versions: '>=3.0.0 <3.1.6',
2429 silly audit report       cwe: [Array],
2429 silly audit report       cvss: [Object]
2429 silly audit report     },
2429 silly audit report     {
2429 silly audit report       id: 1130720,
2429 silly audit report       url: 'https://github.com/advisories/GHSA-7p8r-x3mc-p8w7',
2429 silly audit report       title: 'fast-uri vulnerable to host confusion via backslash authority introducer',
2429 silly audit report       severity: 'high',
2429 silly audit report       vulnerable_versions: '>=3.0.0 <3.1.5',
2429 silly audit report       cwe: [Array],
2429 silly audit report       cvss: [Object]
2429 silly audit report     },
2429 silly audit report     {
2429 silly audit report       id: 1124064,
2429 silly audit report       url: 'https://github.com/advisories/GHSA-v2hh-gcrm-f6hx',
2429 silly audit report       title: 'fast-uri vulnerable to host confusion via literal backslash authority delimiter',
2429 silly audit report       severity: 'high',
2429 silly audit report       vulnerable_versions: '>=3.0.0 <=3.1.3',
2429 silly audit report       cwe: [Array],
2429 silly audit report       cvss: [Object]
2429 silly audit report     },
2429 silly audit report     {
2429 silly audit report       id: 1145559,
2429 silly audit report       url: 'https://github.com/advisories/GHSA-q3j6-qgpj-74h6',
2429 silly audit report       title: 'fast-uri vulnerable to path traversal via percent-encoded dot segments',
2429 silly audit report       severity: 'high',
2429 silly audit report       vulnerable_versions: '>=3.0.0 <=3.1.0',
2429 silly audit report       cwe: [Array],
2429 silly audit report       cvss: [Object]
2429 silly audit report     },
2429 silly audit report     {
2429 silly audit report       id: 1147878,
2429 silly audit report       url: 'https://github.com/advisories/GHSA-4c8g-83qw-93j6',
2429 silly audit report       title: 'fast-uri vulnerable to host confusion via failed IDN canonicalization',
2429 silly audit report       severity: 'high',
2429 silly audit report       vulnerable_versions: '>=3.0.0 <3.1.3',
2429 silly audit report       cwe: [Array],
2429 silly audit report       cvss: [Object]
2429 silly audit report     },
2429 silly audit report     {
2429 silly audit report       id: 1153168,
2429 silly audit report       url: 'https://github.com/advisories/GHSA-v39h-62p7-jpjc',
2429 silly audit report       title: 'fast-uri vulnerable to host confusion via percent-encoded authority delimiters',
2429 silly audit report       severity: 'high',
2429 silly audit report       vulnerable_versions: '>=3.0.0 <=3.1.1',
2429 silly audit report       cwe: [Array],
2429 silly audit report       cvss: [Object]
2429 silly audit report     }
2429 silly audit report   ],
2429 silly audit report   'fast-xml-parser': [
2429 silly audit report     {
2429 silly audit report       id: 1117911,
2429 silly audit report       url: 'https://github.com/advisories/GHSA-gh4j-gqv2-49f6',
2429 silly audit report       title: 'fast-xml-parser XMLBuilder: XML Comment and CDATA Injection via Unescaped Delimiters',
2429 silly audit report       severity: 'moderate',
2429 silly audit report       vulnerable_versions: '<5.7.0',
2429 silly audit report       cwe: [Array],
2429 silly audit report       cvss: [Object]
2429 silly audit report     },
2429 silly audit report     {
2429 silly audit report       id: 1113567,
2429 silly audit report       url: 'https://github.com/advisories/GHSA-m7jm-9gc2-mpf2',
2429 silly audit report       title: 'fast-xml-parser has an entity encoding bypass via regex injection in DOCTYPE entity names',
2429 silly audit report       severity: 'critical',
2429 silly audit report       vulnerable_versions: '>=4.1.3 <4.5.4',
2429 silly audit report       cwe: [Array],
2429 silly audit report       cvss: [Object]
2429 silly audit report     },
2429 silly audit report     {
2429 silly audit report       id: 1113570,
2429 silly audit report       url: 'https://github.com/advisories/GHSA-jmr7-xgp7-cmfj',
2429 silly audit report       title: 'fast-xml-parser affected by DoS through entity expansion in DOCTYPE (no expansion limit)',
2429 silly audit report       severity: 'high',
2429 silly audit report       vulnerable_versions: '>=4.1.3 <4.5.4',
2429 silly audit report       cwe: [Array],
2429 silly audit report       cvss: [Object]
2429 silly audit report     },
2429 silly audit report     {
2429 silly audit report       id: 1114149,
2429 silly audit report       url: 'https://github.com/advisories/GHSA-fj3w-jwp8-x2g3',
2429 silly audit report       title: 'fast-xml-parser has stack overflow in XMLBuilder with preserveOrder',
2429 silly audit report       severity: 'low',
2429 silly audit report       vulnerable_versions: '>=4.0.0-beta.0 <4.5.4',
2429 silly audit report       cwe: [Array],
2429 silly audit report       cvss: [Object]
2429 silly audit report     },
2429 silly audit report     {
2429 silly audit report       id: 1115338,
2429 silly audit report       url: 'https://github.com/advisories/GHSA-8gc5-j5rx-235r',
2429 silly audit report       title: 'fast-xml-parser affected by numeric entity expansion bypassing all entity expansion limits (incomplete fix for CVE-2026-26278)',
2429 silly audit report       severity: 'high',
2429 silly audit report       vulnerable_versions: '>=4.0.0-beta.3 <4.5.5',
2429 silly audit report       cwe: [Array],
2429 silly audit report       cvss: [Object]
2429 silly audit report     },
2429 silly audit report     {
2429 silly audit report       id: 1116308,
2429 silly audit report       url: 'https://github.com/advisories/GHSA-jp2q-39xq-3w4g',
2429 silly audit report       title: 'Entity Expansion Limits Bypassed When Set to Zero Due to JavaScript Falsy Evaluation in fast-xml-parser',
2429 silly audit report       severity: 'moderate',
2429 silly audit report       vulnerable_versions: '>=4.0.0-beta.3 <4.5.5',
2429 silly audit report       cwe: [Array],
2429 silly audit report       cvss: [Object]
2429 silly audit report     }
2429 silly audit report   ],
2429 silly audit report   'follow-redirects': [
2429 silly audit report     {
2429 silly audit report       id: 1116560,
2429 silly audit report       url: 'https://github.com/advisories/GHSA-r4q5-vmmm-2653',
2429 silly audit report       title: 'follow-redirects leaks Custom Authentication Headers to Cross-Domain Redirect Targets',
2429 silly audit report       severity: 'moderate',
2429 silly audit report       vulnerable_versions: '<=1.15.11',
2429 silly audit report       cwe: [Array],
2429 silly audit report       cvss: [Object]
2429 silly audit report     }
2429 silly audit report   ],
2429 silly audit report   glob: [
2429 silly audit report     {
2429 silly audit report       id: 1109842,
2429 silly audit report       url: 'https://github.com/advisories/GHSA-5j98-mcp5-4vw2',
2429 silly audit report       title: 'glob CLI: Command injection via -c/--cmd executes matches with shell:true',
2429 silly audit report       severity: 'high',
2429 silly audit report       vulnerable_versions: '>=10.2.0 <10.5.0',
2429 silly audit report       cwe: [Array],
2429 silly audit report       cvss: [Object]
2429 silly audit report     }
2429 silly audit report   ],
2429 silly audit report   handlebars: [
2429 silly audit report     {
2429 silly audit report       id: 1115538,
2429 silly audit report       url: 'https://github.com/advisories/GHSA-3mfm-83xf-c92r',
2429 silly audit report       title: 'Handlebars.js has JavaScript Injection via AST Type Confusion by tampering @partial-block',
2429 silly audit report       severity: 'high',
2429 silly audit report       vulnerable_versions: '>=4.0.0 <=4.7.8',
2429 silly audit report       cwe: [Array],
2429 silly audit report       cvss: [Object]
2429 silly audit report     },
2429 silly audit report     {
2429 silly audit report       id: 1115539,
2429 silly audit report       url: 'https://github.com/advisories/GHSA-2w6w-674q-4c4q',
2429 silly audit report       title: 'Handlebars.js has JavaScript Injection via AST Type Confusion',
2429 silly audit report       severity: 'critical',
2429 silly audit report       vulnerable_versions: '>=4.0.0 <=4.7.8',
2429 silly audit report       cwe: [Array],
2429 silly audit report       cvss: [Object]
2429 silly audit report     },
2429 silly audit report     {
2429 silly audit report       id: 1115544,
2429 silly audit report       url: 'https://github.com/advisories/GHSA-2qvq-rjwj-gvw9',
2429 silly audit report       title: 'Handlebars.js has Prototype Pollution Leading to XSS through Partial Template Injection',
2429 silly audit report       severity: 'moderate',
2429 silly audit report       vulnerable_versions: '>=4.0.0 <4.7.9',
2429 silly audit report       cwe: [Array],
2429 silly audit report       cvss: [Object]
2429 silly audit report     },
2429 silly audit report     {
2429 silly audit report       id: 1115588,
2429 silly audit report       url: 'https://github.com/advisories/GHSA-7rx3-28cr-v5wh',
2429 silly audit report       title: 'Handlebars.js has a Prototype Method Access Control Gap via Missing __lookupSetter__ Blocklist Entry',
2429 silly audit report       severity: 'moderate',
2429 silly audit report       vulnerable_versions: '>=4.6.0 <=4.7.8',
2429 silly audit report       cwe: [Array],
2429 silly audit report       cvss: [Object]
2429 silly audit report     },
2429 silly audit report     {
2429 silly audit report       id: 1115589,
2429 silly audit report       url: 'https://github.com/advisories/GHSA-442j-39wm-28r2',
2429 silly audit report       title: 'Handlebars.js has a Property Access Validation Bypass in container.lookup',
2429 silly audit report       severity: 'low',
2429 silly audit report       vulnerable_versions: '>=4.0.0 <=4.7.8',
2429 silly audit report       cwe: [Array],
2429 silly audit report       cvss: [Object]
2429 silly audit report     },
2429 silly audit report     {
2429 silly audit report       id: 1115693,
2429 silly audit report       url: 'https://github.com/advisories/GHSA-xhpv-hc6g-r9c6',
2429 silly audit report       title: 'Handlebars.js has JavaScript Injection via AST Type Confusion when passing an object as dynamic partial',
2429 silly audit report       severity: 'high',
2429 silly audit report       vulnerable_versions: '>=4.0.0 <=4.7.8',
2429 silly audit report       cwe: [Array],
2429 silly audit report       cvss: [Object]
2429 silly audit report     },
2429 silly audit report     {
2429 silly audit report       id: 1115694,
2429 silly audit report       url: 'https://github.com/advisories/GHSA-9cx6-37pm-9jff',
2429 silly audit report       title: 'Handlebars.js has Denial of Service via Malformed Decorator Syntax in Template Compilation',
2429 silly audit report       severity: 'high',
2429 silly audit report       vulnerable_versions: '>=4.0.0 <=4.7.8',
2429 silly audit report       cwe: [Array],
2429 silly audit report       cvss: [Object]
2429 silly audit report     },
2429 silly audit report     {
2429 silly audit report       id: 1117465,
2429 silly audit report       url: 'https://github.com/advisories/GHSA-xjpj-3mr7-gcpf',
2429 silly audit report       title: 'Handlebars.js has JavaScript Injection in CLI Precompiler via Unescaped Names and Options',
2429 silly audit report       severity: 'high',
2429 silly audit report       vulnerable_versions: '>=4.0.0 <=4.7.8',
2429 silly audit report       cwe: [Array],
2429 silly audit report       cvss: [Object]
2429 silly audit report     }
2429 silly audit report   ],
2429 silly audit report   'js-yaml': [
2429 silly audit report     {
2429 silly audit report       id: 1121860,
2429 silly audit report       url: 'https://github.com/advisories/GHSA-h67p-54hq-rp68',
2429 silly audit report       title: 'JS-YAML: Quadratic-complexity DoS in merge key handling via repeated aliases',
2429 silly audit report       severity: 'moderate',
2429 silly audit report       vulnerable_versions: '>=4.0.0 <=4.1.1',
2429 silly audit report       cwe: [Array],
2429 silly audit report       cvss: [Object]
2429 silly audit report     },
2429 silly audit report     {
2429 silly audit report       id: 1123911,
2429 silly audit report       url: 'https://github.com/advisories/GHSA-52cp-r559-cp3m',
2429 silly audit report       title: 'js-yaml: YAML merge-key chains can force quadratic CPU consumption',
2429 silly audit report       severity: 'high',
2429 silly audit report       vulnerable_versions: '>=4.0.0 <4.3.0',
2429 silly audit report       cwe: [Array],
2429 silly audit report       cvss: [Object]
2429 silly audit report     },
2429 silly audit report     {
2429 silly audit report       id: 1138115,
2429 silly audit report       url: 'https://github.com/advisories/GHSA-5p4m-2wfm-xmqj',
2429 silly audit report       title: 'JS-YAML: Quadratic CPU consumption in !!omap resolution (3.x and 4.x) — CVE-2026-59870 fix not backported',
2429 silly audit report       severity: 'high',
2429 silly audit report       vulnerable_versions: '>=4.0.0 <4.3.1',
2429 silly audit report       cwe: [Array],
2429 silly audit report       cvss: [Object]
2429 silly audit report     }
2429 silly audit report   ],
2429 silly audit report   'json-2-csv': [
2429 silly audit report     {
2429 silly audit report       id: 1122166,
2429 silly audit report       url: 'https://github.com/advisories/GHSA-g27c-q7cp-mhx6',
2429 silly audit report       title: 'json-2-csv vulnerable to CSV Injection via the preventCsvInjection optio',
2429 silly audit report       severity: 'moderate',
2429 silly audit report       vulnerable_versions: '>=3.15.0 <5.5.11',
2429 silly audit report       cwe: [Array],
2429 silly audit report       cvss: [Object]
2429 silly audit report     }
2429 silly audit report   ],
2429 silly audit report   jspdf: [
2429 silly audit report     {
2429 silly audit report       id: 1103308,
2429 silly audit report       url: 'https://github.com/advisories/GHSA-w532-jxjh-hjhj',
2429 silly audit report       title: 'jsPDF Bypass Regular Expression Denial of Service (ReDoS)',
2429 silly audit report       severity: 'high',
2429 silly audit report       vulnerable_versions: '<3.0.1',
2429 silly audit report       cwe: [Array],
2429 silly audit report       cvss: [Object]
2429 silly audit report     },
2429 silly audit report     {
2429 silly audit report       id: 1107412,
2429 silly audit report       url: 'https://github.com/advisories/GHSA-8mvj-3j78-4qmw',
2429 silly audit report       title: 'jsPDF Denial of Service (DoS)',
2429 silly audit report       severity: 'high',
2429 silly audit report       vulnerable_versions: '<=3.0.1',
2429 silly audit report       cwe: [Array],
2429 silly audit report       cvss: [Object]
2429 silly audit report     },
2429 silly audit report     {
2429 silly audit report       id: 1112264,
2429 silly audit report       url: 'https://github.com/advisories/GHSA-f8cm-6447-x5h2',
2429 silly audit report       title: 'jsPDF has Local File Inclusion/Path Traversal vulnerability',
2429 silly audit report       severity: 'critical',
2429 silly audit report       vulnerable_versions: '<=3.0.4',
2429 silly audit report       cwe: [Array],
2429 silly audit report       cvss: [Object]
2429 silly audit report     },
2429 silly audit report     {
2429 silly audit report       id: 1112801,
2429 silly audit report       url: 'https://github.com/advisories/GHSA-pqxr-3g65-p328',
2429 silly audit report       title: 'jsPDF has PDF Injection in AcroFormChoiceField that allows Arbitrary JavaScript Execution',
2429 silly audit report       severity: 'high',
2429 silly audit report       vulnerable_versions: '<=4.0.0',
2429 silly audit report       cwe: [Array],
2429 silly audit report       cvss: [Object]
2429 silly audit report     },
2429 silly audit report     {
2429 silly audit report       id: 1112802,
2429 silly audit report       url: 'https://github.com/advisories/GHSA-95fx-jjr5-f39c',
2429 silly audit report       title: 'jsPDF Vulnerable to Denial of Service (DoS) via Unvalidated BMP Dimensions in BMPDecoder',
2429 silly audit report       severity: 'high',
2429 silly audit report       vulnerable_versions: '<=4.0.0',
2429 silly audit report       cwe: [Array],
2429 silly audit report       cvss: [Object]
2429 silly audit report     },
2429 silly audit report     {
2429 silly audit report       id: 1112803,
2429 silly audit report       url: 'https://github.com/advisories/GHSA-vm32-vv63-w422',
2429 silly audit report       title: 'jsPDF Vulnerable to Stored XMP Metadata Injection (Spoofing & Integrity Violation)',
2429 silly audit report       severity: 'moderate',
2429 silly audit report       vulnerable_versions: '<=4.0.0',
2429 silly audit report       cwe: [Array],
2429 silly audit report       cvss: [Object]
2429 silly audit report     },
2429 silly audit report     {
2429 silly audit report       id: 1112804,
2429 silly audit report       url: 'https://github.com/advisories/GHSA-cjw8-79x6-5cj4',
2429 silly audit report       title: 'jsPDF has Shared State Race Condition in addJS Plugin',
2429 silly audit report       severity: 'moderate',
2429 silly audit report       vulnerable_versions: '<=4.0.0',
2429 silly audit report       cwe: [Array],
2429 silly audit report       cvss: [Object]
2429 silly audit report     },
2429 silly audit report     {
2429 silly audit report       id: 1113310,
2429 silly audit report       url: 'https://github.com/advisories/GHSA-9vjf-qc39-jprp',
2429 silly audit report       title: 'jsPDF has a PDF Object Injection via Unsanitized Input in addJS Method',
2429 silly audit report       severity: 'high',
2429 silly audit report       vulnerable_versions: '<4.2.0',
2429 silly audit report       cwe: [Array],
2429 silly audit report       cvss: [Object]
2429 silly audit report     },
2429 silly audit report     {
2429 silly audit report       id: 1113324,
2429 silly audit report       url: 'https://github.com/advisories/GHSA-67pg-wm7f-q7fj',
2429 silly audit report       title: 'jsPDF Affected by Client-Side/Server-Side Denial of Service via Malicious GIF Dimensions',
2429 silly audit report       severity: 'high',
2429 silly audit report       vulnerable_versions: '<4.2.0',
2429 silly audit report       cwe: [Array],
2429 silly audit report       cvss: [Object]
2429 silly audit report     },
2429 silly audit report     {
2429 silly audit report       id: 1114396,
2429 silly audit report       url: 'https://github.com/advisories/GHSA-p5xg-68wr-hm3m',
2429 silly audit report       title: 'jsPDF has a PDF Injection in AcroForm module allows Arbitrary JavaScript Execution (RadioButton.createOption and "AS" property)',
2429 silly audit report       severity: 'high',
2429 silly audit report       vulnerable_versions: '<4.2.0',
2429 silly audit report       cwe: [Array],
2429 silly audit report       cvss: [Object]
2429 silly audit report     },
2429 silly audit report     {
2429 silly audit report       id: 1114950,
2429 silly audit report       url: 'https://github.com/advisories/GHSA-7x6v-j9x4-qf24',
2429 silly audit report       title: 'jsPDF has a PDF Object Injection via FreeText color',
2429 silly audit report       severity: 'high',
2429 silly audit report       vulnerable_versions: '<=4.2.0',
2429 silly audit report       cwe: [Array],
2429 silly audit report       cvss: [Object]
2429 silly audit report     },
2429 silly audit report     {
2429 silly audit report       id: 1114974,
2429 silly audit report       url: 'https://github.com/advisories/GHSA-wfv2-pwc8-crg5',
2429 silly audit report       title: 'jsPDF has HTML Injection in New Window paths',
2429 silly audit report       severity: 'critical',
2429 silly audit report       vulnerable_versions: '<=4.2.0',
2429 silly audit report       cwe: [Array],
2429 silly audit report       cvss: [Object]
2429 silly audit report     }
2429 silly audit report   ],
2429 silly audit report   lodash: [
2429 silly audit report     {
2429 silly audit report       id: 1120370,
2429 silly audit report       url: 'https://github.com/advisories/GHSA-xxjr-mmjv-4gpg',
2429 silly audit report       title: 'Lodash has Prototype Pollution Vulnerability in `_.unset` and `_.omit` functions',
2429 silly audit report       severity: 'moderate',
2429 silly audit report       vulnerable_versions: '>=4.0.0 <=4.17.22',
2429 silly audit report       cwe: [Array],
2429 silly audit report       cvss: [Object]
2429 silly audit report     },
2429 silly audit report     {
2429 silly audit report       id: 1115806,
2429 silly audit report       url: 'https://github.com/advisories/GHSA-r5fr-rjxr-66jc',
2429 silly audit report       title: 'lodash vulnerable to Code Injection via `_.template` imports key names',
2429 silly audit report       severity: 'high',
2429 silly audit report       vulnerable_versions: '>=4.0.0 <=4.17.23',
2429 silly audit report       cwe: [Array],
2429 silly audit report       cvss: [Object]
2429 silly audit report     },
2429 silly audit report     {
2429 silly audit report       id: 1115810,
2429 silly audit report       url: 'https://github.com/advisories/GHSA-f23m-r3pf-42rh',
2429 silly audit report       title: 'lodash vulnerable to Prototype Pollution via array path bypass in `_.unset` and `_.omit`',
2429 silly audit report       severity: 'moderate',
2429 silly audit report       vulnerable_versions: '<=4.17.23',
2429 silly audit report       cwe: [Array],
2429 silly audit report       cvss: [Object]
2429 silly audit report     }
2429 silly audit report   ],
2429 silly audit report   minimatch: [
2429 silly audit report     {
2429 silly audit report       id: 1113459,
2429 silly audit report       url: 'https://github.com/advisories/GHSA-3ppc-4f35-3m26',
2429 silly audit report       title: 'minimatch has a ReDoS via repeated wildcards with non-matching literal in pattern',
2429 silly audit report       severity: 'high',
2429 silly audit report       vulnerable_versions: '<3.1.3',
2429 silly audit report       cwe: [Array],
2429 silly audit report       cvss: [Object]
2429 silly audit report     },
2429 silly audit report     {
2429 silly audit report       id: 1113465,
2429 silly audit report       url: 'https://github.com/advisories/GHSA-3ppc-4f35-3m26',
2429 silly audit report       title: 'minimatch has a ReDoS via repeated wildcards with non-matching literal in pattern',
2429 silly audit report       severity: 'high',
2429 silly audit report       vulnerable_versions: '>=9.0.0 <9.0.6',
2429 silly audit report       cwe: [Array],
2429 silly audit report       cvss: [Object]
2429 silly audit report     },
2429 silly audit report     {
2429 silly audit report       id: 1113538,
2429 silly audit report       url: 'https://github.com/advisories/GHSA-7r86-cg39-jmmj',
2429 silly audit report       title: 'minimatch has ReDoS: matchOne() combinatorial backtracking via multiple non-adjacent GLOBSTAR segments',
2429 silly audit report       severity: 'high',
2429 silly audit report       vulnerable_versions: '<3.1.3',
2429 silly audit report       cwe: [Array],
2429 silly audit report       cvss: [Object]
2429 silly audit report     },
2429 silly audit report     {
2429 silly audit report       id: 1113544,
2429 silly audit report       url: 'https://github.com/advisories/GHSA-7r86-cg39-jmmj',
2429 silly audit report       title: 'minimatch has ReDoS: matchOne() combinatorial backtracking via multiple non-adjacent GLOBSTAR segments',
2429 silly audit report       severity: 'high',
2429 silly audit report       vulnerable_versions: '>=9.0.0 <9.0.7',
2429 silly audit report       cwe: [Array],
2429 silly audit report       cvss: [Object]
2429 silly audit report     },
2429 silly audit report     {
2429 silly audit report       id: 1113546,
2429 silly audit report       url: 'https://github.com/advisories/GHSA-23c5-xmqv-rm74',
2429 silly audit report       title: 'minimatch ReDoS: nested *() extglobs generate catastrophically backtracking regular expressions',
2429 silly audit report       severity: 'high',
2429 silly audit report       vulnerable_versions: '<3.1.4',
2429 silly audit report       cwe: [Array],
2429 silly audit report       cvss: [Object]
2429 silly audit report     },
2429 silly audit report     {
2429 silly audit report       id: 1113552,
2429 silly audit report       url: 'https://github.com/advisories/GHSA-23c5-xmqv-rm74',
2429 silly audit report       title: 'minimatch ReDoS: nested *() extglobs generate catastrophically backtracking regular expressions',
2429 silly audit report       severity: 'high',
2429 silly audit report       vulnerable_versions: '>=9.0.0 <9.0.7',
2429 silly audit report       cwe: [Array],
2429 silly audit report       cvss: [Object]
2429 silly audit report     }
2429 silly audit report   ],
2429 silly audit report   nanoid: [
2429 silly audit report     {
2429 silly audit report       id: 1138811,
2429 silly audit report       url: 'https://github.com/advisories/GHSA-28wg-ghj8-5hjv',
2429 silly audit report       title: 'nanoid: non-secure generators can loop indefinitely with negative size',
2429 silly audit report       severity: 'high',
2429 silly audit report       vulnerable_versions: '<3.3.16',
2429 silly audit report       cwe: [Array],
2429 silly audit report       cvss: [Object]
2429 silly audit report     },
2429 silly audit report     {
2429 silly audit report       id: 1139427,
2429 silly audit report       url: 'https://github.com/advisories/GHSA-2v37-7h3g-55p8',
2429 silly audit report       title: 'nanoid: custom generators can loop indefinitely when size is zero',
2429 silly audit report       severity: 'high',
2429 silly audit report       vulnerable_versions: '<3.3.18',
2429 silly audit report       cwe: [Array],
2429 silly audit report       cvss: [Object]
2429 silly audit report     },
2429 silly audit report     {
2429 silly audit report       id: 1153189,
2429 silly audit report       url: 'https://github.com/advisories/GHSA-xwg4-73v4-xw9w',
2429 silly audit report       title: 'nanoid: Integer Overflow or Wraparound',
2429 silly audit report       severity: 'high',
2429 silly audit report       vulnerable_versions: '<3.3.12',
2429 silly audit report       cwe: [Array],
2429 silly audit report       cvss: [Object]
2429 silly audit report     }
2429 silly audit report   ],
2429 silly audit report   next: [
2429 silly audit report     {
2429 silly audit report       id: 1117931,
2429 silly audit report       url: 'https://github.com/advisories/GHSA-8h8q-6873-q5fj',
2429 silly audit report       title: 'Next.js Vulnerable to Denial of Service with Server Components',
2429 silly audit report       severity: 'high',
2429 silly audit report       vulnerable_versions: '>=13.0.0 <15.5.16',
2429 silly audit report       cwe: [Array],
2429 silly audit report       cvss: [Object]
2429 silly audit report     },
2429 silly audit report     {
2429 silly audit report       id: 1118939,
2429 silly audit report       url: 'https://github.com/advisories/GHSA-26hh-7cqf-hhc6',
2429 silly audit report       title: 'Next.js has a Middleware / Proxy bypass in App Router applications via segment-prefetch routes - Incomplete Fix Follow-Up',
2429 silly audit report       severity: 'high',
2429 silly audit report       vulnerable_versions: '>=15.2.0 <15.5.18',
2429 silly audit report       cwe: [Array],
2429 silly audit report       cvss: [Object]
2429 silly audit report     },
2429 silly audit report     {
2429 silly audit report       id: 1118942,
2429 silly audit report       url: 'https://github.com/advisories/GHSA-3g8h-86w9-wvmq',
2429 silly audit report       title: "Next.js's Middleware / Proxy redirects can be cache-poisoned",
2429 silly audit report       severity: 'low',
2429 silly audit report       vulnerable_versions: '>=12.2.0 <15.5.16',
2429 silly audit report       cwe: [Array],
2429 silly audit report       cvss: [Object]
2429 silly audit report     },
2429 silly audit report     {
2429 silly audit report       id: 1118944,
2429 silly audit report       url: 'https://github.com/advisories/GHSA-ffhc-5mcf-pf4q',
2429 silly audit report       title: 'Next.js vulnerable to cross-site scripting in App Router applications using CSP nonces',
2429 silly audit report       severity: 'moderate',
2429 silly audit report       vulnerable_versions: '>=13.4.0 <15.5.16',
2429 silly audit report       cwe: [Array],
2429 silly audit report       cvss: [Object]
2429 silly audit report     },
2429 silly audit report     {
2429 silly audit report       id: 1118946,
2429 silly audit report       url: 'https://github.com/advisories/GHSA-vfv6-92ff-j949',
2429 silly audit report       title: 'Next.js vulnerable to cache poisoning via collisions in React Server Component cache-busting',
2429 silly audit report       severity: 'low',
2429 silly audit report       vulnerable_versions: '>=13.4.6 <15.5.16',
2429 silly audit report       cwe: [Array],
2429 silly audit report       cvss: [Object]
2429 silly audit report     },
2429 silly audit report     {
2429 silly audit report       id: 1118948,
2429 silly audit report       url: 'https://github.com/advisories/GHSA-gx5p-jg67-6x7h',
2429 silly audit report       title: 'Next.js has cross-site scripting in beforeInteractive scripts with untrusted input',
2429 silly audit report       severity: 'moderate',
2429 silly audit report       vulnerable_versions: '>=13.0.0 <15.5.16',
2429 silly audit report       cwe: [Array],
2429 silly audit report       cvss: [Object]
2429 silly audit report     },
2429 silly audit report     {
2429 silly audit report       id: 1118950,
2429 silly audit report       url: 'https://github.com/advisories/GHSA-mg66-mrh9-m8jx',
2429 silly audit report       title: 'Next.js vulnerable to Denial of Service via connection exhaustion in applications using Cache Components',
2429 silly audit report       severity: 'high',
2429 silly audit report       vulnerable_versions: '>=15.0.0 <15.5.16',
2429 silly audit report       cwe: [Array],
2429 silly audit report       cvss: [Object]
2429 silly audit report     },
2429 silly audit report     {
2429 silly audit report       id: 1118952,
2429 silly audit report       url: 'https://github.com/advisories/GHSA-h64f-5h5j-jqjh',
2429 silly audit report       title: 'Next.js has a Denial of Service in the Image Optimization API',
2429 silly audit report       severity: 'moderate',
2429 silly audit report       vulnerable_versions: '>=10.0.0 <15.5.16',
2429 silly audit report       cwe: [Array],
2429 silly audit report       cvss: [Object]
2429 silly audit report     },
2429 silly audit report     {
2429 silly audit report       id: 1118954,
2429 silly audit report       url: 'https://github.com/advisories/GHSA-c4j6-fc7j-m34r',
2429 silly audit report       title: 'Next.js vulnerable to server-side request forgery in applications using WebSocket upgrades',
2429 silly audit report       severity: 'high',
2429 silly audit report       vulnerable_versions: '>=13.4.13 <15.5.16',
2429 silly audit report       cwe: [Array],
2429 silly audit report       cvss: [Object]
2429 silly audit report     },
2429 silly audit report     {
2429 silly audit report       id: 1118956,
2429 silly audit report       url: 'https://github.com/advisories/GHSA-492v-c6pp-mqqv',
2429 silly audit report       title: 'Next.js has a Middleware / Proxy bypass through dynamic route parameter injection',
2429 silly audit report       severity: 'high',
2429 silly audit report       vulnerable_versions: '>=15.4.0 <15.5.16',
2429 silly audit report       cwe: [Array],
2429 silly audit report       cvss: [Object]
2429 silly audit report     },
2429 silly audit report     {
2429 silly audit report       id: 1118958,
2429 silly audit report       url: 'https://github.com/advisories/GHSA-wfc6-r584-vfw7',
2429 silly audit report       title: 'Next.js vulnerable to cache poisoning in React Server Component responses',
2429 silly audit report       severity: 'moderate',
2429 silly audit report       vulnerable_versions: '>=14.2.0 <15.5.16',
2429 silly audit report       cwe: [Array],
2429 silly audit report       cvss: [Object]
2429 silly audit report     },
2429 silly audit report     {
2429 silly audit report       id: 1118960,
2429 silly audit report       url: 'https://github.com/advisories/GHSA-267c-6grr-h53f',
2429 silly audit report       title: 'Next.js has a Middleware / Proxy bypass in App Router applications via segment-prefetch routes',
2429 silly audit report       severity: 'high',
2429 silly audit report       vulnerable_versions: '>=15.2.0 <15.5.16',
2429 silly audit report       cwe: [Array],
2429 silly audit report       cvss: [Object]
2429 silly audit report     },
2429 silly audit report     {
2429 silly audit report       id: 1118962,
2429 silly audit report       url: 'https://github.com/advisories/GHSA-36qx-fr4f-26g5',
2429 silly audit report       title: 'Next.js has a Middleware / Proxy bypass in Pages Router applications using i18n',
2429 silly audit report       severity: 'high',
2429 silly audit report       vulnerable_versions: '>=12.2.0 <15.5.16',
2429 silly audit report       cwe: [Array],
2429 silly audit report       cvss: [Object]
2429 silly audit report     },
2429 silly audit report     {
2429 silly audit report       id: 1112593,
2429 silly audit report       url: 'https://github.com/advisories/GHSA-9g9p-9gw9-jx7f',
2429 silly audit report       title: 'Next.js self-hosted applications vulnerable to DoS via Image Optimizer remotePatterns configuration',
2429 silly audit report       severity: 'moderate',
2429 silly audit report       vulnerable_versions: '>=10.0.0 <15.5.10',
2429 silly audit report       cwe: [Array],
2429 silly audit report       cvss: [Object]
2429 silly audit report     },
2429 silly audit report     {
2429 silly audit report       id: 1112648,
2429 silly audit report       url: 'https://github.com/advisories/GHSA-h25m-26qc-wcjf',
2429 silly audit report       title: 'Next.js HTTP request deserialization can lead to DoS when using insecure React Server Components',
2429 silly audit report       severity: 'high',
2429 silly audit report       vulnerable_versions: '>=15.5.1-canary.0 <15.5.10',
2429 silly audit report       cwe: [Array],
2429 silly audit report       cvss: [Object]
2429 silly audit report     },
2429 silly audit report     {
2429 silly audit report       id: 1114897,
2429 silly audit report       url: 'https://github.com/advisories/GHSA-ggv3-7p47-pfv8',
2429 silly audit report       title: 'Next.js: HTTP request smuggling in rewrites',
2429 silly audit report       severity: 'moderate',
2429 silly audit report       vulnerable_versions: '>=9.5.0 <15.5.13',
2429 silly audit report       cwe: [Array],
2429 silly audit report       cvss: [Object]
2429 silly audit report     },
2429 silly audit report     {
2429 silly audit report       id: 1114940,
2429 silly audit report       url: 'https://github.com/advisories/GHSA-3x4c-7xq6-9pq8',
2429 silly audit report       title: 'Next.js: Unbounded next/image disk cache growth can exhaust storage',
2429 silly audit report       severity: 'moderate',
2429 silly audit report       vulnerable_versions: '>=10.0.0 <15.5.14',
2429 silly audit report       cwe: [Array],
2429 silly audit report       cvss: [Object]
2429 silly audit report     },
2429 silly audit report     {
2429 silly audit report       id: 1116376,
2429 silly audit report       url: 'https://github.com/advisories/GHSA-q4gf-8mx6-v5v3',
2429 silly audit report       title: 'Next.js has a Denial of Service with Server Components',
2429 silly audit report       severity: 'high',
2429 silly audit report       vulnerable_versions: '>=13.0.0 <15.5.15',
2429 silly audit report       cwe: [Array],
2429 silly audit report       cvss: [Object]
2429 silly audit report     },
2429 silly audit report     {
2429 silly audit report       id: 1124185,
2429 silly audit report       url: 'https://github.com/advisories/GHSA-89xv-2m56-2m9x',
2429 silly audit report       title: 'Next.js: Server-Side Request Forgery in Server Actions on custom servers',
2429 silly audit report       severity: 'high',
2429 silly audit report       vulnerable_versions: '>=14.1.1 <15.5.21',
2429 silly audit report       cwe: [Array],
2429 silly audit report       cvss: [Object]
2429 silly audit report     },
2429 silly audit report     {
2429 silly audit report       id: 1124172,
2429 silly audit report       url: 'https://github.com/advisories/GHSA-m99w-x7hq-7vfj',
2429 silly audit report       title: 'Next.js: Denial of Service in App Router using Server Actions',
2429 silly audit report       severity: 'high',
2429 silly audit report       vulnerable_versions: '>=13.0.0 <15.5.21',
2429 silly audit report       cwe: [Array],
2429 silly audit report       cvss: [Object]
2429 silly audit report     },
2429 silly audit report     {
2429 silly audit report       id: 1124187,
2429 silly audit report       url: 'https://github.com/advisories/GHSA-68g3-v927-f742',
2429 silly audit report       title: 'Next.js: Cache confusion of response bodies for requests with bodies',
2429 silly audit report       severity: 'moderate',
2429 silly audit report       vulnerable_versions: '>=13.0.0 <15.5.21',
2429 silly audit report       cwe: [Array],
2429 silly audit report       cvss: [Object]
2429 silly audit report     },
2429 silly audit report     {
2429 silly audit report       id: 1124189,
2429 silly audit report       url: 'https://github.com/advisories/GHSA-4633-3j49-mh5q',
2429 silly audit report       title: 'Next.js: Cache confusion of response bodies for requests with bodies containing invalid UTF-8 byte sequences',
2429 silly audit report       severity: 'moderate',
2429 silly audit report       vulnerable_versions: '>=13.0.0 <15.5.21',
2429 silly audit report       cwe: [Array],
2429 silly audit report       cvss: [Object]
2429 silly audit report     },
2429 silly audit report     {
2429 silly audit report       id: 1124191,
2429 silly audit report       url: 'https://github.com/advisories/GHSA-4c39-4ccg-62r3',
2429 silly audit report       title: 'Next.js: Unbounded Server Action payload in Edge runtime',
2429 silly audit report       severity: 'moderate',
2429 silly audit report       vulnerable_versions: '>=13.0.0 <15.5.21',
2429 silly audit report       cwe: [Array],
2429 silly audit report       cvss: [Object]
2429 silly audit report     },
2429 silly audit report     {
2429 silly audit report       id: 1124193,
2429 silly audit report       url: 'https://github.com/advisories/GHSA-p9j2-gv94-2wf4',
2429 silly audit report       title: 'Next.js: Server-Side Request Forgery in rewrites via attacker-controlled destination hostname',
2429 silly audit report       severity: 'high',
2429 silly audit report       vulnerable_versions: '>=12.0.0 <15.5.21',
2429 silly audit report       cwe: [Array],
2429 silly audit report       cvss: [Object]
2429 silly audit report     },
2429 silly audit report     {
2429 silly audit report       id: 1124195,
2429 silly audit report       url: 'https://github.com/advisories/GHSA-q8wf-6r8g-63ch',
2429 silly audit report       title: 'Next.js: Denial of Service in the Image Optimization API using SVGs',
2429 silly audit report       severity: 'moderate',
2429 silly audit report       vulnerable_versions: '>=15.5.0 <15.5.21',
2429 silly audit report       cwe: [Array],
2429 silly audit report       cvss: [Object]
2429 silly audit report     },
2429 silly audit report     {
2429 silly audit report       id: 1124197,
2429 silly audit report       url: 'https://github.com/advisories/GHSA-955p-x3mx-jcvp',
2429 silly audit report       title: 'Next.js: Unauthenticated disclosure of internal Server Function endpoints',
2429 silly audit report       severity: 'moderate',
2429 silly audit report       vulnerable_versions: '>=13.0.0 <15.5.21',
2429 silly audit report       cwe: [Array],
2429 silly audit report       cvss: [Object]
2429 silly audit report     }
2429 silly audit report   ],
2429 silly audit report   postcss: [
2429 silly audit report     {
2429 silly audit report       id: 1130709,
2429 silly audit report       url: 'https://github.com/advisories/GHSA-fxqj-rqcc-2cmp',
2429 silly audit report       title: 'PostCSS: incomplete fix of GHSA-6g55-p6wh-862q — attacker-controlled sourceMappingURL reads arbitrary .map files when `from` is unset',
2429 silly audit report       severity: 'moderate',
2429 silly audit report       vulnerable_versions: '<=8.5.22',
2429 silly audit report       cwe: [Array],
2429 silly audit report       cvss: [Object]
2429 silly audit report     },
2429 silly audit report     {
2429 silly audit report       id: 1117015,
2429 silly audit report       url: 'https://github.com/advisories/GHSA-qx2v-qp2m-jg93',
2429 silly audit report       title: 'PostCSS has XSS via Unescaped </style> in its CSS Stringify Output',
2429 silly audit report       severity: 'moderate',
2429 silly audit report       vulnerable_versions: '<8.5.10',
2429 silly audit report       cwe: [Array],
2429 silly audit report       cvss: [Object]
2429 silly audit report     },
2429 silly audit report     {
2429 silly audit report       id: 1124252,
2429 silly audit report       url: 'https://github.com/advisories/GHSA-6g55-p6wh-862q',
2429 silly audit report       title: 'PostCSS: Arbitrary file read and information disclosure via attacker-controlled sourceMappingURL in CSS comments',
2429 silly audit report       severity: 'high',
2429 silly audit report       vulnerable_versions: '<=8.5.11',
2429 silly audit report       cwe: [Array],
2429 silly audit report       cvss: [Object]
2429 silly audit report     },
2429 silly audit report     {
2429 silly audit report       id: 1139510,
2429 silly audit report       url: 'https://github.com/advisories/GHSA-r28c-9q8g-f849',
2429 silly audit report       title: 'PostCSS: Path Traversal in Previous Source Map Auto-Loading (sourceMappingURL) leads to Arbitrary .map File Disclosure',
2429 silly audit report       severity: 'high',
2429 silly audit report       vulnerable_versions: '<=8.5.17',
2429 silly audit report       cwe: [Array],
2429 silly audit report       cvss: [Object]
2429 silly audit report     }
2429 silly audit report   ],
2429 silly audit report   'node-forge': [
2429 silly audit report     {
2429 silly audit report       id: 1115545,
2429 silly audit report       url: 'https://github.com/advisories/GHSA-2328-f5f3-gj25',
2429 silly audit report       title: 'Forge has a basicConstraints bypass in its certificate chain verification (RFC 5280 violation)',
2429 silly audit report       severity: 'high',
2429 silly audit report       vulnerable_versions: '<=1.3.3',
2429 silly audit report       cwe: [Array],
2429 silly audit report       cvss: [Object]
2429 silly audit report     },
2429 silly audit report     {
2429 silly audit report       id: 1115546,
2429 silly audit report       url: 'https://github.com/advisories/GHSA-q67f-28xg-22rw',
2429 silly audit report       title: 'Forge has signature forgery in Ed25519 due to missing S > L check',
2429 silly audit report       severity: 'high',
2429 silly audit report       vulnerable_versions: '<1.4.0',
2429 silly audit report       cwe: [Array],
2429 silly audit report       cvss: [Object]
2429 silly audit report     },
2429 silly audit report     {
2429 silly audit report       id: 1115548,
2429 silly audit report       url: 'https://github.com/advisories/GHSA-5m6q-g25r-mvwx',
2429 silly audit report       title: 'Forge has Denial of Service via Infinite Loop in BigInteger.modInverse() with Zero Input',
2429 silly audit report       severity: 'high',
2429 silly audit report       vulnerable_versions: '<1.4.0',
2429 silly audit report       cwe: [Array],
2429 silly audit report       cvss: [Object]
2429 silly audit report     },
2429 silly audit report     {
2429 silly audit report       id: 1115612,
2429 silly audit report       url: 'https://github.com/advisories/GHSA-ppp5-5v6c-4jwp',
2429 silly audit report       title: 'Forge has signature forgery in RSA-PKCS due to ASN.1 extra field  ',
2429 silly audit report       severity: 'high',
2429 silly audit report       vulnerable_versions: '<1.4.0',
2429 silly audit report       cwe: [Array],
2429 silly audit report       cvss: [Object]
2429 silly audit report     }
2429 silly audit report   ],
2429 silly audit report   'path-to-regexp': [
2429 silly audit report     {
2429 silly audit report       id: 1115573,
2429 silly audit report       url: 'https://github.com/advisories/GHSA-j3q9-mxjg-w52f',
2429 silly audit report       title: 'path-to-regexp vulnerable to Denial of Service via sequential optional groups',
2429 silly audit report       severity: 'high',
2429 silly audit report       vulnerable_versions: '>=8.0.0 <8.4.0',
2429 silly audit report       cwe: [Array],
2429 silly audit report       cvss: [Object]
2429 silly audit report     },
2429 silly audit report     {
2429 silly audit report       id: 1115527,
2429 silly audit report       url: 'https://github.com/advisories/GHSA-37ch-88jc-xwx2',
2429 silly audit report       title: 'path-to-regexp vulnerable to Regular Expression Denial of Service via multiple route parameters',
2429 silly audit report       severity: 'high',
2429 silly audit report       vulnerable_versions: '<0.1.13',
2429 silly audit report       cwe: [Array],
2429 silly audit report       cvss: [Object]
2429 silly audit report     },
2429 silly audit report     {
2429 silly audit report       id: 1115582,
2429 silly audit report       url: 'https://github.com/advisories/GHSA-27v5-c462-wpq7',
2429 silly audit report       title: 'path-to-regexp vulnerable to Regular Expression Denial of Service via multiple wildcards',
2429 silly audit report       severity: 'moderate',
2429 silly audit report       vulnerable_versions: '>=8.0.0 <8.4.0',
2429 silly audit report       cwe: [Array],
2429 silly audit report       cvss: [Object]
2429 silly audit report     }
2429 silly audit report   ],
2429 silly audit report   picomatch: [
2429 silly audit report     {
2429 silly audit report       id: 1115549,
2429 silly audit report       url: 'https://github.com/advisories/GHSA-3v7f-55p6-f55p',
2429 silly audit report       title: 'Picomatch: Method Injection in POSIX Character Classes causes incorrect Glob Matching',
2429 silly audit report       severity: 'moderate',
2429 silly audit report       vulnerable_versions: '<2.3.2',
2429 silly audit report       cwe: [Array],
2429 silly audit report       cvss: [Object]
2429 silly audit report     },
2429 silly audit report     {
2429 silly audit report       id: 1115552,
2429 silly audit report       url: 'https://github.com/advisories/GHSA-c2c7-rcm5-vvqj',
2429 silly audit report       title: 'Picomatch has a ReDoS vulnerability via extglob quantifiers',
2429 silly audit report       severity: 'high',
2429 silly audit report       vulnerable_versions: '<2.3.2',
2429 silly audit report       cwe: [Array],
2429 silly audit report       cvss: [Object]
2429 silly audit report     }
2429 silly audit report   ],
2429 silly audit report   'postcss-selector-parser': [
2429 silly audit report     {
2429 silly audit report       id: 1153170,
2429 silly audit report       url: 'https://github.com/advisories/GHSA-w9m9-85wc-3x92',
2429 silly audit report       title: 'postcss-selector-parser allows denial of service through uncontrolled AST recursion',
2429 silly audit report       severity: 'low',
2429 silly audit report       vulnerable_versions: '>=6.1.0 <6.1.3',
2429 silly audit report       cwe: [Array],
2429 silly audit report       cvss: [Object]
2429 silly audit report     }
2429 silly audit report   ],
2429 silly audit report   protobufjs: [
2429 silly audit report     {
2429 silly audit report       id: 1118641,
2429 silly audit report       url: 'https://github.com/advisories/GHSA-66ff-xgx4-vchm',
2429 silly audit report       title: 'protobuf.js: Code injection through bytes field defaults in generated toObject code',
2429 silly audit report       severity: 'high',
2429 silly audit report       vulnerable_versions: '<=7.5.5',
2429 silly audit report       cwe: [Array],
2429 silly audit report       cvss: [Object]
2429 silly audit report     },
2429 silly audit report     {
2429 silly audit report       id: 1118924,
2429 silly audit report       url: 'https://github.com/advisories/GHSA-2pr8-phx7-x9h3',
2429 silly audit report       title: 'protobuf.js: Denial of service from crafted field names in generated code',
2429 silly audit report       severity: 'moderate',
2429 silly audit report       vulnerable_versions: '<=7.5.5',
2429 silly audit report       cwe: [Array],
2429 silly audit report       cvss: [Object]
2429 silly audit report     },
2429 silly audit report     {
2429 silly audit report       id: 1118926,
2429 silly audit report       url: 'https://github.com/advisories/GHSA-fx83-v9x8-x52w',
2429 silly audit report       title: 'protobuf.js: Prototype injection in generated message constructors',
2429 silly audit report       severity: 'moderate',
2429 silly audit report       vulnerable_versions: '<=7.5.5',
2429 silly audit report       cwe: [Array],
2429 silly audit report       cvss: [Object]
2429 silly audit report     },
2429 silly audit report     {
2429 silly audit report       id: 1118928,
2429 silly audit report       url: 'https://github.com/advisories/GHSA-75px-5xx7-5xc7',
2429 silly audit report       title: 'protobuf.js: Code generation gadget after prototype pollution',
2429 silly audit report       severity: 'high',
2429 silly audit report       vulnerable_versions: '<=7.5.5',
2429 silly audit report       cwe: [Array],
2429 silly audit report       cvss: [Object]
2429 silly audit report     },
2429 silly audit report     {
2429 silly audit report       id: 1118930,
2429 silly audit report       url: 'https://github.com/advisories/GHSA-jvwf-75h9-cwgg',
2429 silly audit report       title: 'protobuf.js: Process-wide denial of service through unsafe option paths',
2429 silly audit report       severity: 'high',
2429 silly audit report       vulnerable_versions: '<=7.5.5',
2429 silly audit report       cwe: [Array],
2429 silly audit report       cvss: [Object]
2429 silly audit report     },
2429 silly audit report     {
2429 silly audit report       id: 1118932,
2429 silly audit report       url: 'https://github.com/advisories/GHSA-685m-2w69-288q',
2429 silly audit report       title: 'protobuf.js: Denial of service through unbounded protobuf recursion',
2429 silly audit report       severity: 'high',
2429 silly audit report       vulnerable_versions: '<=7.5.5',
2429 silly audit report       cwe: [Array],
2429 silly audit report       cvss: [Object]
2429 silly audit report     },
2429 silly audit report     {
2429 silly audit report       id: 1118935,
2429 silly audit report       url: 'https://github.com/advisories/GHSA-q6x5-8v7m-xcrf',
2429 silly audit report       title: 'protobufjs has overlong UTF-8 decoding',
2429 silly audit report       severity: 'moderate',
2429 silly audit report       vulnerable_versions: '<=7.5.5',
2429 silly audit report       cwe: [Array],
2429 silly audit report       cvss: [Object]
2429 silly audit report     },
2429 silly audit report     {
2429 silly audit report       id: 1119378,
2429 silly audit report       url: 'https://github.com/advisories/GHSA-jggg-4jg4-v7c6',
2429 silly audit report       title: 'protobufjs: Denial of Service via unbounded recursive JSON descriptor expansion',
2429 silly audit report       severity: 'moderate',
2429 silly audit report       vulnerable_versions: '<=7.5.7',
2429 silly audit report       cwe: [Array],
2429 silly audit report       cvss: [Object]
2429 silly audit report     },
2429 silly audit report     {
2429 silly audit report       id: 1117571,
2429 silly audit report       url: 'https://github.com/advisories/GHSA-xq3m-2v4x-88gg',
2429 silly audit report       title: 'Arbitrary code execution in protobufjs',
2429 silly audit report       severity: 'critical',
2429 silly audit report       vulnerable_versions: '<7.5.5',
2429 silly audit report       cwe: [Array],
2429 silly audit report       cvss: [Object]
2429 silly audit report     },
2429 silly audit report     {
2429 silly audit report       id: 1123488,
2429 silly audit report       url: 'https://github.com/advisories/GHSA-wcpc-wj8m-hjx6',
2429 silly audit report       title: 'protobufjs: Denial of service through unbounded Any expansion during JSON conversion',
2429 silly audit report       severity: 'high',
2429 silly audit report       vulnerable_versions: '<=7.6.0',
2429 silly audit report       cwe: [Array],
2429 silly audit report       cvss: [Object]
2429 silly audit report     },
2429 silly audit report     {
2429 silly audit report       id: 1123492,
2429 silly audit report       url: 'https://github.com/advisories/GHSA-f38q-mgvj-vph7',
2429 silly audit report       title: 'protobufjs : Schema-derived names can shadow runtime-significant properties',
2429 silly audit report       severity: 'moderate',
2429 silly audit report       vulnerable_versions: '<=7.6.2',
2429 silly audit report       cwe: [Array],
2429 silly audit report       cvss: [Object]
2429 silly audit report     },
2429 silly audit report     {
2429 silly audit report       id: 1123964,
2429 silly audit report       url: 'https://github.com/advisories/GHSA-j3f2-48v5-ccww',
2429 silly audit report       title: 'protobufjs: Denial of Service via infinite loop in .proto option parsing',
2429 silly audit report       severity: 'moderate',
2429 silly audit report       vulnerable_versions: '>=7.5.0 <=7.6.4',
2429 silly audit report       cwe: [Array],
2429 silly audit report       cvss: [Object]
2429 silly audit report     }
2429 silly audit report   ],
2429 silly audit report   sharp: [
2429 silly audit report     {
2429 silly audit report       id: 1124066,
2429 silly audit report       url: 'https://github.com/advisories/GHSA-f88m-g3jw-g9cj',
2429 silly audit report       title: 'sharp inherited vulnerabilities in libvips: CVE-2026-33327, CVE-2026-33328, CVE-2026-35590, CVE-2026-35591',
2429 silly audit report       severity: 'high',
2429 silly audit report       vulnerable_versions: '<0.35.0',
2429 silly audit report       cwe: [Array],
2429 silly audit report       cvss: [Object]
2429 silly audit report     }
2429 silly audit report   ],
2429 silly audit report   tmp: [
2429 silly audit report     {
2429 silly audit report       id: 1109537,
2429 silly audit report       url: 'https://github.com/advisories/GHSA-52f5-9888-hmc6',
2429 silly audit report       title: 'tmp allows arbitrary temporary file / directory write via symbolic link `dir` parameter',
2429 silly audit report       severity: 'low',
2429 silly audit report       vulnerable_versions: '<=0.2.3',
2429 silly audit report       cwe: [Array],
2429 silly audit report       cvss: [Object]
2429 silly audit report     },
2429 silly audit report     {
2429 silly audit report       id: 1120654,
2429 silly audit report       url: 'https://github.com/advisories/GHSA-ph9p-34f9-6g65',
2429 silly audit report       title: 'tmp has Path Traversal via unsanitized prefix/postfix that enables directory escape',
2429 silly audit report       severity: 'high',
2429 silly audit report       vulnerable_versions: '<0.2.6',
2429 silly audit report       cwe: [Array],
2429 silly audit report       cvss: [Object]
2429 silly audit report     }
2429 silly audit report   ],
2429 silly audit report   'websocket-driver': [
2429 silly audit report     {
2429 silly audit report       id: 1123482,
2429 silly audit report       url: 'https://github.com/advisories/GHSA-mp7j-qc5w-4988',
2429 silly audit report       title: 'websocket-driver: Resource limit bypass via message compression',
2429 silly audit report       severity: 'moderate',
2429 silly audit report       vulnerable_versions: '<0.7.5',
2429 silly audit report       cwe: [Array],
2429 silly audit report       cvss: [Object]
2429 silly audit report     },
2429 silly audit report     {
2429 silly audit report       id: 1123483,
2429 silly audit report       url: 'https://github.com/advisories/GHSA-xv26-6w52-cph6',
2429 silly audit report       title: 'websocket-driver: Message corruption via abuse of protocol length headers',
2429 silly audit report       severity: 'critical',
2429 silly audit report       vulnerable_versions: '<0.7.5',
2429 silly audit report       cwe: [Array],
2429 silly audit report       cvss: [Object]
2429 silly audit report     }
2429 silly audit report   ],
2429 silly audit report   yaml: [
2429 silly audit report     {
2429 silly audit report       id: 1115556,
2429 silly audit report       url: 'https://github.com/advisories/GHSA-48c2-rrv3-qjmp',
2429 silly audit report       title: 'yaml is vulnerable to Stack Overflow via deeply nested YAML collections',
2429 silly audit report       severity: 'moderate',
2429 silly audit report       vulnerable_versions: '>=2.0.0 <2.8.3',
2429 silly audit report       cwe: [Array],
2429 silly audit report       cvss: [Object]
2429 silly audit report     }
2429 silly audit report   ],
2429 silly audit report   'serialize-javascript': [
2429 silly audit report     {
2429 silly audit report       id: 1113686,
2429 silly audit report       url: 'https://github.com/advisories/GHSA-5c6j-r48x-rmvq',
2429 silly audit report       title: 'Serialize JavaScript is Vulnerable to RCE via RegExp.flags and Date.prototype.toISOString()',
2429 silly audit report       severity: 'high',
2429 silly audit report       vulnerable_versions: '<=7.0.2',
2429 silly audit report       cwe: [Array],
2429 silly audit report       cvss: [Object]
2429 silly audit report     }
2429 silly audit report   ]
2429 silly audit report }
2430 silly packumentCache corgi:https://registry.npmjs.org/@grpc%2fgrpc-js cache-miss
2431 silly packumentCache corgi:https://registry.npmjs.org/uuid cache-miss
2432 silly packumentCache corgi:https://registry.npmjs.org/@modelcontextprotocol%2fsdk cache-miss
2433 silly packumentCache corgi:https://registry.npmjs.org/ajv cache-miss
2434 silly packumentCache corgi:https://registry.npmjs.org/body-parser cache-miss
2435 silly packumentCache corgi:https://registry.npmjs.org/qs cache-miss
2436 silly packumentCache corgi:https://registry.npmjs.org/@opentelemetry%2fauto-instrumentations-node cache-miss
2437 silly packumentCache corgi:https://registry.npmjs.org/@opentelemetry%2fcore cache-miss
2438 silly packumentCache corgi:https://registry.npmjs.org/@opentelemetry%2fpropagator-jaeger cache-miss
2439 silly packumentCache corgi:https://registry.npmjs.org/@opentelemetry%2fsdk-node cache-miss
2440 silly packumentCache corgi:https://registry.npmjs.org/@protobufjs%2futf8 cache-miss
2441 silly packumentCache corgi:https://registry.npmjs.org/@tootallnate%2fonce cache-miss
2442 silly packumentCache corgi:https://registry.npmjs.org/form-data cache-miss
2443 silly packumentCache corgi:https://registry.npmjs.org/adm-zip cache-miss
2444 silly packumentCache corgi:https://registry.npmjs.org/axios cache-miss
2445 silly packumentCache corgi:https://registry.npmjs.org/brace-expansion cache-miss
2446 silly packumentCache corgi:https://registry.npmjs.org/dompurify cache-miss
2447 silly packumentCache corgi:https://registry.npmjs.org/extract-zip cache-miss
2448 silly packumentCache corgi:https://registry.npmjs.org/fast-uri cache-miss
2449 silly packumentCache corgi:https://registry.npmjs.org/fast-xml-parser cache-miss
2450 silly packumentCache corgi:https://registry.npmjs.org/follow-redirects cache-miss
2451 silly packumentCache corgi:https://registry.npmjs.org/glob cache-miss
2452 silly packumentCache corgi:https://registry.npmjs.org/handlebars cache-miss
2453 silly packumentCache corgi:https://registry.npmjs.org/js-yaml cache-miss
2454 silly packumentCache corgi:https://registry.npmjs.org/json-2-csv cache-miss
2455 silly packumentCache corgi:https://registry.npmjs.org/jspdf cache-miss
2456 silly packumentCache corgi:https://registry.npmjs.org/lodash cache-miss
2457 silly packumentCache corgi:https://registry.npmjs.org/minimatch cache-miss
2458 silly packumentCache corgi:https://registry.npmjs.org/nanoid cache-miss
2459 silly packumentCache corgi:https://registry.npmjs.org/next cache-miss
2460 silly packumentCache corgi:https://registry.npmjs.org/postcss cache-miss
2461 silly packumentCache corgi:https://registry.npmjs.org/node-forge cache-miss
2462 silly packumentCache corgi:https://registry.npmjs.org/path-to-regexp cache-miss
2463 silly packumentCache corgi:https://registry.npmjs.org/picomatch cache-miss
2464 silly packumentCache corgi:https://registry.npmjs.org/postcss-selector-parser cache-miss
2465 silly packumentCache corgi:https://registry.npmjs.org/protobufjs cache-miss
2466 silly packumentCache corgi:https://registry.npmjs.org/sharp cache-miss
2467 silly packumentCache corgi:https://registry.npmjs.org/tmp cache-miss
2468 silly packumentCache corgi:https://registry.npmjs.org/websocket-driver cache-miss
2469 silly packumentCache corgi:https://registry.npmjs.org/yaml cache-miss
2470 silly packumentCache corgi:https://registry.npmjs.org/serialize-javascript cache-miss
2471 http fetch GET 200 https://registry.npmjs.org/array-uniq/-/array-uniq-1.0.3.tgz 4481ms (cache miss)
2472 http fetch GET 200 https://registry.npmjs.org/pinkie/-/pinkie-2.0.4.tgz 4484ms (cache miss)
2473 http fetch GET 200 https://registry.npmjs.org/@types/trusted-types/-/trusted-types-2.0.7.tgz 4598ms (cache miss)
2474 http fetch GET 200 https://registry.npmjs.org/pinkie-promise/-/pinkie-promise-2.0.1.tgz 4601ms (cache miss)
2475 http fetch GET 200 https://registry.npmjs.org/is-weakset/-/is-weakset-2.0.4.tgz 4623ms (cache miss)
2476 http fetch GET 200 https://registry.npmjs.org/async-function/-/async-function-1.0.0.tgz 4645ms (cache miss)
2477 http fetch GET 200 https://registry.npmjs.org/is-finalizationregistry/-/is-finalizationregistry-1.1.1.tgz 4766ms (cache miss)
2478 http fetch GET 200 https://registry.npmjs.org/is-map/-/is-map-2.0.3.tgz 4838ms (cache miss)
2479 http fetch GET 200 https://registry.npmjs.org/is-weakmap/-/is-weakmap-2.0.2.tgz 4956ms (cache miss)
2480 http fetch GET 200 https://registry.npmjs.org/which-collection/-/which-collection-1.0.2.tgz 4997ms (cache miss)
2481 http fetch GET 200 https://registry.npmjs.org/is-async-function/-/is-async-function-2.1.1.tgz 4998ms (cache miss)
2482 http fetch GET 200 https://registry.npmjs.org/is-generator-function/-/is-generator-function-1.1.2.tgz 5389ms (cache miss)
2483 http fetch GET 200 https://registry.npmjs.org/is-number-object/-/is-number-object-1.1.1.tgz 6762ms (cache miss)
2484 http fetch GET 200 https://registry.npmjs.org/unicode-canonical-property-names-ecmascript/-/unicode-canonical-property-names-ecmascript-2.0.1.tgz 6759ms (cache miss)
2485 http fetch GET 200 https://registry.npmjs.org/is-bigint/-/is-bigint-1.1.0.tgz 6772ms (cache miss)
2486 http fetch GET 200 https://registry.npmjs.org/has-bigints/-/has-bigints-1.1.0.tgz 6795ms (cache miss)
2487 http fetch GET 200 https://registry.npmjs.org/unicode-property-aliases-ecmascript/-/unicode-property-aliases-ecmascript-2.2.0.tgz 6797ms (cache miss)
2488 http fetch GET 200 https://registry.npmjs.org/generator-function/-/generator-function-2.0.1.tgz 6831ms (cache miss)
2489 http fetch GET 200 https://registry.npmjs.org/which-boxed-primitive/-/which-boxed-primitive-1.1.1.tgz 6811ms (cache miss)
2490 http fetch GET 200 https://registry.npmjs.org/reflect.getprototypeof/-/reflect.getprototypeof-1.0.10.tgz 6873ms (cache miss)
2491 http fetch GET 200 https://registry.npmjs.org/which-builtin-type/-/which-builtin-type-1.2.1.tgz 6972ms (cache miss)
2492 http fetch GET 200 https://registry.npmjs.org/temp-dir/-/temp-dir-2.0.0.tgz 7054ms (cache miss)
2493 http fetch GET 200 https://registry.npmjs.org/for-each/-/for-each-0.3.5.tgz 7066ms (cache miss)
2494 http fetch GET 200 https://registry.npmjs.org/is-regexp/-/is-regexp-1.0.0.tgz 7060ms (cache miss)
2495 http fetch GET 200 https://registry.npmjs.org/is-document.all/-/is-document.all-1.0.0.tgz 7104ms (cache miss)
2496 http fetch GET 200 https://registry.npmjs.org/get-own-enumerable-property-symbols/-/get-own-enumerable-property-symbols-3.0.2.tgz 7103ms (cache miss)
2497 http fetch GET 200 https://registry.npmjs.org/functions-have-names/-/functions-have-names-1.2.3.tgz 7106ms (cache miss)
2498 http fetch GET 200 https://registry.npmjs.org/is-boolean-object/-/is-boolean-object-1.2.2.tgz 7181ms (cache miss)
2499 http fetch GET 200 https://registry.npmjs.org/es-abstract-get/-/es-abstract-get-1.0.0.tgz 7146ms (cache miss)
2500 http fetch GET 200 https://registry.npmjs.org/typed-array-byte-offset/-/typed-array-byte-offset-1.0.4.tgz 7147ms (cache miss)
2501 http fetch GET 200 https://registry.npmjs.org/is-symbol/-/is-symbol-1.1.1.tgz 7183ms (cache miss)
2502 http fetch GET 200 https://registry.npmjs.org/p-try/-/p-try-2.2.0.tgz 7262ms (cache miss)
2503 http fetch GET 200 https://registry.npmjs.org/possible-typed-array-names/-/possible-typed-array-names-1.1.0.tgz 7194ms (cache miss)
2504 http fetch GET 200 https://registry.npmjs.org/typed-array-byte-length/-/typed-array-byte-length-1.0.3.tgz 7183ms (cache miss)
2505 http fetch GET 200 https://registry.npmjs.org/typed-array-buffer/-/typed-array-buffer-1.0.3.tgz 7193ms (cache miss)
2506 http fetch GET 200 https://registry.npmjs.org/is-date-object/-/is-date-object-1.1.0.tgz 7208ms (cache miss)
2507 http fetch GET 200 https://registry.npmjs.org/string.prototype.trimstart/-/string.prototype.trimstart-1.0.8.tgz 7219ms (cache miss)
2508 http fetch GET 200 https://registry.npmjs.org/set-proto/-/set-proto-1.0.0.tgz 7244ms (cache miss)
2509 http fetch GET 200 https://registry.npmjs.org/safe-push-apply/-/safe-push-apply-1.0.0.tgz 7320ms (cache miss)
2510 http fetch GET 200 https://registry.npmjs.org/stop-iteration-iterator/-/stop-iteration-iterator-1.1.0.tgz 7329ms (cache miss)
2511 http fetch GET 200 https://registry.npmjs.org/typed-array-length/-/typed-array-length-1.0.8.tgz 7358ms (cache miss)
2512 http fetch GET 200 https://registry.npmjs.org/unbox-primitive/-/unbox-primitive-1.1.0.tgz 7369ms (cache miss)
2513 http fetch GET 200 https://registry.npmjs.org/which-typed-array/-/which-typed-array-1.1.22.tgz 7422ms (cache miss)
2514 http fetch GET 200 https://registry.npmjs.org/safe-array-concat/-/safe-array-concat-1.1.4.tgz 7411ms (cache miss)
2515 http fetch GET 200 https://registry.npmjs.org/string.prototype.trim/-/string.prototype.trim-1.2.11.tgz 7421ms (cache miss)
2516 http fetch GET 200 https://registry.npmjs.org/safe-regex-test/-/safe-regex-test-1.1.0.tgz 7416ms (cache miss)
2517 http fetch GET 200 https://registry.npmjs.org/own-keys/-/own-keys-1.0.2.tgz 7413ms (cache miss)
2518 http fetch GET 200 https://registry.npmjs.org/is-typed-array/-/is-typed-array-1.1.15.tgz 7414ms (cache miss)
2519 http fetch GET 200 https://registry.npmjs.org/is-string/-/is-string-1.1.1.tgz 7536ms (cache miss)
2520 http fetch GET 200 https://registry.npmjs.org/is-weakref/-/is-weakref-1.1.1.tgz 7673ms (cache miss)
2521 http fetch GET 200 https://registry.npmjs.org/is-set/-/is-set-2.0.3.tgz 7723ms (cache miss)
2522 http fetch GET 200 https://registry.npmjs.org/is-shared-array-buffer/-/is-shared-array-buffer-1.0.4.tgz 7720ms (cache miss)
2523 http fetch GET 200 https://registry.npmjs.org/is-negative-zero/-/is-negative-zero-2.0.3.tgz 7727ms (cache miss)
2524 http fetch GET 200 https://registry.npmjs.org/has-proto/-/has-proto-1.2.0.tgz 7873ms (cache miss)
2525 http fetch GET 200 https://registry.npmjs.org/object.assign/-/object.assign-4.1.7.tgz 7991ms (cache miss)
2526 http fetch GET 200 https://registry.npmjs.org/get-symbol-description/-/get-symbol-description-1.1.0.tgz 7982ms (cache miss)
2527 http fetch GET 200 https://registry.npmjs.org/is-data-view/-/is-data-view-1.0.2.tgz 8007ms (cache miss)
2528 http fetch GET 200 https://registry.npmjs.org/is-array-buffer/-/is-array-buffer-3.0.5.tgz 8066ms (cache miss)
2529 http fetch GET 200 https://registry.npmjs.org/is-regex/-/is-regex-1.2.1.tgz 8148ms (cache miss)
2530 http fetch GET 200 https://registry.npmjs.org/function.prototype.name/-/function.prototype.name-1.2.0.tgz 8171ms (cache miss)
2531 http fetch GET 200 https://registry.npmjs.org/is-callable/-/is-callable-1.2.7.tgz 8199ms (cache miss)
2532 http fetch GET 200 https://registry.npmjs.org/string.prototype.trimend/-/string.prototype.trimend-1.0.10.tgz 8247ms (cache miss)
2533 http fetch GET 200 https://registry.npmjs.org/type-fest/-/type-fest-0.16.0.tgz 8286ms (cache miss)
2534 http fetch GET 200 https://registry.npmjs.org/es-to-primitive/-/es-to-primitive-1.3.4.tgz 9380ms (cache miss)
2535 http fetch GET 200 https://registry.npmjs.org/data-view-byte-offset/-/data-view-byte-offset-1.0.1.tgz 9403ms (cache miss)
2536 http fetch GET 200 https://registry.npmjs.org/data-view-buffer/-/data-view-buffer-1.0.2.tgz 9512ms (cache miss)
2537 http fetch GET 200 https://registry.npmjs.org/globalthis/-/globalthis-1.0.4.tgz 9546ms (cache miss)
2538 http fetch GET 200 https://registry.npmjs.org/data-view-byte-length/-/data-view-byte-length-1.0.2.tgz 9546ms (cache miss)
2539 http fetch GET 200 https://registry.npmjs.org/available-typed-arrays/-/available-typed-arrays-1.0.7.tgz 9606ms (cache miss)
2540 http fetch GET 200 https://registry.npmjs.org/array-buffer-byte-length/-/array-buffer-byte-length-1.0.2.tgz 9658ms (cache miss)
2541 http fetch GET 200 https://registry.npmjs.org/set-function-name/-/set-function-name-2.0.2.tgz 9664ms (cache miss)
2542 http fetch GET 200 https://registry.npmjs.org/arraybuffer.prototype.slice/-/arraybuffer.prototype.slice-1.0.4.tgz 9954ms (cache miss)
2543 http fetch GET 200 https://registry.npmjs.org/internal-slot/-/internal-slot-1.1.0.tgz 10068ms (cache miss)
2544 http fetch GET 200 https://registry.npmjs.org/regexp.prototype.flags/-/regexp.prototype.flags-1.5.4.tgz 10076ms (cache miss)
2545 http fetch GET 200 https://registry.npmjs.org/define-properties/-/define-properties-1.2.1.tgz 10140ms (cache miss)
2546 http fetch GET 200 https://registry.npmjs.org/unicode-match-property-value-ecmascript/-/unicode-match-property-value-ecmascript-2.2.1.tgz 10181ms (cache miss)
2547 http fetch GET 200 https://registry.npmjs.org/randombytes/-/randombytes-2.1.0.tgz 10411ms (cache miss)
2548 http fetch GET 200 https://registry.npmjs.org/serialize-javascript/-/serialize-javascript-4.0.0.tgz 11883ms (cache miss)
2549 http fetch GET 200 https://registry.npmjs.org/unicode-match-property-ecmascript/-/unicode-match-property-ecmascript-2.0.0.tgz 11960ms (cache miss)
2550 http fetch GET 200 https://registry.npmjs.org/regjsparser/-/regjsparser-0.13.2.tgz 12106ms (cache miss)
2551 http fetch GET 200 https://registry.npmjs.org/sourcemap-codec/-/sourcemap-codec-1.4.8.tgz 13317ms (cache miss)
2552 warn deprecated sourcemap-codec@1.4.8: Please use @jridgewell/sourcemap-codec instead
2553 http fetch GET 200 https://registry.npmjs.org/regjsgen/-/regjsgen-0.8.0.tgz 14111ms (cache miss)
2554 http fetch GET 200 https://registry.npmjs.org/regenerate/-/regenerate-1.4.2.tgz 14637ms (cache miss)
2555 http fetch GET 200 https://registry.npmjs.org/lodash.debounce/-/lodash.debounce-4.0.8.tgz 17050ms (cache miss)
2556 http fetch GET 200 https://registry.npmjs.org/string.prototype.matchall/-/string.prototype.matchall-4.1.0.tgz 18509ms (cache miss)
2557 http fetch GET 200 https://registry.npmjs.org/regenerate-unicode-properties/-/regenerate-unicode-properties-10.2.2.tgz 21111ms (cache miss)
2558 http fetch GET 200 https://registry.npmjs.org/@types/resolve/-/resolve-1.17.1.tgz 21912ms (cache miss)
2559 http fetch GET 200 https://registry.npmjs.org/update-browserslist-db/-/update-browserslist-db-1.3.2.tgz 22342ms (cache miss)
2560 http fetch GET 200 https://registry.npmjs.org/node-releases/-/node-releases-2.0.54.tgz 22933ms (cache miss)
2561 http fetch GET 200 https://registry.npmjs.org/jake/-/jake-10.9.4.tgz 23194ms (cache miss)
2562 http fetch GET 200 https://registry.npmjs.org/is-module/-/is-module-1.0.0.tgz 23340ms (cache miss)
2563 http fetch GET 200 https://registry.npmjs.org/@babel/helper-define-polyfill-provider/-/helper-define-polyfill-provider-0.6.8.tgz 23660ms (cache miss)
2564 http fetch GET 200 https://registry.npmjs.org/filelist/-/filelist-1.0.6.tgz 23694ms (cache miss)
2565 http fetch GET 200 https://registry.npmjs.org/@babel/helper-string-parser/-/helper-string-parser-7.29.7.tgz 23892ms (cache miss)
2566 http fetch GET 200 https://registry.npmjs.org/@types/estree/-/estree-0.0.39.tgz 24123ms (cache miss)
2567 http fetch GET 200 https://registry.npmjs.org/builtin-modules/-/builtin-modules-3.3.0.tgz 24140ms (cache miss)
2568 http fetch GET 200 https://registry.npmjs.org/esutils/-/esutils-2.0.3.tgz 24364ms (cache miss)
2569 http fetch GET 200 https://registry.npmjs.org/electron-to-chromium/-/electron-to-chromium-1.5.422.tgz 24414ms (cache miss)
2570 http fetch GET 200 https://registry.npmjs.org/estree-walker/-/estree-walker-1.0.1.tgz 24499ms (cache miss)
2571 http fetch GET 200 https://registry.npmjs.org/@babel/helper-optimise-call-expression/-/helper-optimise-call-expression-7.29.7.tgz 24498ms (cache miss)
2572 http fetch GET 200 https://registry.npmjs.org/@babel/helper-globals/-/helper-globals-7.29.7.tgz 24524ms (cache miss)
2573 http fetch GET 200 https://registry.npmjs.org/baseline-browser-mapping/-/baseline-browser-mapping-2.11.21.tgz 24572ms (cache miss)
2574 http fetch GET 200 https://registry.npmjs.org/@babel/helper-member-expression-to-functions/-/helper-member-expression-to-functions-7.29.7.tgz 25268ms (cache miss)
2575 http fetch GET 200 https://registry.npmjs.org/@babel/helper-wrap-function/-/helper-wrap-function-7.29.7.tgz 26849ms (cache miss)
2576 http fetch GET 200 https://registry.npmjs.org/@babel/helper-annotate-as-pure/-/helper-annotate-as-pure-7.29.7.tgz 26876ms (cache miss)
2577 http fetch GET 200 https://registry.npmjs.org/ejs/-/ejs-3.1.10.tgz 26953ms (cache miss)
2578 http fetch GET 200 https://registry.npmjs.org/@babel/helper-remap-async-to-generator/-/helper-remap-async-to-generator-7.29.7.tgz 28154ms (cache miss)
2579 http fetch GET 200 https://registry.npmjs.org/deepmerge/-/deepmerge-4.3.1.tgz 29104ms (cache miss)
2580 http fetch GET 200 https://registry.npmjs.org/@babel/helper-create-regexp-features-plugin/-/helper-create-regexp-features-plugin-7.29.7.tgz 29385ms (cache miss)
2581 http fetch GET 200 https://registry.npmjs.org/@babel/helper-create-class-features-plugin/-/helper-create-class-features-plugin-7.29.7.tgz 29919ms (cache miss)
2582 http fetch GET 200 https://registry.npmjs.org/babel-plugin-polyfill-regenerator/-/babel-plugin-polyfill-regenerator-0.6.8.tgz 29944ms (cache miss)
2583 http fetch GET 200 https://registry.npmjs.org/@babel/helper-skip-transparent-expression-wrappers/-/helper-skip-transparent-expression-wrappers-7.29.7.tgz 30429ms (cache miss)
2584 http fetch GET 200 https://registry.npmjs.org/core-js-compat/-/core-js-compat-3.50.0.tgz 30493ms (cache miss)
2585 http fetch GET 200 https://registry.npmjs.org/babel-plugin-polyfill-corejs2/-/babel-plugin-polyfill-corejs2-0.4.17.tgz 30640ms (cache miss)
2586 http fetch GET 200 https://registry.npmjs.org/@babel/plugin-transform-unicode-regex/-/plugin-transform-unicode-regex-7.29.7.tgz 30939ms (cache miss)
2587 http fetch GET 200 https://registry.npmjs.org/@babel/plugin-transform-unicode-escapes/-/plugin-transform-unicode-escapes-7.29.7.tgz 31014ms (cache miss)
2588 http fetch GET 200 https://registry.npmjs.org/@babel/plugin-transform-unicode-property-regex/-/plugin-transform-unicode-property-regex-7.29.7.tgz 31049ms (cache miss)
2589 http fetch GET 200 https://registry.npmjs.org/@babel/plugin-transform-template-literals/-/plugin-transform-template-literals-7.29.7.tgz 31046ms (cache miss)
2590 http fetch GET 200 https://registry.npmjs.org/@babel/plugin-transform-unicode-sets-regex/-/plugin-transform-unicode-sets-regex-7.29.7.tgz 31170ms (cache miss)
2591 http fetch GET 200 https://registry.npmjs.org/@babel/plugin-transform-typeof-symbol/-/plugin-transform-typeof-symbol-7.29.7.tgz 31718ms (cache miss)
2592 http fetch GET 200 https://registry.npmjs.org/@babel/plugin-transform-shorthand-properties/-/plugin-transform-shorthand-properties-7.29.7.tgz 31802ms (cache miss)
2593 http fetch GET 200 https://registry.npmjs.org/babel-plugin-polyfill-corejs3/-/babel-plugin-polyfill-corejs3-0.14.2.tgz 31866ms (cache miss)
2594 http fetch GET 200 https://registry.npmjs.org/@babel/plugin-transform-spread/-/plugin-transform-spread-7.29.8.tgz 32076ms (cache miss)
2595 http fetch GET 200 https://registry.npmjs.org/@babel/plugin-transform-regexp-modifiers/-/plugin-transform-regexp-modifiers-7.29.7.tgz 32077ms (cache miss)
2596 http fetch GET 200 https://registry.npmjs.org/@babel/plugin-transform-reserved-words/-/plugin-transform-reserved-words-7.29.7.tgz 32207ms (cache miss)
2597 http fetch GET 200 https://registry.npmjs.org/@babel/plugin-transform-property-literals/-/plugin-transform-property-literals-7.29.7.tgz 32204ms (cache miss)
2598 http fetch GET 200 https://registry.npmjs.org/@babel/plugin-transform-optional-chaining/-/plugin-transform-optional-chaining-7.29.7.tgz 32240ms (cache miss)
2599 http fetch GET 200 https://registry.npmjs.org/@babel/plugin-transform-private-property-in-object/-/plugin-transform-private-property-in-object-7.29.7.tgz 32264ms (cache miss)
2600 http fetch GET 200 https://registry.npmjs.org/@babel/plugin-transform-private-methods/-/plugin-transform-private-methods-7.29.7.tgz 32340ms (cache miss)
2601 http fetch GET 200 https://registry.npmjs.org/@babel/plugin-transform-parameters/-/plugin-transform-parameters-7.29.7.tgz 32344ms (cache miss)
2602 http fetch GET 200 https://registry.npmjs.org/@babel/plugin-transform-optional-catch-binding/-/plugin-transform-optional-catch-binding-7.29.7.tgz 32384ms (cache miss)
2603 http fetch GET 200 https://registry.npmjs.org/@babel/plugin-transform-regenerator/-/plugin-transform-regenerator-7.29.8.tgz 32396ms (cache miss)
2604 http fetch GET 200 https://registry.npmjs.org/@babel/plugin-transform-numeric-separator/-/plugin-transform-numeric-separator-7.29.7.tgz 32602ms (cache miss)
2605 http fetch GET 200 https://registry.npmjs.org/@babel/plugin-transform-new-target/-/plugin-transform-new-target-7.29.7.tgz 32677ms (cache miss)
2606 http fetch GET 200 https://registry.npmjs.org/@babel/plugin-transform-modules-umd/-/plugin-transform-modules-umd-7.29.7.tgz 32734ms (cache miss)
2607 http fetch GET 200 https://registry.npmjs.org/@babel/plugin-transform-object-rest-spread/-/plugin-transform-object-rest-spread-7.29.7.tgz 32973ms (cache miss)
2608 http fetch GET 200 https://registry.npmjs.org/@babel/plugin-transform-named-capturing-groups-regex/-/plugin-transform-named-capturing-groups-regex-7.29.7.tgz 33027ms (cache miss)
2609 http fetch GET 200 https://registry.npmjs.org/@babel/plugin-transform-logical-assignment-operators/-/plugin-transform-logical-assignment-operators-7.29.7.tgz 33132ms (cache miss)
2610 http fetch GET 200 https://registry.npmjs.org/@babel/plugin-transform-modules-commonjs/-/plugin-transform-modules-commonjs-7.29.7.tgz 33337ms (cache miss)
2611 http fetch GET 200 https://registry.npmjs.org/@babel/helper-replace-supers/-/helper-replace-supers-7.29.7.tgz 33463ms (cache miss)
2612 http fetch GET 200 https://registry.npmjs.org/@babel/plugin-transform-modules-amd/-/plugin-transform-modules-amd-7.29.7.tgz 33384ms (cache miss)
2613 http fetch GET 200 https://registry.npmjs.org/@babel/plugin-transform-modules-systemjs/-/plugin-transform-modules-systemjs-7.29.8.tgz 33657ms (cache miss)
2614 http fetch GET 200 https://registry.npmjs.org/@babel/plugin-transform-literals/-/plugin-transform-literals-7.29.7.tgz 33698ms (cache miss)
2615 http fetch GET 200 https://registry.npmjs.org/@babel/plugin-transform-object-super/-/plugin-transform-object-super-7.29.7.tgz 33730ms (cache miss)
2616 http fetch GET 200 https://registry.npmjs.org/@babel/plugin-transform-nullish-coalescing-operator/-/plugin-transform-nullish-coalescing-operator-7.29.7.tgz 33729ms (cache miss)
2617 http fetch GET 200 https://registry.npmjs.org/@babel/plugin-transform-sticky-regex/-/plugin-transform-sticky-regex-7.29.7.tgz 33761ms (cache miss)
2618 http fetch GET 200 https://registry.npmjs.org/@babel/plugin-transform-member-expression-literals/-/plugin-transform-member-expression-literals-7.29.7.tgz 33754ms (cache miss)
2619 http fetch GET 200 https://registry.npmjs.org/@babel/plugin-transform-for-of/-/plugin-transform-for-of-7.29.7.tgz 34452ms (cache miss)
2620 http fetch GET 200 https://registry.npmjs.org/@babel/plugin-transform-exponentiation-operator/-/plugin-transform-exponentiation-operator-7.29.7.tgz 34518ms (cache miss)
2621 http fetch GET 200 https://registry.npmjs.org/@babel/plugin-transform-export-namespace-from/-/plugin-transform-export-namespace-from-7.29.7.tgz 34581ms (cache miss)
2622 http fetch GET 200 https://registry.npmjs.org/@babel/plugin-transform-function-name/-/plugin-transform-function-name-7.29.7.tgz 35061ms (cache miss)
2623 http fetch GET 200 https://registry.npmjs.org/@babel/plugin-transform-dynamic-import/-/plugin-transform-dynamic-import-7.29.7.tgz 35207ms (cache miss)
2624 http fetch GET 200 https://registry.npmjs.org/@babel/plugin-transform-destructuring/-/plugin-transform-destructuring-7.29.7.tgz 35369ms (cache miss)
2625 http fetch GET 200 https://registry.npmjs.org/es-abstract/-/es-abstract-1.24.2.tgz 35723ms (cache miss)
2626 http fetch GET 200 https://registry.npmjs.org/@babel/plugin-transform-explicit-resource-management/-/plugin-transform-explicit-resource-management-7.29.7.tgz 35628ms (cache miss)
2627 http fetch GET 200 https://registry.npmjs.org/@babel/plugin-transform-duplicate-named-capturing-groups-regex/-/plugin-transform-duplicate-named-capturing-groups-regex-7.29.7.tgz 35757ms (cache miss)
2628 http fetch GET 200 https://registry.npmjs.org/@babel/plugin-transform-dotall-regex/-/plugin-transform-dotall-regex-7.29.7.tgz 35756ms (cache miss)
2629 http fetch GET 200 https://registry.npmjs.org/@babel/plugin-transform-json-strings/-/plugin-transform-json-strings-7.29.7.tgz 35945ms (cache miss)
2630 http fetch GET 200 https://registry.npmjs.org/@babel/plugin-transform-duplicate-keys/-/plugin-transform-duplicate-keys-7.29.7.tgz 36521ms (cache miss)
2631 http fetch GET 200 https://registry.npmjs.org/@babel/preset-modules/-/preset-modules-0.1.6-no-external-plugins.tgz 40009ms (cache miss)
2632 http fetch GET 200 https://registry.npmjs.org/@babel/plugin-transform-classes/-/plugin-transform-classes-7.29.7.tgz 41029ms (cache miss)
2633 http fetch GET 200 https://registry.npmjs.org/@babel/plugin-transform-class-properties/-/plugin-transform-class-properties-7.29.7.tgz 41037ms (cache miss)
2634 http fetch GET 200 https://registry.npmjs.org/@babel/plugin-transform-class-static-block/-/plugin-transform-class-static-block-7.29.7.tgz 41045ms (cache miss)
2635 http fetch GET 200 https://registry.npmjs.org/@babel/plugin-transform-block-scoping/-/plugin-transform-block-scoping-7.29.7.tgz 41103ms (cache miss)
2636 http fetch GET 200 https://registry.npmjs.org/@babel/plugin-transform-computed-properties/-/plugin-transform-computed-properties-7.29.7.tgz 41280ms (cache miss)
2637 http fetch GET 200 https://registry.npmjs.org/@rollup/pluginutils/-/pluginutils-3.1.0.tgz 41455ms (cache miss)
2638 http fetch GET 200 https://registry.npmjs.org/@babel/plugin-transform-block-scoped-functions/-/plugin-transform-block-scoped-functions-7.29.7.tgz 41385ms (cache miss)
2639 http fetch GET 200 https://registry.npmjs.org/@babel/plugin-transform-async-to-generator/-/plugin-transform-async-to-generator-7.29.7.tgz 41454ms (cache miss)
2640 http fetch GET 200 https://registry.npmjs.org/@babel/plugin-transform-arrow-functions/-/plugin-transform-arrow-functions-7.29.7.tgz 41626ms (cache miss)
2641 http fetch GET 200 https://registry.npmjs.org/@babel/plugin-syntax-import-assertions/-/plugin-syntax-import-assertions-7.29.7.tgz 42067ms (cache miss)
2642 http fetch GET 200 https://registry.npmjs.org/@babel/plugin-syntax-import-attributes/-/plugin-syntax-import-attributes-7.29.7.tgz 42176ms (cache miss)
2643 http fetch GET 200 https://registry.npmjs.org/@babel/plugin-bugfix-v8-spread-parameters-in-optional-chaining/-/plugin-bugfix-v8-spread-parameters-in-optional-chaining-7.29.7.tgz 42187ms (cache miss)
2644 http fetch GET 200 https://registry.npmjs.org/@babel/plugin-bugfix-v8-static-class-fields-redefine-readonly/-/plugin-bugfix-v8-static-class-fields-redefine-readonly-7.29.7.tgz 42200ms (cache miss)
2645 http fetch GET 200 https://registry.npmjs.org/@babel/plugin-bugfix-safari-rest-destructuring-rhs-array/-/plugin-bugfix-safari-rest-destructuring-rhs-array-7.29.7.tgz 42227ms (cache miss)
2646 http fetch GET 200 https://registry.npmjs.org/@babel/plugin-bugfix-firefox-class-in-computed-class-key/-/plugin-bugfix-firefox-class-in-computed-class-key-7.29.7.tgz 42308ms (cache miss)
2647 http fetch GET 200 https://registry.npmjs.org/@babel/helper-validator-option/-/helper-validator-option-7.29.7.tgz 42460ms (cache miss)
2648 http fetch GET 200 https://registry.npmjs.org/browserslist/-/browserslist-4.28.9.tgz 42471ms (cache miss)
2649 http fetch GET 200 https://registry.npmjs.org/jsesc/-/jsesc-3.1.0.tgz 42473ms (cache miss)
2650 http fetch GET 200 https://registry.npmjs.org/@babel/compat-data/-/compat-data-7.29.7.tgz 42484ms (cache miss)
2651 http fetch GET 200 https://registry.npmjs.org/@babel/plugin-transform-async-generator-functions/-/plugin-transform-async-generator-functions-7.29.7.tgz 42601ms (cache miss)
2652 http fetch GET 200 https://registry.npmjs.org/@babel/helper-validator-identifier/-/helper-validator-identifier-7.29.7.tgz 42572ms (cache miss)
2653 http fetch GET 200 https://registry.npmjs.org/@babel/plugin-bugfix-safari-class-field-initializer-scope/-/plugin-bugfix-safari-class-field-initializer-scope-7.29.7.tgz 42611ms (cache miss)
2654 http fetch GET 200 https://registry.npmjs.org/gensync/-/gensync-1.0.0-beta.2.tgz 42818ms (cache miss)
2655 http fetch GET 200 https://registry.npmjs.org/convert-source-map/-/convert-source-map-2.0.0.tgz 42972ms (cache miss)
2656 http fetch GET 200 https://registry.npmjs.org/@jridgewell/remapping/-/remapping-2.3.5.tgz 43309ms (cache miss)
2657 http fetch GET 200 https://registry.npmjs.org/@babel/template/-/template-7.29.7.tgz 43564ms (cache miss)
2658 http fetch GET 200 https://registry.npmjs.org/@babel/helper-module-imports/-/helper-module-imports-7.29.7.tgz 43647ms (cache miss)
2659 http fetch GET 200 https://registry.npmjs.org/@babel/helper-compilation-targets/-/helper-compilation-targets-7.29.7.tgz 45329ms (cache miss)
2660 http fetch GET 200 https://registry.npmjs.org/@babel/helper-plugin-utils/-/helper-plugin-utils-7.29.7.tgz 45678ms (cache miss)
2661 http fetch GET 200 https://registry.npmjs.org/@babel/code-frame/-/code-frame-7.29.7.tgz 45659ms (cache miss)
2662 http fetch GET 200 https://registry.npmjs.org/jsonpointer/-/jsonpointer-5.0.1.tgz 45751ms (cache miss)
2663 http fetch GET 200 https://registry.npmjs.org/@babel/plugin-syntax-unicode-sets-regex/-/plugin-syntax-unicode-sets-regex-7.18.6.tgz 45813ms (cache miss)
2664 http fetch GET 200 https://registry.npmjs.org/@babel/plugin-proposal-private-property-in-object/-/plugin-proposal-private-property-in-object-7.21.0-placeholder-for-preset-env.2.tgz 45812ms (cache miss)
2665 http fetch GET 200 https://registry.npmjs.org/@babel/helper-module-transforms/-/helper-module-transforms-7.29.7.tgz 45770ms (cache miss)
2666 http fetch GET 200 https://registry.npmjs.org/regexpu-core/-/regexpu-core-6.4.0.tgz 46001ms (cache miss)
2667 http fetch GET 200 https://registry.npmjs.org/@babel/traverse/-/traverse-7.29.8.tgz 45819ms (cache miss)
2668 http fetch GET 200 https://registry.npmjs.org/workbox-sw/-/workbox-sw-6.6.0.tgz 46264ms (cache miss)
2669 http fetch GET 200 https://registry.npmjs.org/@babel/generator/-/generator-7.29.8.tgz 46571ms (cache miss)
2670 http fetch GET 200 https://registry.npmjs.org/leven/-/leven-3.1.0.tgz 46611ms (cache miss)
2671 http fetch GET 200 https://registry.npmjs.org/workbox-streams/-/workbox-streams-6.6.0.tgz 46685ms (cache miss)
2672 http fetch GET 200 https://registry.npmjs.org/@babel/types/-/types-7.29.8.tgz 46735ms (cache miss)
2673 http fetch GET 200 https://registry.npmjs.org/workbox-navigation-preload/-/workbox-navigation-preload-6.6.0.tgz 48262ms (cache miss)
2674 http fetch GET 200 https://registry.npmjs.org/workbox-precaching/-/workbox-precaching-6.6.0.tgz 50411ms (cache miss)
2675 http fetch GET 200 https://registry.npmjs.org/tempy/-/tempy-0.6.0.tgz 50689ms (cache miss)
2676 http fetch GET 200 https://registry.npmjs.org/@babel/plugin-bugfix-safari-id-destructuring-collision-in-function-expression/-/plugin-bugfix-safari-id-destructuring-collision-in-function-expression-7.29.7.tgz 50765ms (cache miss)
2677 http fetch GET 200 https://registry.npmjs.org/workbox-expiration/-/workbox-expiration-6.6.0.tgz 50741ms (cache miss)
2678 http fetch GET 200 https://registry.npmjs.org/@babel/parser/-/parser-7.29.8.tgz 50994ms (cache miss)
2679 http fetch GET 200 https://registry.npmjs.org/workbox-routing/-/workbox-routing-6.6.0.tgz 51011ms (cache miss)
2680 http fetch GET 200 https://registry.npmjs.org/workbox-core/-/workbox-core-6.6.0.tgz 51137ms (cache miss)
2681 http fetch GET 200 https://registry.npmjs.org/rollup-plugin-terser/-/rollup-plugin-terser-7.0.2.tgz 51191ms (cache miss)
2682 warn deprecated rollup-plugin-terser@7.0.2: This package has been deprecated and is no longer maintained. Please use @rollup/plugin-terser
2683 http fetch GET 200 https://registry.npmjs.org/strip-comments/-/strip-comments-2.0.1.tgz 51376ms (cache miss)
2684 http fetch GET 200 https://registry.npmjs.org/@rollup/plugin-replace/-/plugin-replace-2.4.2.tgz 51724ms (cache miss)
2685 http fetch GET 200 https://registry.npmjs.org/workbox-cacheable-response/-/workbox-cacheable-response-6.6.0.tgz 51747ms (cache miss)
2686 warn deprecated workbox-cacheable-response@6.6.0: workbox-background-sync@6.6.0
2687 http fetch GET 200 https://registry.npmjs.org/common-tags/-/common-tags-1.8.2.tgz 52068ms (cache miss)
2688 http fetch GET 200 https://registry.npmjs.org/stringify-object/-/stringify-object-3.3.0.tgz 52289ms (cache miss)
2689 http fetch GET 200 https://registry.npmjs.org/@surma/rollup-plugin-off-main-thread/-/rollup-plugin-off-main-thread-2.2.3.tgz 52309ms (cache miss)
2690 http fetch GET 200 https://registry.npmjs.org/workbox-google-analytics/-/workbox-google-analytics-6.6.0.tgz 52397ms (cache miss)
2691 warn deprecated workbox-google-analytics@6.6.0: It is not compatible with newer versions of GA starting with v4, as long as you are using GAv3 it should be ok, but the package is not longer being maintained
2692 http fetch GET 200 https://registry.npmjs.org/@rollup/plugin-node-resolve/-/plugin-node-resolve-11.2.1.tgz 52434ms (cache miss)
2693 http fetch GET 200 https://registry.npmjs.org/@rollup/plugin-babel/-/plugin-babel-5.3.1.tgz 53078ms (cache miss)
2694 http fetch GET 200 https://registry.npmjs.org/workbox-background-sync/-/workbox-background-sync-6.6.0.tgz 53369ms (cache miss)
2695 http fetch GET 200 https://registry.npmjs.org/@apideck/better-ajv-errors/-/better-ajv-errors-0.3.7.tgz 53956ms (cache miss)
2696 http fetch GET 200 https://registry.npmjs.org/source-list-map/-/source-list-map-2.0.1.tgz 55563ms (cache miss)
2697 http fetch GET 200 https://registry.npmjs.org/webpack-sources/-/webpack-sources-1.4.3.tgz 56025ms (cache miss)
2698 warn tar TAR_ENTRY_ERROR EPERM: operation not permitted, unlink 'D:\Job_Portal\node_modules\webpack-sources\lib\SourceMapSource.js.DELETE.13d59508ca8032d86d8ff332e1d5fed0'
2699 silly tar TAR_ENTRY_ERROR EPERM: operation not permitted, unlink 'D:\Job_Portal\node_modules\webpack-sources\lib\SourceMapSource.js.DELETE.13d59508ca8032d86d8ff332e1d5fed0' [Error: EPERM: operation not permitted, unlink 'D:\Job_Portal\node_modules\webpack-sources\lib\SourceMapSource.js.DELETE.13d59508ca8032d86d8ff332e1d5fed0'] {
2699 silly tar   errno: -4048,
2699 silly tar   code: 'EPERM',
2699 silly tar   syscall: 'unlink',
2699 silly tar   path: 'D:\\Job_Portal\\node_modules\\webpack-sources\\lib\\SourceMapSource.js.DELETE.13d59508ca8032d86d8ff332e1d5fed0',
2699 silly tar   entry: As {
2699 silly tar     _events: [Object: null prototype] { end: [Array] },
2699 silly tar     _eventsCount: 1,
2699 silly tar     _maxListeners: undefined,
2699 silly tar     writable: false,
2699 silly tar     readable: true,
2699 silly tar     extended: undefined,
2699 silly tar     globalExtended: undefined,
2699 silly tar     header: Ms {
2699 silly tar       cksumValid: true,
2699 silly tar       needPax: false,
2699 silly tar       nullBlock: false,
2699 silly tar       block: undefined,
2699 silly tar       path: 'package/lib/SourceMapSource.js',
2699 silly tar       mode: 438,
2699 silly tar       uid: undefined,
2699 silly tar       gid: undefined,
2699 silly tar       size: 1825,
2699 silly tar       cksum: 5929,
2699 silly tar       linkpath: '',
2699 silly tar       uname: '',
2699 silly tar       gname: '',
2699 silly tar       devmaj: 0,
2699 silly tar       devmin: 0,
2699 silly tar       atime: undefined,
2699 silly tar       ctime: undefined,
2699 silly tar       mtime: 1985-10-26T08:15:00.000Z,
2699 silly tar       charset: undefined,
2699 silly tar       comment: undefined
2699 silly tar     },
2699 silly tar     startBlockSize: 2048,
2699 silly tar     blockRemain: 0,
2699 silly tar     remain: 0,
2699 silly tar     type: 'File',
2699 silly tar     meta: false,
2699 silly tar     ignore: false,
2699 silly tar     path: 'lib/SourceMapSource.js',
2699 silly tar     mode: 438,
2699 silly tar     uid: undefined,
2699 silly tar     gid: undefined,
2699 silly tar     uname: '',
2699 silly tar     gname: '',
2699 silly tar     size: 1825,
2699 silly tar     mtime: 1985-10-26T08:15:00.000Z,
2699 silly tar     atime: undefined,
2699 silly tar     ctime: undefined,
2699 silly tar     linkpath: undefined,
2699 silly tar     dev: undefined,
2699 silly tar     ino: undefined,
2699 silly tar     nlink: undefined,
2699 silly tar     invalid: false,
2699 silly tar     absolute: 'D:/Job_Portal/node_modules/webpack-sources/lib/SourceMapSource.js',
2699 silly tar     unsupported: false,
2699 silly tar     [Symbol(shapeMode)]: false,
2699 silly tar     [Symbol(kCapture)]: false,
2699 silly tar     [Symbol(flowing)]: false,
2699 silly tar     [Symbol(paused)]: true,
2699 silly tar     [Symbol(pipes)]: [],
2699 silly tar     [Symbol(buffer)]: [
2699 silly tar       <Buffer 2f 2a 0a 09 4d 49 54 20 4c 69 63 65 6e 73 65 20 68 74 74 70 3a 2f 2f 77 77 77 2e 6f 70 65 6e 73 6f 75 72 63 65 2e 6f 72 67 2f 6c 69 63 65 6e 73 65 73 ... 1775 more bytes>
2699 silly tar     ],
2699 silly tar     [Symbol(objectMode)]: false,
2699 silly tar     [Symbol(encoding)]: null,
2699 silly tar     [Symbol(async)]: false,
2699 silly tar     [Symbol(decoder)]: null,
2699 silly tar     [Symbol(EOF)]: true,
2699 silly tar     [Symbol(emittedEnd)]: false,
2699 silly tar     [Symbol(emittingEnd)]: false,
2699 silly tar     [Symbol(closed)]: false,
2699 silly tar     [Symbol(emittedError)]: null,
2699 silly tar     [Symbol(bufferLength)]: 1825,
2699 silly tar     [Symbol(destroyed)]: false,
2699 silly tar     [Symbol(signal)]: undefined,
2699 silly tar     [Symbol(aborted)]: false,
2699 silly tar     [Symbol(dataListeners)]: 0,
2699 silly tar     [Symbol(discarded)]: false
2699 silly tar   },
2699 silly tar   cwd: 'D:/Job_Portal/node_modules/webpack-sources',
2699 silly tar   tarCode: 'TAR_ENTRY_ERROR'
2699 silly tar }
2700 http fetch GET 200 https://registry.npmjs.org/upath/-/upath-1.2.0.tgz 56543ms (cache miss)
2701 http fetch GET 200 https://registry.npmjs.org/buffer-from/-/buffer-from-1.1.2.tgz 56863ms (cache miss)
2702 http fetch GET 200 https://registry.npmjs.org/@babel/preset-env/-/preset-env-7.29.7.tgz 56941ms (cache miss)
2703 http fetch GET 200 https://registry.npmjs.org/workbox-range-requests/-/workbox-range-requests-6.6.0.tgz 56988ms (cache miss)
2704 http fetch GET 200 https://registry.npmjs.org/@jridgewell/source-map/-/source-map-0.3.11.tgz 57028ms (cache miss)
2705 http fetch GET 200 https://registry.npmjs.org/workbox-broadcast-update/-/workbox-broadcast-update-6.6.0.tgz 57210ms (cache miss)
2706 http fetch GET 200 https://registry.npmjs.org/source-map-support/-/source-map-support-0.5.21.tgz 57726ms (cache miss)
2707 http fetch GET 200 https://registry.npmjs.org/pretty-bytes/-/pretty-bytes-5.6.0.tgz 57913ms (cache miss)
2708 http fetch GET 200 https://registry.npmjs.org/workbox-build/-/workbox-build-6.6.0.tgz 58828ms (cache miss)
2709 http fetch GET 200 https://registry.npmjs.org/path-exists/-/path-exists-4.0.0.tgz 59202ms (cache miss)
2710 http fetch GET 200 https://registry.npmjs.org/@react-leaflet/core/-/core-3.0.0.tgz 59920ms (cache miss)
2711 http fetch GET 200 https://registry.npmjs.org/workbox-recipes/-/workbox-recipes-6.6.0.tgz 60389ms (cache miss)
2712 http fetch GET 200 https://registry.npmjs.org/p-locate/-/p-locate-4.1.0.tgz 60374ms (cache miss)
2713 http fetch GET 200 https://registry.npmjs.org/big.js/-/big.js-5.2.2.tgz 60651ms (cache miss)
2714 http fetch GET 200 https://registry.npmjs.org/merge-stream/-/merge-stream-2.0.0.tgz 61544ms (cache miss)
2715 http fetch GET 200 https://registry.npmjs.org/locate-path/-/locate-path-5.0.0.tgz 61558ms (cache miss)
2716 http fetch GET 200 https://registry.npmjs.org/jest-worker/-/jest-worker-27.5.1.tgz 62102ms (cache miss)
2717 http fetch GET 200 https://registry.npmjs.org/path-is-inside/-/path-is-inside-1.0.2.tgz 62741ms (cache miss)
2718 http fetch GET 200 https://registry.npmjs.org/find-up/-/find-up-4.1.0.tgz 62926ms (cache miss)
2719 http fetch GET 200 https://registry.npmjs.org/workbox-strategies/-/workbox-strategies-6.6.0.tgz 63025ms (cache miss)
2720 http fetch GET 200 https://registry.npmjs.org/is-path-inside/-/is-path-inside-2.1.0.tgz 63099ms (cache miss)
2721 http fetch GET 200 https://registry.npmjs.org/magic-string/-/magic-string-0.25.9.tgz 63541ms (cache miss)
2722 http fetch GET 200 https://registry.npmjs.org/path-type/-/path-type-4.0.0.tgz 63251ms (cache miss)
2723 http fetch GET 200 https://registry.npmjs.org/ajv-keywords/-/ajv-keywords-3.5.2.tgz 64066ms (cache miss)
2724 http fetch GET 200 https://registry.npmjs.org/ignore/-/ignore-5.3.2.tgz 64209ms (cache miss)
2725 http fetch GET 200 https://registry.npmjs.org/@types/minimatch/-/minimatch-5.1.2.tgz 64576ms (cache miss)
2726 warn tar TAR_ENTRY_ERROR EPERM: operation not permitted, unlink 'D:\Job_Portal\node_modules\@types\minimatch\index.d.ts.DELETE.780f2b4ee177fecce47313aae634193c'
2727 silly tar TAR_ENTRY_ERROR EPERM: operation not permitted, unlink 'D:\Job_Portal\node_modules\@types\minimatch\index.d.ts.DELETE.780f2b4ee177fecce47313aae634193c' [Error: EPERM: operation not permitted, unlink 'D:\Job_Portal\node_modules\@types\minimatch\index.d.ts.DELETE.780f2b4ee177fecce47313aae634193c'] {
2727 silly tar   errno: -4048,
2727 silly tar   code: 'EPERM',
2727 silly tar   syscall: 'unlink',
2727 silly tar   path: 'D:\\Job_Portal\\node_modules\\@types\\minimatch\\index.d.ts.DELETE.780f2b4ee177fecce47313aae634193c',
2727 silly tar   entry: As {
2727 silly tar     _events: [Object: null prototype] { end: [Function (anonymous)] },
2727 silly tar     _eventsCount: 1,
2727 silly tar     _maxListeners: undefined,
2727 silly tar     writable: false,
2727 silly tar     readable: true,
2727 silly tar     extended: undefined,
2727 silly tar     globalExtended: undefined,
2727 silly tar     header: Ms {
2727 silly tar       cksumValid: true,
2727 silly tar       needPax: false,
2727 silly tar       nullBlock: false,
2727 silly tar       block: undefined,
2727 silly tar       path: 'minimatch/index.d.ts',
2727 silly tar       mode: 511,
2727 silly tar       uid: 65534,
2727 silly tar       gid: 65534,
2727 silly tar       size: 9683,
2727 silly tar       cksum: 6839,
2727 silly tar       linkpath: '',
2727 silly tar       uname: '',
2727 silly tar       gname: '',
2727 silly tar       devmaj: 0,
2727 silly tar       devmin: 0,
2727 silly tar       atime: 2022-08-31T17:32:44.000Z,
2727 silly tar       ctime: 2022-08-31T17:32:44.000Z,
2727 silly tar       mtime: 2022-08-31T17:32:44.000Z,
2727 silly tar       charset: undefined,
2727 silly tar       comment: undefined
2727 silly tar     },
2727 silly tar     startBlockSize: 9728,
2727 silly tar     blockRemain: 0,
2727 silly tar     remain: 0,
2727 silly tar     type: 'File',
2727 silly tar     meta: false,
2727 silly tar     ignore: false,
2727 silly tar     path: 'index.d.ts',
2727 silly tar     mode: 511,
2727 silly tar     uid: 65534,
2727 silly tar     gid: 65534,
2727 silly tar     uname: '',
2727 silly tar     gname: '',
2727 silly tar     size: 9683,
2727 silly tar     mtime: 2022-08-31T17:32:44.000Z,
2727 silly tar     atime: 2022-08-31T17:32:44.000Z,
2727 silly tar     ctime: 2022-08-31T17:32:44.000Z,
2727 silly tar     linkpath: undefined,
2727 silly tar     dev: undefined,
2727 silly tar     ino: undefined,
2727 silly tar     nlink: undefined,
2727 silly tar     invalid: false,
2727 silly tar     absolute: 'D:/Job_Portal/node_modules/@types/minimatch/index.d.ts',
2727 silly tar     unsupported: false,
2727 silly tar     [Symbol(shapeMode)]: false,
2727 silly tar     [Symbol(kCapture)]: false,
2727 silly tar     [Symbol(flowing)]: false,
2727 silly tar     [Symbol(paused)]: true,
2727 silly tar     [Symbol(pipes)]: [],
2727 silly tar     [Symbol(buffer)]: [
2727 silly tar       <Buffer 2f 2f 20 54 79 70 65 20 64 65 66 69 6e 69 74 69 6f 6e 73 20 66 6f 72 20 6d 69 6e 69 6d 61 74 63 68 20 35 2e 31 0a 2f 2f 20 50 72 6f 6a 65 63 74 3a 20 ... 9633 more bytes>
2727 silly tar     ],
2727 silly tar     [Symbol(objectMode)]: false,
2727 silly tar     [Symbol(encoding)]: null,
2727 silly tar     [Symbol(async)]: false,
2727 silly tar     [Symbol(decoder)]: null,
2727 silly tar     [Symbol(EOF)]: true,
2727 silly tar     [Symbol(emittedEnd)]: false,
2727 silly tar     [Symbol(emittingEnd)]: false,
2727 silly tar     [Symbol(closed)]: false,
2727 silly tar     [Symbol(emittedError)]: null,
2727 silly tar     [Symbol(bufferLength)]: 9683,
2727 silly tar     [Symbol(destroyed)]: false,
2727 silly tar     [Symbol(signal)]: undefined,
2727 silly tar     [Symbol(aborted)]: false,
2727 silly tar     [Symbol(dataListeners)]: 0,
2727 silly tar     [Symbol(discarded)]: false
2727 silly tar   },
2727 silly tar   cwd: 'D:/Job_Portal/node_modules/@types/minimatch',
2727 silly tar   tarCode: 'TAR_ENTRY_ERROR'
2727 silly tar }
2728 http fetch GET 200 https://registry.npmjs.org/pkg-dir/-/pkg-dir-4.2.0.tgz 65001ms (cache miss)
2729 http fetch GET 200 https://registry.npmjs.org/dir-glob/-/dir-glob-3.0.1.tgz 65005ms (cache miss)
2730 http fetch GET 200 https://registry.npmjs.org/is-path-in-cwd/-/is-path-in-cwd-2.1.0.tgz 65096ms (cache miss)
2731 http fetch GET 200 https://registry.npmjs.org/is-path-cwd/-/is-path-cwd-2.2.0.tgz 65278ms (cache miss)
2732 http fetch GET 200 https://registry.npmjs.org/commondir/-/commondir-1.0.1.tgz 65356ms (cache miss)
2733 http fetch GET 200 https://registry.npmjs.org/del/-/del-4.1.1.tgz 65785ms (cache miss)
2734 http fetch GET 200 https://registry.npmjs.org/emojis-list/-/emojis-list-3.0.0.tgz 65846ms (cache miss)
2735 http fetch GET 200 https://registry.npmjs.org/@types/glob/-/glob-7.2.0.tgz 65869ms (cache miss)
2736 http fetch GET 200 https://registry.npmjs.org/array-union/-/array-union-2.1.0.tgz 65987ms (cache miss)
2737 http fetch GET 200 https://registry.npmjs.org/loader-utils/-/loader-utils-2.0.4.tgz 66124ms (cache miss)
2738 http fetch GET 200 https://registry.npmjs.org/p-map/-/p-map-2.1.0.tgz 66244ms (cache miss)
2739 http fetch GET 200 https://registry.npmjs.org/find-cache-dir/-/find-cache-dir-3.3.2.tgz 66229ms (cache miss)
2740 http fetch GET 200 https://registry.npmjs.org/globby/-/globby-11.1.0.tgz 67944ms (cache miss)
2741 http fetch GET 200 https://registry.npmjs.org/clean-webpack-plugin/-/clean-webpack-plugin-4.0.0.tgz 68228ms (cache miss)
2742 http fetch GET 200 https://registry.npmjs.org/@types/geojson/-/geojson-7946.0.16.tgz 69817ms (cache miss)
2743 http fetch GET 200 https://registry.npmjs.org/schema-utils/-/schema-utils-2.7.1.tgz 69916ms (cache miss)
2744 http fetch GET 200 https://registry.npmjs.org/workbox-window/-/workbox-window-6.6.0.tgz 69959ms (cache miss)
2745 http fetch GET 200 https://registry.npmjs.org/react-leaflet/-/react-leaflet-5.0.0.tgz 70363ms (cache miss)
2746 http fetch GET 200 https://registry.npmjs.org/next-pwa/-/next-pwa-5.6.0.tgz 71379ms (cache miss)
2747 http fetch GET 200 https://registry.npmjs.org/babel-loader/-/babel-loader-8.4.1.tgz 71472ms (cache miss)
2748 warn tar TAR_ENTRY_ERROR EPERM: operation not permitted, unlink 'D:\Job_Portal\node_modules\leaflet\src\geo\projection\index.js.DELETE.e00640725f24d0bf1900c45a28ac5b2b'
2749 silly tar TAR_ENTRY_ERROR EPERM: operation not permitted, unlink 'D:\Job_Portal\node_modules\leaflet\src\geo\projection\index.js.DELETE.e00640725f24d0bf1900c45a28ac5b2b' [Error: EPERM: operation not permitted, unlink 'D:\Job_Portal\node_modules\leaflet\src\geo\projection\index.js.DELETE.e00640725f24d0bf1900c45a28ac5b2b'] {
2749 silly tar   errno: -4048,
2749 silly tar   code: 'EPERM',
2749 silly tar   syscall: 'unlink',
2749 silly tar   path: 'D:\\Job_Portal\\node_modules\\leaflet\\src\\geo\\projection\\index.js.DELETE.e00640725f24d0bf1900c45a28ac5b2b',
2749 silly tar   entry: As {
2749 silly tar     _events: [Object: null prototype] {
2749 silly tar       end: [Function (anonymous)],
2749 silly tar       drain: [Function]
2749 silly tar     },
2749 silly tar     _eventsCount: 2,
2749 silly tar     _maxListeners: undefined,
2749 silly tar     writable: true,
2749 silly tar     readable: true,
2749 silly tar     extended: undefined,
2749 silly tar     globalExtended: undefined,
2749 silly tar     header: Ms {
2749 silly tar       cksumValid: true,
2749 silly tar       needPax: false,
2749 silly tar       nullBlock: false,
2749 silly tar       block: undefined,
2749 silly tar       path: 'package/src/geo/projection/index.js',
2749 silly tar       mode: 420,
2749 silly tar       uid: undefined,
2749 silly tar       gid: undefined,
2749 silly tar       size: 1027,
2749 silly tar       cksum: 6429,
2749 silly tar       linkpath: '',
2749 silly tar       uname: '',
2749 silly tar       gname: '',
2749 silly tar       devmaj: 0,
2749 silly tar       devmin: 0,
2749 silly tar       atime: undefined,
2749 silly tar       ctime: undefined,
2749 silly tar       mtime: 1985-10-26T08:15:00.000Z,
2749 silly tar       charset: undefined,
2749 silly tar       comment: undefined
2749 silly tar     },
2749 silly tar     startBlockSize: 1536,
2749 silly tar     blockRemain: 928,
2749 silly tar     remain: 419,
2749 silly tar     type: 'File',
2749 silly tar     meta: false,
2749 silly tar     ignore: false,
2749 silly tar     path: 'src/geo/projection/index.js',
2749 silly tar     mode: 438,
2749 silly tar     uid: undefined,
2749 silly tar     gid: undefined,
2749 silly tar     uname: '',
2749 silly tar     gname: '',
2749 silly tar     size: 1027,
2749 silly tar     mtime: 1985-10-26T08:15:00.000Z,
2749 silly tar     atime: undefined,
2749 silly tar     ctime: undefined,
2749 silly tar     linkpath: undefined,
2749 silly tar     dev: undefined,
2749 silly tar     ino: undefined,
2749 silly tar     nlink: undefined,
2749 silly tar     invalid: false,
2749 silly tar     absolute: 'D:/Job_Portal/node_modules/leaflet/src/geo/projection/index.js',
2749 silly tar     unsupported: false,
2749 silly tar     [Symbol(shapeMode)]: false,
2749 silly tar     [Symbol(kCapture)]: false,
2749 silly tar     [Symbol(flowing)]: false,
2749 silly tar     [Symbol(paused)]: true,
2749 silly tar     [Symbol(pipes)]: [],
2749 silly tar     [Symbol(buffer)]: [
2749 silly tar       <Buffer 2f 2a 0a 20 2a 20 40 63 6c 61 73 73 20 50 72 6f 6a 65 63 74 69 6f 6e 0a 0a 20 2a 20 41 6e 20 6f 62 6a 65 63 74 20 77 69 74 68 20 6d 65 74 68 6f 64 73 ... 558 more bytes>
2749 silly tar     ],
2749 silly tar     [Symbol(objectMode)]: false,
2749 silly tar     [Symbol(encoding)]: null,
2749 silly tar     [Symbol(async)]: false,
2749 silly tar     [Symbol(decoder)]: null,
2749 silly tar     [Symbol(EOF)]: false,
2749 silly tar     [Symbol(emittedEnd)]: false,
2749 silly tar     [Symbol(emittingEnd)]: false,
2749 silly tar     [Symbol(closed)]: false,
2749 silly tar     [Symbol(emittedError)]: null,
2749 silly tar     [Symbol(bufferLength)]: 608,
2749 silly tar     [Symbol(destroyed)]: false,
2749 silly tar     [Symbol(signal)]: undefined,
2749 silly tar     [Symbol(aborted)]: false,
2749 silly tar     [Symbol(dataListeners)]: 0,
2749 silly tar     [Symbol(discarded)]: false
2749 silly tar   },
2749 silly tar   cwd: 'D:/Job_Portal/node_modules/leaflet',
2749 silly tar   tarCode: 'TAR_ENTRY_ERROR'
2749 silly tar }
2750 http fetch GET 200 https://registry.npmjs.org/@jridgewell/gen-mapping/-/gen-mapping-0.3.13.tgz 72092ms (cache miss)
2751 http fetch GET 200 https://registry.npmjs.org/workbox-webpack-plugin/-/workbox-webpack-plugin-6.6.0.tgz 72811ms (cache miss)
2752 http fetch GET 200 https://registry.npmjs.org/hasown/-/hasown-2.0.4.tgz 73107ms (cache miss)
2753 warn tar TAR_ENTRY_ERROR EPERM: operation not permitted, unlink 'D:\Job_Portal\node_modules\resolve\lib\async.js.DELETE.011d5b1aa23a422edbbe87de65f9f011'
2754 silly tar TAR_ENTRY_ERROR EPERM: operation not permitted, unlink 'D:\Job_Portal\node_modules\resolve\lib\async.js.DELETE.011d5b1aa23a422edbbe87de65f9f011' [Error: EPERM: operation not permitted, unlink 'D:\Job_Portal\node_modules\resolve\lib\async.js.DELETE.011d5b1aa23a422edbbe87de65f9f011'] {
2754 silly tar   errno: -4048,
2754 silly tar   code: 'EPERM',
2754 silly tar   syscall: 'unlink',
2754 silly tar   path: 'D:\\Job_Portal\\node_modules\\resolve\\lib\\async.js.DELETE.011d5b1aa23a422edbbe87de65f9f011',
2754 silly tar   entry: As {
2754 silly tar     _events: [Object: null prototype] { end: [Function (anonymous)] },
2754 silly tar     _eventsCount: 1,
2754 silly tar     _maxListeners: undefined,
2754 silly tar     writable: false,
2754 silly tar     readable: true,
2754 silly tar     extended: undefined,
2754 silly tar     globalExtended: undefined,
2754 silly tar     header: Ms {
2754 silly tar       cksumValid: true,
2754 silly tar       needPax: false,
2754 silly tar       nullBlock: false,
2754 silly tar       block: undefined,
2754 silly tar       path: 'package/lib/async.js',
2754 silly tar       mode: 420,
2754 silly tar       uid: undefined,
2754 silly tar       gid: undefined,
2754 silly tar       size: 11550,
2754 silly tar       cksum: 4940,
2754 silly tar       linkpath: '',
2754 silly tar       uname: '',
2754 silly tar       gname: '',
2754 silly tar       devmaj: 0,
2754 silly tar       devmin: 0,
2754 silly tar       atime: undefined,
2754 silly tar       ctime: undefined,
2754 silly tar       mtime: 1985-10-26T08:15:00.000Z,
2754 silly tar       charset: undefined,
2754 silly tar       comment: undefined
2754 silly tar     },
2754 silly tar     startBlockSize: 11776,
2754 silly tar     blockRemain: 0,
2754 silly tar     remain: 0,
2754 silly tar     type: 'File',
2754 silly tar     meta: false,
2754 silly tar     ignore: false,
2754 silly tar     path: 'lib/async.js',
2754 silly tar     mode: 438,
2754 silly tar     uid: undefined,
2754 silly tar     gid: undefined,
2754 silly tar     uname: '',
2754 silly tar     gname: '',
2754 silly tar     size: 11550,
2754 silly tar     mtime: 1985-10-26T08:15:00.000Z,
2754 silly tar     atime: undefined,
2754 silly tar     ctime: undefined,
2754 silly tar     linkpath: undefined,
2754 silly tar     dev: undefined,
2754 silly tar     ino: undefined,
2754 silly tar     nlink: undefined,
2754 silly tar     invalid: false,
2754 silly tar     absolute: 'D:/Job_Portal/node_modules/resolve/lib/async.js',
2754 silly tar     unsupported: false,
2754 silly tar     [Symbol(shapeMode)]: false,
2754 silly tar     [Symbol(kCapture)]: false,
2754 silly tar     [Symbol(flowing)]: false,
2754 silly tar     [Symbol(paused)]: true,
2754 silly tar     [Symbol(pipes)]: [],
2754 silly tar     [Symbol(buffer)]: [
2754 silly tar       <Buffer 76 61 72 20 66 73 20 3d 20 72 65 71 75 69 72 65 28 27 66 73 27 29 3b 0a 76 61 72 20 67 65 74 48 6f 6d 65 64 69 72 20 3d 20 72 65 71 75 69 72 65 28 27 ... 1998 more bytes>,
2754 silly tar       <Buffer 20 76 61 72 20 70 6b 67 20 3d 20 4a 53 4f 4e 2e 70 61 72 73 65 28 62 6f 64 79 29 3b 0a 20 20 20 20 20 20 20 20 20 20 20 20 20 20 20 20 63 62 28 6e 75 ... 9452 more bytes>
2754 silly tar     ],
2754 silly tar     [Symbol(objectMode)]: false,
2754 silly tar     [Symbol(encoding)]: null,
2754 silly tar     [Symbol(async)]: false,
2754 silly tar     [Symbol(decoder)]: null,
2754 silly tar     [Symbol(EOF)]: true,
2754 silly tar     [Symbol(emittedEnd)]: false,
2754 silly tar     [Symbol(emittingEnd)]: false,
2754 silly tar     [Symbol(closed)]: false,
2754 silly tar     [Symbol(emittedError)]: null,
2754 silly tar     [Symbol(bufferLength)]: 11550,
2754 silly tar     [Symbol(destroyed)]: false,
2754 silly tar     [Symbol(signal)]: undefined,
2754 silly tar     [Symbol(aborted)]: false,
2754 silly tar     [Symbol(dataListeners)]: 0,
2754 silly tar     [Symbol(discarded)]: false
2754 silly tar   },
2754 silly tar   cwd: 'D:/Job_Portal/node_modules/resolve',
2754 silly tar   tarCode: 'TAR_ENTRY_ERROR'
2754 silly tar }
2755 http fetch GET 200 https://registry.npmjs.org/side-channel/-/side-channel-1.1.1.tgz 73819ms (cache miss)
2756 http fetch GET 200 https://registry.npmjs.org/@types/leaflet/-/leaflet-1.9.22.tgz 78082ms (cache miss)
2757 http fetch GET 200 https://registry.npmjs.org/terser-webpack-plugin/-/terser-webpack-plugin-5.6.1.tgz 78389ms (cache miss)
2758 warn tar TAR_ENTRY_ERROR EPERM: operation not permitted, unlink 'D:\Job_Portal\node_modules\caniuse-lite\data\regions\AX.js.DELETE.cf83e87259cd995c239319043f1c4024'
2759 silly tar TAR_ENTRY_ERROR EPERM: operation not permitted, unlink 'D:\Job_Portal\node_modules\caniuse-lite\data\regions\AX.js.DELETE.cf83e87259cd995c239319043f1c4024' [Error: EPERM: operation not permitted, unlink 'D:\Job_Portal\node_modules\caniuse-lite\data\regions\AX.js.DELETE.cf83e87259cd995c239319043f1c4024'] {
2759 silly tar   errno: -4048,
2759 silly tar   code: 'EPERM',
2759 silly tar   syscall: 'unlink',
2759 silly tar   path: 'D:\\Job_Portal\\node_modules\\caniuse-lite\\data\\regions\\AX.js.DELETE.cf83e87259cd995c239319043f1c4024',
2759 silly tar   entry: As {
2759 silly tar     _events: [Object: null prototype] { end: [Function (anonymous)] },
2759 silly tar     _eventsCount: 1,
2759 silly tar     _maxListeners: undefined,
2759 silly tar     writable: false,
2759 silly tar     readable: true,
2759 silly tar     extended: undefined,
2759 silly tar     globalExtended: undefined,
2759 silly tar     header: Ms {
2759 silly tar       cksumValid: true,
2759 silly tar       needPax: false,
2759 silly tar       nullBlock: false,
2759 silly tar       block: undefined,
2759 silly tar       path: 'package/data/regions/AX.js',
2759 silly tar       mode: 420,
2759 silly tar       uid: undefined,
2759 silly tar       gid: undefined,
2759 silly tar       size: 4690,
2759 silly tar       cksum: 5442,
2759 silly tar       linkpath: '',
2759 silly tar       uname: '',
2759 silly tar       gname: '',
2759 silly tar       devmaj: 0,
2759 silly tar       devmin: 0,
2759 silly tar       atime: undefined,
2759 silly tar       ctime: undefined,
2759 silly tar       mtime: 1985-10-26T08:15:00.000Z,
2759 silly tar       charset: undefined,
2759 silly tar       comment: undefined
2759 silly tar     },
2759 silly tar     startBlockSize: 5120,
2759 silly tar     blockRemain: 0,
2759 silly tar     remain: 0,
2759 silly tar     type: 'File',
2759 silly tar     meta: false,
2759 silly tar     ignore: false,
2759 silly tar     path: 'data/regions/AX.js',
2759 silly tar     mode: 438,
2759 silly tar     uid: undefined,
2759 silly tar     gid: undefined,
2759 silly tar     uname: '',
2759 silly tar     gname: '',
2759 silly tar     size: 4690,
2759 silly tar     mtime: 1985-10-26T08:15:00.000Z,
2759 silly tar     atime: undefined,
2759 silly tar     ctime: undefined,
2759 silly tar     linkpath: undefined,
2759 silly tar     dev: undefined,
2759 silly tar     ino: undefined,
2759 silly tar     nlink: undefined,
2759 silly tar     invalid: false,
2759 silly tar     absolute: 'D:/Job_Portal/node_modules/caniuse-lite/data/regions/AX.js',
2759 silly tar     unsupported: false,
2759 silly tar     [Symbol(shapeMode)]: false,
2759 silly tar     [Symbol(kCapture)]: false,
2759 silly tar     [Symbol(flowing)]: false,
2759 silly tar     [Symbol(paused)]: true,
2759 silly tar     [Symbol(pipes)]: [],
2759 silly tar     [Symbol(buffer)]: [
2759 silly tar       <Buffer 6d 6f 64 75 6c 65 2e 65 78 70 6f 72 74 73 3d 7b 43 3a 7b 22 32 31 22 3a 30 2e 30 30 35 32 2c 22 34 37 22 3a 30 2e 30 30 35 32 2c 22 35 32 22 3a 30 2e ... 4640 more bytes>
2759 silly tar     ],
2759 silly tar     [Symbol(objectMode)]: false,
2759 silly tar     [Symbol(encoding)]: null,
2759 silly tar     [Symbol(async)]: false,
2759 silly tar     [Symbol(decoder)]: null,
2759 silly tar     [Symbol(EOF)]: true,
2759 silly tar     [Symbol(emittedEnd)]: false,
2759 silly tar     [Symbol(emittingEnd)]: false,
2759 silly tar     [Symbol(closed)]: false,
2759 silly tar     [Symbol(emittedError)]: null,
2759 silly tar     [Symbol(bufferLength)]: 4690,
2759 silly tar     [Symbol(destroyed)]: false,
2759 silly tar     [Symbol(signal)]: undefined,
2759 silly tar     [Symbol(aborted)]: false,
2759 silly tar     [Symbol(dataListeners)]: 0,
2759 silly tar     [Symbol(discarded)]: false
2759 silly tar   },
2759 silly tar   cwd: 'D:/Job_Portal/node_modules/caniuse-lite',
2759 silly tar   tarCode: 'TAR_ENTRY_ERROR'
2759 silly tar }
2760 http fetch GET 200 https://registry.npmjs.org/get-intrinsic/-/get-intrinsic-1.3.0.tgz 82131ms (cache miss)
2761 http fetch GET 200 https://registry.npmjs.org/es-object-atoms/-/es-object-atoms-1.1.2.tgz 83238ms (cache miss)
2762 http fetch GET 200 https://registry.npmjs.org/call-bind-apply-helpers/-/call-bind-apply-helpers-1.0.2.tgz 84180ms (cache miss)
2763 http fetch GET 200 https://registry.npmjs.org/terser/-/terser-5.51.2.tgz 85199ms (cache miss)
2764 http fetch GET 200 https://registry.npmjs.org/@babel/core/-/core-7.29.7.tgz 86504ms (cache miss)
2765 http fetch GET 200 https://registry.npmjs.org/call-bind/-/call-bind-1.0.9.tgz 86447ms (cache miss)
2766 http fetch GET 200 https://registry.npmjs.org/minimatch/-/minimatch-5.1.9.tgz 87166ms (cache miss)
2767 http fetch GET 200 https://registry.npmjs.org/ms/-/ms-2.1.3.tgz 88094ms (cache miss)
2768 http fetch GET 200 https://registry.npmjs.org/semver/-/semver-6.3.1.tgz 88288ms (cache miss)
2769 http fetch GET 200 https://registry.npmjs.org/yallist/-/yallist-3.1.1.tgz 88929ms (cache miss)
2770 http fetch GET 200 https://registry.npmjs.org/debug/-/debug-4.4.3.tgz 89378ms (cache miss)
2771 http fetch GET 200 https://registry.npmjs.org/semver/-/semver-6.3.1.tgz 89618ms (cache miss)
2772 http fetch GET 200 https://registry.npmjs.org/call-bound/-/call-bound-1.0.4.tgz 90203ms (cache miss)
2773 http fetch GET 200 https://registry.npmjs.org/ms/-/ms-2.1.3.tgz 91200ms (cache miss)
2774 http fetch GET 200 https://registry.npmjs.org/semver/-/semver-6.3.1.tgz 92276ms (cache miss)
2775 http fetch GET 200 https://registry.npmjs.org/debug/-/debug-4.4.3.tgz 92320ms (cache miss)
2776 http fetch GET 200 https://registry.npmjs.org/lru-cache/-/lru-cache-5.1.1.tgz 92364ms (cache miss)
2777 http fetch GET 200 https://registry.npmjs.org/@jridgewell/trace-mapping/-/trace-mapping-0.3.31.tgz 92948ms (cache miss)
2778 http fetch GET 200 https://registry.npmjs.org/is-obj/-/is-obj-1.0.1.tgz 92978ms (cache miss)
2779 warn tar TAR_ENTRY_ERROR EPERM: operation not permitted, unlink 'D:\Job_Portal\node_modules\babel-plugin-polyfill-corejs2\node_modules\semver\README.md.DELETE.db502004c6a73d144f69f72c378a7128'
2780 silly tar TAR_ENTRY_ERROR EPERM: operation not permitted, unlink 'D:\Job_Portal\node_modules\babel-plugin-polyfill-corejs2\node_modules\semver\README.md.DELETE.db502004c6a73d144f69f72c378a7128' [Error: EPERM: operation not permitted, unlink 'D:\Job_Portal\node_modules\babel-plugin-polyfill-corejs2\node_modules\semver\README.md.DELETE.db502004c6a73d144f69f72c378a7128'] {
2780 silly tar   errno: -4048,
2780 silly tar   code: 'EPERM',
2780 silly tar   syscall: 'unlink',
2780 silly tar   path: 'D:\\Job_Portal\\node_modules\\babel-plugin-polyfill-corejs2\\node_modules\\semver\\README.md.DELETE.db502004c6a73d144f69f72c378a7128',
2780 silly tar   entry: As {
2780 silly tar     _events: [Object: null prototype] { end: [Function (anonymous)] },
2780 silly tar     _eventsCount: 1,
2780 silly tar     _maxListeners: undefined,
2780 silly tar     writable: false,
2780 silly tar     readable: true,
2780 silly tar     extended: undefined,
2780 silly tar     globalExtended: undefined,
2780 silly tar     header: Ms {
2780 silly tar       cksumValid: true,
2780 silly tar       needPax: false,
2780 silly tar       nullBlock: false,
2780 silly tar       block: undefined,
2780 silly tar       path: 'package/README.md',
2780 silly tar       mode: 420,
2780 silly tar       uid: undefined,
2780 silly tar       gid: undefined,
2780 silly tar       size: 16974,
2780 silly tar       cksum: 4450,
2780 silly tar       linkpath: '',
2780 silly tar       uname: '',
2780 silly tar       gname: '',
2780 silly tar       devmaj: 0,
2780 silly tar       devmin: 0,
2780 silly tar       atime: undefined,
2780 silly tar       ctime: undefined,
2780 silly tar       mtime: 1985-10-26T08:15:00.000Z,
2780 silly tar       charset: undefined,
2780 silly tar       comment: undefined
2780 silly tar     },
2780 silly tar     startBlockSize: 17408,
2780 silly tar     blockRemain: 0,
2780 silly tar     remain: 0,
2780 silly tar     type: 'File',
2780 silly tar     meta: false,
2780 silly tar     ignore: false,
2780 silly tar     path: 'README.md',
2780 silly tar     mode: 438,
2780 silly tar     uid: undefined,
2780 silly tar     gid: undefined,
2780 silly tar     uname: '',
2780 silly tar     gname: '',
2780 silly tar     size: 16974,
2780 silly tar     mtime: 1985-10-26T08:15:00.000Z,
2780 silly tar     atime: undefined,
2780 silly tar     ctime: undefined,
2780 silly tar     linkpath: undefined,
2780 silly tar     dev: undefined,
2780 silly tar     ino: undefined,
2780 silly tar     nlink: undefined,
2780 silly tar     invalid: false,
2780 silly tar     absolute: 'D:/Job_Portal/node_modules/babel-plugin-polyfill-corejs2/node_modules/semver/README.md',
2780 silly tar     unsupported: false,
2780 silly tar     [Symbol(shapeMode)]: false,
2780 silly tar     [Symbol(kCapture)]: false,
2780 silly tar     [Symbol(flowing)]: false,
2780 silly tar     [Symbol(paused)]: true,
2780 silly tar     [Symbol(pipes)]: [],
2780 silly tar     [Symbol(buffer)]: [
2780 silly tar       <Buffer 73 65 6d 76 65 72 28 31 29 20 2d 2d 20 54 68 65 20 73 65 6d 61 6e 74 69 63 20 76 65 72 73 69 6f 6e 65 72 20 66 6f 72 20 6e 70 6d 0a 3d 3d 3d 3d 3d 3d ... 6971 more bytes>,
2780 silly tar       <Buffer 3c 31 2e 33 2e 30 60 20 28 53 61 6d 65 20 61 73 20 60 31 2e 32 2e 78 60 29 0a 2a 20 60 7e 31 60 20 3a 3d 20 60 3e 3d 31 2e 30 2e 30 20 3c 28 31 2b 31 ... 9903 more bytes>
2780 silly tar     ],
2780 silly tar     [Symbol(objectMode)]: false,
2780 silly tar     [Symbol(encoding)]: null,
2780 silly tar     [Symbol(async)]: false,
2780 silly tar     [Symbol(decoder)]: null,
2780 silly tar     [Symbol(EOF)]: true,
2780 silly tar     [Symbol(emittedEnd)]: false,
2780 silly tar     [Symbol(emittingEnd)]: false,
2780 silly tar     [Symbol(closed)]: false,
2780 silly tar     [Symbol(emittedError)]: null,
2780 silly tar     [Symbol(bufferLength)]: 16974,
2780 silly tar     [Symbol(destroyed)]: false,
2780 silly tar     [Symbol(signal)]: undefined,
2780 silly tar     [Symbol(aborted)]: false,
2780 silly tar     [Symbol(dataListeners)]: 0,
2780 silly tar     [Symbol(discarded)]: false
2780 silly tar   },
2780 silly tar   cwd: 'D:/Job_Portal/node_modules/babel-plugin-polyfill-corejs2/node_modules/semver',
2780 silly tar   tarCode: 'TAR_ENTRY_ERROR'
2780 silly tar }
2781 http fetch GET 200 https://registry.npmjs.org/jest-worker/-/jest-worker-26.6.2.tgz 93097ms (cache miss)
2782 http fetch GET 200 https://registry.npmjs.org/semver/-/semver-6.3.1.tgz 93127ms (cache miss)
2783 http fetch GET 200 https://registry.npmjs.org/ms/-/ms-2.1.3.tgz 94634ms (cache miss)
2784 http fetch GET 200 https://registry.npmjs.org/semver/-/semver-6.3.1.tgz 94654ms (cache miss)
2785 http fetch GET 200 https://registry.npmjs.org/commander/-/commander-2.20.3.tgz 94799ms (cache miss)
2786 http fetch GET 200 https://registry.npmjs.org/debug/-/debug-4.4.3.tgz 95352ms (cache miss)
2787 http fetch GET 200 https://registry.npmjs.org/resolve/-/resolve-1.22.12.tgz 95482ms (cache miss)
2788 http fetch GET 200 https://registry.npmjs.org/brace-expansion/-/brace-expansion-1.1.18.tgz 95525ms (cache miss)
2789 http fetch GET 200 https://registry.npmjs.org/caniuse-lite/-/caniuse-lite-1.0.30001810.tgz 95843ms (cache miss)
2790 http fetch GET 200 https://registry.npmjs.org/semver/-/semver-6.3.1.tgz 95953ms (cache miss)
2791 http fetch GET 200 https://registry.npmjs.org/brace-expansion/-/brace-expansion-1.1.18.tgz 96209ms (cache miss)
2792 http fetch GET 200 https://registry.npmjs.org/minimatch/-/minimatch-3.1.5.tgz 100641ms (cache miss)
2793 http fetch GET 200 https://registry.npmjs.org/side-channel-list/-/side-channel-list-1.0.1.tgz 101244ms (cache miss)
2794 http fetch GET 200 https://registry.npmjs.org/glob/-/glob-7.2.3.tgz 101211ms (cache miss)
2795 warn deprecated glob@7.2.3: Old versions of glob are not supported, and contain widely publicized security vulnerabilities, which have been fixed in the current version. Please update. Support for old versions may be purchased (at exorbitant rates) by contacting i@izs.me
2796 http fetch GET 200 https://registry.npmjs.org/p-limit/-/p-limit-2.3.0.tgz 101597ms (cache miss)
2797 http fetch GET 200 https://registry.npmjs.org/glob/-/glob-7.2.3.tgz 101596ms (cache miss)
2798 warn deprecated glob@7.2.3: Old versions of glob are not supported, and contain widely publicized security vulnerabilities, which have been fixed in the current version. Please update. Support for old versions may be purchased (at exorbitant rates) by contacting i@izs.me
2799 http fetch GET 200 https://registry.npmjs.org/array-union/-/array-union-1.0.2.tgz 101649ms (cache miss)
2800 http fetch GET 200 https://registry.npmjs.org/pify/-/pify-4.0.1.tgz 101758ms (cache miss)
2801 http fetch GET 200 https://registry.npmjs.org/pify/-/pify-2.3.0.tgz 103146ms (cache miss)
2802 http fetch GET 200 https://registry.npmjs.org/globby/-/globby-6.1.0.tgz 103684ms (cache miss)
2803 http fetch GET 200 https://registry.npmjs.org/minimatch/-/minimatch-3.1.5.tgz 103710ms (cache miss)
2804 http fetch GET 200 https://registry.npmjs.org/json-schema-traverse/-/json-schema-traverse-0.4.1.tgz 104054ms (cache miss)
2805 http fetch GET 200 https://registry.npmjs.org/slash/-/slash-3.0.0.tgz 104264ms (cache miss)
2806 http fetch GET 200 https://registry.npmjs.org/@babel/helpers/-/helpers-7.29.7.tgz 104735ms (cache miss)
2807 http fetch GET 200 https://registry.npmjs.org/ajv-formats/-/ajv-formats-2.1.1.tgz 105309ms (cache miss)
2808 http fetch GET 200 https://registry.npmjs.org/supports-color/-/supports-color-8.1.1.tgz 106905ms (cache miss)
2809 http fetch GET 200 https://registry.npmjs.org/body-parser 106553ms (cache miss)
2810 silly packumentCache corgi:https://registry.npmjs.org/body-parser set size:undefined disposed:false
2811 http fetch GET 200 https://registry.npmjs.org/@modelcontextprotocol%2fsdk 107030ms (cache miss)
2812 silly packumentCache corgi:https://registry.npmjs.org/@modelcontextprotocol%2fsdk set size:undefined disposed:false
2813 warn tar TAR_ENTRY_ERROR EPERM: operation not permitted, unlink 'D:\Job_Portal\node_modules\schema-utils\node_modules\ajv\dist\ajv.bundle.js.DELETE.4f1d34499c351b3bc30bdf52964a56f2'
2814 silly tar TAR_ENTRY_ERROR EPERM: operation not permitted, unlink 'D:\Job_Portal\node_modules\schema-utils\node_modules\ajv\dist\ajv.bundle.js.DELETE.4f1d34499c351b3bc30bdf52964a56f2' [Error: EPERM: operation not permitted, unlink 'D:\Job_Portal\node_modules\schema-utils\node_modules\ajv\dist\ajv.bundle.js.DELETE.4f1d34499c351b3bc30bdf52964a56f2'] {
2814 silly tar   errno: -4048,
2814 silly tar   code: 'EPERM',
2814 silly tar   syscall: 'unlink',
2814 silly tar   path: 'D:\\Job_Portal\\node_modules\\schema-utils\\node_modules\\ajv\\dist\\ajv.bundle.js.DELETE.4f1d34499c351b3bc30bdf52964a56f2',
2814 silly tar   entry: As {
2814 silly tar     _events: [Object: null prototype] { end: [Array], drain: [Function] },
2814 silly tar     _eventsCount: 2,
2814 silly tar     _maxListeners: undefined,
2814 silly tar     writable: true,
2814 silly tar     readable: true,
2814 silly tar     extended: undefined,
2814 silly tar     globalExtended: undefined,
2814 silly tar     header: Ms {
2814 silly tar       cksumValid: true,
2814 silly tar       needPax: false,
2814 silly tar       nullBlock: false,
2814 silly tar       block: undefined,
2814 silly tar       path: 'package/dist/ajv.bundle.js',
2814 silly tar       mode: 420,
2814 silly tar       uid: undefined,
2814 silly tar       gid: undefined,
2814 silly tar       size: 273216,
2814 silly tar       cksum: 5516,
2814 silly tar       linkpath: '',
2814 silly tar       uname: '',
2814 silly tar       gname: '',
2814 silly tar       devmaj: 0,
2814 silly tar       devmin: 0,
2814 silly tar       atime: undefined,
2814 silly tar       ctime: undefined,
2814 silly tar       mtime: 1985-10-26T08:15:00.000Z,
2814 silly tar       charset: undefined,
2814 silly tar       comment: undefined
2814 silly tar     },
2814 silly tar     startBlockSize: 273408,
2814 silly tar     blockRemain: 243832,
2814 silly tar     remain: 243640,
2814 silly tar     type: 'File',
2814 silly tar     meta: false,
2814 silly tar     ignore: false,
2814 silly tar     path: 'dist/ajv.bundle.js',
2814 silly tar     mode: 438,
2814 silly tar     uid: undefined,
2814 silly tar     gid: undefined,
2814 silly tar     uname: '',
2814 silly tar     gname: '',
2814 silly tar     size: 273216,
2814 silly tar     mtime: 1985-10-26T08:15:00.000Z,
2814 silly tar     atime: undefined,
2814 silly tar     ctime: undefined,
2814 silly tar     linkpath: undefined,
2814 silly tar     dev: undefined,
2814 silly tar     ino: undefined,
2814 silly tar     nlink: undefined,
2814 silly tar     invalid: false,
2814 silly tar     absolute: 'D:/Job_Portal/node_modules/schema-utils/node_modules/ajv/dist/ajv.bundle.js',
2814 silly tar     unsupported: false,
2814 silly tar     [Symbol(shapeMode)]: false,
2814 silly tar     [Symbol(kCapture)]: false,
2814 silly tar     [Symbol(flowing)]: false,
2814 silly tar     [Symbol(paused)]: true,
2814 silly tar     [Symbol(pipes)]: [],
2814 silly tar     [Symbol(buffer)]: [
2814 silly tar       <Buffer 28 66 75 6e 63 74 69 6f 6e 28 66 29 7b 69 66 28 74 79 70 65 6f 66 20 65 78 70 6f 72 74 73 3d 3d 3d 22 6f 62 6a 65 63 74 22 26 26 74 79 70 65 6f 66 20 ... 974 more bytes>,
2814 silly tar       <Buffer 3d 20 76 61 6c 75 65 3b 0a 7d 3b 0a 0a 0a 43 61 63 68 65 2e 70 72 6f 74 6f 74 79 70 65 2e 67 65 74 20 3d 20 66 75 6e 63 74 69 6f 6e 20 43 61 63 68 65 ... 16334 more bytes>,
2814 silly tar       <Buffer 69 72 65 28 27 66 61 73 74 2d 64 65 65 70 2d 65 71 75 61 6c 27 29 3b 0a 0a 2f 2f 20 74 68 69 73 20 65 72 72 6f 72 20 69 73 20 74 68 72 6f 77 6e 20 62 ... 12118 more bytes>
2814 silly tar     ],
2814 silly tar     [Symbol(objectMode)]: false,
2814 silly tar     [Symbol(encoding)]: null,
2814 silly tar     [Symbol(async)]: false,
2814 silly tar     [Symbol(decoder)]: null,
2814 silly tar     [Symbol(EOF)]: false,
2814 silly tar     [Symbol(emittedEnd)]: false,
2814 silly tar     [Symbol(emittingEnd)]: false,
2814 silly tar     [Symbol(closed)]: false,
2814 silly tar     [Symbol(emittedError)]: null,
2814 silly tar     [Symbol(bufferLength)]: 29576,
2814 silly tar     [Symbol(destroyed)]: false,
2814 silly tar     [Symbol(signal)]: undefined,
2814 silly tar     [Symbol(aborted)]: false,
2814 silly tar     [Symbol(dataListeners)]: 0,
2814 silly tar     [Symbol(discarded)]: false
2814 silly tar   },
2814 silly tar   cwd: 'D:/Job_Portal/node_modules/schema-utils/node_modules/ajv',
2814 silly tar   tarCode: 'TAR_ENTRY_ERROR'
2814 silly tar }
2815 http fetch GET 200 https://registry.npmjs.org/schema-utils/-/schema-utils-4.3.3.tgz 109353ms (cache miss)
2816 http fetch GET 200 https://registry.npmjs.org/ajv-keywords/-/ajv-keywords-5.1.0.tgz 109457ms (cache miss)
2817 http fetch GET 200 https://registry.npmjs.org/@protobufjs%2futf8 109233ms (cache miss)
2818 silly packumentCache corgi:https://registry.npmjs.org/@protobufjs%2futf8 set size:undefined disposed:false
2819 http fetch GET 200 https://registry.npmjs.org/@grpc%2fgrpc-js 109257ms (cache miss)
2820 silly packumentCache corgi:https://registry.npmjs.org/@grpc%2fgrpc-js set size:undefined disposed:false
2821 http fetch GET 200 https://registry.npmjs.org/@tootallnate%2fonce 109327ms (cache miss)
2822 silly packumentCache corgi:https://registry.npmjs.org/@tootallnate%2fonce set size:undefined disposed:false
2823 http fetch GET 200 https://registry.npmjs.org/qs 109601ms (cache miss)
2824 silly packumentCache corgi:https://registry.npmjs.org/qs set size:undefined disposed:false
2825 http fetch GET 200 https://registry.npmjs.org/@opentelemetry%2fauto-instrumentations-node 109735ms (cache miss)
2826 silly packumentCache corgi:https://registry.npmjs.org/@opentelemetry%2fauto-instrumentations-node set size:undefined disposed:false
2827 http fetch GET 200 https://registry.npmjs.org/extract-zip 110505ms (cache miss)
2828 silly packumentCache corgi:https://registry.npmjs.org/extract-zip set size:undefined disposed:false
2829 http fetch GET 200 https://registry.npmjs.org/axios 110708ms (cache miss)
2830 silly packumentCache corgi:https://registry.npmjs.org/axios set size:undefined disposed:false
2831 http fetch GET 200 https://registry.npmjs.org/fast-xml-parser 110936ms (cache miss)
2832 silly packumentCache corgi:https://registry.npmjs.org/fast-xml-parser set size:undefined disposed:false
2833 http fetch GET 200 https://registry.npmjs.org/form-data 111937ms (cache miss)
2834 silly packumentCache corgi:https://registry.npmjs.org/form-data set size:undefined disposed:false
2835 http fetch GET 200 https://registry.npmjs.org/source-map/-/source-map-0.8.0.tgz 114692ms (cache miss)
2836 http fetch GET 200 https://registry.npmjs.org/handlebars 114252ms (cache miss)
2837 silly packumentCache corgi:https://registry.npmjs.org/handlebars set size:undefined disposed:false
2838 http fetch GET 200 https://registry.npmjs.org/follow-redirects 114430ms (cache miss)
2839 silly packumentCache corgi:https://registry.npmjs.org/follow-redirects set size:undefined disposed:false
2840 http fetch GET 200 https://registry.npmjs.org/js-yaml 114612ms (cache miss)
2841 silly packumentCache corgi:https://registry.npmjs.org/js-yaml set size:undefined disposed:false
2842 http fetch GET 200 https://registry.npmjs.org/fast-uri 115328ms (cache miss)
2843 silly packumentCache corgi:https://registry.npmjs.org/fast-uri set size:undefined disposed:false
2844 http fetch GET 200 https://registry.npmjs.org/adm-zip 116598ms (cache miss)
2845 silly packumentCache corgi:https://registry.npmjs.org/adm-zip set size:undefined disposed:false
2846 http fetch GET 200 https://registry.npmjs.org/uuid 117848ms (cache miss)
2847 silly packumentCache corgi:https://registry.npmjs.org/uuid set size:undefined disposed:false
2848 http fetch GET 200 https://registry.npmjs.org/postcss 130738ms (cache miss)
2849 silly packumentCache corgi:https://registry.npmjs.org/postcss set size:undefined disposed:false
2850 http fetch GET 200 https://registry.npmjs.org/nanoid 130893ms (cache miss)
2851 silly packumentCache corgi:https://registry.npmjs.org/nanoid set size:undefined disposed:false
2852 http fetch GET 200 https://registry.npmjs.org/json-2-csv 131038ms (cache miss)
2853 silly packumentCache corgi:https://registry.npmjs.org/json-2-csv set size:undefined disposed:false
2854 http fetch GET 200 https://registry.npmjs.org/leaflet/-/leaflet-1.9.4.tgz 132168ms (cache miss)
2855 http fetch GET 200 https://registry.npmjs.org/node-forge 132453ms (cache miss)
2856 silly packumentCache corgi:https://registry.npmjs.org/node-forge set size:undefined disposed:false
2857 http fetch GET 200 https://registry.npmjs.org/lodash 132676ms (cache miss)
2858 silly packumentCache corgi:https://registry.npmjs.org/lodash set size:undefined disposed:false
2859 http fetch GET 200 https://registry.npmjs.org/jspdf 134418ms (cache miss)
2860 silly packumentCache corgi:https://registry.npmjs.org/jspdf set size:undefined disposed:false
2861 http fetch GET 200 https://registry.npmjs.org/path-to-regexp 135328ms (cache miss)
2862 silly packumentCache corgi:https://registry.npmjs.org/path-to-regexp set size:undefined disposed:false
2863 http fetch GET 200 https://registry.npmjs.org/picomatch 135358ms (cache miss)
2864 silly packumentCache corgi:https://registry.npmjs.org/picomatch set size:undefined disposed:false
2865 http fetch GET 200 https://registry.npmjs.org/@opentelemetry%2fpropagator-jaeger 135794ms (cache miss)
2866 silly packumentCache corgi:https://registry.npmjs.org/@opentelemetry%2fpropagator-jaeger set size:undefined disposed:false
2867 http fetch GET 200 https://registry.npmjs.org/postcss-selector-parser 136486ms (cache miss)
2868 silly packumentCache corgi:https://registry.npmjs.org/postcss-selector-parser set size:undefined disposed:false
2869 http fetch GET 200 https://registry.npmjs.org/tmp 137193ms (cache miss)
2870 silly packumentCache corgi:https://registry.npmjs.org/tmp set size:undefined disposed:false
2871 http fetch GET 200 https://registry.npmjs.org/yaml 137260ms (cache miss)
2872 silly packumentCache corgi:https://registry.npmjs.org/yaml set size:undefined disposed:false
2873 http fetch GET 200 https://registry.npmjs.org/sharp 137513ms (cache miss)
2874 silly packumentCache corgi:https://registry.npmjs.org/sharp set size:undefined disposed:false
2875 http fetch GET 200 https://registry.npmjs.org/websocket-driver 139417ms (cache miss)
2876 silly packumentCache corgi:https://registry.npmjs.org/websocket-driver set size:undefined disposed:false
2877 http fetch GET 200 https://registry.npmjs.org/brace-expansion 140283ms (cache miss)
2878 silly packumentCache corgi:https://registry.npmjs.org/brace-expansion set size:undefined disposed:false
2879 http fetch GET 200 https://registry.npmjs.org/@opentelemetry%2fcore 144715ms (cache miss)
2880 silly packumentCache corgi:https://registry.npmjs.org/@opentelemetry%2fcore set size:undefined disposed:false
2881 http fetch GET 200 https://registry.npmjs.org/serialize-javascript 145198ms (cache miss)
2882 silly packumentCache corgi:https://registry.npmjs.org/serialize-javascript set size:undefined disposed:false
2883 http fetch GET 200 https://registry.npmjs.org/protobufjs 145842ms (cache miss)
2884 silly packumentCache corgi:https://registry.npmjs.org/protobufjs set size:undefined disposed:false
2885 http fetch GET 200 https://registry.npmjs.org/@opentelemetry%2fsdk-node 151222ms (cache miss)
2886 silly packumentCache corgi:https://registry.npmjs.org/@opentelemetry%2fsdk-node set size:undefined disposed:false
2887 http fetch GET 200 https://registry.npmjs.org/glob 156508ms (cache miss)
2888 silly packumentCache corgi:https://registry.npmjs.org/glob set size:undefined disposed:false
2889 http fetch GET 200 https://registry.npmjs.org/minimatch 158018ms (cache miss)
2890 silly packumentCache corgi:https://registry.npmjs.org/minimatch set size:undefined disposed:false
2891 http fetch GET 200 https://registry.npmjs.org/ajv/-/ajv-6.15.0.tgz 167602ms (cache miss)
2892 http fetch GET 200 https://registry.npmjs.org/ajv 172557ms (cache miss)
2893 silly packumentCache corgi:https://registry.npmjs.org/ajv set size:undefined disposed:false
