0 verbose cli F:\Node js\node.exe C:\Users\prane\AppData\Roaming\npm\node_modules\npm\bin\npm-cli.js
1 info using npm@11.14.1
2 info using node@v20.19.4
3 silly config load:file:C:\Users\prane\AppData\Roaming\npm\node_modules\npm\npmrc
4 silly config load:file:D:\Job_Portal\.npmrc
5 silly config load:file:C:\Users\prane\.npmrc
6 silly config load:file:C:\Users\prane\AppData\Roaming\npm\etc\npmrc
7 verbose title npm install next-pwa leaflet react-leaflet @types/leaflet
8 verbose argv "install" "--cache" ".npm-cache" "next-pwa" "leaflet" "react-leaflet" "@types/leaflet"
9 verbose logfile logs-max:10 dir:D:\Job_Portal\.npm-cache\_logs\2026-09-04T14_10_01_713Z-
10 verbose logfile D:\Job_Portal\.npm-cache\_logs\2026-09-04T14_10_01_713Z-debug-0.log
11 silly logfile done cleaning log files
12 silly packumentCache heap:2197815296 maxSize:549453824 maxEntrySize:274726912
13 verbose shrinkwrap failed to load node_modules/.package-lock.json out of date, updated: node_modules
14 silly idealTree buildDeps
15 silly fetch manifest next-pwa@*
16 silly packumentCache full:https://registry.npmjs.org/next-pwa cache-miss
17 http cache https://registry.npmjs.org/next-pwa 46ms (cache hit)
18 silly packumentCache full:https://registry.npmjs.org/next-pwa set size:409199 disposed:false
19 silly fetch manifest next@15.5.9
20 silly packumentCache full:https://registry.npmjs.org/next cache-miss
21 http fetch GET 200 https://registry.npmjs.org/next 68378ms (cache miss)
22 silly packumentCache full:https://registry.npmjs.org/next set size:undefined disposed:false
23 silly fetch manifest @opentelemetry/api@^1.1.0
24 silly packumentCache full:https://registry.npmjs.org/@opentelemetry%2fapi cache-miss
25 http fetch GET 200 https://registry.npmjs.org/@opentelemetry%2fapi 616ms (cache miss)
26 silly packumentCache full:https://registry.npmjs.org/@opentelemetry%2fapi set size:undefined disposed:false
27 silly fetch manifest @playwright/test@^1.51.1
28 silly packumentCache full:https://registry.npmjs.org/@playwright%2ftest cache-miss
29 silly fetch manifest babel-plugin-react-compiler@*
30 silly packumentCache full:https://registry.npmjs.org/babel-plugin-react-compiler cache-miss
31 http fetch GET https://registry.npmjs.org/babel-plugin-react-compiler attempt 1 failed with ECONNRESET
32 http fetch GET 200 https://registry.npmjs.org/babel-plugin-react-compiler 25679ms attempt #2 (cache miss)
33 silly packumentCache full:https://registry.npmjs.org/babel-plugin-react-compiler set size:undefined disposed:false
34 silly fetch manifest react@^19.2.1
35 silly packumentCache full:https://registry.npmjs.org/react cache-miss
36 http fetch GET 200 https://registry.npmjs.org/react 12240ms (cache miss)
37 silly packumentCache full:https://registry.npmjs.org/react set size:undefined disposed:false
38 silly fetch manifest react-dom@^19.2.1
39 silly packumentCache full:https://registry.npmjs.org/react-dom cache-miss
40 http fetch GET 200 https://registry.npmjs.org/react-dom 49384ms (cache miss)
41 silly packumentCache full:https://registry.npmjs.org/react-dom set size:undefined disposed:false
42 silly fetch manifest sass@^1.3.0
43 silly packumentCache full:https://registry.npmjs.org/sass cache-miss
44 http fetch GET 200 https://registry.npmjs.org/sass 18147ms (cache miss)
45 silly packumentCache full:https://registry.npmjs.org/sass set size:undefined disposed:false
46 silly fetch manifest leaflet@*
47 silly packumentCache full:https://registry.npmjs.org/leaflet cache-miss
48 http cache https://registry.npmjs.org/leaflet 19ms (cache hit)
49 silly packumentCache full:https://registry.npmjs.org/leaflet set size:146664 disposed:false
50 silly fetch manifest react-leaflet@*
51 silly packumentCache full:https://registry.npmjs.org/react-leaflet cache-miss
52 http cache https://registry.npmjs.org/react-leaflet 12ms (cache hit)
53 silly packumentCache full:https://registry.npmjs.org/react-leaflet set size:472546 disposed:false
54 silly fetch manifest @types/leaflet@*
55 silly packumentCache full:https://registry.npmjs.org/@types%2fleaflet cache-miss
56 http cache https://registry.npmjs.org/@types%2fleaflet 12ms (cache hit)
57 silly packumentCache full:https://registry.npmjs.org/@types%2fleaflet set size:298158 disposed:false
58 silly placeDep ROOT @types/leaflet@1.9.22 OK for: nextn@0.1.0 want: *
59 silly placeDep ROOT leaflet@1.9.4 OK for: nextn@0.1.0 want: *
60 silly placeDep ROOT next-pwa@5.6.0 OK for: nextn@0.1.0 want: *
61 silly placeDep ROOT react-leaflet@5.0.0 OK for: nextn@0.1.0 want: *
62 silly fetch manifest @types/geojson@*
63 silly packumentCache full:https://registry.npmjs.org/@types%2fgeojson cache-miss
64 silly fetch manifest babel-loader@^8.2.5
65 silly packumentCache full:https://registry.npmjs.org/babel-loader cache-miss
66 silly fetch manifest clean-webpack-plugin@^4.0.0
67 silly packumentCache full:https://registry.npmjs.org/clean-webpack-plugin cache-miss
68 silly fetch manifest globby@^11.0.4
69 silly packumentCache full:https://registry.npmjs.org/globby cache-miss
70 silly fetch manifest terser-webpack-plugin@^5.3.3
71 silly packumentCache full:https://registry.npmjs.org/terser-webpack-plugin cache-miss
72 silly fetch manifest workbox-webpack-plugin@^6.5.4
73 silly packumentCache full:https://registry.npmjs.org/workbox-webpack-plugin cache-miss
74 silly fetch manifest workbox-window@^6.5.4
75 silly packumentCache full:https://registry.npmjs.org/workbox-window cache-miss
76 silly fetch manifest @react-leaflet/core@^3.0.0
77 silly packumentCache full:https://registry.npmjs.org/@react-leaflet%2fcore cache-miss
78 http cache https://registry.npmjs.org/globby 47ms (cache hit)
79 silly packumentCache full:https://registry.npmjs.org/globby set size:171193 disposed:false
80 http cache https://registry.npmjs.org/babel-loader 59ms (cache hit)
81 silly packumentCache full:https://registry.npmjs.org/babel-loader set size:257763 disposed:false
82 http cache https://registry.npmjs.org/@types%2fgeojson 75ms (cache hit)
83 silly packumentCache full:https://registry.npmjs.org/@types%2fgeojson set size:66640 disposed:false
84 http cache https://registry.npmjs.org/terser-webpack-plugin 76ms (cache hit)
85 silly packumentCache full:https://registry.npmjs.org/terser-webpack-plugin set size:430998 disposed:false
86 http cache https://registry.npmjs.org/workbox-webpack-plugin 93ms (cache hit)
87 silly packumentCache full:https://registry.npmjs.org/workbox-webpack-plugin set size:277780 disposed:false
88 http cache https://registry.npmjs.org/workbox-window 98ms (cache hit)
89 silly packumentCache full:https://registry.npmjs.org/workbox-window set size:174266 disposed:false
90 http cache https://registry.npmjs.org/clean-webpack-plugin 107ms (cache hit)
91 silly packumentCache full:https://registry.npmjs.org/clean-webpack-plugin set size:70782 disposed:false
92 http cache https://registry.npmjs.org/@react-leaflet%2fcore 106ms (cache hit)
93 silly packumentCache full:https://registry.npmjs.org/@react-leaflet%2fcore set size:66182 disposed:false
94 silly placeDep ROOT @types/geojson@7946.0.16 OK for: @types/leaflet@1.9.22 want: *
95 silly fetch manifest @babel/core@^7.0.0
96 silly packumentCache full:https://registry.npmjs.org/@babel%2fcore cache-miss
97 http cache https://registry.npmjs.org/@babel%2fcore 10ms (cache hit)
98 silly packumentCache full:https://registry.npmjs.org/@babel%2fcore set size:788273 disposed:false
99 silly fetch manifest webpack@>=2
100 silly packumentCache full:https://registry.npmjs.org/webpack cache-miss
101 http fetch GET 200 https://registry.npmjs.org/webpack 31053ms (cache miss)
102 silly packumentCache full:https://registry.npmjs.org/webpack set size:undefined disposed:false
103 silly fetch manifest webpack@>=4.0.0 <6.0.0
104 silly packumentCache full:https://registry.npmjs.org/webpack cache-miss
105 http cache https://registry.npmjs.org/webpack 25ms (cache hit)
106 silly packumentCache full:https://registry.npmjs.org/webpack set size:5175310 disposed:false
107 silly fetch manifest webpack@^5.1.0
108 silly packumentCache full:https://registry.npmjs.org/webpack cache-miss
109 http cache https://registry.npmjs.org/webpack 23ms (cache hit)
110 silly packumentCache full:https://registry.npmjs.org/webpack set size:5175310 disposed:false
111 silly fetch manifest webpack@^4.4.0 || ^5.9.0
112 silly packumentCache full:https://registry.npmjs.org/webpack cache-miss
113 http cache https://registry.npmjs.org/webpack 26ms (cache hit)
114 silly packumentCache full:https://registry.npmjs.org/webpack set size:5175310 disposed:false
115 silly placeDep ROOT babel-loader@8.4.1 OK for: next-pwa@5.6.0 want: ^8.2.5
116 silly placeDep ROOT webpack@5.110.3 OK for: babel-loader@8.4.1 want: >=2
117 silly placeDep ROOT @babel/core@7.29.7 OK for: babel-loader@8.4.1 want: ^7.0.0
118 silly placeDep ROOT clean-webpack-plugin@4.0.0 OK for: next-pwa@5.6.0 want: ^4.0.0
119 silly placeDep ROOT globby@11.1.0 OK for: next-pwa@5.6.0 want: ^11.0.4
120 silly placeDep ROOT terser-webpack-plugin@5.6.1 OK for: next-pwa@5.6.0 want: ^5.3.3
121 silly placeDep ROOT workbox-webpack-plugin@6.6.0 OK for: next-pwa@5.6.0 want: ^6.5.4
122 silly placeDep ROOT workbox-window@6.6.0 OK for: next-pwa@5.6.0 want: ^6.5.4
123 silly fetch manifest loader-utils@^2.0.4
124 silly packumentCache full:https://registry.npmjs.org/loader-utils cache-miss
125 silly fetch manifest schema-utils@^2.6.5
126 silly packumentCache full:https://registry.npmjs.org/schema-utils cache-miss
127 silly fetch manifest find-cache-dir@^3.3.1
128 silly packumentCache full:https://registry.npmjs.org/find-cache-dir cache-miss
129 silly fetch manifest debug@^4.1.0
130 silly packumentCache full:https://registry.npmjs.org/debug cache-miss
131 silly fetch manifest semver@^6.3.1
132 silly packumentCache full:https://registry.npmjs.org/semver cache-miss
133 silly fetch manifest gensync@^1.0.0-beta.2
134 silly packumentCache full:https://registry.npmjs.org/gensync cache-miss
135 silly fetch manifest @babel/types@^7.29.7
136 silly packumentCache full:https://registry.npmjs.org/@babel%2ftypes cache-miss
137 silly fetch manifest @babel/parser@^7.29.7
138 silly packumentCache full:https://registry.npmjs.org/@babel%2fparser cache-miss
139 silly fetch manifest @babel/helpers@^7.29.7
140 silly packumentCache full:https://registry.npmjs.org/@babel%2fhelpers cache-miss
141 silly fetch manifest @babel/template@^7.29.7
142 silly packumentCache full:https://registry.npmjs.org/@babel%2ftemplate cache-miss
143 silly fetch manifest @babel/traverse@^7.29.7
144 silly packumentCache full:https://registry.npmjs.org/@babel%2ftraverse cache-miss
145 silly fetch manifest @babel/generator@^7.29.7
146 silly packumentCache full:https://registry.npmjs.org/@babel%2fgenerator cache-miss
147 silly fetch manifest @babel/code-frame@^7.29.7
148 silly packumentCache full:https://registry.npmjs.org/@babel%2fcode-frame cache-miss
149 silly fetch manifest convert-source-map@^2.0.0
150 silly packumentCache full:https://registry.npmjs.org/convert-source-map cache-miss
151 silly fetch manifest @jridgewell/remapping@^2.3.5
152 silly packumentCache full:https://registry.npmjs.org/@jridgewell%2fremapping cache-miss
153 http cache https://registry.npmjs.org/find-cache-dir 88ms (cache hit)
154 silly packumentCache full:https://registry.npmjs.org/find-cache-dir set size:35762 disposed:false
155 silly fetch manifest @babel/helper-module-transforms@^7.29.7
156 silly packumentCache full:https://registry.npmjs.org/@babel%2fhelper-module-transforms cache-miss
157 http cache https://registry.npmjs.org/loader-utils 97ms (cache hit)
158 silly packumentCache full:https://registry.npmjs.org/loader-utils set size:168663 disposed:false
159 silly fetch manifest @babel/helper-compilation-targets@^7.29.7
160 silly packumentCache full:https://registry.npmjs.org/@babel%2fhelper-compilation-targets cache-miss
161 http cache https://registry.npmjs.org/schema-utils 102ms (cache hit)
162 silly packumentCache full:https://registry.npmjs.org/schema-utils set size:166563 disposed:false
163 silly fetch manifest acorn@^8.16.0
164 silly packumentCache full:https://registry.npmjs.org/acorn cache-miss
165 http cache https://registry.npmjs.org/gensync 102ms (cache hit)
166 silly packumentCache full:https://registry.npmjs.org/gensync set size:15068 disposed:false
167 silly fetch manifest events@^3.2.0
168 silly packumentCache full:https://registry.npmjs.org/events cache-miss
169 http cache https://registry.npmjs.org/@babel%2fhelpers 101ms (cache hit)
170 silly packumentCache full:https://registry.npmjs.org/@babel%2fhelpers set size:398496 disposed:false
171 silly fetch manifest mime-db@^1.54.0
172 silly packumentCache full:https://registry.npmjs.org/mime-db cache-miss
173 http cache https://registry.npmjs.org/semver 123ms (cache hit)
174 silly packumentCache full:https://registry.npmjs.org/semver set size:246069 disposed:false
175 silly fetch manifest tapable@^2.3.0
176 silly packumentCache full:https://registry.npmjs.org/tapable cache-miss
177 http cache https://registry.npmjs.org/@babel%2fgenerator 121ms (cache hit)
178 silly packumentCache full:https://registry.npmjs.org/@babel%2fgenerator set size:522841 disposed:false
179 silly fetch manifest watchpack@^2.5.2
180 silly packumentCache full:https://registry.npmjs.org/watchpack cache-miss
181 http cache https://registry.npmjs.org/debug 145ms (cache hit)
182 silly packumentCache full:https://registry.npmjs.org/debug set size:195840 disposed:false
183 silly fetch manifest browserslist@^4.28.1
184 silly packumentCache full:https://registry.npmjs.org/browserslist cache-miss
185 http cache https://registry.npmjs.org/@babel%2fcode-frame 138ms (cache hit)
186 silly packumentCache full:https://registry.npmjs.org/@babel%2fcode-frame set size:206617 disposed:false
187 silly fetch manifest schema-utils@^4.3.3
188 silly packumentCache full:https://registry.npmjs.org/schema-utils cache-hit
189 silly fetch manifest @types/estree@^1.0.8
190 silly packumentCache full:https://registry.npmjs.org/@types%2festree cache-miss
191 http cache https://registry.npmjs.org/@babel%2ftraverse 156ms (cache hit)
192 silly packumentCache full:https://registry.npmjs.org/@babel%2ftraverse set size:564759 disposed:false
193 silly fetch manifest es-module-lexer@^2.1.0
194 silly packumentCache full:https://registry.npmjs.org/es-module-lexer cache-miss
195 http cache https://registry.npmjs.org/convert-source-map 160ms (cache hit)
196 silly packumentCache full:https://registry.npmjs.org/convert-source-map set size:66997 disposed:false
197 silly fetch manifest webpack-sources@^3.5.1
198 silly packumentCache full:https://registry.npmjs.org/webpack-sources cache-miss
199 http cache https://registry.npmjs.org/@babel%2ftemplate 192ms (cache hit)
200 silly packumentCache full:https://registry.npmjs.org/@babel%2ftemplate set size:237074 disposed:false
201 silly fetch manifest enhanced-resolve@^5.24.4
202 silly packumentCache full:https://registry.npmjs.org/enhanced-resolve cache-miss
203 http cache https://registry.npmjs.org/@babel%2fparser 202ms (cache hit)
204 silly packumentCache full:https://registry.npmjs.org/@babel%2fparser set size:737961 disposed:false
205 silly fetch manifest @webassemblyjs/ast@^1.14.1
206 silly packumentCache full:https://registry.npmjs.org/@webassemblyjs%2fast cache-miss
207 http cache https://registry.npmjs.org/@jridgewell%2fremapping 217ms (cache hit)
208 silly packumentCache full:https://registry.npmjs.org/@jridgewell%2fremapping set size:23809 disposed:false
209 silly fetch manifest chrome-trace-event@^1.0.2
210 silly packumentCache full:https://registry.npmjs.org/chrome-trace-event cache-miss
211 http cache https://registry.npmjs.org/@babel%2ftypes 256ms (cache hit)
212 silly packumentCache full:https://registry.npmjs.org/@babel%2ftypes set size:502938 disposed:false
213 silly fetch manifest @webassemblyjs/wasm-edit@^1.14.1
214 silly packumentCache full:https://registry.npmjs.org/@webassemblyjs%2fwasm-edit cache-miss
215 http cache https://registry.npmjs.org/@types%2festree 126ms (cache hit)
216 silly packumentCache full:https://registry.npmjs.org/@types%2festree set size:76072 disposed:false
217 silly fetch manifest minimizer-webpack-plugin@^5.7.0
218 silly packumentCache full:https://registry.npmjs.org/minimizer-webpack-plugin cache-miss
219 http cache https://registry.npmjs.org/@babel%2fhelper-compilation-targets 200ms (cache hit)
220 silly packumentCache full:https://registry.npmjs.org/@babel%2fhelper-compilation-targets set size:229541 disposed:false
221 silly fetch manifest @webassemblyjs/wasm-parser@^1.14.1
222 silly packumentCache full:https://registry.npmjs.org/@webassemblyjs%2fwasm-parser cache-miss
223 http cache https://registry.npmjs.org/@babel%2fhelper-module-transforms 217ms (cache hit)
224 silly packumentCache full:https://registry.npmjs.org/@babel%2fhelper-module-transforms set size:346454 disposed:false
225 silly fetch manifest del@^4.1.1
226 silly packumentCache full:https://registry.npmjs.org/del cache-miss
227 http cache https://registry.npmjs.org/browserslist 171ms (cache hit)
228 silly packumentCache full:https://registry.npmjs.org/browserslist set size:521015 disposed:false
229 silly fetch manifest slash@^3.0.0
230 silly packumentCache full:https://registry.npmjs.org/slash cache-miss
231 http cache https://registry.npmjs.org/webpack-sources 153ms (cache hit)
232 silly packumentCache full:https://registry.npmjs.org/webpack-sources set size:184158 disposed:false
233 silly fetch manifest ignore@^5.2.0
234 silly packumentCache full:https://registry.npmjs.org/ignore cache-miss
235 http cache https://registry.npmjs.org/del 36ms (cache hit)
236 silly packumentCache full:https://registry.npmjs.org/del set size:70448 disposed:false
237 silly fetch manifest dir-glob@^3.0.1
238 silly packumentCache full:https://registry.npmjs.org/dir-glob cache-miss
239 http cache https://registry.npmjs.org/ignore 21ms (cache hit)
240 silly packumentCache full:https://registry.npmjs.org/ignore set size:251191 disposed:false
241 silly fetch manifest array-union@^2.1.0
242 silly packumentCache full:https://registry.npmjs.org/array-union cache-miss
243 http cache https://registry.npmjs.org/slash 42ms (cache hit)
244 silly packumentCache full:https://registry.npmjs.org/slash set size:20337 disposed:false
245 silly fetch manifest jest-worker@^27.4.5
246 silly packumentCache full:https://registry.npmjs.org/jest-worker cache-miss
247 http cache https://registry.npmjs.org/dir-glob 35ms (cache hit)
248 silly packumentCache full:https://registry.npmjs.org/dir-glob set size:22205 disposed:false
249 silly fetch manifest schema-utils@^4.3.0
250 silly packumentCache full:https://registry.npmjs.org/schema-utils cache-hit
251 silly fetch manifest terser@^5.31.1
252 silly packumentCache full:https://registry.npmjs.org/terser cache-miss
253 http cache https://registry.npmjs.org/jest-worker 21ms (cache hit)
254 silly packumentCache full:https://registry.npmjs.org/jest-worker set size:484932 disposed:false
255 silly fetch manifest upath@^1.2.0
256 silly packumentCache full:https://registry.npmjs.org/upath cache-miss
257 http cache https://registry.npmjs.org/array-union 41ms (cache hit)
258 silly packumentCache full:https://registry.npmjs.org/array-union set size:18386 disposed:false
259 silly fetch manifest pretty-bytes@^5.4.1
260 silly packumentCache full:https://registry.npmjs.org/pretty-bytes cache-miss
261 http cache https://registry.npmjs.org/terser 32ms (cache hit)
262 silly packumentCache full:https://registry.npmjs.org/terser set size:827672 disposed:false
263 silly fetch manifest workbox-build@6.6.0
264 silly packumentCache full:https://registry.npmjs.org/workbox-build cache-miss
265 http cache https://registry.npmjs.org/upath 40ms (cache hit)
266 silly packumentCache full:https://registry.npmjs.org/upath set size:77974 disposed:false
267 silly fetch manifest webpack-sources@^1.4.3
268 silly packumentCache full:https://registry.npmjs.org/webpack-sources cache-hit
269 silly fetch manifest workbox-core@6.6.0
270 silly packumentCache full:https://registry.npmjs.org/workbox-core cache-miss
271 http cache https://registry.npmjs.org/pretty-bytes 47ms (cache hit)
272 silly packumentCache full:https://registry.npmjs.org/pretty-bytes set size:70470 disposed:false
273 silly fetch manifest @types/trusted-types@^2.0.2
274 silly packumentCache full:https://registry.npmjs.org/@types%2ftrusted-types cache-miss
275 http cache https://registry.npmjs.org/workbox-build 28ms (cache hit)
276 silly packumentCache full:https://registry.npmjs.org/workbox-build set size:332781 disposed:false
277 http cache https://registry.npmjs.org/@types%2ftrusted-types 17ms (cache hit)
278 silly packumentCache full:https://registry.npmjs.org/@types%2ftrusted-types set size:37046 disposed:false
279 http cache https://registry.npmjs.org/workbox-core 30ms (cache hit)
280 silly packumentCache full:https://registry.npmjs.org/workbox-core set size:222328 disposed:false
281 http fetch GET 200 https://registry.npmjs.org/events 8258ms (cache miss)
282 silly packumentCache full:https://registry.npmjs.org/events set size:undefined disposed:false
283 http fetch GET 200 https://registry.npmjs.org/chrome-trace-event 8223ms (cache miss)
284 silly packumentCache full:https://registry.npmjs.org/chrome-trace-event set size:undefined disposed:false
285 http fetch GET 200 https://registry.npmjs.org/mime-db 8406ms (cache miss)
286 silly packumentCache full:https://registry.npmjs.org/mime-db set size:undefined disposed:false
287 http fetch GET 200 https://registry.npmjs.org/minimizer-webpack-plugin 8265ms (cache miss)
288 silly packumentCache full:https://registry.npmjs.org/minimizer-webpack-plugin set size:undefined disposed:false
289 http fetch GET 200 https://registry.npmjs.org/tapable 8450ms (cache miss)
290 silly packumentCache full:https://registry.npmjs.org/tapable set size:undefined disposed:false
291 http fetch GET 200 https://registry.npmjs.org/@webassemblyjs%2fwasm-edit 9381ms (cache miss)
292 silly packumentCache full:https://registry.npmjs.org/@webassemblyjs%2fwasm-edit set size:undefined disposed:false
293 http fetch GET 200 https://registry.npmjs.org/@webassemblyjs%2fast 9482ms (cache miss)
294 silly packumentCache full:https://registry.npmjs.org/@webassemblyjs%2fast set size:undefined disposed:false
295 http fetch GET 200 https://registry.npmjs.org/watchpack 11005ms (cache miss)
296 silly packumentCache full:https://registry.npmjs.org/watchpack set size:undefined disposed:false
297 http fetch GET 200 https://registry.npmjs.org/@webassemblyjs%2fwasm-parser 11336ms (cache miss)
298 silly packumentCache full:https://registry.npmjs.org/@webassemblyjs%2fwasm-parser set size:undefined disposed:false
299 http fetch GET 200 https://registry.npmjs.org/es-module-lexer 11733ms (cache miss)
300 silly packumentCache full:https://registry.npmjs.org/es-module-lexer set size:undefined disposed:false
301 http fetch GET 200 https://registry.npmjs.org/enhanced-resolve 12199ms (cache miss)
302 silly packumentCache full:https://registry.npmjs.org/enhanced-resolve set size:undefined disposed:false
303 http fetch GET 200 https://registry.npmjs.org/acorn 13112ms (cache miss)
304 silly packumentCache full:https://registry.npmjs.org/acorn set size:undefined disposed:false
305 silly placeDep ROOT @babel/code-frame@7.29.7 OK for: @babel/core@7.29.7 want: ^7.29.7
306 silly placeDep ROOT @babel/generator@7.29.8 OK for: @babel/core@7.29.7 want: ^7.29.7
307 silly placeDep ROOT @babel/helper-compilation-targets@7.29.7 OK for: @babel/core@7.29.7 want: ^7.29.7
308 silly placeDep ROOT @babel/helper-module-transforms@7.29.7 OK for: @babel/core@7.29.7 want: ^7.29.7
309 silly placeDep ROOT @babel/helpers@7.29.7 OK for: @babel/core@7.29.7 want: ^7.29.7
310 silly placeDep ROOT @babel/parser@7.29.8 OK for: @babel/core@7.29.7 want: ^7.29.7
311 silly placeDep ROOT @babel/template@7.29.7 OK for: @babel/core@7.29.7 want: ^7.29.7
312 silly placeDep ROOT @babel/traverse@7.29.8 OK for: @babel/core@7.29.7 want: ^7.29.7
313 silly placeDep ROOT @babel/types@7.29.8 OK for: @babel/core@7.29.7 want: ^7.29.7
314 silly placeDep ROOT @jridgewell/remapping@2.3.5 OK for: @babel/core@7.29.7 want: ^2.3.5
315 silly placeDep ROOT convert-source-map@2.0.0 OK for: @babel/core@7.29.7 want: ^2.0.0
316 silly placeDep node_modules/@babel/core debug@4.4.3 OK for: @babel/core@7.29.7 want: ^4.1.0
317 silly placeDep ROOT gensync@1.0.0-beta.2 OK for: @babel/core@7.29.7 want: ^1.0.0-beta.2
318 silly placeDep node_modules/@babel/core semver@6.3.1 OK for: @babel/core@7.29.7 want: ^6.3.1
319 silly fetch manifest @babel/helper-validator-identifier@^7.29.7
320 silly packumentCache full:https://registry.npmjs.org/@babel%2fhelper-validator-identifier cache-miss
321 silly fetch manifest jsesc@^3.0.2
322 silly packumentCache full:https://registry.npmjs.org/jsesc cache-miss
323 silly fetch manifest @babel/types@^7.29.8
324 silly packumentCache full:https://registry.npmjs.org/@babel%2ftypes cache-hit
325 silly fetch manifest @babel/parser@^7.29.8
326 silly packumentCache full:https://registry.npmjs.org/@babel%2fparser cache-hit
327 silly fetch manifest @jridgewell/gen-mapping@^0.3.12
328 silly packumentCache full:https://registry.npmjs.org/@jridgewell%2fgen-mapping cache-miss
329 silly fetch manifest @jridgewell/trace-mapping@^0.3.28
330 silly packumentCache full:https://registry.npmjs.org/@jridgewell%2ftrace-mapping cache-miss
331 silly fetch manifest lru-cache@^5.1.1
332 silly packumentCache full:https://registry.npmjs.org/lru-cache cache-miss
333 silly fetch manifest browserslist@^4.24.0
334 silly packumentCache full:https://registry.npmjs.org/browserslist cache-hit
335 silly fetch manifest @babel/compat-data@^7.29.7
336 silly packumentCache full:https://registry.npmjs.org/@babel%2fcompat-data cache-miss
337 silly fetch manifest @babel/helper-validator-option@^7.29.7
338 silly packumentCache full:https://registry.npmjs.org/@babel%2fhelper-validator-option cache-miss
339 silly fetch manifest @babel/helper-module-imports@^7.29.7
340 silly packumentCache full:https://registry.npmjs.org/@babel%2fhelper-module-imports cache-miss
341 silly fetch manifest @babel/helper-validator-identifier@^7.29.7
342 silly packumentCache full:https://registry.npmjs.org/@babel%2fhelper-validator-identifier cache-miss
343 silly fetch manifest @babel/types@^7.29.8
344 silly packumentCache full:https://registry.npmjs.org/@babel%2ftypes cache-hit
345 silly fetch manifest debug@^4.3.1
346 silly packumentCache full:https://registry.npmjs.org/debug cache-hit
347 silly fetch manifest @babel/helper-globals@^7.29.7
348 silly packumentCache full:https://registry.npmjs.org/@babel%2fhelper-globals cache-miss
349 silly fetch manifest @babel/helper-string-parser@^7.29.7
350 silly packumentCache full:https://registry.npmjs.org/@babel%2fhelper-string-parser cache-miss
351 silly fetch manifest @babel/helper-validator-identifier@^7.29.7
352 silly packumentCache full:https://registry.npmjs.org/@babel%2fhelper-validator-identifier cache-miss
353 silly fetch manifest ms@^2.1.3
354 silly packumentCache full:https://registry.npmjs.org/ms cache-miss
355 http cache https://registry.npmjs.org/@jridgewell%2ftrace-mapping 87ms (cache hit)
356 silly packumentCache full:https://registry.npmjs.org/@jridgewell%2ftrace-mapping set size:170909 disposed:false
357 http cache https://registry.npmjs.org/@jridgewell%2fgen-mapping 94ms (cache hit)
358 silly packumentCache full:https://registry.npmjs.org/@jridgewell%2fgen-mapping set size:75941 disposed:false
359 http cache https://registry.npmjs.org/@babel%2fhelper-validator-identifier 102ms (cache hit)
360 silly packumentCache full:https://registry.npmjs.org/@babel%2fhelper-validator-identifier set size:130133 disposed:false
361 http cache https://registry.npmjs.org/jsesc 108ms (cache hit)
362 silly packumentCache full:https://registry.npmjs.org/jsesc set size:61512 disposed:false
363 http cache https://registry.npmjs.org/@babel%2fhelper-validator-identifier 100ms (cache hit)
364 silly packumentCache full:https://registry.npmjs.org/@babel%2fhelper-validator-identifier set size:130133 disposed:false
365 silly packumentCache full:https://registry.npmjs.org/@babel%2fhelper-validator-identifier dispose
366 http cache https://registry.npmjs.org/@babel%2fhelper-validator-option 106ms (cache hit)
367 silly packumentCache full:https://registry.npmjs.org/@babel%2fhelper-validator-option set size:101303 disposed:false
368 http cache https://registry.npmjs.org/@babel%2fcompat-data 111ms (cache hit)
369 silly packumentCache full:https://registry.npmjs.org/@babel%2fcompat-data set size:318807 disposed:false
370 http cache https://registry.npmjs.org/@babel%2fhelper-module-imports 114ms (cache hit)
371 silly packumentCache full:https://registry.npmjs.org/@babel%2fhelper-module-imports set size:203392 disposed:false
372 http cache https://registry.npmjs.org/@babel%2fhelper-validator-identifier 104ms (cache hit)
373 silly packumentCache full:https://registry.npmjs.org/@babel%2fhelper-validator-identifier set size:130133 disposed:true
374 silly packumentCache full:https://registry.npmjs.org/@babel%2fhelper-validator-identifier dispose
375 http cache https://registry.npmjs.org/@babel%2fhelper-globals 111ms (cache hit)
376 silly packumentCache full:https://registry.npmjs.org/@babel%2fhelper-globals set size:25155 disposed:false
377 http cache https://registry.npmjs.org/lru-cache 137ms (cache hit)
378 silly packumentCache full:https://registry.npmjs.org/lru-cache set size:460407 disposed:false
379 http cache https://registry.npmjs.org/@babel%2fhelper-string-parser 121ms (cache hit)
380 silly packumentCache full:https://registry.npmjs.org/@babel%2fhelper-string-parser set size:91563 disposed:false
381 http cache https://registry.npmjs.org/ms 122ms (cache hit)
382 silly packumentCache full:https://registry.npmjs.org/ms set size:92208 disposed:false
383 silly placeDep ROOT @babel/helper-validator-identifier@7.29.7 OK for: @babel/code-frame@7.29.7 want: ^7.29.7
384 silly placeDep ROOT @jridgewell/gen-mapping@0.3.13 REPLACE for: @babel/generator@7.29.8 want: ^0.3.12
385 silly placeDep ROOT @jridgewell/trace-mapping@0.3.31 REPLACE for: @babel/generator@7.29.8 want: ^0.3.28
386 silly placeDep ROOT jsesc@3.1.0 OK for: @babel/generator@7.29.8 want: ^3.0.2
387 silly placeDep ROOT @babel/compat-data@7.29.7 OK for: @babel/helper-compilation-targets@7.29.7 want: ^7.29.7
388 silly placeDep ROOT @babel/helper-validator-option@7.29.7 OK for: @babel/helper-compilation-targets@7.29.7 want: ^7.29.7
389 silly placeDep ROOT browserslist@4.28.9 OK for: @babel/helper-compilation-targets@7.29.7 want: ^4.24.0
390 silly placeDep node_modules/@babel/helper-compilation-targets lru-cache@5.1.1 OK for: @babel/helper-compilation-targets@7.29.7 want: ^5.1.1
391 silly placeDep node_modules/@babel/helper-compilation-targets semver@6.3.1 OK for: @babel/helper-compilation-targets@7.29.7 want: ^6.3.1
392 silly fetch manifest caniuse-lite@^1.0.30001810
393 silly packumentCache full:https://registry.npmjs.org/caniuse-lite cache-miss
394 silly fetch manifest node-releases@^2.0.54
395 silly packumentCache full:https://registry.npmjs.org/node-releases cache-miss
396 silly fetch manifest electron-to-chromium@^1.5.420
397 silly packumentCache full:https://registry.npmjs.org/electron-to-chromium cache-miss
398 silly fetch manifest update-browserslist-db@^1.3.2
399 silly packumentCache full:https://registry.npmjs.org/update-browserslist-db cache-miss
400 silly fetch manifest baseline-browser-mapping@^2.11.20
401 silly packumentCache full:https://registry.npmjs.org/baseline-browser-mapping cache-miss
402 silly fetch manifest yallist@^3.0.2
403 silly packumentCache full:https://registry.npmjs.org/yallist cache-miss
404 http cache https://registry.npmjs.org/node-releases 34ms (cache hit)
405 silly packumentCache full:https://registry.npmjs.org/node-releases set size:295994 disposed:false
406 http cache https://registry.npmjs.org/electron-to-chromium 49ms (cache hit)
407 silly packumentCache full:https://registry.npmjs.org/electron-to-chromium set size:4932620 disposed:false
408 http cache https://registry.npmjs.org/caniuse-lite 130ms (cache hit)
409 silly packumentCache full:https://registry.npmjs.org/caniuse-lite set size:2313344 disposed:false
410 http cache https://registry.npmjs.org/update-browserslist-db 149ms (cache hit)
411 silly packumentCache full:https://registry.npmjs.org/update-browserslist-db set size:68935 disposed:false
412 http cache https://registry.npmjs.org/yallist 152ms (cache hit)
413 silly packumentCache full:https://registry.npmjs.org/yallist set size:34610 disposed:false
414 http cache https://registry.npmjs.org/baseline-browser-mapping 159ms (cache hit)
415 silly packumentCache full:https://registry.npmjs.org/baseline-browser-mapping set size:625517 disposed:false
416 silly placeDep ROOT @babel/helper-module-imports@7.29.7 OK for: @babel/helper-module-transforms@7.29.7 want: ^7.29.7
417 silly placeDep ROOT @babel/helper-globals@7.29.7 OK for: @babel/traverse@7.29.8 want: ^7.29.7
418 silly placeDep node_modules/@babel/traverse debug@4.4.3 OK for: @babel/traverse@7.29.8 want: ^4.3.1
419 silly placeDep ROOT @babel/helper-string-parser@7.29.7 OK for: @babel/types@7.29.8 want: ^7.29.7
420 silly placeDep ROOT find-cache-dir@3.3.2 OK for: babel-loader@8.4.1 want: ^3.3.1
421 silly placeDep ROOT loader-utils@2.0.4 OK for: babel-loader@8.4.1 want: ^2.0.4
422 silly placeDep ROOT schema-utils@2.7.1 OK for: babel-loader@8.4.1 want: ^2.6.5
423 silly fetch manifest pkg-dir@^4.1.0
424 silly packumentCache full:https://registry.npmjs.org/pkg-dir cache-miss
425 silly fetch manifest commondir@^1.0.1
426 silly packumentCache full:https://registry.npmjs.org/commondir cache-miss
427 silly fetch manifest big.js@^5.2.2
428 silly packumentCache full:https://registry.npmjs.org/big.js cache-miss
429 silly fetch manifest emojis-list@^3.0.0
430 silly packumentCache full:https://registry.npmjs.org/emojis-list cache-miss
431 silly fetch manifest ajv@^6.12.4
432 silly packumentCache full:https://registry.npmjs.org/ajv cache-miss
433 silly fetch manifest ajv-keywords@^3.5.2
434 silly packumentCache full:https://registry.npmjs.org/ajv-keywords cache-miss
435 http cache https://registry.npmjs.org/commondir 35ms (cache hit)
436 silly packumentCache full:https://registry.npmjs.org/commondir set size:8375 disposed:false
437 http cache https://registry.npmjs.org/pkg-dir 39ms (cache hit)
438 silly packumentCache full:https://registry.npmjs.org/pkg-dir set size:30166 disposed:false
439 http cache https://registry.npmjs.org/emojis-list 35ms (cache hit)
440 silly packumentCache full:https://registry.npmjs.org/emojis-list set size:17790 disposed:false
441 http cache https://registry.npmjs.org/ajv 38ms (cache hit)
442 silly packumentCache full:https://registry.npmjs.org/ajv set size:1142658 disposed:false
443 http cache https://registry.npmjs.org/big.js 61ms (cache hit)
444 silly packumentCache full:https://registry.npmjs.org/big.js set size:75813 disposed:false
445 http cache https://registry.npmjs.org/ajv-keywords 57ms (cache hit)
446 silly packumentCache full:https://registry.npmjs.org/ajv-keywords set size:310004 disposed:false
447 silly fetch manifest browserslist@>= 4.21.0
448 silly packumentCache full:https://registry.npmjs.org/browserslist cache-hit
449 silly placeDep ROOT baseline-browser-mapping@2.11.21 OK for: browserslist@4.28.9 want: ^2.11.20
450 silly placeDep ROOT caniuse-lite@1.0.30001810 REPLACE for: browserslist@4.28.9 want: ^1.0.30001810
451 silly placeDep ROOT electron-to-chromium@1.5.422 OK for: browserslist@4.28.9 want: ^1.5.420
452 silly placeDep ROOT node-releases@2.0.54 OK for: browserslist@4.28.9 want: ^2.0.54
453 silly placeDep ROOT update-browserslist-db@1.3.2 OK for: browserslist@4.28.9 want: ^1.3.2
454 silly placeDep ROOT del@4.1.1 OK for: clean-webpack-plugin@4.0.0 want: ^4.1.1
455 silly fetch manifest pify@^4.0.1
456 silly packumentCache full:https://registry.npmjs.org/pify cache-miss
457 silly fetch manifest p-map@^2.0.0
458 silly packumentCache full:https://registry.npmjs.org/p-map cache-miss
459 silly fetch manifest globby@^6.1.0
460 silly packumentCache full:https://registry.npmjs.org/globby cache-hit
461 silly fetch manifest @types/glob@^7.1.1
462 silly packumentCache full:https://registry.npmjs.org/@types%2fglob cache-miss
463 silly fetch manifest is-path-cwd@^2.0.0
464 silly packumentCache full:https://registry.npmjs.org/is-path-cwd cache-miss
465 silly fetch manifest is-path-in-cwd@^2.0.0
466 silly packumentCache full:https://registry.npmjs.org/is-path-in-cwd cache-miss
467 http cache https://registry.npmjs.org/p-map 29ms (cache hit)
468 silly packumentCache full:https://registry.npmjs.org/p-map set size:58783 disposed:false
469 http cache https://registry.npmjs.org/pify 33ms (cache hit)
470 silly packumentCache full:https://registry.npmjs.org/pify set size:33583 disposed:false
471 http cache https://registry.npmjs.org/@types%2fglob 33ms (cache hit)
472 silly packumentCache full:https://registry.npmjs.org/@types%2fglob set size:52932 disposed:false
473 http cache https://registry.npmjs.org/is-path-cwd 34ms (cache hit)
474 silly packumentCache full:https://registry.npmjs.org/is-path-cwd set size:16479 disposed:false
475 http cache https://registry.npmjs.org/is-path-in-cwd 33ms (cache hit)
476 silly packumentCache full:https://registry.npmjs.org/is-path-in-cwd set size:17090 disposed:false
477 silly placeDep ROOT @types/glob@7.2.0 OK for: del@4.1.1 want: ^7.1.1
478 silly placeDep node_modules/del globby@6.1.0 OK for: del@4.1.1 want: ^6.1.0
479 silly placeDep ROOT is-path-cwd@2.2.0 OK for: del@4.1.1 want: ^2.0.0
480 silly placeDep ROOT is-path-in-cwd@2.1.0 OK for: del@4.1.1 want: ^2.0.0
481 silly placeDep ROOT p-map@2.1.0 OK for: del@4.1.1 want: ^2.0.0
482 silly placeDep node_modules/del pify@4.0.1 OK for: del@4.1.1 want: ^4.0.1
483 silly fetch manifest @types/minimatch@*
484 silly packumentCache full:https://registry.npmjs.org/@types%2fminimatch cache-miss
485 silly fetch manifest glob@^7.0.3
486 silly packumentCache full:https://registry.npmjs.org/glob cache-miss
487 silly fetch manifest array-union@^1.0.1
488 silly packumentCache full:https://registry.npmjs.org/array-union cache-hit
489 silly fetch manifest pinkie-promise@^2.0.0
490 silly packumentCache full:https://registry.npmjs.org/pinkie-promise cache-miss
491 silly fetch manifest is-path-inside@^2.1.0
492 silly packumentCache full:https://registry.npmjs.org/is-path-inside cache-miss
493 http cache https://registry.npmjs.org/@types%2fminimatch 37ms (cache hit)
494 silly packumentCache full:https://registry.npmjs.org/@types%2fminimatch set size:34676 disposed:false
495 http cache https://registry.npmjs.org/pinkie-promise 35ms (cache hit)
496 silly packumentCache full:https://registry.npmjs.org/pinkie-promise set size:6122 disposed:false
497 http cache https://registry.npmjs.org/glob 40ms (cache hit)
498 silly packumentCache full:https://registry.npmjs.org/glob set size:469465 disposed:false
499 http cache https://registry.npmjs.org/is-path-inside 42ms (cache hit)
500 silly packumentCache full:https://registry.npmjs.org/is-path-inside set size:23585 disposed:false
501 silly placeDep ROOT @types/minimatch@5.1.2 OK for: @types/glob@7.2.0 want: *
502 silly placeDep ROOT commondir@1.0.1 OK for: find-cache-dir@3.3.2 want: ^1.0.1
503 silly placeDep ROOT pkg-dir@4.2.0 OK for: find-cache-dir@3.3.2 want: ^4.1.0
504 silly fetch manifest find-up@^4.0.0
505 silly packumentCache full:https://registry.npmjs.org/find-up cache-miss
506 http cache https://registry.npmjs.org/find-up 12ms (cache hit)
507 silly packumentCache full:https://registry.npmjs.org/find-up set size:42620 disposed:false
508 silly placeDep ROOT array-union@2.1.0 OK for: globby@11.1.0 want: ^2.1.0
509 silly placeDep ROOT dir-glob@3.0.1 OK for: globby@11.1.0 want: ^3.0.1
510 silly placeDep ROOT ignore@5.3.2 OK for: globby@11.1.0 want: ^5.2.0
511 silly placeDep node_modules/globby slash@3.0.0 OK for: globby@11.1.0 want: ^3.0.0
512 silly fetch manifest path-type@^4.0.0
513 silly packumentCache full:https://registry.npmjs.org/path-type cache-miss
514 http cache https://registry.npmjs.org/path-type 8ms (cache hit)
515 silly packumentCache full:https://registry.npmjs.org/path-type set size:15341 disposed:false
516 silly placeDep ROOT path-type@4.0.0 OK for: dir-glob@3.0.1 want: ^4.0.0
517 silly placeDep ROOT is-path-inside@2.1.0 OK for: is-path-in-cwd@2.1.0 want: ^2.1.0
518 silly fetch manifest path-is-inside@^1.0.2
519 silly packumentCache full:https://registry.npmjs.org/path-is-inside cache-miss
520 http cache https://registry.npmjs.org/path-is-inside 7ms (cache hit)
521 silly packumentCache full:https://registry.npmjs.org/path-is-inside set size:6732 disposed:false
522 silly placeDep ROOT path-is-inside@1.0.2 OK for: is-path-inside@2.1.0 want: ^1.0.2
523 silly placeDep ROOT big.js@5.2.2 OK for: loader-utils@2.0.4 want: ^5.2.2
524 silly placeDep ROOT emojis-list@3.0.0 OK for: loader-utils@2.0.4 want: ^3.0.0
525 silly placeDep ROOT find-up@4.1.0 OK for: pkg-dir@4.2.0 want: ^4.0.0
526 silly fetch manifest locate-path@^5.0.0
527 silly packumentCache full:https://registry.npmjs.org/locate-path cache-miss
528 silly fetch manifest path-exists@^4.0.0
529 silly packumentCache full:https://registry.npmjs.org/path-exists cache-miss
530 http cache https://registry.npmjs.org/path-exists 10ms (cache hit)
531 silly packumentCache full:https://registry.npmjs.org/path-exists set size:13704 disposed:false
532 http cache https://registry.npmjs.org/locate-path 13ms (cache hit)
533 silly packumentCache full:https://registry.npmjs.org/locate-path set size:31329 disposed:false
534 silly placeDep ROOT locate-path@5.0.0 OK for: find-up@4.1.0 want: ^5.0.0
535 silly placeDep ROOT path-exists@4.0.0 OK for: find-up@4.1.0 want: ^4.0.0
536 silly fetch manifest p-locate@^4.1.0
537 silly packumentCache full:https://registry.npmjs.org/p-locate cache-miss
538 http cache https://registry.npmjs.org/p-locate 8ms (cache hit)
539 silly packumentCache full:https://registry.npmjs.org/p-locate set size:22488 disposed:false
540 silly placeDep ROOT p-locate@4.1.0 OK for: locate-path@5.0.0 want: ^4.1.0
541 silly fetch manifest p-limit@^2.2.0
542 silly packumentCache full:https://registry.npmjs.org/p-limit cache-miss
543 http cache https://registry.npmjs.org/p-limit 8ms (cache hit)
544 silly packumentCache full:https://registry.npmjs.org/p-limit set size:66276 disposed:false
545 silly placeDep node_modules/p-locate p-limit@2.3.0 OK for: p-locate@4.1.0 want: ^2.2.0
546 silly fetch manifest p-try@^2.0.0
547 silly packumentCache full:https://registry.npmjs.org/p-try cache-miss
548 http cache https://registry.npmjs.org/p-try 8ms (cache hit)
549 silly packumentCache full:https://registry.npmjs.org/p-try set size:13014 disposed:false
550 silly fetch manifest leaflet@^1.9.0
551 silly packumentCache full:https://registry.npmjs.org/leaflet cache-hit
552 silly fetch manifest react@^19.0.0
553 silly packumentCache full:https://registry.npmjs.org/react cache-miss
554 http cache https://registry.npmjs.org/react 30ms (cache hit)
555 silly packumentCache full:https://registry.npmjs.org/react set size:6946355 disposed:false
556 silly fetch manifest react-dom@^19.0.0
557 silly packumentCache full:https://registry.npmjs.org/react-dom cache-miss
558 http cache https://registry.npmjs.org/react-dom 48ms (cache hit)
559 silly packumentCache full:https://registry.npmjs.org/react-dom set size:9344485 disposed:false
560 silly placeDep ROOT @react-leaflet/core@3.0.0 OK for: react-leaflet@5.0.0 want: ^3.0.0
561 silly placeDep node_modules/schema-utils ajv@6.15.0 OK for: schema-utils@2.7.1 want: ^6.12.4
562 silly placeDep node_modules/schema-utils ajv-keywords@3.5.2 OK for: schema-utils@2.7.1 want: ^3.5.2
563 silly fetch manifest json-schema-traverse@^0.4.1
564 silly packumentCache full:https://registry.npmjs.org/json-schema-traverse cache-miss
565 http cache https://registry.npmjs.org/json-schema-traverse 9ms (cache hit)
566 silly packumentCache full:https://registry.npmjs.org/json-schema-traverse set size:23537 disposed:false
567 silly placeDep ROOT jest-worker@27.5.1 OK for: terser-webpack-plugin@5.6.1 want: ^27.4.5
568 silly placeDep node_modules/terser-webpack-plugin schema-utils@4.3.3 OK for: terser-webpack-plugin@5.6.1 want: ^4.3.0
569 silly placeDep ROOT terser@5.51.2 OK for: terser-webpack-plugin@5.6.1 want: ^5.31.1
570 silly fetch manifest merge-stream@^2.0.0
571 silly packumentCache full:https://registry.npmjs.org/merge-stream cache-miss
572 silly fetch manifest supports-color@^8.0.0
573 silly packumentCache full:https://registry.npmjs.org/supports-color cache-miss
574 silly fetch manifest ajv-formats@^2.1.1
575 silly packumentCache full:https://registry.npmjs.org/ajv-formats cache-miss
576 silly fetch manifest ajv-keywords@^5.1.0
577 silly packumentCache full:https://registry.npmjs.org/ajv-keywords cache-hit
578 silly fetch manifest commander@^2.20.0
579 silly packumentCache full:https://registry.npmjs.org/commander cache-miss
580 silly fetch manifest source-map-support@~0.5.20
581 silly packumentCache full:https://registry.npmjs.org/source-map-support cache-miss
582 silly fetch manifest @jridgewell/source-map@^0.3.3
583 silly packumentCache full:https://registry.npmjs.org/@jridgewell%2fsource-map cache-miss
584 http cache https://registry.npmjs.org/@jridgewell%2fsource-map 20ms (cache hit)
585 silly packumentCache full:https://registry.npmjs.org/@jridgewell%2fsource-map set size:45204 disposed:false
586 http cache https://registry.npmjs.org/merge-stream 30ms (cache hit)
587 silly packumentCache full:https://registry.npmjs.org/merge-stream set size:22168 disposed:false
588 http cache https://registry.npmjs.org/ajv-formats 29ms (cache hit)
589 silly packumentCache full:https://registry.npmjs.org/ajv-formats set size:141264 disposed:false
590 http cache https://registry.npmjs.org/source-map-support 30ms (cache hit)
591 silly packumentCache full:https://registry.npmjs.org/source-map-support set size:125488 disposed:false
592 http cache https://registry.npmjs.org/supports-color 40ms (cache hit)
593 silly packumentCache full:https://registry.npmjs.org/supports-color set size:124169 disposed:false
594 http cache https://registry.npmjs.org/commander 41ms (cache hit)
595 silly packumentCache full:https://registry.npmjs.org/commander set size:353104 disposed:false
596 silly placeDep ROOT merge-stream@2.0.0 OK for: jest-worker@27.5.1 want: ^2.0.0
597 silly placeDep node_modules/jest-worker supports-color@8.1.1 OK for: jest-worker@27.5.1 want: ^8.0.0
598 silly placeDep ROOT @jridgewell/source-map@0.3.11 OK for: terser@5.51.2 want: ^0.3.3
599 silly placeDep node_modules/terser commander@2.20.3 OK for: terser@5.51.2 want: ^2.20.0
600 silly placeDep ROOT source-map-support@0.5.21 OK for: terser@5.51.2 want: ~0.5.20
601 silly fetch manifest buffer-from@^1.0.0
602 silly packumentCache full:https://registry.npmjs.org/buffer-from cache-miss
603 http cache https://registry.npmjs.org/buffer-from 8ms (cache hit)
604 silly packumentCache full:https://registry.npmjs.org/buffer-from set size:15463 disposed:false
605 silly placeDep ROOT buffer-from@1.1.2 OK for: source-map-support@0.5.21 want: ^1.0.0
606 silly placeDep ROOT @types/estree@1.0.9 OK for: webpack@5.110.3 want: ^1.0.8
607 silly placeDep ROOT @webassemblyjs/ast@1.14.1 OK for: webpack@5.110.3 want: ^1.14.1
608 silly placeDep ROOT @webassemblyjs/wasm-edit@1.14.1 OK for: webpack@5.110.3 want: ^1.14.1
609 silly placeDep ROOT @webassemblyjs/wasm-parser@1.14.1 OK for: webpack@5.110.3 want: ^1.14.1
610 silly placeDep ROOT acorn@8.18.0 REPLACE for: webpack@5.110.3 want: ^8.16.0
611 silly placeDep ROOT chrome-trace-event@1.0.4 OK for: webpack@5.110.3 want: ^1.0.2
612 silly placeDep ROOT enhanced-resolve@5.24.5 OK for: webpack@5.110.3 want: ^5.24.4
613 silly placeDep ROOT es-module-lexer@2.3.2 OK for: webpack@5.110.3 want: ^2.1.0
614 silly placeDep ROOT events@3.3.0 OK for: webpack@5.110.3 want: ^3.2.0
615 silly placeDep node_modules/webpack mime-db@1.54.0 OK for: webpack@5.110.3 want: ^1.54.0
616 silly placeDep ROOT minimizer-webpack-plugin@5.9.0 OK for: webpack@5.110.3 want: ^5.7.0
617 silly placeDep node_modules/webpack schema-utils@4.3.3 OK for: webpack@5.110.3 want: ^4.3.3
618 silly placeDep ROOT tapable@2.3.3 OK for: webpack@5.110.3 want: ^2.3.0
619 silly placeDep ROOT watchpack@2.5.2 OK for: webpack@5.110.3 want: ^2.5.2
620 silly placeDep ROOT webpack-sources@3.5.1 OK for: webpack@5.110.3 want: ^3.5.1
621 silly fetch manifest @webassemblyjs/helper-numbers@1.13.2
622 silly packumentCache full:https://registry.npmjs.org/@webassemblyjs%2fhelper-numbers cache-miss
623 silly fetch manifest @webassemblyjs/helper-wasm-bytecode@1.13.2
624 silly packumentCache full:https://registry.npmjs.org/@webassemblyjs%2fhelper-wasm-bytecode cache-miss
625 silly fetch manifest @webassemblyjs/helper-buffer@1.14.1
626 silly packumentCache full:https://registry.npmjs.org/@webassemblyjs%2fhelper-buffer cache-miss
627 silly fetch manifest @webassemblyjs/helper-wasm-bytecode@1.13.2
628 silly packumentCache full:https://registry.npmjs.org/@webassemblyjs%2fhelper-wasm-bytecode cache-miss
629 silly fetch manifest @webassemblyjs/helper-wasm-section@1.14.1
630 silly packumentCache full:https://registry.npmjs.org/@webassemblyjs%2fhelper-wasm-section cache-miss
631 silly fetch manifest @webassemblyjs/wasm-gen@1.14.1
632 silly packumentCache full:https://registry.npmjs.org/@webassemblyjs%2fwasm-gen cache-miss
633 silly fetch manifest @webassemblyjs/wasm-opt@1.14.1
634 silly packumentCache full:https://registry.npmjs.org/@webassemblyjs%2fwasm-opt cache-miss
635 silly fetch manifest @webassemblyjs/wasm-parser@1.14.1
636 silly packumentCache full:https://registry.npmjs.org/@webassemblyjs%2fwasm-parser cache-miss
637 silly fetch manifest @webassemblyjs/wast-printer@1.14.1
638 silly packumentCache full:https://registry.npmjs.org/@webassemblyjs%2fwast-printer cache-miss
639 silly fetch manifest @webassemblyjs/helper-api-error@1.13.2
640 silly packumentCache full:https://registry.npmjs.org/@webassemblyjs%2fhelper-api-error cache-miss
641 silly fetch manifest @webassemblyjs/helper-wasm-bytecode@1.13.2
642 silly packumentCache full:https://registry.npmjs.org/@webassemblyjs%2fhelper-wasm-bytecode cache-miss
643 silly fetch manifest @webassemblyjs/ieee754@1.13.2
644 silly packumentCache full:https://registry.npmjs.org/@webassemblyjs%2fieee754 cache-miss
645 silly fetch manifest @webassemblyjs/leb128@1.13.2
646 silly packumentCache full:https://registry.npmjs.org/@webassemblyjs%2fleb128 cache-miss
647 silly fetch manifest @webassemblyjs/utf8@1.13.2
648 silly packumentCache full:https://registry.npmjs.org/@webassemblyjs%2futf8 cache-miss
649 silly fetch manifest tapable@^2.3.3
650 silly packumentCache full:https://registry.npmjs.org/tapable cache-miss
651 http cache https://registry.npmjs.org/@webassemblyjs%2fwasm-parser 50ms (cache hit)
652 silly packumentCache full:https://registry.npmjs.org/@webassemblyjs%2fwasm-parser set size:214115 disposed:false
653 http cache https://registry.npmjs.org/tapable 46ms (cache hit)
654 silly packumentCache full:https://registry.npmjs.org/tapable set size:141233 disposed:false
655 http fetch GET 200 https://registry.npmjs.org/@webassemblyjs%2fhelper-numbers 348ms (cache miss)
656 silly packumentCache full:https://registry.npmjs.org/@webassemblyjs%2fhelper-numbers set size:undefined disposed:false
657 http fetch GET 200 https://registry.npmjs.org/@webassemblyjs%2fhelper-buffer 1199ms (cache miss)
658 silly packumentCache full:https://registry.npmjs.org/@webassemblyjs%2fhelper-buffer set size:undefined disposed:false
659 http fetch GET 200 https://registry.npmjs.org/@webassemblyjs%2fhelper-wasm-section 1390ms (cache miss)
660 silly packumentCache full:https://registry.npmjs.org/@webassemblyjs%2fhelper-wasm-section set size:undefined disposed:false
661 http fetch GET 200 https://registry.npmjs.org/@webassemblyjs%2fwasm-gen 1470ms (cache miss)
662 silly packumentCache full:https://registry.npmjs.org/@webassemblyjs%2fwasm-gen set size:undefined disposed:false
663 http fetch GET 200 https://registry.npmjs.org/@webassemblyjs%2fhelper-api-error 1815ms (cache miss)
664 silly packumentCache full:https://registry.npmjs.org/@webassemblyjs%2fhelper-api-error set size:undefined disposed:false
665 http fetch GET 200 https://registry.npmjs.org/@webassemblyjs%2fhelper-wasm-bytecode 4520ms (cache miss)
666 silly packumentCache full:https://registry.npmjs.org/@webassemblyjs%2fhelper-wasm-bytecode set size:undefined disposed:false
667 http fetch GET 200 https://registry.npmjs.org/@webassemblyjs%2fwasm-opt 5309ms (cache miss)
668 silly packumentCache full:https://registry.npmjs.org/@webassemblyjs%2fwasm-opt set size:undefined disposed:false
669 http fetch GET 200 https://registry.npmjs.org/@webassemblyjs%2fieee754 5326ms (cache miss)
670 silly packumentCache full:https://registry.npmjs.org/@webassemblyjs%2fieee754 set size:undefined disposed:false
671 http fetch GET 200 https://registry.npmjs.org/@webassemblyjs%2fwast-printer 5392ms (cache miss)
672 silly packumentCache full:https://registry.npmjs.org/@webassemblyjs%2fwast-printer set size:undefined disposed:false
673 http fetch GET 200 https://registry.npmjs.org/@webassemblyjs%2fhelper-wasm-bytecode 6470ms (cache miss)
674 silly packumentCache full:https://registry.npmjs.org/@webassemblyjs%2fhelper-wasm-bytecode set size:undefined disposed:false
675 http fetch GET 200 https://registry.npmjs.org/@webassemblyjs%2fhelper-wasm-bytecode 7571ms (cache miss)
676 silly packumentCache full:https://registry.npmjs.org/@webassemblyjs%2fhelper-wasm-bytecode set size:undefined disposed:false
677 http fetch GET 200 https://registry.npmjs.org/@webassemblyjs%2futf8 9671ms (cache miss)
678 silly packumentCache full:https://registry.npmjs.org/@webassemblyjs%2futf8 set size:undefined disposed:false
679 http fetch GET 200 https://registry.npmjs.org/@webassemblyjs%2fleb128 26824ms (cache miss)
680 silly packumentCache full:https://registry.npmjs.org/@webassemblyjs%2fleb128 set size:undefined disposed:false
681 silly placeDep ROOT @webassemblyjs/helper-numbers@1.13.2 OK for: @webassemblyjs/ast@1.14.1 want: 1.13.2
682 silly placeDep ROOT @webassemblyjs/helper-wasm-bytecode@1.13.2 OK for: @webassemblyjs/ast@1.14.1 want: 1.13.2
683 silly fetch manifest @xtuc/long@4.2.2
684 silly packumentCache full:https://registry.npmjs.org/@xtuc%2flong cache-miss
685 silly fetch manifest @webassemblyjs/floating-point-hex-parser@1.13.2
686 silly packumentCache full:https://registry.npmjs.org/@webassemblyjs%2ffloating-point-hex-parser cache-miss
687 http fetch GET 200 https://registry.npmjs.org/@xtuc%2flong 3172ms (cache miss)
688 silly packumentCache full:https://registry.npmjs.org/@xtuc%2flong set size:undefined disposed:false
689 http fetch GET 200 https://registry.npmjs.org/@webassemblyjs%2ffloating-point-hex-parser 3502ms (cache miss)
690 silly packumentCache full:https://registry.npmjs.org/@webassemblyjs%2ffloating-point-hex-parser set size:undefined disposed:false
691 silly placeDep ROOT @webassemblyjs/floating-point-hex-parser@1.13.2 OK for: @webassemblyjs/helper-numbers@1.13.2 want: 1.13.2
692 silly placeDep ROOT @webassemblyjs/helper-api-error@1.13.2 OK for: @webassemblyjs/helper-numbers@1.13.2 want: 1.13.2
693 silly placeDep ROOT @xtuc/long@4.2.2 OK for: @webassemblyjs/helper-numbers@1.13.2 want: 4.2.2
694 silly placeDep ROOT @webassemblyjs/helper-buffer@1.14.1 OK for: @webassemblyjs/wasm-edit@1.14.1 want: 1.14.1
695 silly placeDep ROOT @webassemblyjs/helper-wasm-section@1.14.1 OK for: @webassemblyjs/wasm-edit@1.14.1 want: 1.14.1
696 silly placeDep ROOT @webassemblyjs/wasm-gen@1.14.1 OK for: @webassemblyjs/wasm-edit@1.14.1 want: 1.14.1
697 silly placeDep ROOT @webassemblyjs/wasm-opt@1.14.1 OK for: @webassemblyjs/wasm-edit@1.14.1 want: 1.14.1
698 silly placeDep ROOT @webassemblyjs/wast-printer@1.14.1 OK for: @webassemblyjs/wasm-edit@1.14.1 want: 1.14.1
699 silly placeDep ROOT @webassemblyjs/ieee754@1.13.2 OK for: @webassemblyjs/wasm-gen@1.14.1 want: 1.13.2
700 silly placeDep ROOT @webassemblyjs/leb128@1.13.2 OK for: @webassemblyjs/wasm-gen@1.14.1 want: 1.13.2
701 silly placeDep ROOT @webassemblyjs/utf8@1.13.2 OK for: @webassemblyjs/wasm-gen@1.14.1 want: 1.13.2
702 silly fetch manifest @xtuc/ieee754@^1.2.0
703 silly packumentCache full:https://registry.npmjs.org/@xtuc%2fieee754 cache-miss
704 http fetch GET 200 https://registry.npmjs.org/@xtuc%2fieee754 1226ms (cache miss)
705 silly packumentCache full:https://registry.npmjs.org/@xtuc%2fieee754 set size:undefined disposed:false
706 silly placeDep ROOT @xtuc/ieee754@1.2.0 OK for: @webassemblyjs/ieee754@1.13.2 want: ^1.2.0
707 silly placeDep node_modules/minimizer-webpack-plugin schema-utils@4.3.3 OK for: minimizer-webpack-plugin@5.9.0 want: ^4.3.3
708 silly placeDep ROOT pretty-bytes@5.6.0 OK for: workbox-webpack-plugin@6.6.0 want: ^5.4.1
709 silly placeDep ROOT upath@1.2.0 OK for: workbox-webpack-plugin@6.6.0 want: ^1.2.0
710 silly placeDep node_modules/workbox-webpack-plugin webpack-sources@1.4.3 OK for: workbox-webpack-plugin@6.6.0 want: ^1.4.3
711 silly placeDep ROOT workbox-build@6.6.0 OK for: workbox-webpack-plugin@6.6.0 want: 6.6.0
712 silly fetch manifest source-list-map@^2.0.0
713 silly packumentCache full:https://registry.npmjs.org/source-list-map cache-miss
714 silly fetch manifest glob@^7.1.6
715 silly packumentCache full:https://registry.npmjs.org/glob cache-hit
716 silly fetch manifest tempy@^0.6.0
717 silly packumentCache full:https://registry.npmjs.org/tempy cache-miss
718 silly fetch manifest rollup@^2.43.1
719 silly packumentCache full:https://registry.npmjs.org/rollup cache-miss
720 silly fetch manifest source-map@^0.8.0-beta.0
721 silly packumentCache full:https://registry.npmjs.org/source-map cache-miss
722 silly fetch manifest workbox-sw@6.6.0
723 silly packumentCache full:https://registry.npmjs.org/workbox-sw cache-miss
724 silly fetch manifest common-tags@^1.8.0
725 silly packumentCache full:https://registry.npmjs.org/common-tags cache-miss
726 silly fetch manifest strip-comments@^2.0.1
727 silly packumentCache full:https://registry.npmjs.org/strip-comments cache-miss
728 silly fetch manifest workbox-recipes@6.6.0
729 silly packumentCache full:https://registry.npmjs.org/workbox-recipes cache-miss
730 silly fetch manifest workbox-routing@6.6.0
731 silly packumentCache full:https://registry.npmjs.org/workbox-routing cache-miss
732 silly fetch manifest workbox-streams@6.6.0
733 silly packumentCache full:https://registry.npmjs.org/workbox-streams cache-miss
734 silly fetch manifest stringify-object@^3.3.0
735 silly packumentCache full:https://registry.npmjs.org/stringify-object cache-miss
736 silly fetch manifest @babel/preset-env@^7.11.0
737 silly packumentCache full:https://registry.npmjs.org/@babel%2fpreset-env cache-miss
738 silly fetch manifest workbox-expiration@6.6.0
739 silly packumentCache full:https://registry.npmjs.org/workbox-expiration cache-miss
740 silly fetch manifest workbox-precaching@6.6.0
741 silly packumentCache full:https://registry.npmjs.org/workbox-precaching cache-miss
742 silly fetch manifest workbox-strategies@6.6.0
743 silly packumentCache full:https://registry.npmjs.org/workbox-strategies cache-miss
744 http cache https://registry.npmjs.org/tempy 152ms (cache hit)
745 silly packumentCache full:https://registry.npmjs.org/tempy set size:47063 disposed:false
746 silly fetch manifest @rollup/plugin-babel@^5.2.0
747 silly packumentCache full:https://registry.npmjs.org/@rollup%2fplugin-babel cache-miss
748 http cache https://registry.npmjs.org/workbox-sw 151ms (cache hit)
749 silly packumentCache full:https://registry.npmjs.org/workbox-sw set size:252158 disposed:false
750 silly fetch manifest rollup-plugin-terser@^7.0.0
751 silly packumentCache full:https://registry.npmjs.org/rollup-plugin-terser cache-miss
752 http cache https://registry.npmjs.org/strip-comments 153ms (cache hit)
753 silly packumentCache full:https://registry.npmjs.org/strip-comments set size:50316 disposed:false
754 silly fetch manifest @rollup/plugin-replace@^2.4.1
755 silly packumentCache full:https://registry.npmjs.org/@rollup%2fplugin-replace cache-miss
756 http cache https://registry.npmjs.org/common-tags 163ms (cache hit)
757 silly packumentCache full:https://registry.npmjs.org/common-tags set size:170537 disposed:false
758 silly fetch manifest workbox-range-requests@6.6.0
759 silly packumentCache full:https://registry.npmjs.org/workbox-range-requests cache-miss
760 http cache https://registry.npmjs.org/workbox-streams 168ms (cache hit)
761 silly packumentCache full:https://registry.npmjs.org/workbox-streams set size:202432 disposed:false
762 silly fetch manifest workbox-background-sync@6.6.0
763 silly packumentCache full:https://registry.npmjs.org/workbox-background-sync cache-miss
764 http cache https://registry.npmjs.org/workbox-recipes 181ms (cache hit)
765 silly packumentCache full:https://registry.npmjs.org/workbox-recipes set size:86360 disposed:false
766 silly fetch manifest workbox-broadcast-update@6.6.0
767 silly packumentCache full:https://registry.npmjs.org/workbox-broadcast-update cache-miss
768 http cache https://registry.npmjs.org/source-list-map 210ms (cache hit)
769 silly packumentCache full:https://registry.npmjs.org/source-list-map set size:26925 disposed:false
770 silly fetch manifest workbox-google-analytics@6.6.0
771 silly packumentCache full:https://registry.npmjs.org/workbox-google-analytics cache-miss
772 http cache https://registry.npmjs.org/workbox-strategies 166ms (cache hit)
773 silly packumentCache full:https://registry.npmjs.org/workbox-strategies set size:224803 disposed:false
774 silly fetch manifest @apideck/better-ajv-errors@^0.3.1
775 silly packumentCache full:https://registry.npmjs.org/@apideck%2fbetter-ajv-errors cache-miss
776 http cache https://registry.npmjs.org/source-map 216ms (cache hit)
777 silly packumentCache full:https://registry.npmjs.org/source-map set size:231637 disposed:false
778 silly fetch manifest workbox-cacheable-response@6.6.0
779 silly packumentCache full:https://registry.npmjs.org/workbox-cacheable-response cache-miss
780 http cache https://registry.npmjs.org/@babel%2fpreset-env 219ms (cache hit)
781 silly packumentCache full:https://registry.npmjs.org/@babel%2fpreset-env set size:1208399 disposed:false
782 silly fetch manifest workbox-navigation-preload@6.6.0
783 silly packumentCache full:https://registry.npmjs.org/workbox-navigation-preload cache-miss
784 http cache https://registry.npmjs.org/rollup 305ms (cache hit)
785 silly packumentCache full:https://registry.npmjs.org/rollup set size:6315915 disposed:false
786 silly fetch manifest @rollup/plugin-node-resolve@^11.2.1
787 silly packumentCache full:https://registry.npmjs.org/@rollup%2fplugin-node-resolve cache-miss
788 http cache https://registry.npmjs.org/workbox-expiration 439ms (cache hit)
789 silly packumentCache full:https://registry.npmjs.org/workbox-expiration set size:164714 disposed:false
790 silly fetch manifest @surma/rollup-plugin-off-main-thread@^2.2.3
791 silly packumentCache full:https://registry.npmjs.org/@surma%2frollup-plugin-off-main-thread cache-miss
792 http cache https://registry.npmjs.org/stringify-object 450ms (cache hit)
793 silly packumentCache full:https://registry.npmjs.org/stringify-object set size:62925 disposed:false
794 http cache https://registry.npmjs.org/workbox-routing 458ms (cache hit)
795 silly packumentCache full:https://registry.npmjs.org/workbox-routing set size:245361 disposed:false
796 http cache https://registry.npmjs.org/workbox-precaching 442ms (cache hit)
797 silly packumentCache full:https://registry.npmjs.org/workbox-precaching set size:246005 disposed:false
798 http cache https://registry.npmjs.org/@rollup%2fplugin-babel 366ms (cache hit)
799 silly packumentCache full:https://registry.npmjs.org/@rollup%2fplugin-babel set size:95668 disposed:false
800 http cache https://registry.npmjs.org/workbox-background-sync 329ms (cache hit)
801 silly packumentCache full:https://registry.npmjs.org/workbox-background-sync set size:259699 disposed:false
802 http cache https://registry.npmjs.org/workbox-range-requests 347ms (cache hit)
803 silly packumentCache full:https://registry.npmjs.org/workbox-range-requests set size:241542 disposed:false
804 http cache https://registry.npmjs.org/rollup-plugin-terser 376ms (cache hit)
805 silly packumentCache full:https://registry.npmjs.org/rollup-plugin-terser set size:93631 disposed:false
806 http cache https://registry.npmjs.org/@rollup%2fplugin-replace 374ms (cache hit)
807 silly packumentCache full:https://registry.npmjs.org/@rollup%2fplugin-replace set size:99018 disposed:false
808 http cache https://registry.npmjs.org/@apideck%2fbetter-ajv-errors 334ms (cache hit)
809 silly packumentCache full:https://registry.npmjs.org/@apideck%2fbetter-ajv-errors set size:74350 disposed:false
810 http cache https://registry.npmjs.org/workbox-broadcast-update 353ms (cache hit)
811 silly packumentCache full:https://registry.npmjs.org/workbox-broadcast-update set size:168400 disposed:false
812 http cache https://registry.npmjs.org/workbox-google-analytics 351ms (cache hit)
813 silly packumentCache full:https://registry.npmjs.org/workbox-google-analytics set size:278816 disposed:false
814 http cache https://registry.npmjs.org/workbox-cacheable-response 325ms (cache hit)
815 silly packumentCache full:https://registry.npmjs.org/workbox-cacheable-response set size:255175 disposed:false
816 http cache https://registry.npmjs.org/@surma%2frollup-plugin-off-main-thread 96ms (cache hit)
817 silly packumentCache full:https://registry.npmjs.org/@surma%2frollup-plugin-off-main-thread set size:38427 disposed:false
818 http cache https://registry.npmjs.org/@rollup%2fplugin-node-resolve 105ms (cache hit)
819 silly packumentCache full:https://registry.npmjs.org/@rollup%2fplugin-node-resolve set size:210808 disposed:false
820 http cache https://registry.npmjs.org/workbox-navigation-preload 292ms (cache hit)
821 silly packumentCache full:https://registry.npmjs.org/workbox-navigation-preload set size:197425 disposed:false
822 silly fetch manifest @babel/core@^7.11.1
823 silly packumentCache full:https://registry.npmjs.org/@babel%2fcore cache-hit
824 silly fetch manifest @types/babel__core@^7.1.9
825 silly packumentCache full:https://registry.npmjs.org/@types%2fbabel__core cache-miss
826 http fetch GET 200 https://registry.npmjs.org/@types%2fbabel__core 393ms (cache miss)
827 silly packumentCache full:https://registry.npmjs.org/@types%2fbabel__core set size:undefined disposed:false
828 silly fetch manifest ajv@^8.6.0
829 silly packumentCache full:https://registry.npmjs.org/ajv cache-miss
830 http cache https://registry.npmjs.org/ajv 12ms (cache hit)
831 silly packumentCache full:https://registry.npmjs.org/ajv set size:1142658 disposed:false
832 silly placeDep ROOT @apideck/better-ajv-errors@0.3.7 OK for: workbox-build@6.6.0 want: ^0.3.1
833 silly placeDep ROOT @babel/preset-env@7.29.7 OK for: workbox-build@6.6.0 want: ^7.11.0
834 silly placeDep ROOT @rollup/plugin-babel@5.3.1 OK for: workbox-build@6.6.0 want: ^5.2.0
835 silly placeDep ROOT rollup@2.80.0 OK for: @rollup/plugin-babel@5.3.1 want: ^1.20.0||^2.0.0
836 silly placeDep ROOT @rollup/plugin-node-resolve@11.2.1 OK for: workbox-build@6.6.0 want: ^11.2.1
837 silly placeDep ROOT @rollup/plugin-replace@2.4.2 OK for: workbox-build@6.6.0 want: ^2.4.1
838 silly placeDep ROOT @surma/rollup-plugin-off-main-thread@2.2.3 OK for: workbox-build@6.6.0 want: ^2.2.3
839 silly placeDep ROOT common-tags@1.8.2 OK for: workbox-build@6.6.0 want: ^1.8.0
840 silly placeDep node_modules/workbox-build glob@7.2.3 OK for: workbox-build@6.6.0 want: ^7.1.6
841 silly placeDep ROOT rollup-plugin-terser@7.0.2 OK for: workbox-build@6.6.0 want: ^7.0.0
842 silly placeDep node_modules/workbox-build source-map@0.8.0 OK for: workbox-build@6.6.0 want: ^0.8.0-beta.0
843 silly placeDep ROOT stringify-object@3.3.0 OK for: workbox-build@6.6.0 want: ^3.3.0
844 silly placeDep ROOT strip-comments@2.0.1 OK for: workbox-build@6.6.0 want: ^2.0.1
845 silly placeDep ROOT tempy@0.6.0 OK for: workbox-build@6.6.0 want: ^0.6.0
846 silly placeDep ROOT workbox-background-sync@6.6.0 OK for: workbox-build@6.6.0 want: 6.6.0
847 silly placeDep ROOT workbox-broadcast-update@6.6.0 OK for: workbox-build@6.6.0 want: 6.6.0
848 silly placeDep ROOT workbox-cacheable-response@6.6.0 OK for: workbox-build@6.6.0 want: 6.6.0
849 silly placeDep ROOT workbox-core@6.6.0 OK for: workbox-build@6.6.0 want: 6.6.0
850 silly placeDep ROOT workbox-expiration@6.6.0 OK for: workbox-build@6.6.0 want: 6.6.0
851 silly placeDep ROOT workbox-google-analytics@6.6.0 OK for: workbox-build@6.6.0 want: 6.6.0
852 silly placeDep ROOT workbox-navigation-preload@6.6.0 OK for: workbox-build@6.6.0 want: 6.6.0
853 silly placeDep ROOT workbox-precaching@6.6.0 OK for: workbox-build@6.6.0 want: 6.6.0
854 silly placeDep ROOT workbox-range-requests@6.6.0 OK for: workbox-build@6.6.0 want: 6.6.0
855 silly placeDep ROOT workbox-recipes@6.6.0 OK for: workbox-build@6.6.0 want: 6.6.0
856 silly placeDep ROOT workbox-routing@6.6.0 OK for: workbox-build@6.6.0 want: 6.6.0
857 silly placeDep ROOT workbox-strategies@6.6.0 OK for: workbox-build@6.6.0 want: 6.6.0
858 silly placeDep ROOT workbox-streams@6.6.0 OK for: workbox-build@6.6.0 want: 6.6.0
859 silly placeDep ROOT workbox-sw@6.6.0 OK for: workbox-build@6.6.0 want: 6.6.0
860 silly fetch manifest leven@^3.1.0
861 silly packumentCache full:https://registry.npmjs.org/leven cache-miss
862 silly fetch manifest jsonpointer@^5.0.1
863 silly packumentCache full:https://registry.npmjs.org/jsonpointer cache-miss
864 silly fetch manifest core-js-compat@^3.48.0
865 silly packumentCache full:https://registry.npmjs.org/core-js-compat cache-miss
866 silly fetch manifest @babel/preset-modules@0.1.6-no-external-plugins
867 silly packumentCache full:https://registry.npmjs.org/@babel%2fpreset-modules cache-miss
868 silly fetch manifest @babel/helper-plugin-utils@^7.29.7
869 silly packumentCache full:https://registry.npmjs.org/@babel%2fhelper-plugin-utils cache-miss
870 silly fetch manifest babel-plugin-polyfill-corejs2@^0.4.15
871 silly packumentCache full:https://registry.npmjs.org/babel-plugin-polyfill-corejs2 cache-miss
872 silly fetch manifest babel-plugin-polyfill-corejs3@^0.14.0
873 silly packumentCache full:https://registry.npmjs.org/babel-plugin-polyfill-corejs3 cache-miss
874 silly fetch manifest @babel/plugin-transform-for-of@^7.29.7
875 silly packumentCache full:https://registry.npmjs.org/@babel%2fplugin-transform-for-of cache-miss
876 silly fetch manifest @babel/plugin-transform-spread@^7.29.7
877 silly packumentCache full:https://registry.npmjs.org/@babel%2fplugin-transform-spread cache-miss
878 silly fetch manifest @babel/plugin-transform-classes@^7.29.7
879 silly packumentCache full:https://registry.npmjs.org/@babel%2fplugin-transform-classes cache-miss
880 silly fetch manifest @babel/plugin-transform-literals@^7.29.7
881 silly packumentCache full:https://registry.npmjs.org/@babel%2fplugin-transform-literals cache-miss
882 silly fetch manifest babel-plugin-polyfill-regenerator@^0.6.6
883 silly packumentCache full:https://registry.npmjs.org/babel-plugin-polyfill-regenerator cache-miss
884 silly fetch manifest @babel/plugin-transform-new-target@^7.29.7
885 silly packumentCache full:https://registry.npmjs.org/@babel%2fplugin-transform-new-target cache-miss
886 silly fetch manifest @babel/plugin-transform-parameters@^7.29.7
887 silly packumentCache full:https://registry.npmjs.org/@babel%2fplugin-transform-parameters cache-miss
888 silly fetch manifest @babel/plugin-transform-modules-amd@^7.29.7
889 silly packumentCache full:https://registry.npmjs.org/@babel%2fplugin-transform-modules-amd cache-miss
890 http cache https://registry.npmjs.org/@babel%2fpreset-modules 70ms (cache hit)
891 silly packumentCache full:https://registry.npmjs.org/@babel%2fpreset-modules set size:48319 disposed:false
892 silly fetch manifest @babel/plugin-transform-modules-umd@^7.29.7
893 silly packumentCache full:https://registry.npmjs.org/@babel%2fplugin-transform-modules-umd cache-miss
894 http cache https://registry.npmjs.org/jsonpointer 78ms (cache hit)
895 silly packumentCache full:https://registry.npmjs.org/jsonpointer set size:22257 disposed:false
896 silly fetch manifest @babel/plugin-transform-regenerator@^7.29.7
897 silly packumentCache full:https://registry.npmjs.org/@babel%2fplugin-transform-regenerator cache-miss
898 http cache https://registry.npmjs.org/babel-plugin-polyfill-corejs2 76ms (cache hit)
899 silly packumentCache full:https://registry.npmjs.org/babel-plugin-polyfill-corejs2 set size:116417 disposed:false
900 silly fetch manifest @babel/plugin-transform-dotall-regex@^7.29.7
901 silly packumentCache full:https://registry.npmjs.org/@babel%2fplugin-transform-dotall-regex cache-miss
902 http cache https://registry.npmjs.org/babel-plugin-polyfill-corejs3 80ms (cache hit)
903 silly packumentCache full:https://registry.npmjs.org/babel-plugin-polyfill-corejs3 set size:154739 disposed:false
904 silly fetch manifest @babel/plugin-transform-json-strings@^7.29.7
905 silly packumentCache full:https://registry.npmjs.org/@babel%2fplugin-transform-json-strings cache-miss
906 http cache https://registry.npmjs.org/@babel%2fhelper-plugin-utils 90ms (cache hit)
907 silly packumentCache full:https://registry.npmjs.org/@babel%2fhelper-plugin-utils set size:175564 disposed:false
908 silly fetch manifest @babel/plugin-transform-object-super@^7.29.7
909 silly packumentCache full:https://registry.npmjs.org/@babel%2fplugin-transform-object-super cache-miss
910 http cache https://registry.npmjs.org/leven 103ms (cache hit)
911 silly packumentCache full:https://registry.npmjs.org/leven set size:23210 disposed:false
912 silly fetch manifest @babel/plugin-transform-sticky-regex@^7.29.7
913 silly packumentCache full:https://registry.npmjs.org/@babel%2fplugin-transform-sticky-regex cache-miss
914 http cache https://registry.npmjs.org/core-js-compat 104ms (cache hit)
915 silly packumentCache full:https://registry.npmjs.org/core-js-compat set size:347525 disposed:false
916 silly fetch manifest @babel/plugin-transform-block-scoping@^7.29.7
917 silly packumentCache full:https://registry.npmjs.org/@babel%2fplugin-transform-block-scoping cache-miss
918 http cache https://registry.npmjs.org/@babel%2fplugin-transform-for-of 105ms (cache hit)
919 silly packumentCache full:https://registry.npmjs.org/@babel%2fplugin-transform-for-of set size:245976 disposed:false
920 silly fetch manifest @babel/plugin-transform-destructuring@^7.29.7
921 silly packumentCache full:https://registry.npmjs.org/@babel%2fplugin-transform-destructuring cache-miss
922 http cache https://registry.npmjs.org/@babel%2fplugin-transform-classes 110ms (cache hit)
923 silly packumentCache full:https://registry.npmjs.org/@babel%2fplugin-transform-classes set size:340016 disposed:false
924 silly fetch manifest @babel/plugin-transform-function-name@^7.29.7
925 silly packumentCache full:https://registry.npmjs.org/@babel%2fplugin-transform-function-name cache-miss
926 http cache https://registry.npmjs.org/@babel%2fplugin-transform-spread 125ms (cache hit)
927 silly packumentCache full:https://registry.npmjs.org/@babel%2fplugin-transform-spread set size:235089 disposed:false
928 silly fetch manifest @babel/plugin-transform-typeof-symbol@^7.29.7
929 silly packumentCache full:https://registry.npmjs.org/@babel%2fplugin-transform-typeof-symbol cache-miss
930 http cache https://registry.npmjs.org/@babel%2fplugin-transform-literals 130ms (cache hit)
931 silly packumentCache full:https://registry.npmjs.org/@babel%2fplugin-transform-literals set size:208174 disposed:false
932 silly fetch manifest @babel/plugin-transform-unicode-regex@^7.29.7
933 silly packumentCache full:https://registry.npmjs.org/@babel%2fplugin-transform-unicode-regex cache-miss
934 http cache https://registry.npmjs.org/babel-plugin-polyfill-regenerator 135ms (cache hit)
935 silly packumentCache full:https://registry.npmjs.org/babel-plugin-polyfill-regenerator set size:101432 disposed:false
936 silly fetch manifest @babel/plugin-syntax-import-assertions@^7.29.7
937 silly packumentCache full:https://registry.npmjs.org/@babel%2fplugin-syntax-import-assertions cache-miss
938 http cache https://registry.npmjs.org/@babel%2fplugin-transform-new-target 139ms (cache hit)
939 silly packumentCache full:https://registry.npmjs.org/@babel%2fplugin-transform-new-target set size:223955 disposed:false
940 silly fetch manifest @babel/plugin-syntax-import-attributes@^7.29.7
941 silly packumentCache full:https://registry.npmjs.org/@babel%2fplugin-syntax-import-attributes cache-miss
942 http cache https://registry.npmjs.org/@babel%2fplugin-transform-parameters 144ms (cache hit)
943 silly packumentCache full:https://registry.npmjs.org/@babel%2fplugin-transform-parameters set size:282283 disposed:false
944 silly fetch manifest @babel/plugin-transform-duplicate-keys@^7.29.7
945 silly packumentCache full:https://registry.npmjs.org/@babel%2fplugin-transform-duplicate-keys cache-miss
946 http cache https://registry.npmjs.org/@babel%2fplugin-transform-modules-amd 149ms (cache hit)
947 silly packumentCache full:https://registry.npmjs.org/@babel%2fplugin-transform-modules-amd set size:251887 disposed:false
948 silly fetch manifest @babel/plugin-transform-dynamic-import@^7.29.7
949 silly packumentCache full:https://registry.npmjs.org/@babel%2fplugin-transform-dynamic-import cache-miss
950 http cache https://registry.npmjs.org/@babel%2fplugin-transform-modules-umd 152ms (cache hit)
951 silly packumentCache full:https://registry.npmjs.org/@babel%2fplugin-transform-modules-umd set size:229204 disposed:false
952 silly fetch manifest @babel/plugin-transform-reserved-words@^7.29.7
953 silly packumentCache full:https://registry.npmjs.org/@babel%2fplugin-transform-reserved-words cache-miss
954 http cache https://registry.npmjs.org/@babel%2fplugin-transform-dotall-regex 152ms (cache hit)
955 silly packumentCache full:https://registry.npmjs.org/@babel%2fplugin-transform-dotall-regex set size:227251 disposed:false
956 silly fetch manifest @babel/plugin-syntax-unicode-sets-regex@^7.18.6
957 silly packumentCache full:https://registry.npmjs.org/@babel%2fplugin-syntax-unicode-sets-regex cache-miss
958 http cache https://registry.npmjs.org/@babel%2fplugin-transform-sticky-regex 144ms (cache hit)
959 silly packumentCache full:https://registry.npmjs.org/@babel%2fplugin-transform-sticky-regex set size:207729 disposed:false
960 silly fetch manifest @babel/plugin-transform-arrow-functions@^7.29.7
961 silly packumentCache full:https://registry.npmjs.org/@babel%2fplugin-transform-arrow-functions cache-miss
962 http cache https://registry.npmjs.org/@babel%2fplugin-transform-destructuring 136ms (cache hit)
963 silly packumentCache full:https://registry.npmjs.org/@babel%2fplugin-transform-destructuring set size:301661 disposed:false
964 silly fetch manifest @babel/plugin-transform-private-methods@^7.29.7
965 silly packumentCache full:https://registry.npmjs.org/@babel%2fplugin-transform-private-methods cache-miss
966 http cache https://registry.npmjs.org/@babel%2fplugin-transform-regenerator 184ms (cache hit)
967 silly packumentCache full:https://registry.npmjs.org/@babel%2fplugin-transform-regenerator set size:285870 disposed:false
968 silly fetch manifest @babel/plugin-transform-unicode-escapes@^7.29.7
969 silly packumentCache full:https://registry.npmjs.org/@babel%2fplugin-transform-unicode-escapes cache-miss
970 http cache https://registry.npmjs.org/@babel%2fplugin-transform-block-scoping 162ms (cache hit)
971 silly packumentCache full:https://registry.npmjs.org/@babel%2fplugin-transform-block-scoping set size:325996 disposed:false
972 silly fetch manifest @babel/plugin-transform-class-properties@^7.29.7
973 silly packumentCache full:https://registry.npmjs.org/@babel%2fplugin-transform-class-properties cache-miss
974 http cache https://registry.npmjs.org/@babel%2fplugin-transform-object-super 183ms (cache hit)
975 silly packumentCache full:https://registry.npmjs.org/@babel%2fplugin-transform-object-super set size:212051 disposed:false
976 silly fetch manifest @babel/plugin-transform-modules-commonjs@^7.29.7
977 silly packumentCache full:https://registry.npmjs.org/@babel%2fplugin-transform-modules-commonjs cache-miss
978 http cache https://registry.npmjs.org/@babel%2fplugin-transform-json-strings 204ms (cache hit)
979 silly packumentCache full:https://registry.npmjs.org/@babel%2fplugin-transform-json-strings set size:93749 disposed:false
980 silly fetch manifest @babel/plugin-transform-modules-systemjs@^7.29.7
981 silly packumentCache full:https://registry.npmjs.org/@babel%2fplugin-transform-modules-systemjs cache-miss
982 http cache https://registry.npmjs.org/@babel%2fplugin-transform-typeof-symbol 164ms (cache hit)
983 silly packumentCache full:https://registry.npmjs.org/@babel%2fplugin-transform-typeof-symbol set size:236474 disposed:false
984 silly fetch manifest @babel/plugin-transform-regexp-modifiers@^7.29.7
985 silly packumentCache full:https://registry.npmjs.org/@babel%2fplugin-transform-regexp-modifiers cache-miss
986 http cache https://registry.npmjs.org/@babel%2fplugin-syntax-import-assertions 160ms (cache hit)
987 silly packumentCache full:https://registry.npmjs.org/@babel%2fplugin-syntax-import-assertions set size:105198 disposed:false
988 silly fetch manifest @babel/plugin-transform-numeric-separator@^7.29.7
989 silly packumentCache full:https://registry.npmjs.org/@babel%2fplugin-transform-numeric-separator cache-miss
990 http cache https://registry.npmjs.org/@babel%2fplugin-transform-function-name 185ms (cache hit)
991 silly packumentCache full:https://registry.npmjs.org/@babel%2fplugin-transform-function-name set size:230266 disposed:false
992 silly fetch manifest @babel/plugin-transform-optional-chaining@^7.29.7
993 silly packumentCache full:https://registry.npmjs.org/@babel%2fplugin-transform-optional-chaining cache-miss
994 http cache https://registry.npmjs.org/@babel%2fplugin-transform-unicode-regex 180ms (cache hit)
995 silly packumentCache full:https://registry.npmjs.org/@babel%2fplugin-transform-unicode-regex set size:220918 disposed:false
996 silly fetch manifest @babel/plugin-transform-property-literals@^7.29.7
997 silly packumentCache full:https://registry.npmjs.org/@babel%2fplugin-transform-property-literals cache-miss
998 http cache https://registry.npmjs.org/@babel%2fplugin-transform-duplicate-keys 167ms (cache hit)
999 silly packumentCache full:https://registry.npmjs.org/@babel%2fplugin-transform-duplicate-keys set size:212905 disposed:false
1000 silly fetch manifest @babel/plugin-transform-template-literals@^7.29.7
1001 silly packumentCache full:https://registry.npmjs.org/@babel%2fplugin-transform-template-literals cache-miss
1002 http cache https://registry.npmjs.org/@babel%2fplugin-syntax-import-attributes 183ms (cache hit)
1003 silly packumentCache full:https://registry.npmjs.org/@babel%2fplugin-syntax-import-attributes set size:73361 disposed:false
1004 silly fetch manifest @babel/plugin-transform-async-to-generator@^7.29.7
1005 silly packumentCache full:https://registry.npmjs.org/@babel%2fplugin-transform-async-to-generator cache-miss
1006 http cache https://registry.npmjs.org/@babel%2fplugin-transform-dynamic-import 174ms (cache hit)
1007 silly packumentCache full:https://registry.npmjs.org/@babel%2fplugin-transform-dynamic-import set size:86720 disposed:false
1008 silly fetch manifest @babel/plugin-transform-class-static-block@^7.29.7
1009 silly packumentCache full:https://registry.npmjs.org/@babel%2fplugin-transform-class-static-block cache-miss
1010 http cache https://registry.npmjs.org/@babel%2fplugin-transform-private-methods 147ms (cache hit)
1011 silly packumentCache full:https://registry.npmjs.org/@babel%2fplugin-transform-private-methods set size:91777 disposed:false
1012 silly fetch manifest @babel/plugin-transform-object-rest-spread@^7.29.7
1013 silly packumentCache full:https://registry.npmjs.org/@babel%2fplugin-transform-object-rest-spread cache-miss
1014 http cache https://registry.npmjs.org/@babel%2fplugin-syntax-unicode-sets-regex 167ms (cache hit)
1015 silly packumentCache full:https://registry.npmjs.org/@babel%2fplugin-syntax-unicode-sets-regex set size:22903 disposed:false
1016 silly fetch manifest @babel/plugin-transform-unicode-sets-regex@^7.29.7
1017 silly packumentCache full:https://registry.npmjs.org/@babel%2fplugin-transform-unicode-sets-regex cache-miss
1018 http cache https://registry.npmjs.org/@babel%2fplugin-transform-unicode-escapes 146ms (cache hit)
1019 silly packumentCache full:https://registry.npmjs.org/@babel%2fplugin-transform-unicode-escapes set size:130171 disposed:false
1020 silly fetch manifest @babel/plugin-transform-computed-properties@^7.29.7
1021 silly packumentCache full:https://registry.npmjs.org/@babel%2fplugin-transform-computed-properties cache-miss
1022 http cache https://registry.npmjs.org/@babel%2fplugin-transform-reserved-words 188ms (cache hit)
1023 silly packumentCache full:https://registry.npmjs.org/@babel%2fplugin-transform-reserved-words set size:205700 disposed:false
1024 silly fetch manifest @babel/plugin-transform-shorthand-properties@^7.29.7
1025 silly packumentCache full:https://registry.npmjs.org/@babel%2fplugin-transform-shorthand-properties cache-miss
1026 http cache https://registry.npmjs.org/@babel%2fplugin-transform-modules-commonjs 140ms (cache hit)
1027 silly packumentCache full:https://registry.npmjs.org/@babel%2fplugin-transform-modules-commonjs set size:313445 disposed:false
1028 silly fetch manifest @babel/plugin-transform-export-namespace-from@^7.29.7
1029 silly packumentCache full:https://registry.npmjs.org/@babel%2fplugin-transform-export-namespace-from cache-miss
1030 http cache https://registry.npmjs.org/@babel%2fplugin-transform-class-properties 163ms (cache hit)
1031 silly packumentCache full:https://registry.npmjs.org/@babel%2fplugin-transform-class-properties set size:95240 disposed:false
1032 silly fetch manifest @babel/plugin-transform-block-scoped-functions@^7.29.7
1033 silly packumentCache full:https://registry.npmjs.org/@babel%2fplugin-transform-block-scoped-functions cache-miss
1034 http cache https://registry.npmjs.org/@babel%2fplugin-transform-modules-systemjs 155ms (cache hit)
1035 silly packumentCache full:https://registry.npmjs.org/@babel%2fplugin-transform-modules-systemjs set size:313373 disposed:false
1036 silly fetch manifest @babel/plugin-transform-optional-catch-binding@^7.29.7
1037 silly packumentCache full:https://registry.npmjs.org/@babel%2fplugin-transform-optional-catch-binding cache-miss
1038 http cache https://registry.npmjs.org/@babel%2fplugin-transform-numeric-separator 149ms (cache hit)
1039 silly packumentCache full:https://registry.npmjs.org/@babel%2fplugin-transform-numeric-separator set size:98143 disposed:false
1040 silly fetch manifest @babel/plugin-transform-unicode-property-regex@^7.29.7
1041 silly packumentCache full:https://registry.npmjs.org/@babel%2fplugin-transform-unicode-property-regex cache-miss
1042 http cache https://registry.npmjs.org/@babel%2fplugin-transform-arrow-functions 219ms (cache hit)
1043 silly packumentCache full:https://registry.npmjs.org/@babel%2fplugin-transform-arrow-functions set size:219087 disposed:false
1044 silly fetch manifest @babel/plugin-transform-exponentiation-operator@^7.29.7
1045 silly packumentCache full:https://registry.npmjs.org/@babel%2fplugin-transform-exponentiation-operator cache-miss
1046 http cache https://registry.npmjs.org/@babel%2fplugin-transform-regexp-modifiers 174ms (cache hit)
1047 silly packumentCache full:https://registry.npmjs.org/@babel%2fplugin-transform-regexp-modifiers set size:49555 disposed:false
1048 silly fetch manifest @babel/plugin-proposal-private-property-in-object@7.21.0-placeholder-for-preset-env.2
1049 silly packumentCache full:https://registry.npmjs.org/@babel%2fplugin-proposal-private-property-in-object cache-miss
1050 http cache https://registry.npmjs.org/@babel%2fplugin-transform-optional-chaining 167ms (cache hit)
1051 silly packumentCache full:https://registry.npmjs.org/@babel%2fplugin-transform-optional-chaining set size:118753 disposed:false
1052 silly fetch manifest @babel/plugin-transform-async-generator-functions@^7.29.7
1053 silly packumentCache full:https://registry.npmjs.org/@babel%2fplugin-transform-async-generator-functions cache-miss
1054 http cache https://registry.npmjs.org/@babel%2fplugin-transform-property-literals 165ms (cache hit)
1055 silly packumentCache full:https://registry.npmjs.org/@babel%2fplugin-transform-property-literals set size:206816 disposed:false
1056 silly fetch manifest @babel/plugin-transform-member-expression-literals@^7.29.7
1057 silly packumentCache full:https://registry.npmjs.org/@babel%2fplugin-transform-member-expression-literals cache-miss
1058 http cache https://registry.npmjs.org/@babel%2fplugin-transform-template-literals 165ms (cache hit)
1059 silly packumentCache full:https://registry.npmjs.org/@babel%2fplugin-transform-template-literals set size:229628 disposed:false
1060 silly fetch manifest @babel/plugin-transform-private-property-in-object@^7.29.7
1061 silly packumentCache full:https://registry.npmjs.org/@babel%2fplugin-transform-private-property-in-object cache-miss
1062 http cache https://registry.npmjs.org/@babel%2fplugin-transform-async-to-generator 167ms (cache hit)
1063 silly packumentCache full:https://registry.npmjs.org/@babel%2fplugin-transform-async-to-generator set size:248954 disposed:false
1064 silly fetch manifest @babel/plugin-transform-nullish-coalescing-operator@^7.29.7
1065 silly packumentCache full:https://registry.npmjs.org/@babel%2fplugin-transform-nullish-coalescing-operator cache-miss
1066 http cache https://registry.npmjs.org/@babel%2fplugin-transform-class-static-block 172ms (cache hit)
1067 silly packumentCache full:https://registry.npmjs.org/@babel%2fplugin-transform-class-static-block set size:109709 disposed:false
1068 silly fetch manifest @babel/plugin-transform-explicit-resource-management@^7.29.7
1069 silly packumentCache full:https://registry.npmjs.org/@babel%2fplugin-transform-explicit-resource-management cache-miss
1070 http cache https://registry.npmjs.org/@babel%2fplugin-transform-object-rest-spread 169ms (cache hit)
1071 silly packumentCache full:https://registry.npmjs.org/@babel%2fplugin-transform-object-rest-spread set size:118192 disposed:false
1072 silly fetch manifest @babel/plugin-transform-logical-assignment-operators@^7.29.7
1073 silly packumentCache full:https://registry.npmjs.org/@babel%2fplugin-transform-logical-assignment-operators cache-miss
1074 http cache https://registry.npmjs.org/@babel%2fplugin-transform-shorthand-properties 156ms (cache hit)
1075 silly packumentCache full:https://registry.npmjs.org/@babel%2fplugin-transform-shorthand-properties set size:207024 disposed:false
1076 silly fetch manifest @babel/plugin-transform-named-capturing-groups-regex@^7.29.7
1077 silly packumentCache full:https://registry.npmjs.org/@babel%2fplugin-transform-named-capturing-groups-regex cache-miss
1078 http cache https://registry.npmjs.org/@babel%2fplugin-transform-unicode-sets-regex 177ms (cache hit)
1079 silly packumentCache full:https://registry.npmjs.org/@babel%2fplugin-transform-unicode-sets-regex set size:100754 disposed:false
1080 silly fetch manifest @babel/plugin-bugfix-firefox-class-in-computed-class-key@^7.29.7
1081 silly packumentCache full:https://registry.npmjs.org/@babel%2fplugin-bugfix-firefox-class-in-computed-class-key cache-miss
1082 http cache https://registry.npmjs.org/@babel%2fplugin-transform-export-namespace-from 155ms (cache hit)
1083 silly packumentCache full:https://registry.npmjs.org/@babel%2fplugin-transform-export-namespace-from set size:93020 disposed:false
1084 silly fetch manifest @babel/plugin-bugfix-safari-rest-destructuring-rhs-array@^7.29.7
1085 silly packumentCache full:https://registry.npmjs.org/@babel%2fplugin-bugfix-safari-rest-destructuring-rhs-array cache-miss
1086 http cache https://registry.npmjs.org/@babel%2fplugin-transform-computed-properties 182ms (cache hit)
1087 silly packumentCache full:https://registry.npmjs.org/@babel%2fplugin-transform-computed-properties set size:226557 disposed:false
1088 silly fetch manifest @babel/plugin-bugfix-safari-class-field-initializer-scope@^7.29.7
1089 silly packumentCache full:https://registry.npmjs.org/@babel%2fplugin-bugfix-safari-class-field-initializer-scope cache-miss
1090 http cache https://registry.npmjs.org/@babel%2fplugin-transform-block-scoped-functions 170ms (cache hit)
1091 silly packumentCache full:https://registry.npmjs.org/@babel%2fplugin-transform-block-scoped-functions set size:213583 disposed:false
1092 silly fetch manifest @babel/plugin-bugfix-v8-static-class-fields-redefine-readonly@^7.29.7
1093 silly packumentCache full:https://registry.npmjs.org/@babel%2fplugin-bugfix-v8-static-class-fields-redefine-readonly cache-miss
1094 http cache https://registry.npmjs.org/@babel%2fplugin-transform-unicode-property-regex 157ms (cache hit)
1095 silly packumentCache full:https://registry.npmjs.org/@babel%2fplugin-transform-unicode-property-regex set size:98421 disposed:false
1096 silly fetch manifest @babel/plugin-bugfix-v8-spread-parameters-in-optional-chaining@^7.29.7
1097 silly packumentCache full:https://registry.npmjs.org/@babel%2fplugin-bugfix-v8-spread-parameters-in-optional-chaining cache-miss
1098 http cache https://registry.npmjs.org/@babel%2fplugin-transform-optional-catch-binding 170ms (cache hit)
1099 silly packumentCache full:https://registry.npmjs.org/@babel%2fplugin-transform-optional-catch-binding set size:95205 disposed:false
1100 silly fetch manifest @babel/plugin-transform-duplicate-named-capturing-groups-regex@^7.29.7
1101 silly packumentCache full:https://registry.npmjs.org/@babel%2fplugin-transform-duplicate-named-capturing-groups-regex cache-miss
1102 http cache https://registry.npmjs.org/@babel%2fplugin-proposal-private-property-in-object 151ms (cache hit)
1103 silly packumentCache full:https://registry.npmjs.org/@babel%2fplugin-proposal-private-property-in-object set size:80252 disposed:false
1104 silly fetch manifest @babel/plugin-bugfix-safari-id-destructuring-collision-in-function-expression@^7.29.7
1105 silly packumentCache full:https://registry.npmjs.org/@babel%2fplugin-bugfix-safari-id-destructuring-collision-in-function-expression cache-miss
1106 http cache https://registry.npmjs.org/@babel%2fplugin-transform-exponentiation-operator 165ms (cache hit)
1107 silly packumentCache full:https://registry.npmjs.org/@babel%2fplugin-transform-exponentiation-operator set size:223562 disposed:false
1108 silly fetch manifest @rollup/pluginutils@^3.1.0
1109 silly packumentCache full:https://registry.npmjs.org/@rollup%2fpluginutils cache-miss
1110 http cache https://registry.npmjs.org/@babel%2fplugin-transform-async-generator-functions 156ms (cache hit)
1111 silly packumentCache full:https://registry.npmjs.org/@babel%2fplugin-transform-async-generator-functions set size:130193 disposed:false
1112 silly fetch manifest deepmerge@^4.2.2
1113 silly packumentCache full:https://registry.npmjs.org/deepmerge cache-miss
1114 http cache https://registry.npmjs.org/@babel%2fplugin-transform-member-expression-literals 154ms (cache hit)
1115 silly packumentCache full:https://registry.npmjs.org/@babel%2fplugin-transform-member-expression-literals set size:212029 disposed:false
1116 silly fetch manifest is-module@^1.0.0
1117 silly packumentCache full:https://registry.npmjs.org/is-module cache-miss
1118 http cache https://registry.npmjs.org/@babel%2fplugin-transform-private-property-in-object 153ms (cache hit)
1119 silly packumentCache full:https://registry.npmjs.org/@babel%2fplugin-transform-private-property-in-object set size:105192 disposed:false
1120 silly fetch manifest @types/resolve@1.17.1
1121 silly packumentCache full:https://registry.npmjs.org/@types%2fresolve cache-miss
1122 http cache https://registry.npmjs.org/@babel%2fplugin-transform-explicit-resource-management 147ms (cache hit)
1123 silly packumentCache full:https://registry.npmjs.org/@babel%2fplugin-transform-explicit-resource-management set size:37467 disposed:false
1124 silly fetch manifest builtin-modules@^3.1.0
1125 silly packumentCache full:https://registry.npmjs.org/builtin-modules cache-miss
1126 http cache https://registry.npmjs.org/@babel%2fplugin-transform-nullish-coalescing-operator 163ms (cache hit)
1127 silly packumentCache full:https://registry.npmjs.org/@babel%2fplugin-transform-nullish-coalescing-operator set size:100915 disposed:false
1128 silly fetch manifest @rollup/pluginutils@^3.1.0
1129 silly packumentCache full:https://registry.npmjs.org/@rollup%2fpluginutils cache-miss
1130 http cache https://registry.npmjs.org/@babel%2fplugin-transform-logical-assignment-operators 135ms (cache hit)
1131 silly packumentCache full:https://registry.npmjs.org/@babel%2fplugin-transform-logical-assignment-operators set size:104752 disposed:false
1132 silly fetch manifest magic-string@^0.25.7
1133 silly packumentCache full:https://registry.npmjs.org/magic-string cache-miss
1134 http cache https://registry.npmjs.org/@babel%2fplugin-bugfix-safari-class-field-initializer-scope 113ms (cache hit)
1135 silly packumentCache full:https://registry.npmjs.org/@babel%2fplugin-bugfix-safari-class-field-initializer-scope set size:55985 disposed:false
1136 silly fetch manifest @rollup/pluginutils@^3.1.0
1137 silly packumentCache full:https://registry.npmjs.org/@rollup%2fpluginutils cache-miss
1138 http cache https://registry.npmjs.org/@babel%2fplugin-bugfix-firefox-class-in-computed-class-key 134ms (cache hit)
1139 silly packumentCache full:https://registry.npmjs.org/@babel%2fplugin-bugfix-firefox-class-in-computed-class-key set size:79029 disposed:false
1140 silly fetch manifest ejs@^3.1.6
1141 silly packumentCache full:https://registry.npmjs.org/ejs cache-miss
1142 http cache https://registry.npmjs.org/@babel%2fplugin-transform-named-capturing-groups-regex 145ms (cache hit)
1143 silly packumentCache full:https://registry.npmjs.org/@babel%2fplugin-transform-named-capturing-groups-regex set size:197029 disposed:false
1144 silly fetch manifest magic-string@^0.25.0
1145 silly packumentCache full:https://registry.npmjs.org/magic-string cache-miss
1146 http cache https://registry.npmjs.org/@babel%2fplugin-bugfix-safari-rest-destructuring-rhs-array 140ms (cache hit)
1147 silly packumentCache full:https://registry.npmjs.org/@babel%2fplugin-bugfix-safari-rest-destructuring-rhs-array set size:22101 disposed:false
1148 silly fetch manifest string.prototype.matchall@^4.0.6
1149 silly packumentCache full:https://registry.npmjs.org/string.prototype.matchall cache-miss
1150 http cache https://registry.npmjs.org/@babel%2fplugin-bugfix-v8-spread-parameters-in-optional-chaining 115ms (cache hit)
1151 silly packumentCache full:https://registry.npmjs.org/@babel%2fplugin-bugfix-v8-spread-parameters-in-optional-chaining set size:149391 disposed:false
1152 silly fetch manifest minimatch@^3.1.1
1153 silly packumentCache full:https://registry.npmjs.org/minimatch cache-miss
1154 http cache https://registry.npmjs.org/@babel%2fplugin-bugfix-v8-static-class-fields-redefine-readonly 134ms (cache hit)
1155 silly packumentCache full:https://registry.npmjs.org/@babel%2fplugin-bugfix-v8-static-class-fields-redefine-readonly set size:88719 disposed:false
1156 silly fetch manifest jest-worker@^26.2.1
1157 silly packumentCache full:https://registry.npmjs.org/jest-worker cache-hit
1158 silly fetch manifest serialize-javascript@^4.0.0
1159 silly packumentCache full:https://registry.npmjs.org/serialize-javascript cache-miss
1160 http cache https://registry.npmjs.org/@babel%2fplugin-bugfix-safari-id-destructuring-collision-in-function-expression 129ms (cache hit)
1161 silly packumentCache full:https://registry.npmjs.org/@babel%2fplugin-bugfix-safari-id-destructuring-collision-in-function-expression set size:134410 disposed:false
1162 silly fetch manifest is-obj@^1.0.1
1163 silly packumentCache full:https://registry.npmjs.org/is-obj cache-miss
1164 http cache https://registry.npmjs.org/@babel%2fplugin-transform-duplicate-named-capturing-groups-regex 141ms (cache hit)
1165 silly packumentCache full:https://registry.npmjs.org/@babel%2fplugin-transform-duplicate-named-capturing-groups-regex set size:64692 disposed:false
1166 silly fetch manifest is-regexp@^1.0.0
1167 silly packumentCache full:https://registry.npmjs.org/is-regexp cache-miss
1168 http cache https://registry.npmjs.org/@rollup%2fpluginutils 135ms (cache hit)
1169 silly packumentCache full:https://registry.npmjs.org/@rollup%2fpluginutils set size:121958 disposed:false
1170 silly fetch manifest get-own-enumerable-property-symbols@^3.0.0
1171 silly packumentCache full:https://registry.npmjs.org/get-own-enumerable-property-symbols cache-miss
1172 http cache https://registry.npmjs.org/deepmerge 138ms (cache hit)
1173 silly packumentCache full:https://registry.npmjs.org/deepmerge set size:101897 disposed:false
1174 silly fetch manifest temp-dir@^2.0.0
1175 silly packumentCache full:https://registry.npmjs.org/temp-dir cache-miss
1176 http cache https://registry.npmjs.org/is-module 137ms (cache hit)
1177 silly packumentCache full:https://registry.npmjs.org/is-module set size:4216 disposed:false
1178 silly fetch manifest type-fest@^0.16.0
1179 silly packumentCache full:https://registry.npmjs.org/type-fest cache-miss
1180 http cache https://registry.npmjs.org/@types%2fresolve 136ms (cache hit)
1181 silly packumentCache full:https://registry.npmjs.org/@types%2fresolve set size:36189 disposed:false
1182 http cache https://registry.npmjs.org/builtin-modules 126ms (cache hit)
1183 silly packumentCache full:https://registry.npmjs.org/builtin-modules set size:29399 disposed:false
1184 http cache https://registry.npmjs.org/@rollup%2fpluginutils 135ms (cache hit)
1185 silly packumentCache full:https://registry.npmjs.org/@rollup%2fpluginutils set size:121958 disposed:false
1186 silly packumentCache full:https://registry.npmjs.org/@rollup%2fpluginutils dispose
1187 http cache https://registry.npmjs.org/magic-string 126ms (cache hit)
1188 silly packumentCache full:https://registry.npmjs.org/magic-string set size:352504 disposed:false
1189 http cache https://registry.npmjs.org/@rollup%2fpluginutils 130ms (cache hit)
1190 silly packumentCache full:https://registry.npmjs.org/@rollup%2fpluginutils set size:121958 disposed:true
1191 silly packumentCache full:https://registry.npmjs.org/@rollup%2fpluginutils dispose
1192 http cache https://registry.npmjs.org/minimatch 111ms (cache hit)
1193 silly packumentCache full:https://registry.npmjs.org/minimatch set size:377924 disposed:false
1194 http cache https://registry.npmjs.org/magic-string 132ms (cache hit)
1195 silly packumentCache full:https://registry.npmjs.org/magic-string set size:352504 disposed:false
1196 silly packumentCache full:https://registry.npmjs.org/magic-string dispose
1197 http cache https://registry.npmjs.org/ejs 146ms (cache hit)
1198 silly packumentCache full:https://registry.npmjs.org/ejs set size:152154 disposed:false
1199 http cache https://registry.npmjs.org/string.prototype.matchall 143ms (cache hit)
1200 silly packumentCache full:https://registry.npmjs.org/string.prototype.matchall set size:66531 disposed:false
1201 http cache https://registry.npmjs.org/serialize-javascript 126ms (cache hit)
1202 silly packumentCache full:https://registry.npmjs.org/serialize-javascript set size:88641 disposed:false
1203 http cache https://registry.npmjs.org/is-obj 122ms (cache hit)
1204 silly packumentCache full:https://registry.npmjs.org/is-obj set size:9560 disposed:false
1205 http cache https://registry.npmjs.org/is-regexp 123ms (cache hit)
1206 silly packumentCache full:https://registry.npmjs.org/is-regexp set size:12459 disposed:false
1207 http cache https://registry.npmjs.org/get-own-enumerable-property-symbols 115ms (cache hit)
1208 silly packumentCache full:https://registry.npmjs.org/get-own-enumerable-property-symbols set size:21404 disposed:false
1209 http cache https://registry.npmjs.org/temp-dir 109ms (cache hit)
1210 silly packumentCache full:https://registry.npmjs.org/temp-dir set size:8337 disposed:false
1211 http cache https://registry.npmjs.org/type-fest 107ms (cache hit)
1212 silly packumentCache full:https://registry.npmjs.org/type-fest set size:568986 disposed:false
1213 silly placeDep ROOT jsonpointer@5.0.1 OK for: @apideck/better-ajv-errors@0.3.7 want: ^5.0.1
1214 silly placeDep ROOT leven@3.1.0 OK for: @apideck/better-ajv-errors@0.3.7 want: ^3.1.0
1215 silly fetch manifest @babel/core@^7.0.0-0
1216 silly packumentCache full:https://registry.npmjs.org/@babel%2fcore cache-hit
1217 silly placeDep ROOT @babel/helper-plugin-utils@7.29.7 OK for: @babel/preset-env@7.29.7 want: ^7.29.7
1218 silly placeDep ROOT @babel/plugin-bugfix-firefox-class-in-computed-class-key@7.29.7 OK for: @babel/preset-env@7.29.7 want: ^7.29.7
1219 silly placeDep ROOT @babel/plugin-bugfix-safari-class-field-initializer-scope@7.29.7 OK for: @babel/preset-env@7.29.7 want: ^7.29.7
1220 silly placeDep ROOT @babel/plugin-bugfix-safari-id-destructuring-collision-in-function-expression@7.29.7 OK for: @babel/preset-env@7.29.7 want: ^7.29.7
1221 silly placeDep ROOT @babel/plugin-bugfix-safari-rest-destructuring-rhs-array@7.29.7 OK for: @babel/preset-env@7.29.7 want: ^7.29.7
1222 silly placeDep ROOT @babel/plugin-bugfix-v8-spread-parameters-in-optional-chaining@7.29.7 OK for: @babel/preset-env@7.29.7 want: ^7.29.7
1223 silly placeDep ROOT @babel/plugin-bugfix-v8-static-class-fields-redefine-readonly@7.29.7 OK for: @babel/preset-env@7.29.7 want: ^7.29.7
1224 silly placeDep ROOT @babel/plugin-proposal-private-property-in-object@7.21.0-placeholder-for-preset-env.2 OK for: @babel/preset-env@7.29.7 want: 7.21.0-placeholder-for-preset-env.2
1225 silly placeDep ROOT @babel/plugin-syntax-import-assertions@7.29.7 OK for: @babel/preset-env@7.29.7 want: ^7.29.7
1226 silly placeDep ROOT @babel/plugin-syntax-import-attributes@7.29.7 OK for: @babel/preset-env@7.29.7 want: ^7.29.7
1227 silly placeDep ROOT @babel/plugin-syntax-unicode-sets-regex@7.18.6 OK for: @babel/preset-env@7.29.7 want: ^7.18.6
1228 silly placeDep ROOT @babel/plugin-transform-arrow-functions@7.29.7 OK for: @babel/preset-env@7.29.7 want: ^7.29.7
1229 silly placeDep ROOT @babel/plugin-transform-async-generator-functions@7.29.7 OK for: @babel/preset-env@7.29.7 want: ^7.29.7
1230 silly placeDep ROOT @babel/plugin-transform-async-to-generator@7.29.7 OK for: @babel/preset-env@7.29.7 want: ^7.29.7
1231 silly placeDep ROOT @babel/plugin-transform-block-scoped-functions@7.29.7 OK for: @babel/preset-env@7.29.7 want: ^7.29.7
1232 silly placeDep ROOT @babel/plugin-transform-block-scoping@7.29.7 OK for: @babel/preset-env@7.29.7 want: ^7.29.7
1233 silly placeDep ROOT @babel/plugin-transform-class-properties@7.29.7 OK for: @babel/preset-env@7.29.7 want: ^7.29.7
1234 silly placeDep ROOT @babel/plugin-transform-class-static-block@7.29.7 OK for: @babel/preset-env@7.29.7 want: ^7.29.7
1235 silly placeDep ROOT @babel/plugin-transform-classes@7.29.7 OK for: @babel/preset-env@7.29.7 want: ^7.29.7
1236 silly placeDep ROOT @babel/plugin-transform-computed-properties@7.29.7 OK for: @babel/preset-env@7.29.7 want: ^7.29.7
1237 silly placeDep ROOT @babel/plugin-transform-destructuring@7.29.7 OK for: @babel/preset-env@7.29.7 want: ^7.29.7
1238 silly placeDep ROOT @babel/plugin-transform-dotall-regex@7.29.7 OK for: @babel/preset-env@7.29.7 want: ^7.29.7
1239 silly placeDep ROOT @babel/plugin-transform-duplicate-keys@7.29.7 OK for: @babel/preset-env@7.29.7 want: ^7.29.7
1240 silly placeDep ROOT @babel/plugin-transform-duplicate-named-capturing-groups-regex@7.29.7 OK for: @babel/preset-env@7.29.7 want: ^7.29.7
1241 silly placeDep ROOT @babel/plugin-transform-dynamic-import@7.29.7 OK for: @babel/preset-env@7.29.7 want: ^7.29.7
1242 silly placeDep ROOT @babel/plugin-transform-explicit-resource-management@7.29.7 OK for: @babel/preset-env@7.29.7 want: ^7.29.7
1243 silly placeDep ROOT @babel/plugin-transform-exponentiation-operator@7.29.7 OK for: @babel/preset-env@7.29.7 want: ^7.29.7
1244 silly placeDep ROOT @babel/plugin-transform-export-namespace-from@7.29.7 OK for: @babel/preset-env@7.29.7 want: ^7.29.7
1245 silly placeDep ROOT @babel/plugin-transform-for-of@7.29.7 OK for: @babel/preset-env@7.29.7 want: ^7.29.7
1246 silly placeDep ROOT @babel/plugin-transform-function-name@7.29.7 OK for: @babel/preset-env@7.29.7 want: ^7.29.7
1247 silly placeDep ROOT @babel/plugin-transform-json-strings@7.29.7 OK for: @babel/preset-env@7.29.7 want: ^7.29.7
1248 silly placeDep ROOT @babel/plugin-transform-literals@7.29.7 OK for: @babel/preset-env@7.29.7 want: ^7.29.7
1249 silly placeDep ROOT @babel/plugin-transform-logical-assignment-operators@7.29.7 OK for: @babel/preset-env@7.29.7 want: ^7.29.7
1250 silly placeDep ROOT @babel/plugin-transform-member-expression-literals@7.29.7 OK for: @babel/preset-env@7.29.7 want: ^7.29.7
1251 silly placeDep ROOT @babel/plugin-transform-modules-amd@7.29.7 OK for: @babel/preset-env@7.29.7 want: ^7.29.7
1252 silly placeDep ROOT @babel/plugin-transform-modules-commonjs@7.29.7 OK for: @babel/preset-env@7.29.7 want: ^7.29.7
1253 silly placeDep ROOT @babel/plugin-transform-modules-systemjs@7.29.8 OK for: @babel/preset-env@7.29.7 want: ^7.29.7
1254 silly placeDep ROOT @babel/plugin-transform-modules-umd@7.29.7 OK for: @babel/preset-env@7.29.7 want: ^7.29.7
1255 silly placeDep ROOT @babel/plugin-transform-named-capturing-groups-regex@7.29.7 OK for: @babel/preset-env@7.29.7 want: ^7.29.7
1256 silly placeDep ROOT @babel/plugin-transform-new-target@7.29.7 OK for: @babel/preset-env@7.29.7 want: ^7.29.7
1257 silly placeDep ROOT @babel/plugin-transform-nullish-coalescing-operator@7.29.7 OK for: @babel/preset-env@7.29.7 want: ^7.29.7
1258 silly placeDep ROOT @babel/plugin-transform-numeric-separator@7.29.7 OK for: @babel/preset-env@7.29.7 want: ^7.29.7
1259 silly placeDep ROOT @babel/plugin-transform-object-rest-spread@7.29.7 OK for: @babel/preset-env@7.29.7 want: ^7.29.7
1260 silly placeDep ROOT @babel/plugin-transform-object-super@7.29.7 OK for: @babel/preset-env@7.29.7 want: ^7.29.7
1261 silly placeDep ROOT @babel/plugin-transform-optional-catch-binding@7.29.7 OK for: @babel/preset-env@7.29.7 want: ^7.29.7
1262 silly placeDep ROOT @babel/plugin-transform-optional-chaining@7.29.7 OK for: @babel/preset-env@7.29.7 want: ^7.29.7
1263 silly placeDep ROOT @babel/plugin-transform-parameters@7.29.7 OK for: @babel/preset-env@7.29.7 want: ^7.29.7
1264 silly placeDep ROOT @babel/plugin-transform-private-methods@7.29.7 OK for: @babel/preset-env@7.29.7 want: ^7.29.7
1265 silly placeDep ROOT @babel/plugin-transform-private-property-in-object@7.29.7 OK for: @babel/preset-env@7.29.7 want: ^7.29.7
1266 silly placeDep ROOT @babel/plugin-transform-property-literals@7.29.7 OK for: @babel/preset-env@7.29.7 want: ^7.29.7
1267 silly placeDep ROOT @babel/plugin-transform-regenerator@7.29.8 OK for: @babel/preset-env@7.29.7 want: ^7.29.7
1268 silly placeDep ROOT @babel/plugin-transform-regexp-modifiers@7.29.7 OK for: @babel/preset-env@7.29.7 want: ^7.29.7
1269 silly placeDep ROOT @babel/plugin-transform-reserved-words@7.29.7 OK for: @babel/preset-env@7.29.7 want: ^7.29.7
1270 silly placeDep ROOT @babel/plugin-transform-shorthand-properties@7.29.7 OK for: @babel/preset-env@7.29.7 want: ^7.29.7
1271 silly placeDep ROOT @babel/plugin-transform-spread@7.29.8 OK for: @babel/preset-env@7.29.7 want: ^7.29.7
1272 silly placeDep ROOT @babel/plugin-transform-sticky-regex@7.29.7 OK for: @babel/preset-env@7.29.7 want: ^7.29.7
1273 silly placeDep ROOT @babel/plugin-transform-template-literals@7.29.7 OK for: @babel/preset-env@7.29.7 want: ^7.29.7
1274 silly placeDep ROOT @babel/plugin-transform-typeof-symbol@7.29.7 OK for: @babel/preset-env@7.29.7 want: ^7.29.7
1275 silly placeDep ROOT @babel/plugin-transform-unicode-escapes@7.29.7 OK for: @babel/preset-env@7.29.7 want: ^7.29.7
1276 silly placeDep ROOT @babel/plugin-transform-unicode-property-regex@7.29.7 OK for: @babel/preset-env@7.29.7 want: ^7.29.7
1277 silly placeDep ROOT @babel/plugin-transform-unicode-regex@7.29.7 OK for: @babel/preset-env@7.29.7 want: ^7.29.7
1278 silly placeDep ROOT @babel/plugin-transform-unicode-sets-regex@7.29.7 OK for: @babel/preset-env@7.29.7 want: ^7.29.7
1279 silly placeDep ROOT @babel/preset-modules@0.1.6-no-external-plugins OK for: @babel/preset-env@7.29.7 want: 0.1.6-no-external-plugins
1280 silly placeDep ROOT babel-plugin-polyfill-corejs2@0.4.17 OK for: @babel/preset-env@7.29.7 want: ^0.4.15
1281 silly placeDep ROOT babel-plugin-polyfill-corejs3@0.14.2 OK for: @babel/preset-env@7.29.7 want: ^0.14.0
1282 silly placeDep ROOT babel-plugin-polyfill-regenerator@0.6.8 OK for: @babel/preset-env@7.29.7 want: ^0.6.6
1283 silly placeDep ROOT core-js-compat@3.50.0 OK for: @babel/preset-env@7.29.7 want: ^3.48.0
1284 silly placeDep node_modules/@babel/preset-env semver@6.3.1 OK for: @babel/preset-env@7.29.7 want: ^6.3.1
1285 silly fetch manifest @babel/helper-skip-transparent-expression-wrappers@^7.29.7
1286 silly packumentCache full:https://registry.npmjs.org/@babel%2fhelper-skip-transparent-expression-wrappers cache-miss
1287 silly fetch manifest @babel/helper-skip-transparent-expression-wrappers@^7.29.7
1288 silly packumentCache full:https://registry.npmjs.org/@babel%2fhelper-skip-transparent-expression-wrappers cache-miss
1289 silly fetch manifest @babel/helper-create-regexp-features-plugin@^7.18.6
1290 silly packumentCache full:https://registry.npmjs.org/@babel%2fhelper-create-regexp-features-plugin cache-miss
1291 silly fetch manifest @babel/helper-remap-async-to-generator@^7.29.7
1292 silly packumentCache full:https://registry.npmjs.org/@babel%2fhelper-remap-async-to-generator cache-miss
1293 silly fetch manifest @babel/helper-remap-async-to-generator@^7.29.7
1294 silly packumentCache full:https://registry.npmjs.org/@babel%2fhelper-remap-async-to-generator cache-miss
1295 silly fetch manifest @babel/helper-create-class-features-plugin@^7.29.7
1296 silly packumentCache full:https://registry.npmjs.org/@babel%2fhelper-create-class-features-plugin cache-miss
1297 silly fetch manifest @babel/helper-create-class-features-plugin@^7.29.7
1298 silly packumentCache full:https://registry.npmjs.org/@babel%2fhelper-create-class-features-plugin cache-miss
1299 silly fetch manifest @babel/helper-replace-supers@^7.29.7
1300 silly packumentCache full:https://registry.npmjs.org/@babel%2fhelper-replace-supers cache-miss
1301 silly fetch manifest @babel/helper-annotate-as-pure@^7.29.7
1302 silly packumentCache full:https://registry.npmjs.org/@babel%2fhelper-annotate-as-pure cache-miss
1303 silly fetch manifest @babel/helper-create-regexp-features-plugin@^7.29.7
1304 silly packumentCache full:https://registry.npmjs.org/@babel%2fhelper-create-regexp-features-plugin cache-miss
1305 silly fetch manifest @babel/helper-create-regexp-features-plugin@^7.29.7
1306 silly packumentCache full:https://registry.npmjs.org/@babel%2fhelper-create-regexp-features-plugin cache-miss
1307 silly fetch manifest @babel/helper-skip-transparent-expression-wrappers@^7.29.7
1308 silly packumentCache full:https://registry.npmjs.org/@babel%2fhelper-skip-transparent-expression-wrappers cache-miss
1309 silly fetch manifest @babel/helper-create-regexp-features-plugin@^7.29.7
1310 silly packumentCache full:https://registry.npmjs.org/@babel%2fhelper-create-regexp-features-plugin cache-miss
1311 silly fetch manifest @babel/helper-replace-supers@^7.29.7
1312 silly packumentCache full:https://registry.npmjs.org/@babel%2fhelper-replace-supers cache-miss
1313 silly fetch manifest @babel/helper-skip-transparent-expression-wrappers@^7.29.7
1314 silly packumentCache full:https://registry.npmjs.org/@babel%2fhelper-skip-transparent-expression-wrappers cache-miss
1315 http cache https://registry.npmjs.org/@babel%2fhelper-skip-transparent-expression-wrappers 95ms (cache hit)
1316 silly packumentCache full:https://registry.npmjs.org/@babel%2fhelper-skip-transparent-expression-wrappers set size:105696 disposed:false
1317 silly fetch manifest @babel/helper-create-class-features-plugin@^7.29.7
1318 silly packumentCache full:https://registry.npmjs.org/@babel%2fhelper-create-class-features-plugin cache-miss
1319 http cache https://registry.npmjs.org/@babel%2fhelper-create-class-features-plugin 92ms (cache hit)
1320 silly packumentCache full:https://registry.npmjs.org/@babel%2fhelper-create-class-features-plugin set size:382403 disposed:false
1321 silly fetch manifest @babel/helper-annotate-as-pure@^7.29.7
1322 silly packumentCache full:https://registry.npmjs.org/@babel%2fhelper-annotate-as-pure cache-miss
1323 http cache https://registry.npmjs.org/@babel%2fhelper-skip-transparent-expression-wrappers 111ms (cache hit)
1324 silly packumentCache full:https://registry.npmjs.org/@babel%2fhelper-skip-transparent-expression-wrappers set size:105696 disposed:false
1325 silly packumentCache full:https://registry.npmjs.org/@babel%2fhelper-skip-transparent-expression-wrappers dispose
1326 silly fetch manifest @babel/helper-create-regexp-features-plugin@^7.29.7
1327 silly packumentCache full:https://registry.npmjs.org/@babel%2fhelper-create-regexp-features-plugin cache-miss
1328 http cache https://registry.npmjs.org/@babel%2fhelper-remap-async-to-generator 114ms (cache hit)
1329 silly packumentCache full:https://registry.npmjs.org/@babel%2fhelper-remap-async-to-generator set size:230688 disposed:false
1330 silly fetch manifest @babel/helper-create-regexp-features-plugin@^7.29.7
1331 silly packumentCache full:https://registry.npmjs.org/@babel%2fhelper-create-regexp-features-plugin cache-miss
1332 http cache https://registry.npmjs.org/@babel%2fhelper-replace-supers 124ms (cache hit)
1333 silly packumentCache full:https://registry.npmjs.org/@babel%2fhelper-replace-supers set size:270231 disposed:false
1334 silly fetch manifest @babel/helper-create-regexp-features-plugin@^7.29.7
1335 silly packumentCache full:https://registry.npmjs.org/@babel%2fhelper-create-regexp-features-plugin cache-miss
1336 http cache https://registry.npmjs.org/@babel%2fhelper-skip-transparent-expression-wrappers 127ms (cache hit)
1337 silly packumentCache full:https://registry.npmjs.org/@babel%2fhelper-skip-transparent-expression-wrappers set size:105696 disposed:true
1338 silly packumentCache full:https://registry.npmjs.org/@babel%2fhelper-skip-transparent-expression-wrappers dispose
1339 silly fetch manifest @babel/helper-create-regexp-features-plugin@^7.29.7
1340 silly packumentCache full:https://registry.npmjs.org/@babel%2fhelper-create-regexp-features-plugin cache-miss
1341 http cache https://registry.npmjs.org/@babel%2fhelper-remap-async-to-generator 145ms (cache hit)
1342 silly packumentCache full:https://registry.npmjs.org/@babel%2fhelper-remap-async-to-generator set size:230688 disposed:false
1343 silly packumentCache full:https://registry.npmjs.org/@babel%2fhelper-remap-async-to-generator dispose
1344 silly fetch manifest esutils@^2.0.2
1345 silly packumentCache full:https://registry.npmjs.org/esutils cache-miss
1346 http cache https://registry.npmjs.org/@babel%2fhelper-replace-supers 139ms (cache hit)
1347 silly packumentCache full:https://registry.npmjs.org/@babel%2fhelper-replace-supers set size:270231 disposed:false
1348 silly packumentCache full:https://registry.npmjs.org/@babel%2fhelper-replace-supers dispose
1349 silly fetch manifest @babel/helper-define-polyfill-provider@^0.6.8
1350 silly packumentCache full:https://registry.npmjs.org/@babel%2fhelper-define-polyfill-provider cache-miss
1351 http cache https://registry.npmjs.org/@babel%2fhelper-create-class-features-plugin 163ms (cache hit)
1352 silly packumentCache full:https://registry.npmjs.org/@babel%2fhelper-create-class-features-plugin set size:382403 disposed:false
1353 silly packumentCache full:https://registry.npmjs.org/@babel%2fhelper-create-class-features-plugin dispose
1354 silly fetch manifest @babel/helper-define-polyfill-provider@^0.6.8
1355 silly packumentCache full:https://registry.npmjs.org/@babel%2fhelper-define-polyfill-provider cache-miss
1356 http cache https://registry.npmjs.org/@babel%2fhelper-skip-transparent-expression-wrappers 161ms (cache hit)
1357 silly packumentCache full:https://registry.npmjs.org/@babel%2fhelper-skip-transparent-expression-wrappers set size:105696 disposed:true
1358 silly packumentCache full:https://registry.npmjs.org/@babel%2fhelper-skip-transparent-expression-wrappers dispose
1359 silly fetch manifest @babel/helper-define-polyfill-provider@^0.6.8
1360 silly packumentCache full:https://registry.npmjs.org/@babel%2fhelper-define-polyfill-provider cache-miss
1361 http cache https://registry.npmjs.org/@babel%2fhelper-create-regexp-features-plugin 190ms (cache hit)
1362 silly packumentCache full:https://registry.npmjs.org/@babel%2fhelper-create-regexp-features-plugin set size:189184 disposed:false
1363 http cache https://registry.npmjs.org/@babel%2fhelper-annotate-as-pure 186ms (cache hit)
1364 silly packumentCache full:https://registry.npmjs.org/@babel%2fhelper-annotate-as-pure set size:181560 disposed:false
1365 http cache https://registry.npmjs.org/@babel%2fhelper-create-regexp-features-plugin 192ms (cache hit)
1366 silly packumentCache full:https://registry.npmjs.org/@babel%2fhelper-create-regexp-features-plugin set size:189184 disposed:false
1367 silly packumentCache full:https://registry.npmjs.org/@babel%2fhelper-create-regexp-features-plugin dispose
1368 http cache https://registry.npmjs.org/@babel%2fhelper-create-regexp-features-plugin 203ms (cache hit)
1369 silly packumentCache full:https://registry.npmjs.org/@babel%2fhelper-create-regexp-features-plugin set size:189184 disposed:true
1370 silly packumentCache full:https://registry.npmjs.org/@babel%2fhelper-create-regexp-features-plugin dispose
1371 http cache https://registry.npmjs.org/@babel%2fhelper-create-regexp-features-plugin 216ms (cache hit)
1372 silly packumentCache full:https://registry.npmjs.org/@babel%2fhelper-create-regexp-features-plugin set size:189184 disposed:true
1373 silly packumentCache full:https://registry.npmjs.org/@babel%2fhelper-create-regexp-features-plugin dispose
1374 http cache https://registry.npmjs.org/@babel%2fhelper-create-class-features-plugin 198ms (cache hit)
1375 silly packumentCache full:https://registry.npmjs.org/@babel%2fhelper-create-class-features-plugin set size:382403 disposed:true
1376 silly packumentCache full:https://registry.npmjs.org/@babel%2fhelper-create-class-features-plugin dispose
1377 http cache https://registry.npmjs.org/@babel%2fhelper-create-regexp-features-plugin 164ms (cache hit)
1378 silly packumentCache full:https://registry.npmjs.org/@babel%2fhelper-create-regexp-features-plugin set size:189184 disposed:true
1379 silly packumentCache full:https://registry.npmjs.org/@babel%2fhelper-create-regexp-features-plugin dispose
1380 http cache https://registry.npmjs.org/@babel%2fhelper-create-regexp-features-plugin 196ms (cache hit)
1381 silly packumentCache full:https://registry.npmjs.org/@babel%2fhelper-create-regexp-features-plugin set size:189184 disposed:true
1382 silly packumentCache full:https://registry.npmjs.org/@babel%2fhelper-create-regexp-features-plugin dispose
1383 http cache https://registry.npmjs.org/@babel%2fhelper-create-regexp-features-plugin 169ms (cache hit)
1384 silly packumentCache full:https://registry.npmjs.org/@babel%2fhelper-create-regexp-features-plugin set size:189184 disposed:true
1385 silly packumentCache full:https://registry.npmjs.org/@babel%2fhelper-create-regexp-features-plugin dispose
1386 http cache https://registry.npmjs.org/esutils 165ms (cache hit)
1387 silly packumentCache full:https://registry.npmjs.org/esutils set size:29522 disposed:false
1388 http cache https://registry.npmjs.org/@babel%2fhelper-annotate-as-pure 218ms (cache hit)
1389 silly packumentCache full:https://registry.npmjs.org/@babel%2fhelper-annotate-as-pure set size:181560 disposed:false
1390 silly packumentCache full:https://registry.npmjs.org/@babel%2fhelper-annotate-as-pure dispose
1391 http cache https://registry.npmjs.org/@babel%2fhelper-create-regexp-features-plugin 200ms (cache hit)
1392 silly packumentCache full:https://registry.npmjs.org/@babel%2fhelper-create-regexp-features-plugin set size:189184 disposed:true
1393 silly packumentCache full:https://registry.npmjs.org/@babel%2fhelper-create-regexp-features-plugin dispose
1394 http cache https://registry.npmjs.org/@babel%2fhelper-define-polyfill-provider 161ms (cache hit)
1395 silly packumentCache full:https://registry.npmjs.org/@babel%2fhelper-define-polyfill-provider set size:119317 disposed:false
1396 http cache https://registry.npmjs.org/@babel%2fhelper-define-polyfill-provider 160ms (cache hit)
1397 silly packumentCache full:https://registry.npmjs.org/@babel%2fhelper-define-polyfill-provider set size:119317 disposed:false
1398 silly packumentCache full:https://registry.npmjs.org/@babel%2fhelper-define-polyfill-provider dispose
1399 http cache https://registry.npmjs.org/@babel%2fhelper-define-polyfill-provider 185ms (cache hit)
1400 silly packumentCache full:https://registry.npmjs.org/@babel%2fhelper-define-polyfill-provider set size:119317 disposed:true
1401 silly packumentCache full:https://registry.npmjs.org/@babel%2fhelper-define-polyfill-provider dispose
1402 silly placeDep ROOT @babel/helper-skip-transparent-expression-wrappers@7.29.7 OK for: @babel/plugin-bugfix-safari-rest-destructuring-rhs-array@7.29.7 want: ^7.29.7
1403 silly placeDep ROOT @babel/helper-create-regexp-features-plugin@7.29.7 OK for: @babel/plugin-syntax-unicode-sets-regex@7.18.6 want: ^7.18.6
1404 silly fetch manifest regexpu-core@^6.3.1
1405 silly packumentCache full:https://registry.npmjs.org/regexpu-core cache-miss
1406 http cache https://registry.npmjs.org/regexpu-core 8ms (cache hit)
1407 silly packumentCache full:https://registry.npmjs.org/regexpu-core set size:156240 disposed:false
1408 silly placeDep ROOT @babel/helper-annotate-as-pure@7.29.7 OK for: @babel/helper-create-regexp-features-plugin@7.29.7 want: ^7.29.7
1409 silly placeDep ROOT regexpu-core@6.4.0 OK for: @babel/helper-create-regexp-features-plugin@7.29.7 want: ^6.3.1
1410 silly placeDep node_modules/@babel/helper-create-regexp-features-plugin semver@6.3.1 OK for: @babel/helper-create-regexp-features-plugin@7.29.7 want: ^6.3.1
1411 silly fetch manifest regenerate@^1.4.2
1412 silly packumentCache full:https://registry.npmjs.org/regenerate cache-miss
1413 silly fetch manifest regenerate-unicode-properties@^10.2.2
1414 silly packumentCache full:https://registry.npmjs.org/regenerate-unicode-properties cache-miss
1415 silly fetch manifest regjsgen@^0.8.0
1416 silly packumentCache full:https://registry.npmjs.org/regjsgen cache-miss
1417 silly fetch manifest regjsparser@^0.13.0
1418 silly packumentCache full:https://registry.npmjs.org/regjsparser cache-miss
1419 silly fetch manifest unicode-match-property-ecmascript@^2.0.0
1420 silly packumentCache full:https://registry.npmjs.org/unicode-match-property-ecmascript cache-miss
1421 silly fetch manifest unicode-match-property-value-ecmascript@^2.2.1
1422 silly packumentCache full:https://registry.npmjs.org/unicode-match-property-value-ecmascript cache-miss
1423 http cache https://registry.npmjs.org/regenerate-unicode-properties 30ms (cache hit)
1424 silly packumentCache full:https://registry.npmjs.org/regenerate-unicode-properties set size:78166 disposed:false
1425 http cache https://registry.npmjs.org/regenerate 35ms (cache hit)
1426 silly packumentCache full:https://registry.npmjs.org/regenerate set size:56872 disposed:false
1427 http cache https://registry.npmjs.org/regjsgen 35ms (cache hit)
1428 silly packumentCache full:https://registry.npmjs.org/regjsgen set size:26409 disposed:false
1429 http cache https://registry.npmjs.org/regjsparser 42ms (cache hit)
1430 silly packumentCache full:https://registry.npmjs.org/regjsparser set size:85785 disposed:false
1431 http cache https://registry.npmjs.org/unicode-match-property-value-ecmascript 41ms (cache hit)
1432 silly packumentCache full:https://registry.npmjs.org/unicode-match-property-value-ecmascript set size:26439 disposed:false
1433 http cache https://registry.npmjs.org/unicode-match-property-ecmascript 43ms (cache hit)
1434 silly packumentCache full:https://registry.npmjs.org/unicode-match-property-ecmascript set size:16934 disposed:false
1435 silly placeDep ROOT @babel/helper-remap-async-to-generator@7.29.7 OK for: @babel/plugin-transform-async-generator-functions@7.29.7 want: ^7.29.7
1436 silly fetch manifest @babel/helper-wrap-function@^7.29.7
1437 silly packumentCache full:https://registry.npmjs.org/@babel%2fhelper-wrap-function cache-miss
1438 http cache https://registry.npmjs.org/@babel%2fhelper-wrap-function 8ms (cache hit)
1439 silly packumentCache full:https://registry.npmjs.org/@babel%2fhelper-wrap-function set size:224861 disposed:false
1440 silly placeDep ROOT @babel/helper-wrap-function@7.29.7 OK for: @babel/helper-remap-async-to-generator@7.29.7 want: ^7.29.7
1441 silly placeDep ROOT @babel/helper-create-class-features-plugin@7.29.7 OK for: @babel/plugin-transform-class-properties@7.29.7 want: ^7.29.7
1442 silly fetch manifest @babel/helper-optimise-call-expression@^7.29.7
1443 silly packumentCache full:https://registry.npmjs.org/@babel%2fhelper-optimise-call-expression cache-miss
1444 silly fetch manifest @babel/helper-member-expression-to-functions@^7.29.7
1445 silly packumentCache full:https://registry.npmjs.org/@babel%2fhelper-member-expression-to-functions cache-miss
1446 http cache https://registry.npmjs.org/@babel%2fhelper-optimise-call-expression 10ms (cache hit)
1447 silly packumentCache full:https://registry.npmjs.org/@babel%2fhelper-optimise-call-expression set size:193007 disposed:false
1448 http cache https://registry.npmjs.org/@babel%2fhelper-member-expression-to-functions 14ms (cache hit)
1449 silly packumentCache full:https://registry.npmjs.org/@babel%2fhelper-member-expression-to-functions set size:229230 disposed:false
1450 silly placeDep ROOT @babel/helper-member-expression-to-functions@7.29.7 OK for: @babel/helper-create-class-features-plugin@7.29.7 want: ^7.29.7
1451 silly placeDep ROOT @babel/helper-optimise-call-expression@7.29.7 OK for: @babel/helper-create-class-features-plugin@7.29.7 want: ^7.29.7
1452 silly placeDep ROOT @babel/helper-replace-supers@7.29.7 OK for: @babel/helper-create-class-features-plugin@7.29.7 want: ^7.29.7
1453 silly placeDep node_modules/@babel/helper-create-class-features-plugin semver@6.3.1 OK for: @babel/helper-create-class-features-plugin@7.29.7 want: ^6.3.1
1454 silly placeDep ROOT esutils@2.0.3 OK for: @babel/preset-modules@0.1.6-no-external-plugins want: ^2.0.2
1455 silly fetch manifest rollup@^1.20.0||^2.0.0
1456 silly packumentCache full:https://registry.npmjs.org/rollup cache-miss
1457 http cache https://registry.npmjs.org/rollup 176ms (cache hit)
1458 silly packumentCache full:https://registry.npmjs.org/rollup set size:6315915 disposed:false
1459 silly placeDep ROOT @rollup/pluginutils@3.1.0 OK for: @rollup/plugin-babel@5.3.1 want: ^3.1.0
1460 silly fetch manifest @types/estree@0.0.39
1461 silly packumentCache full:https://registry.npmjs.org/@types%2festree cache-hit
1462 silly fetch manifest estree-walker@^1.0.1
1463 silly packumentCache full:https://registry.npmjs.org/estree-walker cache-miss
1464 http cache https://registry.npmjs.org/estree-walker 9ms (cache hit)
1465 silly packumentCache full:https://registry.npmjs.org/estree-walker set size:60887 disposed:false
1466 silly placeDep ROOT @types/resolve@1.17.1 OK for: @rollup/plugin-node-resolve@11.2.1 want: 1.17.1
1467 silly placeDep ROOT builtin-modules@3.3.0 OK for: @rollup/plugin-node-resolve@11.2.1 want: ^3.1.0
1468 silly placeDep ROOT deepmerge@4.3.1 OK for: @rollup/plugin-node-resolve@11.2.1 want: ^4.2.2
1469 silly placeDep ROOT is-module@1.0.0 OK for: @rollup/plugin-node-resolve@11.2.1 want: ^1.0.0
1470 silly placeDep ROOT magic-string@0.25.9 OK for: @rollup/plugin-replace@2.4.2 want: ^0.25.7
1471 silly fetch manifest sourcemap-codec@^1.4.8
1472 silly packumentCache full:https://registry.npmjs.org/sourcemap-codec cache-miss
1473 http cache https://registry.npmjs.org/sourcemap-codec 13ms (cache hit)
1474 silly packumentCache full:https://registry.npmjs.org/sourcemap-codec set size:45470 disposed:false
1475 silly placeDep node_modules/@rollup/pluginutils @types/estree@0.0.39 OK for: @rollup/pluginutils@3.1.0 want: 0.0.39
1476 silly placeDep ROOT estree-walker@1.0.1 OK for: @rollup/pluginutils@3.1.0 want: ^1.0.1
1477 silly placeDep ROOT ejs@3.1.10 OK for: @surma/rollup-plugin-off-main-thread@2.2.3 want: ^3.1.6
1478 silly placeDep ROOT string.prototype.matchall@4.1.0 OK for: @surma/rollup-plugin-off-main-thread@2.2.3 want: ^4.0.6
1479 silly fetch manifest jake@^10.8.5
1480 silly packumentCache full:https://registry.npmjs.org/jake cache-miss
1481 silly fetch manifest call-bind@^1.0.9
1482 silly packumentCache full:https://registry.npmjs.org/call-bind cache-miss
1483 silly fetch manifest call-bound@^1.0.4
1484 silly packumentCache full:https://registry.npmjs.org/call-bound cache-miss
1485 silly fetch manifest es-abstract@^1.24.2
1486 silly packumentCache full:https://registry.npmjs.org/es-abstract cache-miss
1487 silly fetch manifest side-channel@^1.1.1
1488 silly packumentCache full:https://registry.npmjs.org/side-channel cache-miss
1489 silly fetch manifest get-intrinsic@^1.3.0
1490 silly packumentCache full:https://registry.npmjs.org/get-intrinsic cache-miss
1491 silly fetch manifest internal-slot@^1.1.0
1492 silly packumentCache full:https://registry.npmjs.org/internal-slot cache-miss
1493 silly fetch manifest es-object-atoms@^1.1.2
1494 silly packumentCache full:https://registry.npmjs.org/es-object-atoms cache-miss
1495 silly fetch manifest define-properties@^1.2.1
1496 silly packumentCache full:https://registry.npmjs.org/define-properties cache-miss
1497 silly fetch manifest set-function-name@^2.0.2
1498 silly packumentCache full:https://registry.npmjs.org/set-function-name cache-miss
1499 silly fetch manifest regexp.prototype.flags@^1.5.4
1500 silly packumentCache full:https://registry.npmjs.org/regexp.prototype.flags cache-miss
1501 http cache https://registry.npmjs.org/call-bind 60ms (cache hit)
1502 silly packumentCache full:https://registry.npmjs.org/call-bind set size:32985 disposed:false
1503 http cache https://registry.npmjs.org/internal-slot 55ms (cache hit)
1504 silly packumentCache full:https://registry.npmjs.org/internal-slot set size:30267 disposed:false
1505 http cache https://registry.npmjs.org/jake 68ms (cache hit)
1506 silly packumentCache full:https://registry.npmjs.org/jake set size:265178 disposed:false
1507 http cache https://registry.npmjs.org/es-abstract 72ms (cache hit)
1508 silly packumentCache full:https://registry.npmjs.org/es-abstract set size:384124 disposed:false
1509 http cache https://registry.npmjs.org/side-channel 79ms (cache hit)
1510 silly packumentCache full:https://registry.npmjs.org/side-channel set size:27650 disposed:false
1511 http cache https://registry.npmjs.org/call-bound 84ms (cache hit)
1512 silly packumentCache full:https://registry.npmjs.org/call-bound set size:15317 disposed:false
1513 http cache https://registry.npmjs.org/es-object-atoms 78ms (cache hit)
1514 silly packumentCache full:https://registry.npmjs.org/es-object-atoms set size:18278 disposed:false
1515 http cache https://registry.npmjs.org/regexp.prototype.flags 74ms (cache hit)
1516 silly packumentCache full:https://registry.npmjs.org/regexp.prototype.flags set size:60621 disposed:false
1517 http cache https://registry.npmjs.org/define-properties 81ms (cache hit)
1518 silly packumentCache full:https://registry.npmjs.org/define-properties set size:31491 disposed:false
1519 http cache https://registry.npmjs.org/get-intrinsic 89ms (cache hit)
1520 silly packumentCache full:https://registry.npmjs.org/get-intrinsic set size:60985 disposed:false
1521 http cache https://registry.npmjs.org/set-function-name 84ms (cache hit)
1522 silly packumentCache full:https://registry.npmjs.org/set-function-name set size:13766 disposed:false
1523 silly fetch manifest @babel/core@^7.4.0 || ^8.0.0-0 <8.0.0
1524 silly packumentCache full:https://registry.npmjs.org/@babel%2fcore cache-hit
1525 silly fetch manifest @babel/preset-typescript@^8.0.0-0
1526 silly packumentCache full:https://registry.npmjs.org/@babel%2fpreset-typescript cache-miss
1527 http fetch GET 200 https://registry.npmjs.org/@babel%2fpreset-typescript 6074ms (cache miss)
1528 silly packumentCache full:https://registry.npmjs.org/@babel%2fpreset-typescript set size:undefined disposed:false
1529 silly placeDep ROOT @babel/helper-define-polyfill-provider@0.6.8 OK for: babel-plugin-polyfill-corejs2@0.4.17 want: ^0.6.8
1530 silly placeDep node_modules/babel-plugin-polyfill-corejs2 semver@6.3.1 OK for: babel-plugin-polyfill-corejs2@0.4.17 want: ^6.3.1
1531 silly fetch manifest debug@^4.4.3
1532 silly packumentCache full:https://registry.npmjs.org/debug cache-hit
1533 silly fetch manifest resolve@^1.22.11
1534 silly packumentCache full:https://registry.npmjs.org/resolve cache-miss
1535 silly fetch manifest lodash.debounce@^4.0.8
1536 silly packumentCache full:https://registry.npmjs.org/lodash.debounce cache-miss
1537 http cache https://registry.npmjs.org/lodash.debounce 15ms (cache hit)
1538 silly packumentCache full:https://registry.npmjs.org/lodash.debounce set size:44123 disposed:false
1539 http cache https://registry.npmjs.org/resolve 22ms (cache hit)
1540 silly packumentCache full:https://registry.npmjs.org/resolve set size:244568 disposed:false
1541 silly placeDep node_modules/@babel/helper-define-polyfill-provider debug@4.4.3 OK for: @babel/helper-define-polyfill-provider@0.6.8 want: ^4.4.3
1542 silly placeDep ROOT lodash.debounce@4.0.8 OK for: @babel/helper-define-polyfill-provider@0.6.8 want: ^4.0.8
1543 silly placeDep ROOT resolve@1.22.12 REPLACE for: @babel/helper-define-polyfill-provider@0.6.8 want: ^1.22.11
1544 silly placeDep ROOT jake@10.9.4 OK for: ejs@3.1.10 want: ^10.8.5
1545 silly fetch manifest filelist@^1.0.4
1546 silly packumentCache full:https://registry.npmjs.org/filelist cache-miss
1547 http cache https://registry.npmjs.org/filelist 6ms (cache hit)
1548 silly packumentCache full:https://registry.npmjs.org/filelist set size:27594 disposed:false
1549 silly placeDep ROOT filelist@1.0.6 OK for: jake@10.9.4 want: ^1.0.4
1550 silly fetch manifest minimatch@^5.0.1
1551 silly packumentCache full:https://registry.npmjs.org/minimatch cache-hit
1552 silly placeDep node_modules/filelist minimatch@5.1.9 OK for: filelist@1.0.6 want: ^5.0.1
1553 silly placeDep ROOT sourcemap-codec@1.4.8 OK for: magic-string@0.25.9 want: ^1.4.8
1554 silly placeDep ROOT regenerate@1.4.2 OK for: regexpu-core@6.4.0 want: ^1.4.2
1555 silly placeDep ROOT regenerate-unicode-properties@10.2.2 OK for: regexpu-core@6.4.0 want: ^10.2.2
1556 silly placeDep ROOT regjsgen@0.8.0 OK for: regexpu-core@6.4.0 want: ^0.8.0
1557 silly placeDep ROOT regjsparser@0.13.2 OK for: regexpu-core@6.4.0 want: ^0.13.0
1558 silly placeDep ROOT unicode-match-property-ecmascript@2.0.0 OK for: regexpu-core@6.4.0 want: ^2.0.0
1559 silly placeDep ROOT unicode-match-property-value-ecmascript@2.2.1 OK for: regexpu-core@6.4.0 want: ^2.2.1
1560 silly fetch manifest unicode-canonical-property-names-ecmascript@^2.0.0
1561 silly packumentCache full:https://registry.npmjs.org/unicode-canonical-property-names-ecmascript cache-miss
1562 silly fetch manifest unicode-property-aliases-ecmascript@^2.0.0
1563 silly packumentCache full:https://registry.npmjs.org/unicode-property-aliases-ecmascript cache-miss
1564 http cache https://registry.npmjs.org/unicode-canonical-property-names-ecmascript 14ms (cache hit)
1565 silly packumentCache full:https://registry.npmjs.org/unicode-canonical-property-names-ecmascript set size:17227 disposed:false
1566 http cache https://registry.npmjs.org/unicode-property-aliases-ecmascript 15ms (cache hit)
1567 silly packumentCache full:https://registry.npmjs.org/unicode-property-aliases-ecmascript set size:28095 disposed:false
1568 silly placeDep node_modules/rollup-plugin-terser jest-worker@26.6.2 OK for: rollup-plugin-terser@7.0.2 want: ^26.2.1
1569 silly placeDep ROOT serialize-javascript@4.0.0 OK for: rollup-plugin-terser@7.0.2 want: ^4.0.0
1570 silly fetch manifest randombytes@^2.1.0
1571 silly packumentCache full:https://registry.npmjs.org/randombytes cache-miss
1572 http cache https://registry.npmjs.org/randombytes 12ms (cache hit)
1573 silly packumentCache full:https://registry.npmjs.org/randombytes set size:17505 disposed:false
1574 silly placeDep ROOT randombytes@2.1.0 OK for: serialize-javascript@4.0.0 want: ^2.1.0
1575 silly placeDep ROOT call-bind@1.0.9 REPLACE for: string.prototype.matchall@4.1.0 want: ^1.0.9
1576 silly placeDep ROOT call-bound@1.0.4 REPLACE for: string.prototype.matchall@4.1.0 want: ^1.0.4
1577 silly placeDep ROOT define-properties@1.2.1 OK for: string.prototype.matchall@4.1.0 want: ^1.2.1
1578 silly placeDep ROOT es-abstract@1.24.2 OK for: string.prototype.matchall@4.1.0 want: ^1.24.2
1579 silly placeDep ROOT es-object-atoms@1.1.2 REPLACE for: string.prototype.matchall@4.1.0 want: ^1.1.2
1580 silly placeDep ROOT get-intrinsic@1.3.0 REPLACE for: string.prototype.matchall@4.1.0 want: ^1.3.0
1581 silly placeDep ROOT internal-slot@1.1.0 OK for: string.prototype.matchall@4.1.0 want: ^1.1.0
1582 silly placeDep ROOT regexp.prototype.flags@1.5.4 OK for: string.prototype.matchall@4.1.0 want: ^1.5.4
1583 silly placeDep ROOT set-function-name@2.0.2 OK for: string.prototype.matchall@4.1.0 want: ^2.0.2
1584 silly placeDep ROOT side-channel@1.1.1 REPLACE for: string.prototype.matchall@4.1.0 want: ^1.1.1
1585 silly fetch manifest call-bind-apply-helpers@^1.0.2
1586 silly packumentCache full:https://registry.npmjs.org/call-bind-apply-helpers cache-miss
1587 silly fetch manifest call-bind-apply-helpers@^1.0.2
1588 silly packumentCache full:https://registry.npmjs.org/call-bind-apply-helpers cache-miss
1589 silly fetch manifest array-buffer-byte-length@^1.0.2
1590 silly packumentCache full:https://registry.npmjs.org/array-buffer-byte-length cache-miss
1591 silly fetch manifest arraybuffer.prototype.slice@^1.0.4
1592 silly packumentCache full:https://registry.npmjs.org/arraybuffer.prototype.slice cache-miss
1593 silly fetch manifest available-typed-arrays@^1.0.7
1594 silly packumentCache full:https://registry.npmjs.org/available-typed-arrays cache-miss
1595 silly fetch manifest data-view-buffer@^1.0.2
1596 silly packumentCache full:https://registry.npmjs.org/data-view-buffer cache-miss
1597 silly fetch manifest data-view-byte-length@^1.0.2
1598 silly packumentCache full:https://registry.npmjs.org/data-view-byte-length cache-miss
1599 silly fetch manifest data-view-byte-offset@^1.0.1
1600 silly packumentCache full:https://registry.npmjs.org/data-view-byte-offset cache-miss
1601 silly fetch manifest es-to-primitive@^1.3.0
1602 silly packumentCache full:https://registry.npmjs.org/es-to-primitive cache-miss
1603 silly fetch manifest function.prototype.name@^1.1.8
1604 silly packumentCache full:https://registry.npmjs.org/function.prototype.name cache-miss
1605 silly fetch manifest get-symbol-description@^1.1.0
1606 silly packumentCache full:https://registry.npmjs.org/get-symbol-description cache-miss
1607 silly fetch manifest globalthis@^1.0.4
1608 silly packumentCache full:https://registry.npmjs.org/globalthis cache-miss
1609 silly fetch manifest has-proto@^1.2.0
1610 silly packumentCache full:https://registry.npmjs.org/has-proto cache-miss
1611 silly fetch manifest is-array-buffer@^3.0.5
1612 silly packumentCache full:https://registry.npmjs.org/is-array-buffer cache-miss
1613 silly fetch manifest is-callable@^1.2.7
1614 silly packumentCache full:https://registry.npmjs.org/is-callable cache-miss
1615 http cache https://registry.npmjs.org/arraybuffer.prototype.slice 78ms (cache hit)
1616 silly packumentCache full:https://registry.npmjs.org/arraybuffer.prototype.slice set size:20917 disposed:false
1617 silly fetch manifest is-data-view@^1.0.2
1618 silly packumentCache full:https://registry.npmjs.org/is-data-view cache-miss
1619 http cache https://registry.npmjs.org/call-bind-apply-helpers 87ms (cache hit)
1620 silly packumentCache full:https://registry.npmjs.org/call-bind-apply-helpers set size:12744 disposed:false
1621 silly fetch manifest is-negative-zero@^2.0.3
1622 silly packumentCache full:https://registry.npmjs.org/is-negative-zero cache-miss
1623 http cache https://registry.npmjs.org/array-buffer-byte-length 88ms (cache hit)
1624 silly packumentCache full:https://registry.npmjs.org/array-buffer-byte-length set size:13099 disposed:false
1625 silly fetch manifest is-regex@^1.2.1
1626 silly packumentCache full:https://registry.npmjs.org/is-regex cache-miss
1627 http cache https://registry.npmjs.org/data-view-buffer 84ms (cache hit)
1628 silly packumentCache full:https://registry.npmjs.org/data-view-buffer set size:11789 disposed:false
1629 silly fetch manifest is-set@^2.0.3
1630 silly packumentCache full:https://registry.npmjs.org/is-set cache-miss
1631 http cache https://registry.npmjs.org/data-view-byte-length 85ms (cache hit)
1632 silly packumentCache full:https://registry.npmjs.org/data-view-byte-length set size:12269 disposed:false
1633 silly fetch manifest is-shared-array-buffer@^1.0.4
1634 silly packumentCache full:https://registry.npmjs.org/is-shared-array-buffer cache-miss
1635 http cache https://registry.npmjs.org/call-bind-apply-helpers 107ms (cache hit)
1636 silly packumentCache full:https://registry.npmjs.org/call-bind-apply-helpers set size:12744 disposed:false
1637 silly packumentCache full:https://registry.npmjs.org/call-bind-apply-helpers dispose
1638 silly fetch manifest is-string@^1.1.1
1639 silly packumentCache full:https://registry.npmjs.org/is-string cache-miss
1640 http cache https://registry.npmjs.org/available-typed-arrays 100ms (cache hit)
1641 silly packumentCache full:https://registry.npmjs.org/available-typed-arrays set size:31390 disposed:false
1642 silly fetch manifest is-typed-array@^1.1.15
1643 silly packumentCache full:https://registry.npmjs.org/is-typed-array cache-miss
1644 http cache https://registry.npmjs.org/data-view-byte-offset 97ms (cache hit)
1645 silly packumentCache full:https://registry.npmjs.org/data-view-byte-offset set size:9200 disposed:false
1646 silly fetch manifest is-weakref@^1.1.1
1647 silly packumentCache full:https://registry.npmjs.org/is-weakref cache-miss
1648 http cache https://registry.npmjs.org/globalthis 93ms (cache hit)
1649 silly packumentCache full:https://registry.npmjs.org/globalthis set size:22522 disposed:false
1650 silly fetch manifest object.assign@^4.1.7
1651 silly packumentCache full:https://registry.npmjs.org/object.assign cache-miss
1652 http cache https://registry.npmjs.org/get-symbol-description 97ms (cache hit)
1653 silly packumentCache full:https://registry.npmjs.org/get-symbol-description set size:15540 disposed:false
1654 silly fetch manifest own-keys@^1.0.1
1655 silly packumentCache full:https://registry.npmjs.org/own-keys cache-miss
1656 http cache https://registry.npmjs.org/es-to-primitive 103ms (cache hit)
1657 silly packumentCache full:https://registry.npmjs.org/es-to-primitive set size:35315 disposed:false
1658 silly fetch manifest safe-array-concat@^1.1.3
1659 silly packumentCache full:https://registry.npmjs.org/safe-array-concat cache-miss
1660 http cache https://registry.npmjs.org/function.prototype.name 106ms (cache hit)
1661 silly packumentCache full:https://registry.npmjs.org/function.prototype.name set size:48566 disposed:false
1662 silly fetch manifest safe-push-apply@^1.0.0
1663 silly packumentCache full:https://registry.npmjs.org/safe-push-apply cache-miss
1664 http cache https://registry.npmjs.org/has-proto 102ms (cache hit)
1665 silly packumentCache full:https://registry.npmjs.org/has-proto set size:21527 disposed:false
1666 silly fetch manifest safe-regex-test@^1.1.0
1667 silly packumentCache full:https://registry.npmjs.org/safe-regex-test cache-miss
1668 http cache https://registry.npmjs.org/is-callable 98ms (cache hit)
1669 silly packumentCache full:https://registry.npmjs.org/is-callable set size:66606 disposed:false
1670 silly fetch manifest set-proto@^1.0.0
1671 silly packumentCache full:https://registry.npmjs.org/set-proto cache-miss
1672 http cache https://registry.npmjs.org/is-array-buffer 108ms (cache hit)
1673 silly packumentCache full:https://registry.npmjs.org/is-array-buffer set size:33562 disposed:false
1674 silly fetch manifest stop-iteration-iterator@^1.1.0
1675 silly packumentCache full:https://registry.npmjs.org/stop-iteration-iterator cache-miss
1676 http cache https://registry.npmjs.org/is-data-view 105ms (cache hit)
1677 silly packumentCache full:https://registry.npmjs.org/is-data-view set size:13756 disposed:false
1678 silly fetch manifest string.prototype.trim@^1.2.10
1679 silly packumentCache full:https://registry.npmjs.org/string.prototype.trim cache-miss
1680 http cache https://registry.npmjs.org/is-negative-zero 107ms (cache hit)
1681 silly packumentCache full:https://registry.npmjs.org/is-negative-zero set size:22152 disposed:false
1682 silly fetch manifest string.prototype.trimend@^1.0.9
1683 silly packumentCache full:https://registry.npmjs.org/string.prototype.trimend cache-miss
1684 http cache https://registry.npmjs.org/is-set 105ms (cache hit)
1685 silly packumentCache full:https://registry.npmjs.org/is-set set size:16614 disposed:false
1686 silly fetch manifest string.prototype.trimstart@^1.0.8
1687 silly packumentCache full:https://registry.npmjs.org/string.prototype.trimstart cache-miss
1688 http cache https://registry.npmjs.org/is-regex 113ms (cache hit)
1689 silly packumentCache full:https://registry.npmjs.org/is-regex set size:42924 disposed:false
1690 silly fetch manifest typed-array-buffer@^1.0.3
1691 silly packumentCache full:https://registry.npmjs.org/typed-array-buffer cache-miss
1692 http cache https://registry.npmjs.org/is-shared-array-buffer 108ms (cache hit)
1693 silly packumentCache full:https://registry.npmjs.org/is-shared-array-buffer set size:19880 disposed:false
1694 silly fetch manifest typed-array-byte-length@^1.0.3
1695 silly packumentCache full:https://registry.npmjs.org/typed-array-byte-length cache-miss
1696 http cache https://registry.npmjs.org/is-weakref 101ms (cache hit)
1697 silly packumentCache full:https://registry.npmjs.org/is-weakref set size:18473 disposed:false
1698 silly fetch manifest typed-array-byte-offset@^1.0.4
1699 silly packumentCache full:https://registry.npmjs.org/typed-array-byte-offset cache-miss
1700 http cache https://registry.npmjs.org/is-string 112ms (cache hit)
1701 silly packumentCache full:https://registry.npmjs.org/is-string set size:29636 disposed:false
1702 silly fetch manifest typed-array-length@^1.0.7
1703 silly packumentCache full:https://registry.npmjs.org/typed-array-length cache-miss
1704 http cache https://registry.npmjs.org/safe-array-concat 99ms (cache hit)
1705 silly packumentCache full:https://registry.npmjs.org/safe-array-concat set size:25516 disposed:false
1706 silly fetch manifest unbox-primitive@^1.1.0
1707 silly packumentCache full:https://registry.npmjs.org/unbox-primitive cache-miss
1708 http cache https://registry.npmjs.org/is-typed-array 116ms (cache hit)
1709 silly packumentCache full:https://registry.npmjs.org/is-typed-array set size:79965 disposed:false
1710 silly fetch manifest which-typed-array@^1.1.19
1711 silly packumentCache full:https://registry.npmjs.org/which-typed-array cache-miss
1712 http cache https://registry.npmjs.org/safe-push-apply 104ms (cache hit)
1713 silly packumentCache full:https://registry.npmjs.org/safe-push-apply set size:5759 disposed:false
1714 silly fetch manifest functions-have-names@^1.2.3
1715 silly packumentCache full:https://registry.npmjs.org/functions-have-names cache-miss
1716 http cache https://registry.npmjs.org/object.assign 117ms (cache hit)
1717 silly packumentCache full:https://registry.npmjs.org/object.assign set size:85907 disposed:false
1718 silly fetch manifest side-channel-list@^1.0.1
1719 silly packumentCache full:https://registry.npmjs.org/side-channel-list cache-miss
1720 http cache https://registry.npmjs.org/own-keys 118ms (cache hit)
1721 silly packumentCache full:https://registry.npmjs.org/own-keys set size:11888 disposed:false
1722 http cache https://registry.npmjs.org/safe-regex-test 109ms (cache hit)
1723 silly packumentCache full:https://registry.npmjs.org/safe-regex-test set size:17412 disposed:false
1724 http cache https://registry.npmjs.org/set-proto 110ms (cache hit)
1725 silly packumentCache full:https://registry.npmjs.org/set-proto set size:5334 disposed:false
1726 http cache https://registry.npmjs.org/stop-iteration-iterator 107ms (cache hit)
1727 silly packumentCache full:https://registry.npmjs.org/stop-iteration-iterator set size:9160 disposed:false
1728 http cache https://registry.npmjs.org/string.prototype.trim 101ms (cache hit)
1729 silly packumentCache full:https://registry.npmjs.org/string.prototype.trim set size:57416 disposed:false
1730 http cache https://registry.npmjs.org/string.prototype.trimstart 99ms (cache hit)
1731 silly packumentCache full:https://registry.npmjs.org/string.prototype.trimstart set size:38291 disposed:false
1732 http cache https://registry.npmjs.org/string.prototype.trimend 108ms (cache hit)
1733 silly packumentCache full:https://registry.npmjs.org/string.prototype.trimend set size:44009 disposed:false
1734 http cache https://registry.npmjs.org/typed-array-buffer 100ms (cache hit)
1735 silly packumentCache full:https://registry.npmjs.org/typed-array-buffer set size:14045 disposed:false
1736 http cache https://registry.npmjs.org/typed-array-byte-length 99ms (cache hit)
1737 silly packumentCache full:https://registry.npmjs.org/typed-array-byte-length set size:18382 disposed:false
1738 http cache https://registry.npmjs.org/typed-array-length 92ms (cache hit)
1739 silly packumentCache full:https://registry.npmjs.org/typed-array-length set size:35665 disposed:false
1740 http cache https://registry.npmjs.org/typed-array-byte-offset 98ms (cache hit)
1741 silly packumentCache full:https://registry.npmjs.org/typed-array-byte-offset set size:21714 disposed:false
1742 http cache https://registry.npmjs.org/unbox-primitive 93ms (cache hit)
1743 silly packumentCache full:https://registry.npmjs.org/unbox-primitive set size:15669 disposed:false
1744 http cache https://registry.npmjs.org/which-typed-array 90ms (cache hit)
1745 silly packumentCache full:https://registry.npmjs.org/which-typed-array set size:101551 disposed:false
1746 http cache https://registry.npmjs.org/functions-have-names 90ms (cache hit)
1747 silly packumentCache full:https://registry.npmjs.org/functions-have-names set size:24196 disposed:false
1748 http cache https://registry.npmjs.org/side-channel-list 87ms (cache hit)
1749 silly packumentCache full:https://registry.npmjs.org/side-channel-list set size:9021 disposed:false
1750 silly placeDep ROOT call-bind-apply-helpers@1.0.2 REPLACE for: call-bind@1.0.9 want: ^1.0.2
1751 silly placeDep ROOT array-buffer-byte-length@1.0.2 OK for: es-abstract@1.24.2 want: ^1.0.2
1752 silly placeDep ROOT arraybuffer.prototype.slice@1.0.4 OK for: es-abstract@1.24.2 want: ^1.0.4
1753 silly placeDep ROOT available-typed-arrays@1.0.7 OK for: es-abstract@1.24.2 want: ^1.0.7
1754 silly placeDep ROOT data-view-buffer@1.0.2 OK for: es-abstract@1.24.2 want: ^1.0.2
1755 silly placeDep ROOT data-view-byte-length@1.0.2 OK for: es-abstract@1.24.2 want: ^1.0.2
1756 silly placeDep ROOT data-view-byte-offset@1.0.1 OK for: es-abstract@1.24.2 want: ^1.0.1
1757 silly placeDep ROOT es-to-primitive@1.3.4 OK for: es-abstract@1.24.2 want: ^1.3.0
1758 silly placeDep ROOT function.prototype.name@1.2.0 OK for: es-abstract@1.24.2 want: ^1.1.8
1759 silly placeDep ROOT get-symbol-description@1.1.0 OK for: es-abstract@1.24.2 want: ^1.1.0
1760 silly placeDep ROOT globalthis@1.0.4 OK for: es-abstract@1.24.2 want: ^1.0.4
1761 silly placeDep ROOT has-proto@1.2.0 OK for: es-abstract@1.24.2 want: ^1.2.0
1762 silly placeDep ROOT is-array-buffer@3.0.5 OK for: es-abstract@1.24.2 want: ^3.0.5
1763 silly placeDep ROOT is-callable@1.2.7 OK for: es-abstract@1.24.2 want: ^1.2.7
1764 silly placeDep ROOT is-data-view@1.0.2 OK for: es-abstract@1.24.2 want: ^1.0.2
1765 silly placeDep ROOT is-negative-zero@2.0.3 OK for: es-abstract@1.24.2 want: ^2.0.3
1766 silly placeDep ROOT is-regex@1.2.1 OK for: es-abstract@1.24.2 want: ^1.2.1
1767 silly placeDep ROOT is-set@2.0.3 OK for: es-abstract@1.24.2 want: ^2.0.3
1768 silly placeDep ROOT is-shared-array-buffer@1.0.4 OK for: es-abstract@1.24.2 want: ^1.0.4
1769 silly placeDep ROOT is-string@1.1.1 OK for: es-abstract@1.24.2 want: ^1.1.1
1770 silly placeDep ROOT is-typed-array@1.1.15 OK for: es-abstract@1.24.2 want: ^1.1.15
1771 silly placeDep ROOT is-weakref@1.1.1 OK for: es-abstract@1.24.2 want: ^1.1.1
1772 silly placeDep ROOT object.assign@4.1.7 OK for: es-abstract@1.24.2 want: ^4.1.7
1773 silly placeDep ROOT own-keys@1.0.2 OK for: es-abstract@1.24.2 want: ^1.0.1
1774 silly placeDep ROOT safe-array-concat@1.1.4 OK for: es-abstract@1.24.2 want: ^1.1.3
1775 silly placeDep ROOT safe-push-apply@1.0.0 OK for: es-abstract@1.24.2 want: ^1.0.0
1776 silly placeDep ROOT safe-regex-test@1.1.0 OK for: es-abstract@1.24.2 want: ^1.1.0
1777 silly placeDep ROOT set-proto@1.0.0 OK for: es-abstract@1.24.2 want: ^1.0.0
1778 silly placeDep ROOT stop-iteration-iterator@1.1.0 OK for: es-abstract@1.24.2 want: ^1.1.0
1779 silly placeDep ROOT string.prototype.trim@1.2.11 OK for: es-abstract@1.24.2 want: ^1.2.10
1780 silly placeDep ROOT string.prototype.trimend@1.0.10 OK for: es-abstract@1.24.2 want: ^1.0.9
1781 silly placeDep ROOT string.prototype.trimstart@1.0.8 OK for: es-abstract@1.24.2 want: ^1.0.8
1782 silly placeDep ROOT typed-array-buffer@1.0.3 OK for: es-abstract@1.24.2 want: ^1.0.3
1783 silly placeDep ROOT typed-array-byte-length@1.0.3 OK for: es-abstract@1.24.2 want: ^1.0.3
1784 silly placeDep ROOT typed-array-byte-offset@1.0.4 OK for: es-abstract@1.24.2 want: ^1.0.4
1785 silly placeDep ROOT typed-array-length@1.0.8 OK for: es-abstract@1.24.2 want: ^1.0.7
1786 silly placeDep ROOT unbox-primitive@1.1.0 OK for: es-abstract@1.24.2 want: ^1.1.0
1787 silly placeDep ROOT which-typed-array@1.1.22 OK for: es-abstract@1.24.2 want: ^1.1.19
1788 silly fetch manifest is-array-buffer@^3.0.4
1789 silly packumentCache full:https://registry.npmjs.org/is-array-buffer cache-hit
1790 silly fetch manifest possible-typed-array-names@^1.0.0
1791 silly packumentCache full:https://registry.npmjs.org/possible-typed-array-names cache-miss
1792 silly fetch manifest is-data-view@^1.0.1
1793 silly packumentCache full:https://registry.npmjs.org/is-data-view cache-hit
1794 silly fetch manifest is-symbol@^1.1.1
1795 silly packumentCache full:https://registry.npmjs.org/is-symbol cache-miss
1796 silly fetch manifest is-date-object@^1.1.0
1797 silly packumentCache full:https://registry.npmjs.org/is-date-object cache-miss
1798 silly fetch manifest es-abstract-get@^1.0.0
1799 silly packumentCache full:https://registry.npmjs.org/es-abstract-get cache-miss
1800 silly fetch manifest hasown@^2.0.4
1801 silly packumentCache full:https://registry.npmjs.org/hasown cache-miss
1802 silly fetch manifest is-document.all@^1.0.0
1803 silly packumentCache full:https://registry.npmjs.org/is-document.all cache-miss
1804 silly fetch manifest is-typed-array@^1.1.13
1805 silly packumentCache full:https://registry.npmjs.org/is-typed-array cache-hit
1806 silly fetch manifest which-typed-array@^1.1.16
1807 silly packumentCache full:https://registry.npmjs.org/which-typed-array cache-hit
1808 silly fetch manifest for-each@^0.3.3
1809 silly packumentCache full:https://registry.npmjs.org/for-each cache-miss
1810 silly fetch manifest for-each@^0.3.3
1811 silly packumentCache full:https://registry.npmjs.org/for-each cache-miss
1812 silly fetch manifest reflect.getprototypeof@^1.0.9
1813 silly packumentCache full:https://registry.npmjs.org/reflect.getprototypeof cache-miss
1814 silly fetch manifest for-each@^0.3.5
1815 silly packumentCache full:https://registry.npmjs.org/for-each cache-miss
1816 silly fetch manifest possible-typed-array-names@^1.1.0
1817 silly packumentCache full:https://registry.npmjs.org/possible-typed-array-names cache-miss
1818 silly fetch manifest reflect.getprototypeof@^1.0.10
1819 silly packumentCache full:https://registry.npmjs.org/reflect.getprototypeof cache-miss
1820 silly fetch manifest has-bigints@^1.0.2
1821 silly packumentCache full:https://registry.npmjs.org/has-bigints cache-miss
1822 silly fetch manifest which-boxed-primitive@^1.1.1
1823 silly packumentCache full:https://registry.npmjs.org/which-boxed-primitive cache-miss
1824 silly fetch manifest for-each@^0.3.5
1825 silly packumentCache full:https://registry.npmjs.org/for-each cache-miss
1826 http cache https://registry.npmjs.org/possible-typed-array-names 78ms (cache hit)
1827 silly packumentCache full:https://registry.npmjs.org/possible-typed-array-names set size:9167 disposed:false
1828 http cache https://registry.npmjs.org/is-document.all 71ms (cache hit)
1829 silly packumentCache full:https://registry.npmjs.org/is-document.all set size:5283 disposed:false
1830 http cache https://registry.npmjs.org/is-date-object 80ms (cache hit)
1831 silly packumentCache full:https://registry.npmjs.org/is-date-object set size:25050 disposed:false
1832 http cache https://registry.npmjs.org/es-abstract-get 80ms (cache hit)
1833 silly packumentCache full:https://registry.npmjs.org/es-abstract-get set size:7156 disposed:false
1834 http cache https://registry.npmjs.org/hasown 81ms (cache hit)
1835 silly packumentCache full:https://registry.npmjs.org/hasown set size:18361 disposed:false
1836 http cache https://registry.npmjs.org/reflect.getprototypeof 73ms (cache hit)
1837 silly packumentCache full:https://registry.npmjs.org/reflect.getprototypeof set size:44083 disposed:false
1838 http cache https://registry.npmjs.org/has-bigints 65ms (cache hit)
1839 silly packumentCache full:https://registry.npmjs.org/has-bigints set size:14176 disposed:false
1840 http cache https://registry.npmjs.org/which-boxed-primitive 63ms (cache hit)
1841 silly packumentCache full:https://registry.npmjs.org/which-boxed-primitive set size:19407 disposed:false
1842 http cache https://registry.npmjs.org/is-symbol 91ms (cache hit)
1843 silly packumentCache full:https://registry.npmjs.org/is-symbol set size:22675 disposed:false
1844 http cache https://registry.npmjs.org/possible-typed-array-names 76ms (cache hit)
1845 silly packumentCache full:https://registry.npmjs.org/possible-typed-array-names set size:9167 disposed:false
1846 silly packumentCache full:https://registry.npmjs.org/possible-typed-array-names dispose
1847 http cache https://registry.npmjs.org/for-each 83ms (cache hit)
1848 silly packumentCache full:https://registry.npmjs.org/for-each set size:14327 disposed:false
1849 http cache https://registry.npmjs.org/reflect.getprototypeof 79ms (cache hit)
1850 silly packumentCache full:https://registry.npmjs.org/reflect.getprototypeof set size:44083 disposed:false
1851 silly packumentCache full:https://registry.npmjs.org/reflect.getprototypeof dispose
1852 http cache https://registry.npmjs.org/for-each 88ms (cache hit)
1853 silly packumentCache full:https://registry.npmjs.org/for-each set size:14327 disposed:false
1854 silly packumentCache full:https://registry.npmjs.org/for-each dispose
1855 http cache https://registry.npmjs.org/for-each 94ms (cache hit)
1856 silly packumentCache full:https://registry.npmjs.org/for-each set size:14327 disposed:true
1857 silly packumentCache full:https://registry.npmjs.org/for-each dispose
1858 http cache https://registry.npmjs.org/for-each 76ms (cache hit)
1859 silly packumentCache full:https://registry.npmjs.org/for-each set size:14327 disposed:true
1860 silly packumentCache full:https://registry.npmjs.org/for-each dispose
1861 silly placeDep ROOT possible-typed-array-names@1.1.0 OK for: available-typed-arrays@1.0.7 want: ^1.0.0
1862 silly placeDep ROOT es-abstract-get@1.0.0 OK for: es-to-primitive@1.3.4 want: ^1.0.0
1863 silly placeDep ROOT is-date-object@1.1.0 OK for: es-to-primitive@1.3.4 want: ^1.1.0
1864 silly placeDep ROOT is-symbol@1.1.1 OK for: es-to-primitive@1.3.4 want: ^1.1.1
1865 silly placeDep ROOT functions-have-names@1.2.3 OK for: function.prototype.name@1.2.0 want: ^1.2.3
1866 silly placeDep ROOT hasown@2.0.4 REPLACE for: function.prototype.name@1.2.0 want: ^2.0.4
1867 silly placeDep ROOT is-document.all@1.0.0 OK for: function.prototype.name@1.2.0 want: ^1.0.0
1868 silly placeDep ROOT side-channel-list@1.0.1 OK for: side-channel@1.1.1 want: ^1.0.1
1869 silly placeDep ROOT get-own-enumerable-property-symbols@3.0.2 OK for: stringify-object@3.3.0 want: ^3.0.0
1870 silly placeDep node_modules/stringify-object is-obj@1.0.1 OK for: stringify-object@3.3.0 want: ^1.0.1
1871 silly placeDep ROOT is-regexp@1.0.0 OK for: stringify-object@3.3.0 want: ^1.0.0
1872 silly placeDep ROOT temp-dir@2.0.0 OK for: tempy@0.6.0 want: ^2.0.0
1873 silly placeDep ROOT type-fest@0.16.0 OK for: tempy@0.6.0 want: ^0.16.0
1874 silly placeDep ROOT for-each@0.3.5 OK for: typed-array-byte-length@1.0.3 want: ^0.3.3
1875 silly placeDep ROOT reflect.getprototypeof@1.0.10 OK for: typed-array-byte-offset@1.0.4 want: ^1.0.9
1876 silly fetch manifest which-builtin-type@^1.2.1
1877 silly packumentCache full:https://registry.npmjs.org/which-builtin-type cache-miss
1878 http cache https://registry.npmjs.org/which-builtin-type 8ms (cache hit)
1879 silly packumentCache full:https://registry.npmjs.org/which-builtin-type set size:39107 disposed:false
1880 silly placeDep ROOT which-builtin-type@1.2.1 OK for: reflect.getprototypeof@1.0.10 want: ^1.2.1
1881 silly fetch manifest is-async-function@^2.0.0
1882 silly packumentCache full:https://registry.npmjs.org/is-async-function cache-miss
1883 silly fetch manifest is-finalizationregistry@^1.1.0
1884 silly packumentCache full:https://registry.npmjs.org/is-finalizationregistry cache-miss
1885 silly fetch manifest is-generator-function@^1.0.10
1886 silly packumentCache full:https://registry.npmjs.org/is-generator-function cache-miss
1887 silly fetch manifest which-boxed-primitive@^1.1.0
1888 silly packumentCache full:https://registry.npmjs.org/which-boxed-primitive cache-hit
1889 silly fetch manifest which-collection@^1.0.2
1890 silly packumentCache full:https://registry.npmjs.org/which-collection cache-miss
1891 http cache https://registry.npmjs.org/is-async-function 22ms (cache hit)
1892 silly packumentCache full:https://registry.npmjs.org/is-async-function set size:51614 disposed:false
1893 http cache https://registry.npmjs.org/is-finalizationregistry 24ms (cache hit)
1894 silly packumentCache full:https://registry.npmjs.org/is-finalizationregistry set size:19800 disposed:false
1895 http cache https://registry.npmjs.org/which-collection 22ms (cache hit)
1896 silly packumentCache full:https://registry.npmjs.org/which-collection set size:13607 disposed:false
1897 http cache https://registry.npmjs.org/is-generator-function 26ms (cache hit)
1898 silly packumentCache full:https://registry.npmjs.org/is-generator-function set size:44643 disposed:false
1899 silly placeDep ROOT has-bigints@1.1.0 OK for: unbox-primitive@1.1.0 want: ^1.0.2
1900 silly placeDep ROOT which-boxed-primitive@1.1.1 OK for: unbox-primitive@1.1.0 want: ^1.1.1
1901 silly fetch manifest is-bigint@^1.1.0
1902 silly packumentCache full:https://registry.npmjs.org/is-bigint cache-miss
1903 silly fetch manifest is-boolean-object@^1.2.1
1904 silly packumentCache full:https://registry.npmjs.org/is-boolean-object cache-miss
1905 silly fetch manifest is-number-object@^1.1.1
1906 silly packumentCache full:https://registry.npmjs.org/is-number-object cache-miss
1907 http cache https://registry.npmjs.org/is-number-object 11ms (cache hit)
1908 silly packumentCache full:https://registry.npmjs.org/is-number-object set size:31189 disposed:false
1909 http cache https://registry.npmjs.org/is-bigint 15ms (cache hit)
1910 silly packumentCache full:https://registry.npmjs.org/is-bigint set size:20283 disposed:false
1911 http cache https://registry.npmjs.org/is-boolean-object 15ms (cache hit)
1912 silly packumentCache full:https://registry.npmjs.org/is-boolean-object set size:31341 disposed:false
1913 silly placeDep ROOT unicode-canonical-property-names-ecmascript@2.0.1 OK for: unicode-match-property-ecmascript@2.0.0 want: ^2.0.0
1914 silly placeDep ROOT unicode-property-aliases-ecmascript@2.2.0 OK for: unicode-match-property-ecmascript@2.0.0 want: ^2.0.0
1915 silly placeDep ROOT is-bigint@1.1.0 OK for: which-boxed-primitive@1.1.1 want: ^1.1.0
1916 silly placeDep ROOT is-boolean-object@1.2.2 OK for: which-boxed-primitive@1.1.1 want: ^1.2.1
1917 silly placeDep ROOT is-number-object@1.1.1 OK for: which-boxed-primitive@1.1.1 want: ^1.1.1
1918 silly placeDep ROOT is-async-function@2.1.1 OK for: which-builtin-type@1.2.1 want: ^2.0.0
1919 silly placeDep ROOT is-finalizationregistry@1.1.1 OK for: which-builtin-type@1.2.1 want: ^1.1.0
1920 silly placeDep ROOT is-generator-function@1.1.2 OK for: which-builtin-type@1.2.1 want: ^1.0.10
1921 silly placeDep ROOT which-collection@1.0.2 OK for: which-builtin-type@1.2.1 want: ^1.0.2
1922 silly fetch manifest async-function@^1.0.0
1923 silly packumentCache full:https://registry.npmjs.org/async-function cache-miss
1924 silly fetch manifest generator-function@^2.0.0
1925 silly packumentCache full:https://registry.npmjs.org/generator-function cache-miss
1926 silly fetch manifest is-map@^2.0.3
1927 silly packumentCache full:https://registry.npmjs.org/is-map cache-miss
1928 silly fetch manifest is-weakmap@^2.0.2
1929 silly packumentCache full:https://registry.npmjs.org/is-weakmap cache-miss
1930 silly fetch manifest is-weakset@^2.0.3
1931 silly packumentCache full:https://registry.npmjs.org/is-weakset cache-miss
1932 http cache https://registry.npmjs.org/async-function 30ms (cache hit)
1933 silly packumentCache full:https://registry.npmjs.org/async-function set size:7150 disposed:false
1934 http cache https://registry.npmjs.org/is-weakmap 29ms (cache hit)
1935 silly packumentCache full:https://registry.npmjs.org/is-weakmap set size:15163 disposed:false
1936 http cache https://registry.npmjs.org/is-map 32ms (cache hit)
1937 silly packumentCache full:https://registry.npmjs.org/is-map set size:18079 disposed:false
1938 http cache https://registry.npmjs.org/generator-function 37ms (cache hit)
1939 silly packumentCache full:https://registry.npmjs.org/generator-function set size:10401 disposed:false
1940 http cache https://registry.npmjs.org/is-weakset 36ms (cache hit)
1941 silly packumentCache full:https://registry.npmjs.org/is-weakset set size:21965 disposed:false
1942 silly placeDep ROOT async-function@1.0.0 OK for: is-async-function@2.1.1 want: ^1.0.0
1943 silly placeDep ROOT generator-function@2.0.1 OK for: is-generator-function@1.1.2 want: ^2.0.0
1944 silly placeDep ROOT is-map@2.0.3 OK for: which-collection@1.0.2 want: ^2.0.3
1945 silly placeDep ROOT is-weakmap@2.0.2 OK for: which-collection@1.0.2 want: ^2.0.2
1946 silly placeDep ROOT is-weakset@2.0.4 OK for: which-collection@1.0.2 want: ^2.0.3
1947 silly placeDep ROOT @types/trusted-types@2.0.7 OK for: workbox-window@6.6.0 want: ^2.0.2
1948 silly placeDep node_modules/@babel/core ms@2.1.3 OK for: debug@4.4.3 want: ^2.1.3
1949 silly placeDep node_modules/@babel/helper-compilation-targets yallist@3.1.1 OK for: lru-cache@5.1.1 want: ^3.0.2
1950 silly placeDep node_modules/@babel/helper-define-polyfill-provider ms@2.1.3 OK for: debug@4.4.3 want: ^2.1.3
1951 silly placeDep node_modules/@babel/traverse ms@2.1.3 OK for: debug@4.4.3 want: ^2.1.3
1952 silly fetch manifest pify@^2.0.0
1953 silly packumentCache full:https://registry.npmjs.org/pify cache-hit
1954 silly placeDep node_modules/del array-union@1.0.2 OK for: globby@6.1.0 want: ^1.0.1
1955 silly placeDep node_modules/del glob@7.2.3 OK for: globby@6.1.0 want: ^7.0.3
1956 silly placeDep node_modules/del/node_modules/globby pify@2.3.0 OK for: globby@6.1.0 want: ^2.0.0
1957 silly placeDep ROOT pinkie-promise@2.0.1 OK for: globby@6.1.0 want: ^2.0.0
1958 silly fetch manifest array-uniq@^1.0.1
1959 silly packumentCache full:https://registry.npmjs.org/array-uniq cache-miss
1960 silly fetch manifest pinkie@^2.0.0
1961 silly packumentCache full:https://registry.npmjs.org/pinkie cache-miss
1962 http cache https://registry.npmjs.org/array-uniq 19ms (cache hit)
1963 silly packumentCache full:https://registry.npmjs.org/array-uniq set size:17812 disposed:false
1964 http cache https://registry.npmjs.org/pinkie 19ms (cache hit)
1965 silly packumentCache full:https://registry.npmjs.org/pinkie set size:15061 disposed:false
1966 silly placeDep ROOT pinkie@2.0.4 OK for: pinkie-promise@2.0.1 want: ^2.0.0
1967 silly placeDep ROOT array-uniq@1.0.3 OK for: array-union@1.0.2 want: ^1.0.1
1968 silly placeDep node_modules/del minimatch@3.1.5 OK for: glob@7.2.3 want: ^3.1.1
1969 silly fetch manifest brace-expansion@^1.1.7
1970 silly packumentCache full:https://registry.npmjs.org/brace-expansion cache-miss
1971 http cache https://registry.npmjs.org/brace-expansion 8ms (cache hit)
1972 silly packumentCache full:https://registry.npmjs.org/brace-expansion set size:101024 disposed:false
1973 silly placeDep node_modules/del brace-expansion@1.1.18 OK for: minimatch@3.1.5 want: ^1.1.7
1974 silly fetch manifest ajv@^8.9.0
1975 silly packumentCache full:https://registry.npmjs.org/ajv cache-miss
1976 http cache https://registry.npmjs.org/ajv 12ms (cache hit)
1977 silly packumentCache full:https://registry.npmjs.org/ajv set size:1142658 disposed:false
1978 silly placeDep node_modules/minimizer-webpack-plugin ajv-formats@2.1.1 OK for: schema-utils@4.3.3 want: ^2.1.1
1979 silly placeDep ROOT ajv-keywords@5.1.0 OK for: schema-utils@4.3.3 want: ^5.1.0
1980 silly placeDep ROOT p-try@2.2.0 OK for: p-limit@2.3.0 want: ^2.0.0
1981 silly placeDep node_modules/schema-utils json-schema-traverse@0.4.1 OK for: ajv@6.15.0 want: ^0.4.1
1982 silly placeDep node_modules/terser-webpack-plugin ajv-formats@2.1.1 OK for: schema-utils@4.3.3 want: ^2.1.1
1983 silly placeDep node_modules/webpack ajv-formats@2.1.1 OK for: schema-utils@4.3.3 want: ^2.1.1
1984 silly placeDep node_modules/workbox-build minimatch@3.1.5 OK for: glob@7.2.3 want: ^3.1.1
1985 silly placeDep node_modules/workbox-build brace-expansion@1.1.18 OK for: minimatch@3.1.5 want: ^1.1.7
1986 silly placeDep ROOT source-list-map@2.0.1 OK for: webpack-sources@1.4.3 want: ^2.0.0
1987 silly reify mark retired [
1987 silly reify   'D:\\Job_Portal\\node_modules\\acorn',
1987 silly reify   'D:\\Job_Portal\\node_modules\\.bin\\acorn',
1987 silly reify   'D:\\Job_Portal\\node_modules\\.bin\\acorn.cmd',
1987 silly reify   'D:\\Job_Portal\\node_modules\\.bin\\acorn.ps1'
1987 silly reify ]
1988 silly reify mark retired [ 'D:\\Job_Portal\\node_modules\\call-bind' ]
1989 silly reify mark retired [ 'D:\\Job_Portal\\node_modules\\call-bind-apply-helpers' ]
1990 silly reify mark retired [ 'D:\\Job_Portal\\node_modules\\call-bound' ]
1991 silly reify mark retired [ 'D:\\Job_Portal\\node_modules\\caniuse-lite' ]
1992 silly reify mark retired [ 'D:\\Job_Portal\\node_modules\\es-object-atoms' ]
1993 silly reify mark retired [ 'D:\\Job_Portal\\node_modules\\get-intrinsic' ]
1994 silly reify mark retired [ 'D:\\Job_Portal\\node_modules\\hasown' ]
1995 silly reify mark retired [
1995 silly reify   'D:\\Job_Portal\\node_modules\\resolve',
1995 silly reify   'D:\\Job_Portal\\node_modules\\.bin\\resolve',
1995 silly reify   'D:\\Job_Portal\\node_modules\\.bin\\resolve.cmd',
1995 silly reify   'D:\\Job_Portal\\node_modules\\.bin\\resolve.ps1'
1995 silly reify ]
1996 silly reify mark retired [ 'D:\\Job_Portal\\node_modules\\side-channel-list' ]
1997 silly reify mark retired [ 'D:\\Job_Portal\\node_modules\\side-channel' ]
1998 silly reify mark retired [ 'D:\\Job_Portal\\node_modules\\@jridgewell\\gen-mapping' ]
1999 silly reify mark retired [ 'D:\\Job_Portal\\node_modules\\@jridgewell\\trace-mapping' ]
2000 silly reify mark retired [ 'D:\\Job_Portal\\node_modules\\@jridgewell\\set-array' ]
2001 silly reify moves {
2001 silly reify   'D:\\Job_Portal\\node_modules\\acorn': 'D:\\Job_Portal\\node_modules\\.acorn-BVqQHgNb',
2001 silly reify   'D:\\Job_Portal\\node_modules\\.bin\\acorn': 'D:\\Job_Portal\\node_modules\\.bin\\.acorn-mJUdzV77',
2001 silly reify   'D:\\Job_Portal\\node_modules\\.bin\\acorn.cmd': 'D:\\Job_Portal\\node_modules\\.bin\\.acorn.cmd-xPXVubmQ',
2001 silly reify   'D:\\Job_Portal\\node_modules\\.bin\\acorn.ps1': 'D:\\Job_Portal\\node_modules\\.bin\\.acorn.ps1-o8DJyDl3',
2001 silly reify   'D:\\Job_Portal\\node_modules\\call-bind': 'D:\\Job_Portal\\node_modules\\.call-bind-6HTLmOHV',
2001 silly reify   'D:\\Job_Portal\\node_modules\\call-bind-apply-helpers': 'D:\\Job_Portal\\node_modules\\.call-bind-apply-helpers-eZ36mIGG',
2001 silly reify   'D:\\Job_Portal\\node_modules\\call-bound': 'D:\\Job_Portal\\node_modules\\.call-bound-gGFno8Ly',
2001 silly reify   'D:\\Job_Portal\\node_modules\\caniuse-lite': 'D:\\Job_Portal\\node_modules\\.caniuse-lite-pMrQ1bA4',
2001 silly reify   'D:\\Job_Portal\\node_modules\\es-object-atoms': 'D:\\Job_Portal\\node_modules\\.es-object-atoms-rydIjEap',
2001 silly reify   'D:\\Job_Portal\\node_modules\\get-intrinsic': 'D:\\Job_Portal\\node_modules\\.get-intrinsic-bkBWn0QG',
2001 silly reify   'D:\\Job_Portal\\node_modules\\hasown': 'D:\\Job_Portal\\node_modules\\.hasown-k7P8NiYV',
2001 silly reify   'D:\\Job_Portal\\node_modules\\resolve': 'D:\\Job_Portal\\node_modules\\.resolve-EOfhXWrh',
2001 silly reify   'D:\\Job_Portal\\node_modules\\.bin\\resolve': 'D:\\Job_Portal\\node_modules\\.bin\\.resolve-Kpu1egB2',
2001 silly reify   'D:\\Job_Portal\\node_modules\\.bin\\resolve.cmd': 'D:\\Job_Portal\\node_modules\\.bin\\.resolve.cmd-NVayVsny',
2001 silly reify   'D:\\Job_Portal\\node_modules\\.bin\\resolve.ps1': 'D:\\Job_Portal\\node_modules\\.bin\\.resolve.ps1-EdaG19yD',
2001 silly reify   'D:\\Job_Portal\\node_modules\\side-channel-list': 'D:\\Job_Portal\\node_modules\\.side-channel-list-B1YLhFEE',
2001 silly reify   'D:\\Job_Portal\\node_modules\\side-channel': 'D:\\Job_Portal\\node_modules\\.side-channel-epezmcGx',
2001 silly reify   'D:\\Job_Portal\\node_modules\\@jridgewell\\gen-mapping': 'D:\\Job_Portal\\node_modules\\@jridgewell\\.gen-mapping-djr3hJWZ',
2001 silly reify   'D:\\Job_Portal\\node_modules\\@jridgewell\\trace-mapping': 'D:\\Job_Portal\\node_modules\\@jridgewell\\.trace-mapping-rVfAPvMq',
2001 silly reify   'D:\\Job_Portal\\node_modules\\@jridgewell\\set-array': 'D:\\Job_Portal\\node_modules\\@jridgewell\\.set-array-17BkHnAc'
2001 silly reify }
2002 silly audit bulk request {
2002 silly audit   '@alloc/quick-lru': [ '5.2.0' ],
2002 silly audit   '@asteasolutions/zod-to-openapi': [ '7.3.4' ],
2002 silly audit   '@babel/runtime': [ '7.28.4' ],
2002 silly audit   '@cfworker/json-schema': [ '4.1.1' ],
2002 silly audit   '@colors/colors': [ '1.6.0' ],
2002 silly audit   '@dabh/diagnostics': [ '2.0.8' ],
2002 silly audit   '@date-fns/tz': [ '1.4.1' ],
2002 silly audit   '@emnapi/runtime': [ '1.7.1' ],
2002 silly audit   '@esbuild/aix-ppc64': [ '0.27.2' ],
2002 silly audit   '@esbuild/android-arm': [ '0.27.2' ],
2002 silly audit   '@esbuild/android-arm64': [ '0.27.2' ],
2002 silly audit   '@esbuild/android-x64': [ '0.27.2' ],
2002 silly audit   '@esbuild/darwin-arm64': [ '0.27.2' ],
2002 silly audit   '@esbuild/darwin-x64': [ '0.27.2' ],
2002 silly audit   '@esbuild/freebsd-arm64': [ '0.27.2' ],
2002 silly audit   '@esbuild/freebsd-x64': [ '0.27.2' ],
2002 silly audit   '@esbuild/linux-arm': [ '0.27.2' ],
2002 silly audit   '@esbuild/linux-arm64': [ '0.27.2' ],
2002 silly audit   '@esbuild/linux-ia32': [ '0.27.2' ],
2002 silly audit   '@esbuild/linux-loong64': [ '0.27.2' ],
2002 silly audit   '@esbuild/linux-mips64el': [ '0.27.2' ],
2002 silly audit   '@esbuild/linux-ppc64': [ '0.27.2' ],
2002 silly audit   '@esbuild/linux-riscv64': [ '0.27.2' ],
2002 silly audit   '@esbuild/linux-s390x': [ '0.27.2' ],
2002 silly audit   '@esbuild/linux-x64': [ '0.27.2' ],
2002 silly audit   '@esbuild/netbsd-arm64': [ '0.27.2' ],
2002 silly audit   '@esbuild/netbsd-x64': [ '0.27.2' ],
2002 silly audit   '@esbuild/openbsd-arm64': [ '0.27.2' ],
2002 silly audit   '@esbuild/openbsd-x64': [ '0.27.2' ],
2002 silly audit   '@esbuild/openharmony-arm64': [ '0.27.2' ],
2002 silly audit   '@esbuild/sunos-x64': [ '0.27.2' ],
2002 silly audit   '@esbuild/win32-arm64': [ '0.27.2' ],
2002 silly audit   '@esbuild/win32-ia32': [ '0.27.2' ],
2002 silly audit   '@esbuild/win32-x64': [ '0.27.2' ],
2002 silly audit   '@fastify/busboy': [ '3.2.0' ],
2002 silly audit   '@firebase/ai': [ '1.4.0' ],
2002 silly audit   '@firebase/analytics': [ '0.10.16' ],
2002 silly audit   '@firebase/analytics-compat': [ '0.2.22' ],
2002 silly audit   '@firebase/analytics-types': [ '0.8.3' ],
2002 silly audit   '@firebase/app': [ '0.13.1' ],
2002 silly audit   '@firebase/app-check': [ '0.10.0' ],
2002 silly audit   '@firebase/app-check-compat': [ '0.3.25' ],
2002 silly audit   '@firebase/app-check-interop-types': [ '0.3.3', '0.3.2' ],
2002 silly audit   '@firebase/app-check-types': [ '0.5.3' ],
2002 silly audit   '@firebase/app-compat': [ '0.4.1' ],
2002 silly audit   '@firebase/app-types': [ '0.9.3', '0.9.2' ],
2002 silly audit   '@firebase/auth-compat': [ '0.5.27' ],
2002 silly audit   '@firebase/auth': [ '1.10.7' ],
2002 silly audit   '@firebase/auth-interop-types': [ '0.2.4', '0.2.3' ],
2002 silly audit   '@firebase/auth-types': [ '0.13.0' ],
2002 silly audit   '@firebase/component': [ '0.6.17', '0.6.9' ],
2002 silly audit   '@firebase/data-connect': [ '0.3.9' ],
2002 silly audit   '@firebase/database': [ '1.0.19', '1.0.8' ],
2002 silly audit   '@firebase/database-compat': [ '2.0.10', '1.0.8' ],
2002 silly audit   '@firebase/database-types': [ '1.0.14', '1.0.5' ],
2002 silly audit   '@firebase/firestore': [ '4.7.17' ],
2002 silly audit   '@firebase/firestore-compat': [ '0.3.52' ],
2002 silly audit   '@firebase/firestore-types': [ '3.0.3' ],
2002 silly audit   '@grpc/grpc-js': [ '1.9.15', '1.14.3' ],
2002 silly audit   '@firebase/functions': [ '0.12.8' ],
2002 silly audit   '@firebase/functions-compat': [ '0.3.25' ],
2002 silly audit   '@firebase/functions-types': [ '0.6.3' ],
2002 silly audit   '@firebase/installations': [ '0.6.17' ],
2002 silly audit   '@firebase/installations-compat': [ '0.2.17' ],
2002 silly audit   '@firebase/installations-types': [ '0.5.3' ],
2002 silly audit   '@firebase/logger': [ '0.4.4', '0.4.2' ],
2002 silly audit   '@firebase/messaging': [ '0.12.21' ],
2002 silly audit   '@firebase/messaging-compat': [ '0.2.21' ],
2002 silly audit   '@firebase/messaging-interop-types': [ '0.2.3' ],
2002 silly audit   '@firebase/performance': [ '0.7.6' ],
2002 silly audit   '@firebase/performance-compat': [ '0.2.19' ],
2002 silly audit   '@firebase/performance-types': [ '0.2.3' ],
2002 silly audit   '@firebase/remote-config': [ '0.6.4' ],
2002 silly audit   '@firebase/remote-config-compat': [ '0.2.17' ],
2002 silly audit   '@firebase/remote-config-types': [ '0.4.0' ],
2002 silly audit   '@firebase/storage': [ '0.13.13' ],
2002 silly audit   '@firebase/storage-compat': [ '0.3.23' ],
2002 silly audit   '@firebase/storage-types': [ '0.8.3' ],
2002 silly audit   '@firebase/util': [ '1.12.0', '1.10.0' ],
2002 silly audit   '@firebase/webchannel-wrapper': [ '1.0.3' ],
2002 silly audit   '@floating-ui/core': [ '1.7.3' ],
2002 silly audit   '@floating-ui/dom': [ '1.7.4' ],
2002 silly audit   '@floating-ui/react-dom': [ '2.1.6' ],
2002 silly audit   '@floating-ui/utils': [ '0.2.10' ],
2002 silly audit   '@genkit-ai/ai': [ '1.28.0' ],
2002 silly audit   '@genkit-ai/core': [ '1.28.0' ],
2002 silly audit   '@genkit-ai/firebase': [ '1.28.0' ],
2002 silly audit   '@genkit-ai/google-cloud': [ '1.28.0' ],
2002 silly audit   '@genkit-ai/google-genai': [ '1.28.0' ],
2002 silly audit   '@genkit-ai/telemetry-server': [ '1.28.0' ],
2002 silly audit   '@genkit-ai/tools-common': [ '1.28.0' ],
2002 silly audit   commander: [ '11.1.0', '4.1.1', '2.20.3' ],
2002 silly audit   uuid: [ '9.0.1', '8.3.2', '10.0.0' ],
2002 silly audit   '@google-cloud/common': [ '5.0.2' ],
2002 silly audit   '@google-cloud/firestore': [ '7.11.6' ],
2002 silly audit   '@google-cloud/logging': [ '11.2.1' ],
2002 silly audit   '@google-cloud/logging-winston': [ '6.0.1' ],
2002 silly audit   '@google-cloud/modelarmor': [ '0.4.1' ],
2002 silly audit   '@grpc/proto-loader': [ '0.8.0', '0.7.13' ],
2002 silly audit   'agent-base': [ '6.0.2', '7.1.3' ],
2002 silly audit   debug: [ '4.4.3', '2.6.9', '4.4.0' ],
2002 silly audit   gaxios: [ '7.1.3', '6.7.1' ],
2002 silly audit   'gcp-metadata': [ '8.1.2', '6.1.1' ],
2002 silly audit   'google-auth-library': [ '10.5.0', '9.15.1' ],
2002 silly audit   'google-gax': [ '5.0.6', '4.6.1' ],
2002 silly audit   'google-logging-utils': [ '1.1.3', '0.0.2' ],
2002 silly audit   gtoken: [ '8.0.0', '7.1.0' ],
2002 silly audit   ms: [ '2.1.3', '2.0.0' ],
2002 silly audit   'proto3-json-serializer': [ '3.0.4', '2.0.2' ],
2002 silly audit   'retry-request': [ '8.0.2', '7.0.2' ],
2002 silly audit   rimraf: [ '5.0.10', '2.7.1' ],
2002 silly audit   'teeny-request': [ '10.1.0', '9.0.0' ],
2002 silly audit   'https-proxy-agent': [ '5.0.1', '7.0.6' ],
2002 silly audit   '@google-cloud/opentelemetry-cloud-monitoring-exporter': [ '0.19.0' ],
2002 silly audit   '@google-cloud/opentelemetry-cloud-trace-exporter': [ '2.4.1' ],
2002 silly audit   '@google-cloud/opentelemetry-resource-util': [ '2.4.0' ],
2002 silly audit   '@google-cloud/paginator': [ '5.0.2' ],
2002 silly audit   '@google-cloud/precise-date': [ '4.0.0' ],
2002 silly audit   '@google-cloud/projectify': [ '4.0.0' ],
2002 silly audit   '@google-cloud/promisify': [ '4.0.0' ],
2002 silly audit   '@google-cloud/storage': [ '7.18.0' ],
2002 silly audit   '@hookform/resolvers': [ '4.1.3' ],
2002 silly audit   '@img/colour': [ '1.0.0' ],
2002 silly audit   '@img/sharp-darwin-arm64': [ '0.34.5' ],
2002 silly audit   '@img/sharp-darwin-x64': [ '0.34.5' ],
2002 silly audit   '@img/sharp-libvips-darwin-arm64': [ '1.2.4' ],
2002 silly audit   '@img/sharp-libvips-darwin-x64': [ '1.2.4' ],
2002 silly audit   '@img/sharp-libvips-linux-arm': [ '1.2.4' ],
2002 silly audit   '@img/sharp-libvips-linux-arm64': [ '1.2.4' ],
2002 silly audit   '@img/sharp-libvips-linux-ppc64': [ '1.2.4' ],
2002 silly audit   '@img/sharp-libvips-linux-riscv64': [ '1.2.4' ],
2002 silly audit   '@img/sharp-libvips-linux-s390x': [ '1.2.4' ],
2002 silly audit   '@img/sharp-libvips-linux-x64': [ '1.2.4' ],
2002 silly audit   '@img/sharp-libvips-linuxmusl-arm64': [ '1.2.4' ],
2002 silly audit   '@img/sharp-libvips-linuxmusl-x64': [ '1.2.4' ],
2002 silly audit   '@img/sharp-linux-arm': [ '0.34.5' ],
2002 silly audit   '@img/sharp-linux-arm64': [ '0.34.5' ],
2002 silly audit   '@img/sharp-linux-ppc64': [ '0.34.5' ],
2002 silly audit   '@img/sharp-linux-riscv64': [ '0.34.5' ],
2002 silly audit   '@img/sharp-linux-s390x': [ '0.34.5' ],
2002 silly audit   '@img/sharp-linux-x64': [ '0.34.5' ],
2002 silly audit   '@img/sharp-linuxmusl-arm64': [ '0.34.5' ],
2002 silly audit   '@img/sharp-linuxmusl-x64': [ '0.34.5' ],
2002 silly audit   '@img/sharp-wasm32': [ '0.34.5' ],
2002 silly audit   '@img/sharp-win32-arm64': [ '0.34.5' ],
2002 silly audit   '@img/sharp-win32-ia32': [ '0.34.5' ],
2002 silly audit   '@img/sharp-win32-x64': [ '0.34.5' ],
2002 silly audit   '@inquirer/ansi': [ '1.0.2' ],
2002 silly audit   '@inquirer/checkbox': [ '4.3.2' ],
2002 silly audit   '@inquirer/confirm': [ '5.1.21' ],
2002 silly audit   '@inquirer/core': [ '10.3.2' ],
2002 silly audit   'ansi-regex': [ '5.0.1', '6.1.0' ],
2002 silly audit   'ansi-styles': [ '4.3.0', '6.2.1' ],
2002 silly audit   'emoji-regex': [ '8.0.0', '9.2.2' ],
2002 silly audit   'string-width': [ '4.2.3', '5.1.2' ],
2002 silly audit   'strip-ansi': [ '6.0.1', '7.1.0' ],
2002 silly audit   'wrap-ansi': [ '6.2.0', '7.0.0', '8.1.0' ],
2002 silly audit   '@inquirer/editor': [ '4.2.23' ],
2002 silly audit   '@inquirer/expand': [ '4.0.23' ],
2002 silly audit   '@inquirer/external-editor': [ '1.0.3' ],
2002 silly audit   'iconv-lite': [ '0.7.2', '0.6.3', '0.7.0', '0.4.24' ],
2002 silly audit   '@inquirer/figures': [ '1.0.15' ],
2002 silly audit   '@inquirer/input': [ '4.3.1' ],
2002 silly audit   '@inquirer/number': [ '3.0.23' ],
2002 silly audit   '@inquirer/password': [ '4.0.23' ],
2002 silly audit   '@inquirer/prompts': [ '7.10.1' ],
2002 silly audit   '@inquirer/rawlist': [ '4.1.11' ],
2002 silly audit   '@inquirer/search': [ '3.2.2' ],
2002 silly audit   '@inquirer/select': [ '4.4.2' ],
2002 silly audit   '@inquirer/type': [ '3.0.10' ],
2002 silly audit   '@isaacs/cliui': [ '8.0.2' ],
2002 silly audit   '@jridgewell/resolve-uri': [ '3.1.2' ],
2002 silly audit   '@jridgewell/sourcemap-codec': [ '1.5.0' ],
2002 silly audit   '@js-sdsl/ordered-map': [ '4.4.2' ],
2002 silly audit   '@jsep-plugin/assignment': [ '1.3.0' ],
2002 silly audit   '@jsep-plugin/regex': [ '1.0.4' ],
2002 silly audit   '@modelcontextprotocol/sdk': [ '1.18.2' ],
2002 silly audit   accepts: [ '2.0.0', '1.3.8' ],
2002 silly audit   ajv: [ '6.12.6', '8.17.1', '6.15.0' ],
2002 silly audit   'body-parser': [ '2.2.0', '1.20.3' ],
2002 silly audit   'content-disposition': [ '1.0.0', '0.5.4' ],
2002 silly audit   'cookie-signature': [ '1.2.2', '1.0.6' ],
2002 silly audit   express: [ '5.1.0', '4.21.2' ],
2002 silly audit   finalhandler: [ '2.1.0', '1.3.1' ],
2002 silly audit   fresh: [ '2.0.0', '0.5.2' ],
2002 silly audit   'json-schema-traverse': [ '0.4.1', '1.0.0' ],
2002 silly audit   'media-typer': [ '1.1.0', '0.3.0' ],
2002 silly audit   'merge-descriptors': [ '2.0.0', '1.0.3' ],
2002 silly audit   'mime-db': [ '1.54.0', '1.52.0' ],
2002 silly audit   'mime-types': [ '3.0.1', '2.1.35' ],
2002 silly audit   negotiator: [ '1.0.0', '0.6.3' ],
2002 silly audit   qs: [ '6.14.0', '6.13.0' ],
2002 silly audit   'raw-body': [ '3.0.1', '2.5.2' ],
2002 silly audit   send: [ '1.2.0', '0.19.0' ],
2002 silly audit   'serve-static': [ '2.2.0', '1.16.2' ],
2002 silly audit   'type-is': [ '2.0.1', '1.6.18' ],
2002 silly audit   '@next/env': [ '15.5.9' ],
2002 silly audit   '@next/swc-darwin-arm64': [ '15.5.7' ],
2002 silly audit   '@next/swc-darwin-x64': [ '15.5.7' ],
2002 silly audit   '@next/swc-linux-arm64-gnu': [ '15.5.7' ],
2002 silly audit   '@next/swc-linux-arm64-musl': [ '15.5.7' ],
2002 silly audit   '@next/swc-linux-x64-gnu': [ '15.5.7' ],
2002 silly audit   '@next/swc-linux-x64-musl': [ '15.5.7' ],
2002 silly audit   '@next/swc-win32-arm64-msvc': [ '15.5.7' ],
2002 silly audit   '@next/swc-win32-x64-msvc': [ '15.5.7' ],
2002 silly audit   '@nodelib/fs.scandir': [ '2.1.5' ],
2002 silly audit   '@nodelib/fs.stat': [ '2.0.5' ],
2002 silly audit   '@nodelib/fs.walk': [ '1.2.8' ],
2002 silly audit   '@opentelemetry/api': [ '1.9.0' ],
2002 silly audit   '@opentelemetry/api-logs': [ '0.52.1' ],
2002 silly audit   '@opentelemetry/auto-instrumentations-node': [ '0.49.2' ],
2002 silly audit   '@opentelemetry/context-async-hooks': [ '1.25.1' ],
2002 silly audit   '@opentelemetry/core': [ '1.25.1', '1.30.1' ],
2002 silly audit   '@opentelemetry/semantic-conventions': [ '1.25.1', '1.28.0', '1.39.0' ],
2002 silly audit   '@opentelemetry/exporter-jaeger': [ '1.30.1' ],
2002 silly audit   '@opentelemetry/resources': [ '1.30.1', '1.25.1' ],
2002 silly audit   '@opentelemetry/sdk-trace-base': [ '1.30.1', '1.25.1' ],
2002 silly audit   '@opentelemetry/exporter-trace-otlp-grpc': [ '0.52.1' ],
2002 silly audit   '@opentelemetry/exporter-trace-otlp-http': [ '0.52.1' ],
2002 silly audit   '@opentelemetry/exporter-trace-otlp-proto': [ '0.52.1' ],
2002 silly audit   '@opentelemetry/exporter-zipkin': [ '1.25.1' ],
2002 silly audit   '@opentelemetry/instrumentation': [ '0.52.1' ],
2002 silly audit   '@opentelemetry/instrumentation-amqplib': [ '0.41.0' ],
2002 silly audit   '@opentelemetry/instrumentation-aws-lambda': [ '0.43.0' ],
2002 silly audit   '@opentelemetry/instrumentation-aws-sdk': [ '0.43.1' ],
2002 silly audit   '@opentelemetry/instrumentation-bunyan': [ '0.40.0' ],
2002 silly audit   '@opentelemetry/instrumentation-cassandra-driver': [ '0.40.0' ],
2002 silly audit   '@opentelemetry/instrumentation-connect': [ '0.38.0' ],
2002 silly audit   '@opentelemetry/instrumentation-cucumber': [ '0.8.0' ],
2002 silly audit   '@opentelemetry/instrumentation-dataloader': [ '0.11.0' ],
2002 silly audit   '@opentelemetry/instrumentation-dns': [ '0.38.0' ],
2002 silly audit   '@opentelemetry/instrumentation-express': [ '0.41.1' ],
2002 silly audit   '@opentelemetry/instrumentation-fastify': [ '0.38.0' ],
2002 silly audit   '@opentelemetry/instrumentation-fs': [ '0.14.0' ],
2002 silly audit   '@opentelemetry/instrumentation-generic-pool': [ '0.38.1' ],
2002 silly audit   '@opentelemetry/instrumentation-graphql': [ '0.42.0' ],
2002 silly audit   '@opentelemetry/instrumentation-grpc': [ '0.52.1' ],
2002 silly audit   '@opentelemetry/instrumentation-hapi': [ '0.40.0' ],
2002 silly audit   '@opentelemetry/instrumentation-http': [ '0.52.1' ],
2002 silly audit   '@opentelemetry/instrumentation-ioredis': [ '0.42.0' ],
2002 silly audit   '@opentelemetry/instrumentation-kafkajs': [ '0.2.0' ],
2002 silly audit   '@opentelemetry/instrumentation-knex': [ '0.39.0' ],
2002 silly audit   '@opentelemetry/instrumentation-koa': [ '0.42.0' ],
2002 silly audit   '@opentelemetry/instrumentation-lru-memoizer': [ '0.39.0' ],
2002 silly audit   '@opentelemetry/instrumentation-memcached': [ '0.38.0' ],
2002 silly audit   '@opentelemetry/instrumentation-mongodb': [ '0.46.0' ],
2002 silly audit   '@opentelemetry/instrumentation-mongoose': [ '0.41.0' ],
2002 silly audit   '@opentelemetry/instrumentation-mysql': [ '0.40.0' ],
2002 silly audit   '@opentelemetry/instrumentation-mysql2': [ '0.40.0' ],
2002 silly audit   '@opentelemetry/instrumentation-nestjs-core': [ '0.39.0' ],
2002 silly audit   '@opentelemetry/instrumentation-net': [ '0.38.0' ],
2002 silly audit   '@opentelemetry/instrumentation-pg': [ '0.43.0' ],
2002 silly audit   '@opentelemetry/instrumentation-pino': [ '0.41.0' ],
2002 silly audit   '@opentelemetry/instrumentation-redis': [ '0.41.0' ],
2002 silly audit   '@opentelemetry/instrumentation-redis-4': [ '0.41.1' ],
2002 silly audit   '@opentelemetry/instrumentation-restify': [ '0.40.0' ],
2002 silly audit   '@opentelemetry/instrumentation-router': [ '0.39.0' ],
2002 silly audit   '@opentelemetry/instrumentation-socket.io': [ '0.41.0' ],
2002 silly audit   '@opentelemetry/instrumentation-tedious': [ '0.13.0' ],
2002 silly audit   '@opentelemetry/instrumentation-undici': [ '0.5.0' ],
2002 silly audit   '@opentelemetry/instrumentation-winston': [ '0.39.0' ],
2002 silly audit   '@opentelemetry/otlp-exporter-base': [ '0.52.1' ],
2002 silly audit   '@opentelemetry/otlp-grpc-exporter-base': [ '0.52.1' ],
2002 silly audit   '@opentelemetry/otlp-transformer': [ '0.52.1' ],
2002 silly audit   '@opentelemetry/propagation-utils': [ '0.30.16' ],
2002 silly audit   '@opentelemetry/propagator-aws-xray': [ '1.26.2' ],
2002 silly audit   '@opentelemetry/propagator-b3': [ '1.25.1' ],
2002 silly audit   '@opentelemetry/propagator-jaeger': [ '1.25.1' ],
2002 silly audit   '@opentelemetry/redis-common': [ '0.36.2' ],
2002 silly audit   '@opentelemetry/resource-detector-alibaba-cloud': [ '0.29.7' ],
2002 silly audit   '@opentelemetry/resource-detector-aws': [ '1.12.0' ],
2002 silly audit   '@opentelemetry/resource-detector-azure': [ '0.2.12' ],
2002 silly audit   '@opentelemetry/resource-detector-container': [ '0.4.4' ],
2002 silly audit   '@opentelemetry/resource-detector-gcp': [ '0.29.13' ],
2002 silly audit   '@opentelemetry/sdk-logs': [ '0.52.1' ],
2002 silly audit   '@opentelemetry/sdk-metrics': [ '1.25.1' ],
2002 silly audit   '@opentelemetry/sdk-node': [ '0.52.1' ],
2002 silly audit   '@opentelemetry/sdk-trace-node': [ '1.25.1' ],
2002 silly audit   '@opentelemetry/sql-common': [ '0.40.1' ],
2002 silly audit   '@pkgjs/parseargs': [ '0.11.0' ],
2002 silly audit   '@protobufjs/aspromise': [ '1.1.2' ],
2002 silly audit   '@protobufjs/base64': [ '1.1.2' ],
2002 silly audit   '@protobufjs/codegen': [ '2.0.4' ],
2002 silly audit   '@protobufjs/eventemitter': [ '1.1.0' ],
2002 silly audit   '@protobufjs/fetch': [ '1.1.0' ],
2002 silly audit   '@protobufjs/float': [ '1.0.2' ],
2002 silly audit   '@protobufjs/inquire': [ '1.1.0' ],
2002 silly audit   '@protobufjs/path': [ '1.1.2' ],
2002 silly audit   '@protobufjs/pool': [ '1.1.0' ],
2002 silly audit   '@protobufjs/utf8': [ '1.1.0' ],
2002 silly audit   '@radix-ui/number': [ '1.1.0' ],
2002 silly audit   '@radix-ui/primitive': [ '1.1.1', '1.1.2', '1.1.3' ],
2002 silly audit   '@radix-ui/react-accordion': [ '1.2.3' ],
2002 silly audit   '@radix-ui/react-collapsible': [ '1.1.3', '1.1.11' ],
2002 silly audit   '@radix-ui/react-alert-dialog': [ '1.1.6' ],
2002 silly audit   '@radix-ui/react-dialog': [ '1.1.6', '1.1.15' ],
2002 silly audit   '@radix-ui/react-dismissable-layer': [ '1.1.5', '1.1.11' ],
2002 silly audit   '@radix-ui/react-focus-scope': [ '1.1.2', '1.1.7' ],
2002 silly audit   '@radix-ui/react-portal': [ '1.1.4', '1.1.9' ],
2002 silly audit   '@radix-ui/react-slot': [ '1.1.2', '1.2.3' ],
2002 silly audit   '@radix-ui/react-use-escape-keydown': [ '1.1.0', '1.1.1' ],
2002 silly audit   '@radix-ui/react-arrow': [ '1.1.2' ],
2002 silly audit   '@radix-ui/react-avatar': [ '1.1.3' ],
2002 silly audit   '@radix-ui/react-checkbox': [ '1.1.4' ],
2002 silly audit   '@radix-ui/react-compose-refs': [ '1.1.2', '1.1.1' ],
2002 silly audit   '@radix-ui/react-context': [ '1.1.2', '1.1.1' ],
2002 silly audit   '@radix-ui/react-id': [ '1.1.1', '1.1.0' ],
2002 silly audit   '@radix-ui/react-presence': [ '1.1.4', '1.1.5', '1.1.2' ],
2002 silly audit   '@radix-ui/react-primitive': [ '2.1.3', '2.0.2' ],
2002 silly audit   '@radix-ui/react-use-controllable-state': [ '1.2.2', '1.1.0' ],
2002 silly audit   '@radix-ui/react-use-layout-effect': [ '1.1.1', '1.1.0' ],
2002 silly audit   '@radix-ui/react-collection': [ '1.1.2' ],
2002 silly audit   '@radix-ui/react-focus-guards': [ '1.1.3', '1.1.1' ],
2002 silly audit   '@radix-ui/react-direction': [ '1.1.0' ],
2002 silly audit   '@radix-ui/react-use-callback-ref': [ '1.1.1', '1.1.0' ],
2002 silly audit   '@radix-ui/react-dropdown-menu': [ '2.1.6' ],
2002 silly audit   '@radix-ui/react-label': [ '2.1.2' ],
2002 silly audit   '@radix-ui/react-menu': [ '2.1.6' ],
2002 silly audit   '@radix-ui/react-menubar': [ '1.1.6' ],
2002 silly audit   '@radix-ui/react-popover': [ '1.1.6' ],
2002 silly audit   '@radix-ui/react-popper': [ '1.2.2' ],
2002 silly audit   '@radix-ui/react-progress': [ '1.1.2' ],
2002 silly audit   '@radix-ui/react-radio-group': [ '1.2.3' ],
2002 silly audit   '@radix-ui/react-roving-focus': [ '1.1.2' ],
2002 silly audit   '@radix-ui/react-scroll-area': [ '1.2.3' ],
2002 silly audit   '@radix-ui/react-select': [ '2.1.6' ],
2002 silly audit   '@radix-ui/react-separator': [ '1.1.2' ],
2002 silly audit   '@radix-ui/react-slider': [ '1.2.3' ],
2002 silly audit   '@radix-ui/react-switch': [ '1.1.3' ],
2002 silly audit   '@radix-ui/react-tabs': [ '1.1.3' ],
2002 silly audit   '@radix-ui/react-toast': [ '1.2.6' ],
2002 silly audit   '@radix-ui/react-tooltip': [ '1.1.8' ],
2002 silly audit   '@radix-ui/react-use-effect-event': [ '0.0.2' ],
2002 silly audit   '@radix-ui/react-use-previous': [ '1.1.0' ],
2002 silly audit   '@radix-ui/react-use-rect': [ '1.1.0' ],
2002 silly audit   '@radix-ui/react-use-size': [ '1.1.0' ],
2002 silly audit   '@radix-ui/react-visually-hidden': [ '1.1.2' ],
2002 silly audit   '@radix-ui/rect': [ '1.1.0' ],
2002 silly audit   '@so-ric/colorspace': [ '1.1.6' ],
2002 silly audit   '@standard-schema/utils': [ '0.3.0' ],
2002 silly audit   '@swc/helpers': [ '0.5.15' ],
2002 silly audit   '@tootallnate/once': [ '2.0.0' ],
2002 silly audit   '@trpc/server': [ '10.45.4' ],
2002 silly audit   '@types/aws-lambda': [ '8.10.122' ],
2002 silly audit   '@types/bunyan': [ '1.8.9' ],
2002 silly audit   '@types/caseless': [ '0.12.5' ],
2002 silly audit   '@types/connect': [ '3.4.36' ],
2002 silly audit   '@types/d3-array': [ '3.2.1' ],
2002 silly audit   '@types/d3-color': [ '3.1.3' ],
2002 silly audit   '@types/d3-ease': [ '3.0.2' ],
2002 silly audit   '@types/d3-interpolate': [ '3.0.4' ],
2002 silly audit   '@types/d3-path': [ '3.1.1' ],
2002 silly audit   '@types/d3-scale': [ '4.0.9' ],
2002 silly audit   '@types/d3-shape': [ '3.1.7' ],
2002 silly audit   '@types/d3-time': [ '3.0.4' ],
2002 silly audit   '@types/d3-timer': [ '3.0.2' ],
2002 silly audit   '@types/json-schema': [ '7.0.15' ],
2002 silly audit   '@types/jsonwebtoken': [ '9.0.10' ],
2002 silly audit   '@types/long': [ '4.0.2' ],
2002 silly audit   '@types/memcached': [ '2.2.10' ],
2002 silly audit   '@types/ms': [ '2.1.0' ],
2002 silly audit   '@types/mysql': [ '2.15.22' ],
2002 silly audit   '@types/node': [ '20.17.17', '22.19.7' ],
2002 silly audit   '@types/pg': [ '8.6.1' ],
2002 silly audit   '@types/pg-pool': [ '2.0.4' ],
2002 silly audit   '@types/raf': [ '3.4.3' ],
2002 silly audit   '@types/react': [ '19.2.7' ],
2002 silly audit   '@types/react-dom': [ '19.2.3' ],
2002 silly audit   '@types/request': [ '2.48.13' ],
2002 silly audit   'form-data': [ '2.5.5', '4.0.5' ],
2002 silly audit   '@types/shimmer': [ '1.2.0' ],
2002 silly audit   '@types/tedious': [ '4.0.14' ],
2002 silly audit   '@types/tough-cookie': [ '4.0.5' ],
2002 silly audit   '@types/triple-beam': [ '1.3.5' ],
2002 silly audit   '@types/yauzl': [ '2.10.3' ],
2002 silly audit   '@yarnpkg/lockfile': [ '1.1.0' ],
2002 silly audit   'abort-controller': [ '3.0.0' ],
2002 silly audit   'acorn-import-attributes': [ '1.9.5' ],
2002 silly audit   'adm-zip': [ '0.5.16' ],
2002 silly audit   'ajv-formats': [ '3.0.1', '2.1.1' ],
2002 silly audit   'ansi-color': [ '0.2.2' ],
2002 silly audit   'any-promise': [ '1.3.0' ],
2002 silly audit   anymatch: [ '3.1.3' ],
2002 silly audit   arg: [ '5.0.2' ],
2002 silly audit   argparse: [ '2.0.1' ],
2002 silly audit   'aria-hidden': [ '1.2.4' ],
2002 silly audit   'array-flatten': [ '1.1.1' ],
2002 silly audit   arrify: [ '2.0.1' ],
2002 silly audit   async: [ '3.2.6' ],
2002 silly audit   'async-mutex': [ '0.5.0' ],
2002 silly audit   'async-retry': [ '1.3.3' ],
2002 silly audit   asynckit: [ '0.4.0' ],
2002 silly audit   'at-least-node': [ '1.0.0' ],
2002 silly audit   atob: [ '2.1.2' ],
2002 silly audit   axios: [ '1.13.3' ],
2002 silly audit   'balanced-match': [ '1.0.2' ],
2002 silly audit   'base64-arraybuffer': [ '1.0.2' ],
2002 silly audit   'base64-js': [ '1.5.1' ],
2002 silly audit   'bignumber.js': [ '9.1.2' ],
2002 silly audit   'binary-extensions': [ '2.3.0' ],
2002 silly audit   bl: [ '4.1.0' ],
2002 silly audit   'brace-expansion': [ '2.0.1', '1.1.11', '1.1.18' ],
2002 silly audit   braces: [ '3.0.3' ],
2002 silly audit   btoa: [ '1.2.1' ],
2002 silly audit   buffer: [ '5.7.1' ],
2002 silly audit   'buffer-crc32': [ '0.2.13' ],
2002 silly audit   'buffer-equal-constant-time': [ '1.0.1' ],
2002 silly audit   bufrw: [ '1.4.0' ],
2002 silly audit   bytes: [ '3.1.2' ],
2002 silly audit   'camelcase-css': [ '2.0.1' ],
2002 silly audit   canvg: [ '3.0.11' ],
2002 silly audit   chalk: [ '4.1.2' ],
2002 silly audit   chardet: [ '2.1.1' ],
2002 silly audit   chokidar: [ '3.6.0' ],
2002 silly audit   'glob-parent': [ '5.1.2', '6.0.2' ],
2002 silly audit   'ci-info': [ '3.9.0' ],
2002 silly audit   'cjs-module-lexer': [ '1.4.3' ],
2002 silly audit   'class-variance-authority': [ '0.7.1' ],
2002 silly audit   'cli-cursor': [ '3.1.0' ],
2002 silly audit   'cli-spinners': [ '2.9.2' ],
2002 silly audit   'cli-width': [ '4.1.0' ],
2002 silly audit   'client-only': [ '0.0.1' ],
2002 silly audit   cliui: [ '8.0.1' ],
2002 silly audit   clone: [ '1.0.4' ],
2002 silly audit   clsx: [ '2.1.1' ],
2002 silly audit   color: [ '5.0.3' ],
2002 silly audit   'color-convert': [ '2.0.1', '3.1.3' ],
2002 silly audit   'color-name': [ '1.1.4', '2.1.0' ],
2002 silly audit   'color-string': [ '2.1.4' ],
2002 silly audit   colorette: [ '2.0.20' ],
2002 silly audit   'combined-stream': [ '1.0.8' ],
2002 silly audit   'concat-map': [ '0.0.1' ],
2002 silly audit   configstore: [ '5.0.1' ],
2002 silly audit   'dot-prop': [ '5.3.0', '6.0.1' ],
2002 silly audit   'content-type': [ '1.0.5' ],
2002 silly audit   cookie: [ '0.7.1' ],
2002 silly audit   'core-js': [ '3.50.0' ],
2002 silly audit   cors: [ '2.8.5' ],
2002 silly audit   'cross-spawn': [ '7.0.6' ],
2002 silly audit   'crypto-random-string': [ '2.0.0' ],
2002 silly audit   'css-line-break': [ '2.1.0' ],
2002 silly audit   cssesc: [ '3.0.0' ],
2002 silly audit   csstype: [ '3.2.3' ],
2002 silly audit   'd3-array': [ '3.2.4' ],
2002 silly audit   'd3-color': [ '3.1.0' ],
2002 silly audit   'd3-ease': [ '3.0.1' ],
2002 silly audit   'd3-format': [ '3.1.0' ],
2002 silly audit   'd3-interpolate': [ '3.0.1' ],
2002 silly audit   'd3-path': [ '3.1.0' ],
2002 silly audit   'd3-scale': [ '4.0.2' ],
2002 silly audit   'd3-shape': [ '3.2.0' ],
2002 silly audit   'd3-time': [ '3.1.0' ],
2002 silly audit   'd3-time-format': [ '4.1.0' ],
2002 silly audit   'd3-timer': [ '3.0.1' ],
2002 silly audit   'data-uri-to-buffer': [ '4.0.1' ],
2002 silly audit   'date-fns': [ '3.6.0', '4.1.0' ],
2002 silly audit   'date-fns-jalali': [ '4.1.0-0' ],
2002 silly audit   'decimal.js-light': [ '2.5.1' ],
2002 silly audit   deeks: [ '3.1.0' ],
2002 silly audit   defaults: [ '1.0.4' ],
2002 silly audit   'define-data-property': [ '1.1.4' ],
2002 silly audit   'delayed-stream': [ '1.0.0' ],
2002 silly audit   depd: [ '2.0.0' ],
2002 silly audit   destroy: [ '1.2.0' ],
2002 silly audit   'detect-libc': [ '2.1.2' ],
2002 silly audit   'detect-node-es': [ '1.1.0' ],
2002 silly audit   didyoumean: [ '1.2.2' ],
2002 silly audit   dlv: [ '1.1.3' ],
2002 silly audit   'doc-path': [ '4.1.1' ],
2002 silly audit   'dom-helpers': [ '5.2.1' ],
2002 silly audit   dompurify: [ '2.5.9' ],
2002 silly audit   dotenv: [ '16.5.0' ],
2002 silly audit   dotprompt: [ '1.1.2' ],
2002 silly audit   'dunder-proto': [ '1.0.1' ],
2002 silly audit   duplexer: [ '0.1.2' ],
2002 silly audit   duplexify: [ '4.1.3' ],
2002 silly audit   eastasianwidth: [ '0.2.0' ],
2002 silly audit   'ecdsa-sig-formatter': [ '1.0.11' ],
2002 silly audit   'ee-first': [ '1.1.1' ],
2002 silly audit   'embla-carousel': [ '8.6.0' ],
2002 silly audit   'embla-carousel-react': [ '8.6.0' ],
2002 silly audit   'embla-carousel-reactive-utils': [ '8.6.0' ],
2002 silly audit   enabled: [ '2.0.0' ],
2002 silly audit   encodeurl: [ '2.0.0', '1.0.2' ],
2002 silly audit   'end-of-stream': [ '1.4.4' ],
2002 silly audit   error: [ '7.0.2' ],
2002 silly audit   'es-define-property': [ '1.0.1' ],
2002 silly audit   'es-errors': [ '1.3.0' ],
2002 silly audit   'es-set-tostringtag': [ '2.1.0' ],
2002 silly audit   esbuild: [ '0.27.2' ],
2002 silly audit   escalade: [ '3.2.0' ],
2002 silly audit   'escape-html': [ '1.0.3' ],
2002 silly audit   etag: [ '1.8.1' ],
2002 silly audit   'event-stream': [ '3.3.4' ],
2002 silly audit   'event-target-shim': [ '5.0.1' ],
2002 silly audit   eventemitter3: [ '4.0.7' ],
2002 silly audit   eventid: [ '2.0.1' ],
2002 silly audit   eventsource: [ '3.0.7' ],
2002 silly audit   'eventsource-parser': [ '3.0.6' ],
2002 silly audit   'express-rate-limit': [ '7.5.1' ],
2002 silly audit   extend: [ '3.0.2' ],
2002 silly audit   'extract-zip': [ '2.0.1' ],
2002 silly audit   'farmhash-modern': [ '1.1.0' ],
2002 silly audit   'fast-deep-equal': [ '3.1.3' ],
2002 silly audit   'fast-equals': [ '5.3.3' ],
2002 silly audit   'fast-glob': [ '3.3.3' ],
2002 silly audit   'fast-json-stable-stringify': [ '2.1.0' ],
2002 silly audit   'fast-uri': [ '3.1.0' ],
2002 silly audit   'fast-xml-parser': [ '4.5.3' ],
2002 silly audit   fastq: [ '1.19.0' ],
2002 silly audit   'faye-websocket': [ '0.11.4' ],
2002 silly audit   'fd-slicer': [ '1.1.0' ],
2002 silly audit   fecha: [ '4.2.3' ],
2002 silly audit   'fetch-blob': [ '3.2.0' ],
2002 silly audit   fflate: [ '0.8.3' ],
2002 silly audit   'fill-range': [ '7.1.1' ],
2002 silly audit   'find-yarn-workspace-root': [ '2.0.0' ],
2002 silly audit   firebase: [ '11.9.1' ],
2002 silly audit   'firebase-admin': [ '12.7.0' ],
2002 silly audit   'undici-types': [ '6.21.0', '6.19.8' ],
2002 silly audit   'fn.name': [ '1.1.0' ],
2002 silly audit   'follow-redirects': [ '1.15.11' ],
2002 silly audit   'foreground-child': [ '3.3.0' ],
2002 silly audit   'formdata-polyfill': [ '4.0.10' ],
2002 silly audit   forwarded: [ '0.2.0' ],
2002 silly audit   from: [ '0.1.7' ],
2002 silly audit   'fs-extra': [ '9.1.0' ],
2002 silly audit   'fs.realpath': [ '1.0.0' ],
2002 silly audit   fsevents: [ '2.3.3' ],
2002 silly audit   'function-bind': [ '1.1.2' ],
2002 silly audit   'functional-red-black-tree': [ '1.0.1' ],
2002 silly audit   'node-fetch': [ '2.7.0', '3.3.2' ],
2002 silly audit   genkit: [ '1.28.0' ],
2002 silly audit   'genkit-cli': [ '1.28.0' ],
2002 silly audit   'get-caller-file': [ '2.0.5' ],
2002 silly audit   'get-nonce': [ '1.0.1' ],
2002 silly audit   'get-port': [ '5.1.1' ],
2002 silly audit   'get-proto': [ '1.0.1' ],
2002 silly audit   'get-stream': [ '5.2.0' ],
2002 silly audit   'get-tsconfig': [ '4.13.0' ],
2002 silly audit   glob: [ '10.4.5', '7.2.3' ],
2002 silly audit   googleapis: [ '137.1.0' ],
2002 silly audit   'googleapis-common': [ '7.2.0' ],
2002 silly audit   gopd: [ '1.2.0' ],
2002 silly audit   'graceful-fs': [ '4.2.11' ],
2002 silly audit   handlebars: [ '4.7.8' ],
2002 silly audit   'has-flag': [ '4.0.0' ],
2002 silly audit   'has-property-descriptors': [ '1.0.2' ],
2002 silly audit   'has-symbols': [ '1.1.0' ],
2002 silly audit   'has-tostringtag': [ '1.0.2' ],
2002 silly audit   hexer: [ '1.5.0' ],
2002 silly audit   'html-entities': [ '2.6.0' ],
2002 silly audit   html2canvas: [ '1.4.1' ],
2002 silly audit   'http-errors': [ '2.0.0' ],
2002 silly audit   'http-parser-js': [ '0.5.10' ],
2002 silly audit   'http-proxy-agent': [ '5.0.0' ],
2002 silly audit   idb: [ '7.1.1' ],
2002 silly audit   ieee754: [ '1.2.1' ],
2002 silly audit   'import-in-the-middle': [ '1.15.0' ],
2002 silly audit   imurmurhash: [ '0.1.4' ],
2002 silly audit   inflight: [ '1.0.6' ],
2002 silly audit   inherits: [ '2.0.4' ],
2002 silly audit   internmap: [ '2.0.3' ],
2002 silly audit   'ipaddr.js': [ '1.9.1' ],
2002 silly audit   'is-binary-path': [ '2.1.0' ],
2002 silly audit   'is-core-module': [ '2.16.1' ],
2002 silly audit   'is-docker': [ '2.2.1' ],
2002 silly audit   'is-extglob': [ '2.1.1' ],
2002 silly audit   'is-fullwidth-code-point': [ '3.0.0' ],
2002 silly audit   'is-glob': [ '4.0.3' ],
2002 silly audit   'is-interactive': [ '1.0.0' ],
2002 silly audit   'is-number': [ '7.0.0' ],
2002 silly audit   'is-obj': [ '2.0.0', '1.0.1' ],
2002 silly audit   'is-promise': [ '4.0.0' ],
2002 silly audit   'is-stream': [ '2.0.1' ],
2002 silly audit   'is-typedarray': [ '1.0.0' ],
2002 silly audit   'is-unicode-supported': [ '0.1.0' ],
2002 silly audit   'is-wsl': [ '1.1.0', '2.2.0' ],
2002 silly audit   isarray: [ '2.0.5' ],
2002 silly audit   isexe: [ '2.0.0' ],
2002 silly audit   jackspeak: [ '3.4.3' ],
2002 silly audit   'jaeger-client': [ '3.19.0' ],
2002 silly audit   jiti: [ '1.21.7' ],
2002 silly audit   jose: [ '4.15.9' ],
2002 silly audit   'js-tokens': [ '4.0.0' ],
2002 silly audit   'js-yaml': [ '4.1.1' ],
2002 silly audit   jsep: [ '1.4.0' ],
2002 silly audit   'json-2-csv': [ '5.5.10' ],
2002 silly audit   'json-bigint': [ '1.0.0' ],
2002 silly audit   'json-schema': [ '0.4.0' ],
2002 silly audit   'json-stable-stringify': [ '1.2.1' ],
2002 silly audit   json5: [ '2.2.3' ],
2002 silly audit   jsonfile: [ '6.1.0' ],
2002 silly audit   jsonify: [ '0.0.1' ],
2002 silly audit   'jsonpath-plus': [ '10.3.0' ],
2002 silly audit   jsonwebtoken: [ '9.0.3' ],
2002 silly audit   jspdf: [ '2.5.2' ],
2002 silly audit   jwa: [ '2.0.1' ],
2002 silly audit   'jwks-rsa': [ '3.2.2' ],
2002 silly audit   jws: [ '4.0.1' ],
2002 silly audit   'klaw-sync': [ '6.0.0' ],
2002 silly audit   kuler: [ '2.0.0' ],
2002 silly audit   lilconfig: [ '3.1.3' ],
2002 silly audit   limiter: [ '1.1.5' ],
2002 silly audit   'lines-and-columns': [ '1.2.4' ],
2002 silly audit   lockfile: [ '1.0.4' ],
2002 silly audit   'signal-exit': [ '3.0.7', '4.1.0' ],
2002 silly audit   lodash: [ '4.17.21' ],
2002 silly audit   'lodash.camelcase': [ '4.3.0' ],
2002 silly audit   'lodash.clonedeep': [ '4.5.0' ],
2002 silly audit   'lodash.includes': [ '4.3.0' ],
2002 silly audit   'lodash.isboolean': [ '3.0.3' ],
2002 silly audit   'lodash.isinteger': [ '4.0.4' ],
2002 silly audit   'lodash.isnumber': [ '3.0.3' ],
2002 silly audit   'lodash.isplainobject': [ '4.0.6' ],
2002 silly audit   'lodash.isstring': [ '4.0.1' ],
2002 silly audit   'lodash.mapvalues': [ '4.6.0' ],
2002 silly audit   'lodash.merge': [ '4.6.2' ],
2002 silly audit   'lodash.once': [ '4.1.1' ],
2002 silly audit   'log-symbols': [ '4.1.0' ],
2002 silly audit   logform: [ '2.7.0' ],
2002 silly audit   long: [ '5.3.0', '2.4.0' ],
2002 silly audit   'loose-envify': [ '1.4.0' ],
2002 silly audit   'lru-cache': [ '10.4.3', '6.0.0', '5.1.1' ],
2002 silly audit   'lru-memoizer': [ '2.3.0' ],
2002 silly audit   'lucide-react': [ '0.475.0' ],
2002 silly audit   'make-dir': [ '3.1.0' ],
2002 silly audit   semver: [ '6.3.1', '7.7.3' ],
2002 silly audit   'map-stream': [ '0.1.0' ],
2002 silly audit   'math-intrinsics': [ '1.1.0' ],
2002 silly audit   merge2: [ '1.4.1' ],
2002 silly audit   methods: [ '1.1.2' ],
2002 silly audit   micromatch: [ '4.0.8' ],
2002 silly audit   mime: [ '3.0.0', '1.6.0' ],
2002 silly audit   'mimic-fn': [ '2.1.0' ],
2002 silly audit   minimatch: [ '9.0.5', '3.1.2', '5.1.9', '3.1.5' ],
2002 silly audit   minimist: [ '1.2.8' ],
2002 silly audit   minipass: [ '7.1.2' ],
2002 silly audit   'module-details-from-path': [ '1.0.4' ],
2002 silly audit   'mute-stream': [ '2.0.0' ],
2002 silly audit   mz: [ '2.7.0' ],
2002 silly audit   nanoid: [ '3.3.8' ],
2002 silly audit   'neo-async': [ '2.6.2' ],
2002 silly audit   next: [ '15.5.9' ],
2002 silly audit   postcss: [ '8.4.31', '8.5.2' ],
2002 silly audit   'node-domexception': [ '1.0.0' ],
2002 silly audit   'node-forge': [ '1.3.3' ],
2002 silly audit   'node-int64': [ '0.4.0' ],
2002 silly audit   'normalize-path': [ '3.0.0' ],
2002 silly audit   'object-assign': [ '4.1.1' ],
2002 silly audit   'object-hash': [ '3.0.0' ],
2002 silly audit   'object-inspect': [ '1.13.4' ],
2002 silly audit   'object-keys': [ '1.1.1' ],
2002 silly audit   'on-finished': [ '2.4.1' ],
2002 silly audit   once: [ '1.4.0' ],
2002 silly audit   'one-time': [ '1.0.0' ],
2002 silly audit   onetime: [ '5.1.2' ],
2002 silly audit   open: [ '6.4.0', '7.4.2' ],
2002 silly audit   'openapi3-ts': [ '4.5.0' ],
2002 silly audit   opentracing: [ '0.14.7' ],
2002 silly audit   ora: [ '5.4.1' ],
2002 silly audit   'os-tmpdir': [ '1.0.2' ],
2002 silly audit   'p-limit': [ '3.1.0', '2.3.0' ],
2002 silly audit   'package-json-from-dist': [ '1.0.1' ],
2002 silly audit   parseurl: [ '1.3.3' ],
2002 silly audit   'partial-json': [ '0.1.7' ],
2002 silly audit   'patch-package': [ '8.0.0' ],
2002 silly audit   'path-is-absolute': [ '1.0.1' ],
2002 silly audit   'path-key': [ '3.1.1' ],
2002 silly audit   'path-parse': [ '1.0.7' ],
2002 silly audit   'path-scurry': [ '1.11.1' ],
2002 silly audit   'path-to-regexp': [ '0.1.12', '8.3.0' ],
2002 silly audit   'pause-stream': [ '0.0.11' ],
2002 silly audit   pend: [ '1.2.0' ],
2002 silly audit   'performance-now': [ '2.1.0' ],
2002 silly audit   'pg-int8': [ '1.0.1' ],
2002 silly audit   'pg-protocol': [ '1.11.0' ],
2002 silly audit   'pg-types': [ '2.2.0' ],
2002 silly audit   picocolors: [ '1.1.1' ],
2002 silly audit   picomatch: [ '2.3.1' ],
2002 silly audit   pify: [ '2.3.0', '4.0.1' ],
2002 silly audit   pirates: [ '4.0.6' ],
2002 silly audit   'pkce-challenge': [ '5.0.0' ],
2002 silly audit   'postcss-import': [ '15.1.0' ],
2002 silly audit   'postcss-js': [ '4.0.1' ],
2002 silly audit   'postcss-load-config': [ '4.0.2' ],
2002 silly audit   'postcss-nested': [ '6.2.0' ],
2002 silly audit   'postcss-selector-parser': [ '6.1.2' ],
2002 silly audit   'postcss-value-parser': [ '4.2.0' ],
2002 silly audit   'postgres-array': [ '2.0.0' ],
2002 silly audit   'postgres-bytea': [ '1.0.1' ],
2002 silly audit   'postgres-date': [ '1.0.7' ],
2002 silly audit   'postgres-interval': [ '1.2.0' ],
2002 silly audit   process: [ '0.10.1' ],
2002 silly audit   'prop-types': [ '15.8.1' ],
2002 silly audit   'react-is': [ '16.13.1', '18.3.1' ],
2002 silly audit   protobufjs: [ '7.5.4' ],
2002 silly audit   'proxy-addr': [ '2.0.7' ],
2002 silly audit   'proxy-from-env': [ '1.1.0' ],
2002 silly audit   'ps-tree': [ '1.2.0' ],
2002 silly audit   pump: [ '3.0.2' ],
2002 silly audit   pumpify: [ '2.0.1' ],
2002 silly audit   punycode: [ '2.3.1' ],
2002 silly audit   'queue-microtask': [ '1.2.3' ],
2002 silly audit   raf: [ '3.4.1' ],
2002 silly audit   'range-parser': [ '1.2.1' ],
2002 silly audit   razorpay: [ '2.9.6' ],
2002 silly audit   react: [ '19.2.1' ],
2002 silly audit   'react-day-picker': [ '9.11.3' ],
2002 silly audit   'react-dom': [ '19.2.1' ],
2002 silly audit   'react-hook-form': [ '7.54.2' ],
2002 silly audit   'react-remove-scroll': [ '2.6.3' ],
2002 silly audit   'react-remove-scroll-bar': [ '2.3.8' ],
2002 silly audit   'react-smooth': [ '4.0.4' ],
2002 silly audit   'react-style-singleton': [ '2.2.3' ],
2002 silly audit   'react-transition-group': [ '4.4.5' ],
2002 silly audit   'read-cache': [ '1.0.0' ],
2002 silly audit   'readable-stream': [ '3.6.2' ],
2002 silly audit   readdirp: [ '3.6.0' ],
2002 silly audit   recharts: [ '2.15.1' ],
2002 silly audit   'recharts-scale': [ '0.4.5' ],
2002 silly audit   'regenerator-runtime': [ '0.13.11' ],
2002 silly audit   'require-directory': [ '2.1.1' ],
2002 silly audit   'require-from-string': [ '2.0.2' ],
2002 silly audit   'require-in-the-middle': [ '7.5.2' ],
2002 silly audit   'resolve-pkg-maps': [ '1.0.0' ],
2002 silly audit   'restore-cursor': [ '3.1.0' ],
2002 silly audit   retry: [ '0.13.1' ],
2002 silly audit   reusify: [ '1.0.4' ],
2002 silly audit   rgbcolor: [ '1.0.1' ],
2002 silly audit   router: [ '2.2.0' ],
2002 silly audit   'run-parallel': [ '1.2.0' ],
2002 silly audit   'safe-buffer': [ '5.2.1' ],
2002 silly audit   'safe-stable-stringify': [ '2.5.0' ],
2002 silly audit   'safer-buffer': [ '2.1.2' ],
2002 silly audit   scheduler: [ '0.27.0' ],
2002 silly audit   'set-function-length': [ '1.2.2' ],
2002 silly audit   setprototypeof: [ '1.2.0' ],
2002 silly audit   sharp: [ '0.34.5' ],
2002 silly audit   'shebang-command': [ '2.0.0' ],
2002 silly audit   'shebang-regex': [ '3.0.0' ],
2002 silly audit   shimmer: [ '1.2.1' ],
2002 silly audit   'side-channel-map': [ '1.0.1' ],
2002 silly audit   'side-channel-weakmap': [ '1.0.2' ],
2002 silly audit   slash: [ '2.0.0', '3.0.0' ],
2002 silly audit   'source-map': [ '0.6.1', '0.8.0' ],
2002 silly audit   'source-map-js': [ '1.2.1' ],
2002 silly audit   split: [ '0.3.3' ],
2002 silly audit   'stack-trace': [ '0.0.10' ],
2002 silly audit   'stackblur-canvas': [ '2.7.0' ],
2002 silly audit   statuses: [ '2.0.1' ],
2002 silly audit   'stream-combiner': [ '0.0.4' ],
2002 silly audit   'stream-events': [ '1.0.5' ],
2002 silly audit   'stream-shift': [ '1.0.3' ],
2002 silly audit   string_decoder: [ '1.3.0' ],
2002 silly audit   'string-template': [ '0.2.1' ],
2002 silly audit   strnum: [ '1.1.2' ],
2002 silly audit   stubs: [ '3.0.0' ],
2002 silly audit   'styled-jsx': [ '5.1.6' ],
2002 silly audit   sucrase: [ '3.35.0' ],
2002 silly audit   'supports-color': [ '7.2.0', '8.1.1' ],
2002 silly audit   'supports-preserve-symlinks-flag': [ '1.0.0' ],
2002 silly audit   'svg-pathdata': [ '6.0.3' ],
2002 silly audit   'tailwind-merge': [ '3.0.1' ],
2002 silly audit   tailwindcss: [ '3.4.17' ],
2002 silly audit   'tailwindcss-animate': [ '1.0.7' ],
2002 silly audit   terminate: [ '2.8.0' ],
2002 silly audit   'text-hex': [ '1.0.0' ],
2002 silly audit   'text-segmentation': [ '1.0.3' ],
2002 silly audit   thenify: [ '3.3.1' ],
2002 silly audit   'thenify-all': [ '1.6.0' ],
2002 silly audit   thriftrw: [ '3.11.4' ],
2002 silly audit   through: [ '2.3.8' ],
2002 silly audit   'tiny-invariant': [ '1.3.3' ],
2002 silly audit   tmp: [ '0.0.33' ],
2002 silly audit   'to-regex-range': [ '5.0.1' ],
2002 silly audit   toidentifier: [ '1.0.1' ],
2002 silly audit   tr46: [ '0.0.3' ],
2002 silly audit   'triple-beam': [ '1.4.1' ],
2002 silly audit   'ts-interface-checker': [ '0.1.13' ],
2002 silly audit   tslib: [ '2.8.1' ],
2002 silly audit   tsx: [ '4.21.0' ],
2002 silly audit   'typedarray-to-buffer': [ '3.1.5' ],
2002 silly audit   typescript: [ '5.7.3' ],
2002 silly audit   'uglify-js': [ '3.19.3' ],
2002 silly audit   'unique-string': [ '2.0.0' ],
2002 silly audit   universalify: [ '2.0.1' ],
2002 silly audit   unpipe: [ '1.0.0' ],
2002 silly audit   'uri-js': [ '4.4.1' ],
2002 silly audit   'uri-templates': [ '0.2.0' ],
2002 silly audit   'url-template': [ '2.0.8' ],
2002 silly audit   'use-callback-ref': [ '1.3.3' ],
2002 silly audit   'use-sidecar': [ '1.1.3' ],
2002 silly audit   'util-deprecate': [ '1.0.2' ],
2002 silly audit   'utils-merge': [ '1.0.1' ],
2002 silly audit   utrie: [ '1.0.2' ],
2002 silly audit   vary: [ '1.1.2' ],
2002 silly audit   'victory-vendor': [ '36.9.2' ],
2002 silly audit   wcwidth: [ '1.0.1' ],
2002 silly audit   'web-streams-polyfill': [ '3.3.3' ],
2002 silly audit   'web-vitals': [ '4.2.4' ],
2002 silly audit   'webidl-conversions': [ '3.0.1' ],
2002 silly audit   'websocket-driver': [ '0.7.4' ],
2002 silly audit   'websocket-extensions': [ '0.1.4' ],
2002 silly audit   'whatwg-url': [ '5.0.0' ],
2002 silly audit   which: [ '2.0.2' ],
2002 silly audit   winston: [ '3.19.0' ],
2002 silly audit   'winston-transport': [ '4.9.0' ],
2002 silly audit   wordwrap: [ '1.0.0' ],
2002 silly audit   wrappy: [ '1.0.2' ],
2002 silly audit   'write-file-atomic': [ '3.0.3' ],
2002 silly audit   'xdg-basedir': [ '4.0.0' ],
2002 silly audit   xorshift: [ '1.2.0' ],
2002 silly audit   xtend: [ '4.0.2' ],
2002 silly audit   y18n: [ '5.0.8' ],
2002 silly audit   yallist: [ '4.0.0', '3.1.1' ],
2002 silly audit   yaml: [ '2.8.0' ],
2002 silly audit   yargs: [ '17.7.2' ],
2002 silly audit   'yargs-parser': [ '21.1.1' ],
2002 silly audit   yauzl: [ '2.10.0' ],
2002 silly audit   'yocto-queue': [ '0.1.0' ],
2002 silly audit   'yoctocolors-cjs': [ '2.1.3' ],
2002 silly audit   zod: [ '3.24.2' ],
2002 silly audit   'zod-to-json-schema': [ '3.24.6' ],
2002 silly audit   '@types/leaflet': [ '1.9.22' ],
2002 silly audit   leaflet: [ '1.9.4' ],
2002 silly audit   'next-pwa': [ '5.6.0' ],
2002 silly audit   'react-leaflet': [ '5.0.0' ],
2002 silly audit   '@types/geojson': [ '7946.0.16' ],
2002 silly audit   'babel-loader': [ '8.4.1' ],
2002 silly audit   webpack: [ '5.110.3' ],
2002 silly audit   '@babel/core': [ '7.29.7' ],
2002 silly audit   'clean-webpack-plugin': [ '4.0.0' ],
2002 silly audit   globby: [ '11.1.0', '6.1.0' ],
2002 silly audit   'terser-webpack-plugin': [ '5.6.1' ],
2002 silly audit   'workbox-webpack-plugin': [ '6.6.0' ],
2002 silly audit   'workbox-window': [ '6.6.0' ],
2002 silly audit   '@babel/code-frame': [ '7.29.7' ],
2002 silly audit   '@babel/generator': [ '7.29.8' ],
2002 silly audit   '@babel/helper-compilation-targets': [ '7.29.7' ],
2002 silly audit   '@babel/helper-module-transforms': [ '7.29.7' ],
2002 silly audit   '@babel/helpers': [ '7.29.7' ],
2002 silly audit   '@babel/parser': [ '7.29.8' ],
2002 silly audit   '@babel/template': [ '7.29.7' ],
2002 silly audit   '@babel/traverse': [ '7.29.8' ],
2002 silly audit   '@babel/types': [ '7.29.8' ],
2002 silly audit   '@jridgewell/remapping': [ '2.3.5' ],
2002 silly audit   'convert-source-map': [ '2.0.0' ],
2002 silly audit   gensync: [ '1.0.0-beta.2' ],
2002 silly audit   '@babel/helper-validator-identifier': [ '7.29.7' ],
2002 silly audit   '@jridgewell/gen-mapping': [ '0.3.13' ],
2002 silly audit   '@jridgewell/trace-mapping': [ '0.3.31' ],
2002 silly audit   jsesc: [ '3.1.0' ],
2002 silly audit   '@babel/compat-data': [ '7.29.7' ],
2002 silly audit   '@babel/helper-validator-option': [ '7.29.7' ],
2002 silly audit   browserslist: [ '4.28.9' ],
2002 silly audit   '@babel/helper-module-imports': [ '7.29.7' ],
2002 silly audit   '@babel/helper-globals': [ '7.29.7' ],
2002 silly audit   '@babel/helper-string-parser': [ '7.29.7' ],
2002 silly audit   'find-cache-dir': [ '3.3.2' ],
2002 silly audit   'loader-utils': [ '2.0.4' ],
2002 silly audit   'schema-utils': [ '2.7.1', '4.3.3' ],
2002 silly audit   'baseline-browser-mapping': [ '2.11.21' ],
2002 silly audit   'caniuse-lite': [ '1.0.30001810' ],
2002 silly audit   'electron-to-chromium': [ '1.5.422' ],
2002 silly audit   'node-releases': [ '2.0.54' ],
2002 silly audit   'update-browserslist-db': [ '1.3.2' ],
2002 silly audit   del: [ '4.1.1' ],
2002 silly audit   '@types/glob': [ '7.2.0' ],
2002 silly audit   'is-path-cwd': [ '2.2.0' ],
2002 silly audit   'is-path-in-cwd': [ '2.1.0' ],
2002 silly audit   'p-map': [ '2.1.0' ],
2002 silly audit   '@types/minimatch': [ '5.1.2' ],
2002 silly audit   commondir: [ '1.0.1' ],
2002 silly audit   'pkg-dir': [ '4.2.0' ],
2002 silly audit   'array-union': [ '2.1.0', '1.0.2' ],
2002 silly audit   'dir-glob': [ '3.0.1' ],
2002 silly audit   ignore: [ '5.3.2' ],
2002 silly audit   'path-type': [ '4.0.0' ],
2002 silly audit   'is-path-inside': [ '2.1.0' ],
2002 silly audit   'path-is-inside': [ '1.0.2' ],
2002 silly audit   'big.js': [ '5.2.2' ],
2002 silly audit   'emojis-list': [ '3.0.0' ],
2002 silly audit   'find-up': [ '4.1.0' ],
2002 silly audit   'locate-path': [ '5.0.0' ],
2002 silly audit   'path-exists': [ '4.0.0' ],
2002 silly audit   'p-locate': [ '4.1.0' ],
2002 silly audit   '@react-leaflet/core': [ '3.0.0' ],
2002 silly audit   'ajv-keywords': [ '3.5.2', '5.1.0' ],
2002 silly audit   'jest-worker': [ '27.5.1', '26.6.2' ],
2002 silly audit   terser: [ '5.51.2' ],
2002 silly audit   'merge-stream': [ '2.0.0' ],
2002 silly audit   '@jridgewell/source-map': [ '0.3.11' ],
2002 silly audit   'source-map-support': [ '0.5.21' ],
2002 silly audit   'buffer-from': [ '1.1.2' ],
2002 silly audit   '@types/estree': [ '1.0.9', '0.0.39' ],
2002 silly audit   '@webassemblyjs/ast': [ '1.14.1' ],
2002 silly audit   '@webassemblyjs/wasm-edit': [ '1.14.1' ],
2002 silly audit   '@webassemblyjs/wasm-parser': [ '1.14.1' ],
2002 silly audit   acorn: [ '8.18.0' ],
2002 silly audit   'chrome-trace-event': [ '1.0.4' ],
2002 silly audit   'enhanced-resolve': [ '5.24.5' ],
2002 silly audit   'es-module-lexer': [ '2.3.2' ],
2002 silly audit   events: [ '3.3.0' ],
2002 silly audit   'minimizer-webpack-plugin': [ '5.9.0' ],
2002 silly audit   tapable: [ '2.3.3' ],
2002 silly audit   watchpack: [ '2.5.2' ],
2002 silly audit   'webpack-sources': [ '3.5.1', '1.4.3' ],
2002 silly audit   '@webassemblyjs/helper-numbers': [ '1.13.2' ],
2002 silly audit   '@webassemblyjs/helper-wasm-bytecode': [ '1.13.2' ],
2002 silly audit   '@webassemblyjs/floating-point-hex-parser': [ '1.13.2' ],
2002 silly audit   '@webassemblyjs/helper-api-error': [ '1.13.2' ],
2002 silly audit   '@xtuc/long': [ '4.2.2' ],
2002 silly audit   '@webassemblyjs/helper-buffer': [ '1.14.1' ],
2002 silly audit   '@webassemblyjs/helper-wasm-section': [ '1.14.1' ],
2002 silly audit   '@webassemblyjs/wasm-gen': [ '1.14.1' ],
2002 silly audit   '@webassemblyjs/wasm-opt': [ '1.14.1' ],
2002 silly audit   '@webassemblyjs/wast-printer': [ '1.14.1' ],
2002 silly audit   '@webassemblyjs/ieee754': [ '1.13.2' ],
2002 silly audit   '@webassemblyjs/leb128': [ '1.13.2' ],
2002 silly audit   '@webassemblyjs/utf8': [ '1.13.2' ],
2002 silly audit   '@xtuc/ieee754': [ '1.2.0' ],
2002 silly audit   'pretty-bytes': [ '5.6.0' ],
2002 silly audit   upath: [ '1.2.0' ],
2002 silly audit   'workbox-build': [ '6.6.0' ],
2002 silly audit   '@apideck/better-ajv-errors': [ '0.3.7' ],
2002 silly audit   '@babel/preset-env': [ '7.29.7' ],
2002 silly audit   '@rollup/plugin-babel': [ '5.3.1' ],
2002 silly audit   rollup: [ '2.80.0' ],
2002 silly audit   '@rollup/plugin-node-resolve': [ '11.2.1' ],
2002 silly audit   '@rollup/plugin-replace': [ '2.4.2' ],
2002 silly audit   '@surma/rollup-plugin-off-main-thread': [ '2.2.3' ],
2002 silly audit   'common-tags': [ '1.8.2' ],
2002 silly audit   'rollup-plugin-terser': [ '7.0.2' ],
2002 silly audit   'stringify-object': [ '3.3.0' ],
2002 silly audit   'strip-comments': [ '2.0.1' ],
2002 silly audit   tempy: [ '0.6.0' ],
2002 silly audit   'workbox-background-sync': [ '6.6.0' ],
2002 silly audit   'workbox-broadcast-update': [ '6.6.0' ],
2002 silly audit   'workbox-cacheable-response': [ '6.6.0' ],
2002 silly audit   'workbox-core': [ '6.6.0' ],
2002 silly audit   'workbox-expiration': [ '6.6.0' ],
2002 silly audit   'workbox-google-analytics': [ '6.6.0' ],
2002 silly audit   'workbox-navigation-preload': [ '6.6.0' ],
2002 silly audit   'workbox-precaching': [ '6.6.0' ],
2002 silly audit   'workbox-range-requests': [ '6.6.0' ],
2002 silly audit   'workbox-recipes': [ '6.6.0' ],
2002 silly audit   'workbox-routing': [ '6.6.0' ],
2002 silly audit   'workbox-strategies': [ '6.6.0' ],
2002 silly audit   'workbox-streams': [ '6.6.0' ],
2002 silly audit   'workbox-sw': [ '6.6.0' ],
2002 silly audit   jsonpointer: [ '5.0.1' ],
2002 silly audit   leven: [ '3.1.0' ],
2002 silly audit   '@babel/helper-plugin-utils': [ '7.29.7' ],
2002 silly audit   '@babel/plugin-bugfix-firefox-class-in-computed-class-key': [ '7.29.7' ],
2002 silly audit   '@babel/plugin-bugfix-safari-class-field-initializer-scope': [ '7.29.7' ],
2002 silly audit   '@babel/plugin-bugfix-safari-id-destructuring-collision-in-function-expression': [ '7.29.7' ],
2002 silly audit   '@babel/plugin-bugfix-safari-rest-destructuring-rhs-array': [ '7.29.7' ],
2002 silly audit   '@babel/plugin-bugfix-v8-spread-parameters-in-optional-chaining': [ '7.29.7' ],
2002 silly audit   '@babel/plugin-bugfix-v8-static-class-fields-redefine-readonly': [ '7.29.7' ],
2002 silly audit   '@babel/plugin-proposal-private-property-in-object': [ '7.21.0-placeholder-for-preset-env.2' ],
2002 silly audit   '@babel/plugin-syntax-import-assertions': [ '7.29.7' ],
2002 silly audit   '@babel/plugin-syntax-import-attributes': [ '7.29.7' ],
2002 silly audit   '@babel/plugin-syntax-unicode-sets-regex': [ '7.18.6' ],
2002 silly audit   '@babel/plugin-transform-arrow-functions': [ '7.29.7' ],
2002 silly audit   '@babel/plugin-transform-async-generator-functions': [ '7.29.7' ],
2002 silly audit   '@babel/plugin-transform-async-to-generator': [ '7.29.7' ],
2002 silly audit   '@babel/plugin-transform-block-scoped-functions': [ '7.29.7' ],
2002 silly audit   '@babel/plugin-transform-block-scoping': [ '7.29.7' ],
2002 silly audit   '@babel/plugin-transform-class-properties': [ '7.29.7' ],
2002 silly audit   '@babel/plugin-transform-class-static-block': [ '7.29.7' ],
2002 silly audit   '@babel/plugin-transform-classes': [ '7.29.7' ],
2002 silly audit   '@babel/plugin-transform-computed-properties': [ '7.29.7' ],
2002 silly audit   '@babel/plugin-transform-destructuring': [ '7.29.7' ],
2002 silly audit   '@babel/plugin-transform-dotall-regex': [ '7.29.7' ],
2002 silly audit   '@babel/plugin-transform-duplicate-keys': [ '7.29.7' ],
2002 silly audit   '@babel/plugin-transform-duplicate-named-capturing-groups-regex': [ '7.29.7' ],
2002 silly audit   '@babel/plugin-transform-dynamic-import': [ '7.29.7' ],
2002 silly audit   '@babel/plugin-transform-explicit-resource-management': [ '7.29.7' ],
2002 silly audit   '@babel/plugin-transform-exponentiation-operator': [ '7.29.7' ],
2002 silly audit   '@babel/plugin-transform-export-namespace-from': [ '7.29.7' ],
2002 silly audit   '@babel/plugin-transform-for-of': [ '7.29.7' ],
2002 silly audit   '@babel/plugin-transform-function-name': [ '7.29.7' ],
2002 silly audit   '@babel/plugin-transform-json-strings': [ '7.29.7' ],
2002 silly audit   '@babel/plugin-transform-literals': [ '7.29.7' ],
2002 silly audit   '@babel/plugin-transform-logical-assignment-operators': [ '7.29.7' ],
2002 silly audit   '@babel/plugin-transform-member-expression-literals': [ '7.29.7' ],
2002 silly audit   '@babel/plugin-transform-modules-amd': [ '7.29.7' ],
2002 silly audit   '@babel/plugin-transform-modules-commonjs': [ '7.29.7' ],
2002 silly audit   '@babel/plugin-transform-modules-systemjs': [ '7.29.8' ],
2002 silly audit   '@babel/plugin-transform-modules-umd': [ '7.29.7' ],
2002 silly audit   '@babel/plugin-transform-named-capturing-groups-regex': [ '7.29.7' ],
2002 silly audit   '@babel/plugin-transform-new-target': [ '7.29.7' ],
2002 silly audit   '@babel/plugin-transform-nullish-coalescing-operator': [ '7.29.7' ],
2002 silly audit   '@babel/plugin-transform-numeric-separator': [ '7.29.7' ],
2002 silly audit   '@babel/plugin-transform-object-rest-spread': [ '7.29.7' ],
2002 silly audit   '@babel/plugin-transform-object-super': [ '7.29.7' ],
2002 silly audit   '@babel/plugin-transform-optional-catch-binding': [ '7.29.7' ],
2002 silly audit   '@babel/plugin-transform-optional-chaining': [ '7.29.7' ],
2002 silly audit   '@babel/plugin-transform-parameters': [ '7.29.7' ],
2002 silly audit   '@babel/plugin-transform-private-methods': [ '7.29.7' ],
2002 silly audit   '@babel/plugin-transform-private-property-in-object': [ '7.29.7' ],
2002 silly audit   '@babel/plugin-transform-property-literals': [ '7.29.7' ],
2002 silly audit   '@babel/plugin-transform-regenerator': [ '7.29.8' ],
2002 silly audit   '@babel/plugin-transform-regexp-modifiers': [ '7.29.7' ],
2002 silly audit   '@babel/plugin-transform-reserved-words': [ '7.29.7' ],
2002 silly audit   '@babel/plugin-transform-shorthand-properties': [ '7.29.7' ],
2002 silly audit   '@babel/plugin-transform-spread': [ '7.29.8' ],
2002 silly audit   '@babel/plugin-transform-sticky-regex': [ '7.29.7' ],
2002 silly audit   '@babel/plugin-transform-template-literals': [ '7.29.7' ],
2002 silly audit   '@babel/plugin-transform-typeof-symbol': [ '7.29.7' ],
2002 silly audit   '@babel/plugin-transform-unicode-escapes': [ '7.29.7' ],
2002 silly audit   '@babel/plugin-transform-unicode-property-regex': [ '7.29.7' ],
2002 silly audit   '@babel/plugin-transform-unicode-regex': [ '7.29.7' ],
2002 silly audit   '@babel/plugin-transform-unicode-sets-regex': [ '7.29.7' ],
2002 silly audit   '@babel/preset-modules': [ '0.1.6-no-external-plugins' ],
2002 silly audit   'babel-plugin-polyfill-corejs2': [ '0.4.17' ],
2002 silly audit   'babel-plugin-polyfill-corejs3': [ '0.14.2' ],
2002 silly audit   'babel-plugin-polyfill-regenerator': [ '0.6.8' ],
2002 silly audit   'core-js-compat': [ '3.50.0' ],
2002 silly audit   '@babel/helper-skip-transparent-expression-wrappers': [ '7.29.7' ],
2002 silly audit   '@babel/helper-create-regexp-features-plugin': [ '7.29.7' ],
2002 silly audit   '@babel/helper-annotate-as-pure': [ '7.29.7' ],
2002 silly audit   'regexpu-core': [ '6.4.0' ],
2002 silly audit   '@babel/helper-remap-async-to-generator': [ '7.29.7' ],
2002 silly audit   '@babel/helper-wrap-function': [ '7.29.7' ],
2002 silly audit   '@babel/helper-create-class-features-plugin': [ '7.29.7' ],
2002 silly audit   '@babel/helper-member-expression-to-functions': [ '7.29.7' ],
2002 silly audit   '@babel/helper-optimise-call-expression': [ '7.29.7' ],
2002 silly audit   '@babel/helper-replace-supers': [ '7.29.7' ],
2002 silly audit   esutils: [ '2.0.3' ],
2002 silly audit   '@rollup/pluginutils': [ '3.1.0' ],
2002 silly audit   '@types/resolve': [ '1.17.1' ],
2002 silly audit   'builtin-modules': [ '3.3.0' ],
2002 silly audit   deepmerge: [ '4.3.1' ],
2002 silly audit   'is-module': [ '1.0.0' ],
2002 silly audit   'magic-string': [ '0.25.9' ],
2002 silly audit   'estree-walker': [ '1.0.1' ],
2002 silly audit   ejs: [ '3.1.10' ],
2002 silly audit   'string.prototype.matchall': [ '4.1.0' ],
2002 silly audit   '@babel/helper-define-polyfill-provider': [ '0.6.8' ],
2002 silly audit   'lodash.debounce': [ '4.0.8' ],
2002 silly audit   resolve: [ '1.22.12' ],
2002 silly audit   jake: [ '10.9.4' ],
2002 silly audit   filelist: [ '1.0.6' ],
2002 silly audit   'sourcemap-codec': [ '1.4.8' ],
2002 silly audit   regenerate: [ '1.4.2' ],
2002 silly audit   'regenerate-unicode-properties': [ '10.2.2' ],
2002 silly audit   regjsgen: [ '0.8.0' ],
2002 silly audit   regjsparser: [ '0.13.2' ],
2002 silly audit   'unicode-match-property-ecmascript': [ '2.0.0' ],
2002 silly audit   'unicode-match-property-value-ecmascript': [ '2.2.1' ],
2002 silly audit   'serialize-javascript': [ '4.0.0' ],
2002 silly audit   randombytes: [ '2.1.0' ],
2002 silly audit   'call-bind': [ '1.0.9' ],
2002 silly audit   'call-bound': [ '1.0.4' ],
2002 silly audit   'define-properties': [ '1.2.1' ],
2002 silly audit   'es-abstract': [ '1.24.2' ],
2002 silly audit   'es-object-atoms': [ '1.1.2' ],
2002 silly audit   'get-intrinsic': [ '1.3.0' ],
2002 silly audit   'internal-slot': [ '1.1.0' ],
2002 silly audit   'regexp.prototype.flags': [ '1.5.4' ],
2002 silly audit   'set-function-name': [ '2.0.2' ],
2002 silly audit   'side-channel': [ '1.1.1' ],
2002 silly audit   'call-bind-apply-helpers': [ '1.0.2' ],
2002 silly audit   'array-buffer-byte-length': [ '1.0.2' ],
2002 silly audit   'arraybuffer.prototype.slice': [ '1.0.4' ],
2002 silly audit   'available-typed-arrays': [ '1.0.7' ],
2002 silly audit   'data-view-buffer': [ '1.0.2' ],
2002 silly audit   'data-view-byte-length': [ '1.0.2' ],
2002 silly audit   'data-view-byte-offset': [ '1.0.1' ],
2002 silly audit   'es-to-primitive': [ '1.3.4' ],
2002 silly audit   'function.prototype.name': [ '1.2.0' ],
2002 silly audit   'get-symbol-description': [ '1.1.0' ],
2002 silly audit   globalthis: [ '1.0.4' ],
2002 silly audit   'has-proto': [ '1.2.0' ],
2002 silly audit   'is-array-buffer': [ '3.0.5' ],
2002 silly audit   'is-callable': [ '1.2.7' ],
2002 silly audit   'is-data-view': [ '1.0.2' ],
2002 silly audit   'is-negative-zero': [ '2.0.3' ],
2002 silly audit   'is-regex': [ '1.2.1' ],
2002 silly audit   'is-set': [ '2.0.3' ],
2002 silly audit   'is-shared-array-buffer': [ '1.0.4' ],
2002 silly audit   'is-string': [ '1.1.1' ],
2002 silly audit   'is-typed-array': [ '1.1.15' ],
2002 silly audit   'is-weakref': [ '1.1.1' ],
2002 silly audit   'object.assign': [ '4.1.7' ],
2002 silly audit   'own-keys': [ '1.0.2' ],
2002 silly audit   'safe-array-concat': [ '1.1.4' ],
2002 silly audit   'safe-push-apply': [ '1.0.0' ],
2002 silly audit   'safe-regex-test': [ '1.1.0' ],
2002 silly audit   'set-proto': [ '1.0.0' ],
2002 silly audit   'stop-iteration-iterator': [ '1.1.0' ],
2002 silly audit   'string.prototype.trim': [ '1.2.11' ],
2002 silly audit   'string.prototype.trimend': [ '1.0.10' ],
2002 silly audit   'string.prototype.trimstart': [ '1.0.8' ],
2002 silly audit   'typed-array-buffer': [ '1.0.3' ],
2002 silly audit   'typed-array-byte-length': [ '1.0.3' ],
2002 silly audit   'typed-array-byte-offset': [ '1.0.4' ],
2002 silly audit   'typed-array-length': [ '1.0.8' ],
2002 silly audit   'unbox-primitive': [ '1.1.0' ],
2002 silly audit   'which-typed-array': [ '1.1.22' ],
2002 silly audit   'possible-typed-array-names': [ '1.1.0' ],
2002 silly audit   'es-abstract-get': [ '1.0.0' ],
2002 silly audit   'is-date-object': [ '1.1.0' ],
2002 silly audit   'is-symbol': [ '1.1.1' ],
2002 silly audit   'functions-have-names': [ '1.2.3' ],
2002 silly audit   hasown: [ '2.0.4' ],
2002 silly audit   'is-document.all': [ '1.0.0' ],
2002 silly audit   'side-channel-list': [ '1.0.1' ],
2002 silly audit   'get-own-enumerable-property-symbols': [ '3.0.2' ],
2002 silly audit   'is-regexp': [ '1.0.0' ],
2002 silly audit   'temp-dir': [ '2.0.0' ],
2002 silly audit   'type-fest': [ '0.16.0' ],
2002 silly audit   'for-each': [ '0.3.5' ],
2002 silly audit   'reflect.getprototypeof': [ '1.0.10' ],
2002 silly audit   'which-builtin-type': [ '1.2.1' ],
2002 silly audit   'has-bigints': [ '1.1.0' ],
2002 silly audit   'which-boxed-primitive': [ '1.1.1' ],
2002 silly audit   'unicode-canonical-property-names-ecmascript': [ '2.0.1' ],
2002 silly audit   'unicode-property-aliases-ecmascript': [ '2.2.0' ],
2002 silly audit   'is-bigint': [ '1.1.0' ],
2002 silly audit   'is-boolean-object': [ '1.2.2' ],
2002 silly audit   'is-number-object': [ '1.1.1' ],
2002 silly audit   'is-async-function': [ '2.1.1' ],
2002 silly audit   'is-finalizationregistry': [ '1.1.1' ],
2002 silly audit   'is-generator-function': [ '1.1.2' ],
2002 silly audit   'which-collection': [ '1.0.2' ],
2002 silly audit   'async-function': [ '1.0.0' ],
2002 silly audit   'generator-function': [ '2.0.1' ],
2002 silly audit   'is-map': [ '2.0.3' ],
2002 silly audit   'is-weakmap': [ '2.0.2' ],
2002 silly audit   'is-weakset': [ '2.0.4' ],
2002 silly audit   '@types/trusted-types': [ '2.0.7' ],
2002 silly audit   'pinkie-promise': [ '2.0.1' ],
2002 silly audit   pinkie: [ '2.0.4' ],
2002 silly audit   'array-uniq': [ '1.0.3' ],
2002 silly audit   'p-try': [ '2.2.0' ],
2002 silly audit   'source-list-map': [ '2.0.1' ]
2002 silly audit }
2003 http cache source-list-map@https://registry.npmjs.org/source-list-map/-/source-list-map-2.0.1.tgz 0ms (cache hit)
2004 http cache ajv-keywords@https://registry.npmjs.org/ajv-keywords/-/ajv-keywords-5.1.0.tgz 0ms (cache hit)
2005 http cache @babel/plugin-proposal-private-property-in-object@https://registry.npmjs.org/@babel/plugin-proposal-private-property-in-object/-/plugin-proposal-private-property-in-object-7.21.0-placeholder-for-preset-env.2.tgz 0ms (cache hit)
2006 http cache @babel/plugin-syntax-unicode-sets-regex@https://registry.npmjs.org/@babel/plugin-syntax-unicode-sets-regex/-/plugin-syntax-unicode-sets-regex-7.18.6.tgz 0ms (cache hit)
2007 http cache @babel/helper-plugin-utils@https://registry.npmjs.org/@babel/helper-plugin-utils/-/helper-plugin-utils-7.29.7.tgz 0ms (cache hit)
2008 http cache jsonpointer@https://registry.npmjs.org/jsonpointer/-/jsonpointer-5.0.1.tgz 0ms (cache hit)
2009 http cache leven@https://registry.npmjs.org/leven/-/leven-3.1.0.tgz 0ms (cache hit)
2010 http cache workbox-streams@https://registry.npmjs.org/workbox-streams/-/workbox-streams-6.6.0.tgz 0ms (cache hit)
2011 http cache @babel/plugin-bugfix-safari-id-destructuring-collision-in-function-expression@https://registry.npmjs.org/@babel/plugin-bugfix-safari-id-destructuring-collision-in-function-expression/-/plugin-bugfix-safari-id-destructuring-collision-in-function-expression-7.29.7.tgz 0ms (cache hit)
2012 http cache workbox-sw@https://registry.npmjs.org/workbox-sw/-/workbox-sw-6.6.0.tgz 0ms (cache hit)
2013 http cache workbox-routing@https://registry.npmjs.org/workbox-routing/-/workbox-routing-6.6.0.tgz 0ms (cache hit)
2014 http cache workbox-strategies@https://registry.npmjs.org/workbox-strategies/-/workbox-strategies-6.6.0.tgz 0ms (cache hit)
2015 http cache workbox-precaching@https://registry.npmjs.org/workbox-precaching/-/workbox-precaching-6.6.0.tgz 0ms (cache hit)
2016 http cache workbox-navigation-preload@https://registry.npmjs.org/workbox-navigation-preload/-/workbox-navigation-preload-6.6.0.tgz 0ms (cache hit)
2017 http cache workbox-range-requests@https://registry.npmjs.org/workbox-range-requests/-/workbox-range-requests-6.6.0.tgz 0ms (cache hit)
2018 http cache workbox-recipes@https://registry.npmjs.org/workbox-recipes/-/workbox-recipes-6.6.0.tgz 0ms (cache hit)
2019 http cache workbox-google-analytics@https://registry.npmjs.org/workbox-google-analytics/-/workbox-google-analytics-6.6.0.tgz 0ms (cache hit)
2020 http cache workbox-expiration@https://registry.npmjs.org/workbox-expiration/-/workbox-expiration-6.6.0.tgz 0ms (cache hit)
2021 http cache workbox-core@https://registry.npmjs.org/workbox-core/-/workbox-core-6.6.0.tgz 0ms (cache hit)
2022 http cache workbox-broadcast-update@https://registry.npmjs.org/workbox-broadcast-update/-/workbox-broadcast-update-6.6.0.tgz 0ms (cache hit)
2023 http cache workbox-cacheable-response@https://registry.npmjs.org/workbox-cacheable-response/-/workbox-cacheable-response-6.6.0.tgz 0ms (cache hit)
2024 http cache workbox-background-sync@https://registry.npmjs.org/workbox-background-sync/-/workbox-background-sync-6.6.0.tgz 0ms (cache hit)
2025 http cache tempy@https://registry.npmjs.org/tempy/-/tempy-0.6.0.tgz 0ms (cache hit)
2026 http cache strip-comments@https://registry.npmjs.org/strip-comments/-/strip-comments-2.0.1.tgz 0ms (cache hit)
2027 http cache rollup-plugin-terser@https://registry.npmjs.org/rollup-plugin-terser/-/rollup-plugin-terser-7.0.2.tgz 0ms (cache hit)
2028 http cache stringify-object@https://registry.npmjs.org/stringify-object/-/stringify-object-3.3.0.tgz 0ms (cache hit)
2029 http cache common-tags@https://registry.npmjs.org/common-tags/-/common-tags-1.8.2.tgz 0ms (cache hit)
2030 http cache @surma/rollup-plugin-off-main-thread@https://registry.npmjs.org/@surma/rollup-plugin-off-main-thread/-/rollup-plugin-off-main-thread-2.2.3.tgz 0ms (cache hit)
2031 http cache @rollup/plugin-replace@https://registry.npmjs.org/@rollup/plugin-replace/-/plugin-replace-2.4.2.tgz 0ms (cache hit)
2032 http cache @rollup/plugin-babel@https://registry.npmjs.org/@rollup/plugin-babel/-/plugin-babel-5.3.1.tgz 0ms (cache hit)
2033 http cache rollup@https://registry.npmjs.org/rollup/-/rollup-2.80.0.tgz 0ms (cache hit)
2034 http cache @apideck/better-ajv-errors@https://registry.npmjs.org/@apideck/better-ajv-errors/-/better-ajv-errors-0.3.7.tgz 0ms (cache hit)
2035 http cache @rollup/plugin-node-resolve@https://registry.npmjs.org/@rollup/plugin-node-resolve/-/plugin-node-resolve-11.2.1.tgz 0ms (cache hit)
2036 http cache @babel/preset-env@https://registry.npmjs.org/@babel/preset-env/-/preset-env-7.29.7.tgz 0ms (cache hit)
2037 http cache @xtuc/ieee754@https://registry.npmjs.org/@xtuc/ieee754/-/ieee754-1.2.0.tgz 0ms (cache hit)
2038 http cache upath@https://registry.npmjs.org/upath/-/upath-1.2.0.tgz 0ms (cache hit)
2039 http cache workbox-build@https://registry.npmjs.org/workbox-build/-/workbox-build-6.6.0.tgz 0ms (cache hit)
2040 http cache pretty-bytes@https://registry.npmjs.org/pretty-bytes/-/pretty-bytes-5.6.0.tgz 0ms (cache hit)
2041 http cache @webassemblyjs/utf8@https://registry.npmjs.org/@webassemblyjs/utf8/-/utf8-1.13.2.tgz 0ms (cache hit)
2042 http cache @webassemblyjs/ieee754@https://registry.npmjs.org/@webassemblyjs/ieee754/-/ieee754-1.13.2.tgz 0ms (cache hit)
2043 http cache @webassemblyjs/wast-printer@https://registry.npmjs.org/@webassemblyjs/wast-printer/-/wast-printer-1.14.1.tgz 0ms (cache hit)
2044 http cache @webassemblyjs/wasm-opt@https://registry.npmjs.org/@webassemblyjs/wasm-opt/-/wasm-opt-1.14.1.tgz 0ms (cache hit)
2045 http cache @webassemblyjs/leb128@https://registry.npmjs.org/@webassemblyjs/leb128/-/leb128-1.13.2.tgz 0ms (cache hit)
2046 http cache @webassemblyjs/wasm-gen@https://registry.npmjs.org/@webassemblyjs/wasm-gen/-/wasm-gen-1.14.1.tgz 0ms (cache hit)
2047 http cache @webassemblyjs/helper-wasm-section@https://registry.npmjs.org/@webassemblyjs/helper-wasm-section/-/helper-wasm-section-1.14.1.tgz 0ms (cache hit)
2048 http cache @webassemblyjs/helper-buffer@https://registry.npmjs.org/@webassemblyjs/helper-buffer/-/helper-buffer-1.14.1.tgz 0ms (cache hit)
2049 http cache @webassemblyjs/helper-api-error@https://registry.npmjs.org/@webassemblyjs/helper-api-error/-/helper-api-error-1.13.2.tgz 0ms (cache hit)
2050 http cache @webassemblyjs/floating-point-hex-parser@https://registry.npmjs.org/@webassemblyjs/floating-point-hex-parser/-/floating-point-hex-parser-1.13.2.tgz 0ms (cache hit)
2051 http cache webpack-sources@https://registry.npmjs.org/webpack-sources/-/webpack-sources-3.5.1.tgz 0ms (cache hit)
2052 http cache @xtuc/long@https://registry.npmjs.org/@xtuc/long/-/long-4.2.2.tgz 0ms (cache hit)
2053 http cache @webassemblyjs/helper-wasm-bytecode@https://registry.npmjs.org/@webassemblyjs/helper-wasm-bytecode/-/helper-wasm-bytecode-1.13.2.tgz 0ms (cache hit)
2054 http cache @webassemblyjs/helper-numbers@https://registry.npmjs.org/@webassemblyjs/helper-numbers/-/helper-numbers-1.13.2.tgz 0ms (cache hit)
2055 http cache tapable@https://registry.npmjs.org/tapable/-/tapable-2.3.3.tgz 0ms (cache hit)
2056 http cache events@https://registry.npmjs.org/events/-/events-3.3.0.tgz 0ms (cache hit)
2057 http cache watchpack@https://registry.npmjs.org/watchpack/-/watchpack-2.5.2.tgz 0ms (cache hit)
2058 http cache minimizer-webpack-plugin@https://registry.npmjs.org/minimizer-webpack-plugin/-/minimizer-webpack-plugin-5.9.0.tgz 0ms (cache hit)
2059 http cache @webassemblyjs/wasm-edit@https://registry.npmjs.org/@webassemblyjs/wasm-edit/-/wasm-edit-1.14.1.tgz 0ms (cache hit)
2060 http cache enhanced-resolve@https://registry.npmjs.org/enhanced-resolve/-/enhanced-resolve-5.24.5.tgz 0ms (cache hit)
2061 http cache chrome-trace-event@https://registry.npmjs.org/chrome-trace-event/-/chrome-trace-event-1.0.4.tgz 0ms (cache hit)
2062 http cache @webassemblyjs/wasm-parser@https://registry.npmjs.org/@webassemblyjs/wasm-parser/-/wasm-parser-1.14.1.tgz 0ms (cache hit)
2063 http cache es-module-lexer@https://registry.npmjs.org/es-module-lexer/-/es-module-lexer-2.3.2.tgz 0ms (cache hit)
2064 http cache @webassemblyjs/ast@https://registry.npmjs.org/@webassemblyjs/ast/-/ast-1.14.1.tgz 1ms (cache hit)
2065 http cache @jridgewell/source-map@https://registry.npmjs.org/@jridgewell/source-map/-/source-map-0.3.11.tgz 0ms (cache hit)
2066 http cache buffer-from@https://registry.npmjs.org/buffer-from/-/buffer-from-1.1.2.tgz 0ms (cache hit)
2067 http cache @react-leaflet/core@https://registry.npmjs.org/@react-leaflet/core/-/core-3.0.0.tgz 0ms (cache hit)
2068 http cache merge-stream@https://registry.npmjs.org/merge-stream/-/merge-stream-2.0.0.tgz 0ms (cache hit)
2069 http cache source-map-support@https://registry.npmjs.org/source-map-support/-/source-map-support-0.5.21.tgz 0ms (cache hit)
2070 http cache jest-worker@https://registry.npmjs.org/jest-worker/-/jest-worker-27.5.1.tgz 0ms (cache hit)
2071 http cache p-locate@https://registry.npmjs.org/p-locate/-/p-locate-4.1.0.tgz 0ms (cache hit)
2072 http cache path-exists@https://registry.npmjs.org/path-exists/-/path-exists-4.0.0.tgz 0ms (cache hit)
2073 http cache locate-path@https://registry.npmjs.org/locate-path/-/locate-path-5.0.0.tgz 0ms (cache hit)
2074 http cache terser@https://registry.npmjs.org/terser/-/terser-5.51.2.tgz 0ms (cache hit)
2075 http cache emojis-list@https://registry.npmjs.org/emojis-list/-/emojis-list-3.0.0.tgz 0ms (cache hit)
2076 http cache big.js@https://registry.npmjs.org/big.js/-/big.js-5.2.2.tgz 0ms (cache hit)
2077 http cache is-path-inside@https://registry.npmjs.org/is-path-inside/-/is-path-inside-2.1.0.tgz 0ms (cache hit)
2078 http cache find-up@https://registry.npmjs.org/find-up/-/find-up-4.1.0.tgz 0ms (cache hit)
2079 http cache path-is-inside@https://registry.npmjs.org/path-is-inside/-/path-is-inside-1.0.2.tgz 0ms (cache hit)
2080 http cache path-type@https://registry.npmjs.org/path-type/-/path-type-4.0.0.tgz 0ms (cache hit)
2081 http cache ignore@https://registry.npmjs.org/ignore/-/ignore-5.3.2.tgz 0ms (cache hit)
2082 http cache dir-glob@https://registry.npmjs.org/dir-glob/-/dir-glob-3.0.1.tgz 0ms (cache hit)
2083 http cache @types/minimatch@https://registry.npmjs.org/@types/minimatch/-/minimatch-5.1.2.tgz 0ms (cache hit)
2084 http cache array-union@https://registry.npmjs.org/array-union/-/array-union-2.1.0.tgz 0ms (cache hit)
2085 http cache pkg-dir@https://registry.npmjs.org/pkg-dir/-/pkg-dir-4.2.0.tgz 0ms (cache hit)
2086 http cache p-map@https://registry.npmjs.org/p-map/-/p-map-2.1.0.tgz 0ms (cache hit)
2087 http cache is-path-cwd@https://registry.npmjs.org/is-path-cwd/-/is-path-cwd-2.2.0.tgz 0ms (cache hit)
2088 http cache commondir@https://registry.npmjs.org/commondir/-/commondir-1.0.1.tgz 0ms (cache hit)
2089 http cache @types/glob@https://registry.npmjs.org/@types/glob/-/glob-7.2.0.tgz 0ms (cache hit)
2090 http cache is-path-in-cwd@https://registry.npmjs.org/is-path-in-cwd/-/is-path-in-cwd-2.1.0.tgz 0ms (cache hit)
2091 http cache schema-utils@https://registry.npmjs.org/schema-utils/-/schema-utils-2.7.1.tgz 0ms (cache hit)
2092 http cache del@https://registry.npmjs.org/del/-/del-4.1.1.tgz 0ms (cache hit)
2093 http cache find-cache-dir@https://registry.npmjs.org/find-cache-dir/-/find-cache-dir-3.3.2.tgz 0ms (cache hit)
2094 http cache loader-utils@https://registry.npmjs.org/loader-utils/-/loader-utils-2.0.4.tgz 0ms (cache hit)
2095 http cache @babel/helper-compilation-targets@https://registry.npmjs.org/@babel/helper-compilation-targets/-/helper-compilation-targets-7.29.7.tgz 0ms (cache hit)
2096 http cache @babel/helper-module-transforms@https://registry.npmjs.org/@babel/helper-module-transforms/-/helper-module-transforms-7.29.7.tgz 0ms (cache hit)
2097 http cache @babel/generator@https://registry.npmjs.org/@babel/generator/-/generator-7.29.8.tgz 0ms (cache hit)
2098 http cache @babel/helpers@https://registry.npmjs.org/@babel/helpers/-/helpers-7.29.7.tgz 0ms (cache hit)
2099 http cache @babel/code-frame@https://registry.npmjs.org/@babel/code-frame/-/code-frame-7.29.7.tgz 0ms (cache hit)
2100 http cache @babel/core@https://registry.npmjs.org/@babel/core/-/core-7.29.7.tgz 0ms (cache hit)
2101 http cache globby@https://registry.npmjs.org/globby/-/globby-11.1.0.tgz 0ms (cache hit)
2102 http cache workbox-window@https://registry.npmjs.org/workbox-window/-/workbox-window-6.6.0.tgz 0ms (cache hit)
2103 http cache workbox-webpack-plugin@https://registry.npmjs.org/workbox-webpack-plugin/-/workbox-webpack-plugin-6.6.0.tgz 0ms (cache hit)
2104 http cache terser-webpack-plugin@https://registry.npmjs.org/terser-webpack-plugin/-/terser-webpack-plugin-5.6.1.tgz 0ms (cache hit)
2105 http cache clean-webpack-plugin@https://registry.npmjs.org/clean-webpack-plugin/-/clean-webpack-plugin-4.0.0.tgz 0ms (cache hit)
2106 http cache babel-loader@https://registry.npmjs.org/babel-loader/-/babel-loader-8.4.1.tgz 0ms (cache hit)
2107 http cache @types/geojson@https://registry.npmjs.org/@types/geojson/-/geojson-7946.0.16.tgz 0ms (cache hit)
2108 http cache @jridgewell/trace-mapping@https://registry.npmjs.org/@jridgewell/trace-mapping/-/trace-mapping-0.3.31.tgz 0ms (cache hit)
2109 http cache webpack@https://registry.npmjs.org/webpack/-/webpack-5.110.3.tgz 0ms (cache hit)
2110 http cache next-pwa@https://registry.npmjs.org/next-pwa/-/next-pwa-5.6.0.tgz 0ms (cache hit)
2111 http cache leaflet@https://registry.npmjs.org/leaflet/-/leaflet-1.9.4.tgz 0ms (cache hit)
2112 http cache @jridgewell/gen-mapping@https://registry.npmjs.org/@jridgewell/gen-mapping/-/gen-mapping-0.3.13.tgz 0ms (cache hit)
2113 http cache react-leaflet@https://registry.npmjs.org/react-leaflet/-/react-leaflet-5.0.0.tgz 0ms (cache hit)
2114 http cache @types/leaflet@https://registry.npmjs.org/@types/leaflet/-/leaflet-1.9.22.tgz 0ms (cache hit)
2115 http cache side-channel@https://registry.npmjs.org/side-channel/-/side-channel-1.1.1.tgz 0ms (cache hit)
2116 http cache side-channel-list@https://registry.npmjs.org/side-channel-list/-/side-channel-list-1.0.1.tgz 0ms (cache hit)
2117 http cache es-object-atoms@https://registry.npmjs.org/es-object-atoms/-/es-object-atoms-1.1.2.tgz 0ms (cache hit)
2118 http cache get-intrinsic@https://registry.npmjs.org/get-intrinsic/-/get-intrinsic-1.3.0.tgz 0ms (cache hit)
2119 http cache hasown@https://registry.npmjs.org/hasown/-/hasown-2.0.4.tgz 0ms (cache hit)
2120 http cache resolve@https://registry.npmjs.org/resolve/-/resolve-1.22.12.tgz 0ms (cache hit)
2121 http cache caniuse-lite@https://registry.npmjs.org/caniuse-lite/-/caniuse-lite-1.0.30001810.tgz 0ms (cache hit)
2122 http cache call-bind-apply-helpers@https://registry.npmjs.org/call-bind-apply-helpers/-/call-bind-apply-helpers-1.0.2.tgz 0ms (cache hit)
2123 http cache call-bound@https://registry.npmjs.org/call-bound/-/call-bound-1.0.4.tgz 0ms (cache hit)
2124 http cache minimatch@https://registry.npmjs.org/minimatch/-/minimatch-5.1.9.tgz 0ms (cache hit)
2125 http cache call-bind@https://registry.npmjs.org/call-bind/-/call-bind-1.0.9.tgz 0ms (cache hit)
2126 http cache acorn@https://registry.npmjs.org/acorn/-/acorn-8.18.0.tgz 0ms (cache hit)
2127 http cache semver@https://registry.npmjs.org/semver/-/semver-6.3.1.tgz 0ms (cache hit)
2128 http cache semver@https://registry.npmjs.org/semver/-/semver-6.3.1.tgz 0ms (cache hit)
2129 http cache ms@https://registry.npmjs.org/ms/-/ms-2.1.3.tgz 0ms (cache hit)
2130 http cache debug@https://registry.npmjs.org/debug/-/debug-4.4.3.tgz 0ms (cache hit)
2131 http cache @types/estree@https://registry.npmjs.org/@types/estree/-/estree-0.0.39.tgz 0ms (cache hit)
2132 http cache semver@https://registry.npmjs.org/semver/-/semver-6.3.1.tgz 0ms (cache hit)
2133 http cache semver@https://registry.npmjs.org/semver/-/semver-6.3.1.tgz 0ms (cache hit)
2134 http cache jest-worker@https://registry.npmjs.org/jest-worker/-/jest-worker-26.6.2.tgz 0ms (cache hit)
2135 http cache is-obj@https://registry.npmjs.org/is-obj/-/is-obj-1.0.1.tgz 0ms (cache hit)
2136 http cache brace-expansion@https://registry.npmjs.org/brace-expansion/-/brace-expansion-1.1.18.tgz 0ms (cache hit)
2137 http cache schema-utils@https://registry.npmjs.org/schema-utils/-/schema-utils-4.3.3.tgz 0ms (cache hit)
2138 http cache minimatch@https://registry.npmjs.org/minimatch/-/minimatch-3.1.5.tgz 0ms (cache hit)
2139 http cache ajv-formats@https://registry.npmjs.org/ajv-formats/-/ajv-formats-2.1.1.tgz 0ms (cache hit)
2140 http cache commander@https://registry.npmjs.org/commander/-/commander-2.20.3.tgz 0ms (cache hit)
2141 http cache source-map@https://registry.npmjs.org/source-map/-/source-map-0.8.0.tgz 0ms (cache hit)
2142 http cache supports-color@https://registry.npmjs.org/supports-color/-/supports-color-8.1.1.tgz 0ms (cache hit)
2143 http cache p-limit@https://registry.npmjs.org/p-limit/-/p-limit-2.3.0.tgz 0ms (cache hit)
2144 http cache glob@https://registry.npmjs.org/glob/-/glob-7.2.3.tgz 0ms (cache hit)
2145 http cache glob@https://registry.npmjs.org/glob/-/glob-7.2.3.tgz 0ms (cache hit)
2146 http cache brace-expansion@https://registry.npmjs.org/brace-expansion/-/brace-expansion-1.1.18.tgz 0ms (cache hit)
2147 http cache minimatch@https://registry.npmjs.org/minimatch/-/minimatch-3.1.5.tgz 0ms (cache hit)
2148 http cache json-schema-traverse@https://registry.npmjs.org/json-schema-traverse/-/json-schema-traverse-0.4.1.tgz 0ms (cache hit)
2149 http cache array-union@https://registry.npmjs.org/array-union/-/array-union-1.0.2.tgz 0ms (cache hit)
2150 http cache ajv-keywords@https://registry.npmjs.org/ajv-keywords/-/ajv-keywords-3.5.2.tgz 0ms (cache hit)
2151 http cache pify@https://registry.npmjs.org/pify/-/pify-4.0.1.tgz 0ms (cache hit)
2152 http cache globby@https://registry.npmjs.org/globby/-/globby-6.1.0.tgz 0ms (cache hit)
2153 http cache debug@https://registry.npmjs.org/debug/-/debug-4.4.3.tgz 0ms (cache hit)
2154 http cache pify@https://registry.npmjs.org/pify/-/pify-2.3.0.tgz 0ms (cache hit)
2155 http cache ms@https://registry.npmjs.org/ms/-/ms-2.1.3.tgz 0ms (cache hit)
2156 http cache ajv@https://registry.npmjs.org/ajv/-/ajv-6.15.0.tgz 0ms (cache hit)
2157 http cache semver@https://registry.npmjs.org/semver/-/semver-6.3.1.tgz 0ms (cache hit)
2158 http cache webpack-sources@https://registry.npmjs.org/webpack-sources/-/webpack-sources-1.4.3.tgz 0ms (cache hit)
2159 http cache yallist@https://registry.npmjs.org/yallist/-/yallist-3.1.1.tgz 0ms (cache hit)
2160 http cache ajv-formats@https://registry.npmjs.org/ajv-formats/-/ajv-formats-2.1.1.tgz 0ms (cache hit)
2161 http cache lru-cache@https://registry.npmjs.org/lru-cache/-/lru-cache-5.1.1.tgz 1ms (cache hit)
2162 http cache schema-utils@https://registry.npmjs.org/schema-utils/-/schema-utils-4.3.3.tgz 0ms (cache hit)
2163 http cache schema-utils@https://registry.npmjs.org/schema-utils/-/schema-utils-4.3.3.tgz 0ms (cache hit)
2164 http cache ajv-formats@https://registry.npmjs.org/ajv-formats/-/ajv-formats-2.1.1.tgz 0ms (cache hit)
2165 http cache ms@https://registry.npmjs.org/ms/-/ms-2.1.3.tgz 0ms (cache hit)
2166 http cache slash@https://registry.npmjs.org/slash/-/slash-3.0.0.tgz 0ms (cache hit)
2167 http cache semver@https://registry.npmjs.org/semver/-/semver-6.3.1.tgz 0ms (cache hit)
2168 http cache debug@https://registry.npmjs.org/debug/-/debug-4.4.3.tgz 0ms (cache hit)
2169 silly tarball no local data for source-list-map@https://registry.npmjs.org/source-list-map/-/source-list-map-2.0.1.tgz. Extracting by manifest.
2170 http cache mime-db@https://registry.npmjs.org/mime-db/-/mime-db-1.54.0.tgz 0ms (cache hit)
2171 silly tarball no local data for ajv-keywords@https://registry.npmjs.org/ajv-keywords/-/ajv-keywords-5.1.0.tgz. Extracting by manifest.
2172 silly tarball no local data for @babel/plugin-proposal-private-property-in-object@https://registry.npmjs.org/@babel/plugin-proposal-private-property-in-object/-/plugin-proposal-private-property-in-object-7.21.0-placeholder-for-preset-env.2.tgz. Extracting by manifest.
2173 silly tarball no local data for @babel/plugin-syntax-unicode-sets-regex@https://registry.npmjs.org/@babel/plugin-syntax-unicode-sets-regex/-/plugin-syntax-unicode-sets-regex-7.18.6.tgz. Extracting by manifest.
2174 silly tarball no local data for @babel/helper-plugin-utils@https://registry.npmjs.org/@babel/helper-plugin-utils/-/helper-plugin-utils-7.29.7.tgz. Extracting by manifest.
2175 silly tarball no local data for jsonpointer@https://registry.npmjs.org/jsonpointer/-/jsonpointer-5.0.1.tgz. Extracting by manifest.
2176 silly tarball no local data for leven@https://registry.npmjs.org/leven/-/leven-3.1.0.tgz. Extracting by manifest.
2177 silly tarball no local data for workbox-streams@https://registry.npmjs.org/workbox-streams/-/workbox-streams-6.6.0.tgz. Extracting by manifest.
2178 silly tarball no local data for @babel/plugin-bugfix-safari-id-destructuring-collision-in-function-expression@https://registry.npmjs.org/@babel/plugin-bugfix-safari-id-destructuring-collision-in-function-expression/-/plugin-bugfix-safari-id-destructuring-collision-in-function-expression-7.29.7.tgz. Extracting by manifest.
2179 silly tarball no local data for workbox-sw@https://registry.npmjs.org/workbox-sw/-/workbox-sw-6.6.0.tgz. Extracting by manifest.
2180 silly tarball no local data for workbox-routing@https://registry.npmjs.org/workbox-routing/-/workbox-routing-6.6.0.tgz. Extracting by manifest.
2181 silly tarball no local data for workbox-strategies@https://registry.npmjs.org/workbox-strategies/-/workbox-strategies-6.6.0.tgz. Extracting by manifest.
2182 silly tarball no local data for workbox-precaching@https://registry.npmjs.org/workbox-precaching/-/workbox-precaching-6.6.0.tgz. Extracting by manifest.
2183 silly tarball no local data for workbox-navigation-preload@https://registry.npmjs.org/workbox-navigation-preload/-/workbox-navigation-preload-6.6.0.tgz. Extracting by manifest.
2184 silly tarball no local data for workbox-range-requests@https://registry.npmjs.org/workbox-range-requests/-/workbox-range-requests-6.6.0.tgz. Extracting by manifest.
2185 silly tarball no local data for workbox-recipes@https://registry.npmjs.org/workbox-recipes/-/workbox-recipes-6.6.0.tgz. Extracting by manifest.
2186 silly tarball no local data for workbox-google-analytics@https://registry.npmjs.org/workbox-google-analytics/-/workbox-google-analytics-6.6.0.tgz. Extracting by manifest.
2187 silly tarball no local data for workbox-expiration@https://registry.npmjs.org/workbox-expiration/-/workbox-expiration-6.6.0.tgz. Extracting by manifest.
2188 silly tarball no local data for workbox-core@https://registry.npmjs.org/workbox-core/-/workbox-core-6.6.0.tgz. Extracting by manifest.
2189 silly tarball no local data for workbox-broadcast-update@https://registry.npmjs.org/workbox-broadcast-update/-/workbox-broadcast-update-6.6.0.tgz. Extracting by manifest.
2190 silly tarball no local data for workbox-cacheable-response@https://registry.npmjs.org/workbox-cacheable-response/-/workbox-cacheable-response-6.6.0.tgz. Extracting by manifest.
2191 silly tarball no local data for workbox-background-sync@https://registry.npmjs.org/workbox-background-sync/-/workbox-background-sync-6.6.0.tgz. Extracting by manifest.
2192 silly tarball no local data for tempy@https://registry.npmjs.org/tempy/-/tempy-0.6.0.tgz. Extracting by manifest.
2193 silly tarball no local data for strip-comments@https://registry.npmjs.org/strip-comments/-/strip-comments-2.0.1.tgz. Extracting by manifest.
2194 silly tarball no local data for rollup-plugin-terser@https://registry.npmjs.org/rollup-plugin-terser/-/rollup-plugin-terser-7.0.2.tgz. Extracting by manifest.
2195 silly tarball no local data for stringify-object@https://registry.npmjs.org/stringify-object/-/stringify-object-3.3.0.tgz. Extracting by manifest.
2196 silly tarball no local data for common-tags@https://registry.npmjs.org/common-tags/-/common-tags-1.8.2.tgz. Extracting by manifest.
2197 silly tarball no local data for @surma/rollup-plugin-off-main-thread@https://registry.npmjs.org/@surma/rollup-plugin-off-main-thread/-/rollup-plugin-off-main-thread-2.2.3.tgz. Extracting by manifest.
2198 silly tarball no local data for @rollup/plugin-replace@https://registry.npmjs.org/@rollup/plugin-replace/-/plugin-replace-2.4.2.tgz. Extracting by manifest.
2199 silly tarball no local data for @rollup/plugin-babel@https://registry.npmjs.org/@rollup/plugin-babel/-/plugin-babel-5.3.1.tgz. Extracting by manifest.
2200 silly tarball no local data for rollup@https://registry.npmjs.org/rollup/-/rollup-2.80.0.tgz. Extracting by manifest.
2201 silly tarball no local data for @apideck/better-ajv-errors@https://registry.npmjs.org/@apideck/better-ajv-errors/-/better-ajv-errors-0.3.7.tgz. Extracting by manifest.
2202 silly tarball no local data for @rollup/plugin-node-resolve@https://registry.npmjs.org/@rollup/plugin-node-resolve/-/plugin-node-resolve-11.2.1.tgz. Extracting by manifest.
2203 silly tarball no local data for @babel/preset-env@https://registry.npmjs.org/@babel/preset-env/-/preset-env-7.29.7.tgz. Extracting by manifest.
2204 silly tarball no local data for @xtuc/ieee754@https://registry.npmjs.org/@xtuc/ieee754/-/ieee754-1.2.0.tgz. Extracting by manifest.
2205 silly tarball no local data for upath@https://registry.npmjs.org/upath/-/upath-1.2.0.tgz. Extracting by manifest.
2206 silly tarball no local data for workbox-build@https://registry.npmjs.org/workbox-build/-/workbox-build-6.6.0.tgz. Extracting by manifest.
2207 silly tarball no local data for pretty-bytes@https://registry.npmjs.org/pretty-bytes/-/pretty-bytes-5.6.0.tgz. Extracting by manifest.
2208 silly tarball no local data for @webassemblyjs/utf8@https://registry.npmjs.org/@webassemblyjs/utf8/-/utf8-1.13.2.tgz. Extracting by manifest.
2209 silly tarball no local data for @webassemblyjs/ieee754@https://registry.npmjs.org/@webassemblyjs/ieee754/-/ieee754-1.13.2.tgz. Extracting by manifest.
2210 silly tarball no local data for @webassemblyjs/wast-printer@https://registry.npmjs.org/@webassemblyjs/wast-printer/-/wast-printer-1.14.1.tgz. Extracting by manifest.
2211 silly tarball no local data for @webassemblyjs/wasm-opt@https://registry.npmjs.org/@webassemblyjs/wasm-opt/-/wasm-opt-1.14.1.tgz. Extracting by manifest.
2212 silly tarball no local data for @webassemblyjs/leb128@https://registry.npmjs.org/@webassemblyjs/leb128/-/leb128-1.13.2.tgz. Extracting by manifest.
2213 silly tarball no local data for @webassemblyjs/wasm-gen@https://registry.npmjs.org/@webassemblyjs/wasm-gen/-/wasm-gen-1.14.1.tgz. Extracting by manifest.
2214 silly tarball no local data for @webassemblyjs/helper-wasm-section@https://registry.npmjs.org/@webassemblyjs/helper-wasm-section/-/helper-wasm-section-1.14.1.tgz. Extracting by manifest.
2215 silly tarball no local data for @webassemblyjs/helper-buffer@https://registry.npmjs.org/@webassemblyjs/helper-buffer/-/helper-buffer-1.14.1.tgz. Extracting by manifest.
2216 silly tarball no local data for @webassemblyjs/helper-api-error@https://registry.npmjs.org/@webassemblyjs/helper-api-error/-/helper-api-error-1.13.2.tgz. Extracting by manifest.
2217 silly tarball no local data for @webassemblyjs/floating-point-hex-parser@https://registry.npmjs.org/@webassemblyjs/floating-point-hex-parser/-/floating-point-hex-parser-1.13.2.tgz. Extracting by manifest.
2218 silly tarball no local data for webpack-sources@https://registry.npmjs.org/webpack-sources/-/webpack-sources-3.5.1.tgz. Extracting by manifest.
2219 silly tarball no local data for @xtuc/long@https://registry.npmjs.org/@xtuc/long/-/long-4.2.2.tgz. Extracting by manifest.
2220 silly tarball no local data for @webassemblyjs/helper-wasm-bytecode@https://registry.npmjs.org/@webassemblyjs/helper-wasm-bytecode/-/helper-wasm-bytecode-1.13.2.tgz. Extracting by manifest.
2221 silly tarball no local data for @webassemblyjs/helper-numbers@https://registry.npmjs.org/@webassemblyjs/helper-numbers/-/helper-numbers-1.13.2.tgz. Extracting by manifest.
2222 silly tarball no local data for tapable@https://registry.npmjs.org/tapable/-/tapable-2.3.3.tgz. Extracting by manifest.
2223 silly tarball no local data for events@https://registry.npmjs.org/events/-/events-3.3.0.tgz. Extracting by manifest.
2224 silly tarball no local data for watchpack@https://registry.npmjs.org/watchpack/-/watchpack-2.5.2.tgz. Extracting by manifest.
2225 silly tarball no local data for minimizer-webpack-plugin@https://registry.npmjs.org/minimizer-webpack-plugin/-/minimizer-webpack-plugin-5.9.0.tgz. Extracting by manifest.
2226 silly tarball no local data for @webassemblyjs/wasm-edit@https://registry.npmjs.org/@webassemblyjs/wasm-edit/-/wasm-edit-1.14.1.tgz. Extracting by manifest.
2227 silly tarball no local data for enhanced-resolve@https://registry.npmjs.org/enhanced-resolve/-/enhanced-resolve-5.24.5.tgz. Extracting by manifest.
2228 silly tarball no local data for chrome-trace-event@https://registry.npmjs.org/chrome-trace-event/-/chrome-trace-event-1.0.4.tgz. Extracting by manifest.
2229 silly tarball no local data for @webassemblyjs/wasm-parser@https://registry.npmjs.org/@webassemblyjs/wasm-parser/-/wasm-parser-1.14.1.tgz. Extracting by manifest.
2230 silly tarball no local data for es-module-lexer@https://registry.npmjs.org/es-module-lexer/-/es-module-lexer-2.3.2.tgz. Extracting by manifest.
2231 silly tarball no local data for @webassemblyjs/ast@https://registry.npmjs.org/@webassemblyjs/ast/-/ast-1.14.1.tgz. Extracting by manifest.
2232 silly tarball no local data for @jridgewell/source-map@https://registry.npmjs.org/@jridgewell/source-map/-/source-map-0.3.11.tgz. Extracting by manifest.
2233 silly tarball no local data for buffer-from@https://registry.npmjs.org/buffer-from/-/buffer-from-1.1.2.tgz. Extracting by manifest.
2234 silly tarball no local data for @react-leaflet/core@https://registry.npmjs.org/@react-leaflet/core/-/core-3.0.0.tgz. Extracting by manifest.
2235 silly tarball no local data for merge-stream@https://registry.npmjs.org/merge-stream/-/merge-stream-2.0.0.tgz. Extracting by manifest.
2236 silly tarball no local data for source-map-support@https://registry.npmjs.org/source-map-support/-/source-map-support-0.5.21.tgz. Extracting by manifest.
2237 silly tarball no local data for jest-worker@https://registry.npmjs.org/jest-worker/-/jest-worker-27.5.1.tgz. Extracting by manifest.
2238 silly tarball no local data for p-locate@https://registry.npmjs.org/p-locate/-/p-locate-4.1.0.tgz. Extracting by manifest.
2239 silly tarball no local data for path-exists@https://registry.npmjs.org/path-exists/-/path-exists-4.0.0.tgz. Extracting by manifest.
2240 silly tarball no local data for locate-path@https://registry.npmjs.org/locate-path/-/locate-path-5.0.0.tgz. Extracting by manifest.
2241 silly tarball no local data for terser@https://registry.npmjs.org/terser/-/terser-5.51.2.tgz. Extracting by manifest.
2242 silly tarball no local data for emojis-list@https://registry.npmjs.org/emojis-list/-/emojis-list-3.0.0.tgz. Extracting by manifest.
2243 silly tarball no local data for big.js@https://registry.npmjs.org/big.js/-/big.js-5.2.2.tgz. Extracting by manifest.
2244 silly tarball no local data for is-path-inside@https://registry.npmjs.org/is-path-inside/-/is-path-inside-2.1.0.tgz. Extracting by manifest.
2245 silly tarball no local data for find-up@https://registry.npmjs.org/find-up/-/find-up-4.1.0.tgz. Extracting by manifest.
2246 silly tarball no local data for path-is-inside@https://registry.npmjs.org/path-is-inside/-/path-is-inside-1.0.2.tgz. Extracting by manifest.
2247 silly tarball no local data for path-type@https://registry.npmjs.org/path-type/-/path-type-4.0.0.tgz. Extracting by manifest.
2248 silly tarball no local data for ignore@https://registry.npmjs.org/ignore/-/ignore-5.3.2.tgz. Extracting by manifest.
2249 silly tarball no local data for dir-glob@https://registry.npmjs.org/dir-glob/-/dir-glob-3.0.1.tgz. Extracting by manifest.
2250 silly tarball no local data for @types/minimatch@https://registry.npmjs.org/@types/minimatch/-/minimatch-5.1.2.tgz. Extracting by manifest.
2251 silly tarball no local data for array-union@https://registry.npmjs.org/array-union/-/array-union-2.1.0.tgz. Extracting by manifest.
2252 silly tarball no local data for pkg-dir@https://registry.npmjs.org/pkg-dir/-/pkg-dir-4.2.0.tgz. Extracting by manifest.
2253 silly tarball no local data for p-map@https://registry.npmjs.org/p-map/-/p-map-2.1.0.tgz. Extracting by manifest.
2254 silly tarball no local data for is-path-cwd@https://registry.npmjs.org/is-path-cwd/-/is-path-cwd-2.2.0.tgz. Extracting by manifest.
2255 silly tarball no local data for commondir@https://registry.npmjs.org/commondir/-/commondir-1.0.1.tgz. Extracting by manifest.
2256 silly tarball no local data for @types/glob@https://registry.npmjs.org/@types/glob/-/glob-7.2.0.tgz. Extracting by manifest.
2257 silly tarball no local data for is-path-in-cwd@https://registry.npmjs.org/is-path-in-cwd/-/is-path-in-cwd-2.1.0.tgz. Extracting by manifest.
2258 silly tarball no local data for schema-utils@https://registry.npmjs.org/schema-utils/-/schema-utils-2.7.1.tgz. Extracting by manifest.
2259 silly tarball no local data for del@https://registry.npmjs.org/del/-/del-4.1.1.tgz. Extracting by manifest.
2260 silly tarball no local data for find-cache-dir@https://registry.npmjs.org/find-cache-dir/-/find-cache-dir-3.3.2.tgz. Extracting by manifest.
2261 silly tarball no local data for loader-utils@https://registry.npmjs.org/loader-utils/-/loader-utils-2.0.4.tgz. Extracting by manifest.
2262 silly tarball no local data for @babel/helper-compilation-targets@https://registry.npmjs.org/@babel/helper-compilation-targets/-/helper-compilation-targets-7.29.7.tgz. Extracting by manifest.
2263 silly tarball no local data for @babel/helper-module-transforms@https://registry.npmjs.org/@babel/helper-module-transforms/-/helper-module-transforms-7.29.7.tgz. Extracting by manifest.
2264 silly tarball no local data for @babel/generator@https://registry.npmjs.org/@babel/generator/-/generator-7.29.8.tgz. Extracting by manifest.
2265 silly tarball no local data for @babel/helpers@https://registry.npmjs.org/@babel/helpers/-/helpers-7.29.7.tgz. Extracting by manifest.
2266 silly tarball no local data for @babel/code-frame@https://registry.npmjs.org/@babel/code-frame/-/code-frame-7.29.7.tgz. Extracting by manifest.
2267 silly tarball no local data for @babel/core@https://registry.npmjs.org/@babel/core/-/core-7.29.7.tgz. Extracting by manifest.
2268 silly tarball no local data for globby@https://registry.npmjs.org/globby/-/globby-11.1.0.tgz. Extracting by manifest.
2269 silly tarball no local data for workbox-window@https://registry.npmjs.org/workbox-window/-/workbox-window-6.6.0.tgz. Extracting by manifest.
2270 silly tarball no local data for workbox-webpack-plugin@https://registry.npmjs.org/workbox-webpack-plugin/-/workbox-webpack-plugin-6.6.0.tgz. Extracting by manifest.
2271 silly tarball no local data for terser-webpack-plugin@https://registry.npmjs.org/terser-webpack-plugin/-/terser-webpack-plugin-5.6.1.tgz. Extracting by manifest.
2272 silly tarball no local data for clean-webpack-plugin@https://registry.npmjs.org/clean-webpack-plugin/-/clean-webpack-plugin-4.0.0.tgz. Extracting by manifest.
2273 silly tarball no local data for babel-loader@https://registry.npmjs.org/babel-loader/-/babel-loader-8.4.1.tgz. Extracting by manifest.
2274 silly tarball no local data for @types/geojson@https://registry.npmjs.org/@types/geojson/-/geojson-7946.0.16.tgz. Extracting by manifest.
2275 silly tarball no local data for @jridgewell/trace-mapping@https://registry.npmjs.org/@jridgewell/trace-mapping/-/trace-mapping-0.3.31.tgz. Extracting by manifest.
2276 silly tarball no local data for webpack@https://registry.npmjs.org/webpack/-/webpack-5.110.3.tgz. Extracting by manifest.
2277 silly tarball no local data for next-pwa@https://registry.npmjs.org/next-pwa/-/next-pwa-5.6.0.tgz. Extracting by manifest.
2278 silly tarball no local data for leaflet@https://registry.npmjs.org/leaflet/-/leaflet-1.9.4.tgz. Extracting by manifest.
2279 silly tarball no local data for @jridgewell/gen-mapping@https://registry.npmjs.org/@jridgewell/gen-mapping/-/gen-mapping-0.3.13.tgz. Extracting by manifest.
2280 silly tarball no local data for react-leaflet@https://registry.npmjs.org/react-leaflet/-/react-leaflet-5.0.0.tgz. Extracting by manifest.
2281 silly tarball no local data for @types/leaflet@https://registry.npmjs.org/@types/leaflet/-/leaflet-1.9.22.tgz. Extracting by manifest.
2282 silly tarball no local data for side-channel@https://registry.npmjs.org/side-channel/-/side-channel-1.1.1.tgz. Extracting by manifest.
2283 silly tarball no local data for side-channel-list@https://registry.npmjs.org/side-channel-list/-/side-channel-list-1.0.1.tgz. Extracting by manifest.
2284 silly tarball no local data for es-object-atoms@https://registry.npmjs.org/es-object-atoms/-/es-object-atoms-1.1.2.tgz. Extracting by manifest.
2285 silly tarball no local data for get-intrinsic@https://registry.npmjs.org/get-intrinsic/-/get-intrinsic-1.3.0.tgz. Extracting by manifest.
2286 silly tarball no local data for hasown@https://registry.npmjs.org/hasown/-/hasown-2.0.4.tgz. Extracting by manifest.
2287 silly tarball no local data for resolve@https://registry.npmjs.org/resolve/-/resolve-1.22.12.tgz. Extracting by manifest.
2288 silly tarball no local data for caniuse-lite@https://registry.npmjs.org/caniuse-lite/-/caniuse-lite-1.0.30001810.tgz. Extracting by manifest.
2289 silly tarball no local data for call-bind-apply-helpers@https://registry.npmjs.org/call-bind-apply-helpers/-/call-bind-apply-helpers-1.0.2.tgz. Extracting by manifest.
2290 silly tarball no local data for call-bound@https://registry.npmjs.org/call-bound/-/call-bound-1.0.4.tgz. Extracting by manifest.
2291 silly tarball no local data for minimatch@https://registry.npmjs.org/minimatch/-/minimatch-5.1.9.tgz. Extracting by manifest.
2292 silly tarball no local data for call-bind@https://registry.npmjs.org/call-bind/-/call-bind-1.0.9.tgz. Extracting by manifest.
2293 silly tarball no local data for acorn@https://registry.npmjs.org/acorn/-/acorn-8.18.0.tgz. Extracting by manifest.
2294 silly tarball no local data for semver@https://registry.npmjs.org/semver/-/semver-6.3.1.tgz. Extracting by manifest.
2295 silly tarball no local data for semver@https://registry.npmjs.org/semver/-/semver-6.3.1.tgz. Extracting by manifest.
2296 silly tarball no local data for ms@https://registry.npmjs.org/ms/-/ms-2.1.3.tgz. Extracting by manifest.
2297 silly tarball no local data for debug@https://registry.npmjs.org/debug/-/debug-4.4.3.tgz. Extracting by manifest.
2298 silly tarball no local data for semver@https://registry.npmjs.org/semver/-/semver-6.3.1.tgz. Extracting by manifest.
2299 silly tarball no local data for semver@https://registry.npmjs.org/semver/-/semver-6.3.1.tgz. Extracting by manifest.
2300 silly tarball no local data for jest-worker@https://registry.npmjs.org/jest-worker/-/jest-worker-26.6.2.tgz. Extracting by manifest.
2301 silly tarball no local data for is-obj@https://registry.npmjs.org/is-obj/-/is-obj-1.0.1.tgz. Extracting by manifest.
2302 silly tarball no local data for brace-expansion@https://registry.npmjs.org/brace-expansion/-/brace-expansion-1.1.18.tgz. Extracting by manifest.
2303 silly tarball no local data for schema-utils@https://registry.npmjs.org/schema-utils/-/schema-utils-4.3.3.tgz. Extracting by manifest.
2304 silly tarball no local data for minimatch@https://registry.npmjs.org/minimatch/-/minimatch-3.1.5.tgz. Extracting by manifest.
2305 silly tarball no local data for ajv-formats@https://registry.npmjs.org/ajv-formats/-/ajv-formats-2.1.1.tgz. Extracting by manifest.
2306 silly tarball no local data for commander@https://registry.npmjs.org/commander/-/commander-2.20.3.tgz. Extracting by manifest.
2307 silly tarball no local data for source-map@https://registry.npmjs.org/source-map/-/source-map-0.8.0.tgz. Extracting by manifest.
2308 silly tarball no local data for supports-color@https://registry.npmjs.org/supports-color/-/supports-color-8.1.1.tgz. Extracting by manifest.
2309 silly tarball no local data for p-limit@https://registry.npmjs.org/p-limit/-/p-limit-2.3.0.tgz. Extracting by manifest.
2310 silly tarball no local data for glob@https://registry.npmjs.org/glob/-/glob-7.2.3.tgz. Extracting by manifest.
2311 silly tarball no local data for glob@https://registry.npmjs.org/glob/-/glob-7.2.3.tgz. Extracting by manifest.
2312 silly tarball no local data for brace-expansion@https://registry.npmjs.org/brace-expansion/-/brace-expansion-1.1.18.tgz. Extracting by manifest.
2313 silly tarball no local data for minimatch@https://registry.npmjs.org/minimatch/-/minimatch-3.1.5.tgz. Extracting by manifest.
2314 silly tarball no local data for json-schema-traverse@https://registry.npmjs.org/json-schema-traverse/-/json-schema-traverse-0.4.1.tgz. Extracting by manifest.
2315 silly tarball no local data for array-union@https://registry.npmjs.org/array-union/-/array-union-1.0.2.tgz. Extracting by manifest.
2316 silly tarball no local data for ajv-keywords@https://registry.npmjs.org/ajv-keywords/-/ajv-keywords-3.5.2.tgz. Extracting by manifest.
2317 silly tarball no local data for pify@https://registry.npmjs.org/pify/-/pify-4.0.1.tgz. Extracting by manifest.
2318 silly tarball no local data for globby@https://registry.npmjs.org/globby/-/globby-6.1.0.tgz. Extracting by manifest.
2319 silly tarball no local data for debug@https://registry.npmjs.org/debug/-/debug-4.4.3.tgz. Extracting by manifest.
2320 silly tarball no local data for pify@https://registry.npmjs.org/pify/-/pify-2.3.0.tgz. Extracting by manifest.
2321 silly tarball no local data for ms@https://registry.npmjs.org/ms/-/ms-2.1.3.tgz. Extracting by manifest.
2322 silly tarball no local data for ajv@https://registry.npmjs.org/ajv/-/ajv-6.15.0.tgz. Extracting by manifest.
2323 silly tarball no local data for semver@https://registry.npmjs.org/semver/-/semver-6.3.1.tgz. Extracting by manifest.
2324 silly tarball no local data for webpack-sources@https://registry.npmjs.org/webpack-sources/-/webpack-sources-1.4.3.tgz. Extracting by manifest.
2325 silly tarball no local data for yallist@https://registry.npmjs.org/yallist/-/yallist-3.1.1.tgz. Extracting by manifest.
2326 silly tarball no local data for ajv-formats@https://registry.npmjs.org/ajv-formats/-/ajv-formats-2.1.1.tgz. Extracting by manifest.
2327 silly tarball no local data for lru-cache@https://registry.npmjs.org/lru-cache/-/lru-cache-5.1.1.tgz. Extracting by manifest.
2328 silly tarball no local data for schema-utils@https://registry.npmjs.org/schema-utils/-/schema-utils-4.3.3.tgz. Extracting by manifest.
2329 silly tarball no local data for schema-utils@https://registry.npmjs.org/schema-utils/-/schema-utils-4.3.3.tgz. Extracting by manifest.
2330 silly tarball no local data for ajv-formats@https://registry.npmjs.org/ajv-formats/-/ajv-formats-2.1.1.tgz. Extracting by manifest.
2331 silly tarball no local data for ms@https://registry.npmjs.org/ms/-/ms-2.1.3.tgz. Extracting by manifest.
2332 silly tarball no local data for slash@https://registry.npmjs.org/slash/-/slash-3.0.0.tgz. Extracting by manifest.
2333 silly tarball no local data for semver@https://registry.npmjs.org/semver/-/semver-6.3.1.tgz. Extracting by manifest.
2334 silly tarball no local data for debug@https://registry.npmjs.org/debug/-/debug-4.4.3.tgz. Extracting by manifest.
2335 silly tarball no local data for mime-db@https://registry.npmjs.org/mime-db/-/mime-db-1.54.0.tgz. Extracting by manifest.
2336 http cache pinkie-promise@https://registry.npmjs.org/pinkie-promise/-/pinkie-promise-2.0.1.tgz 0ms (cache hit)
2337 http cache pinkie@https://registry.npmjs.org/pinkie/-/pinkie-2.0.4.tgz 0ms (cache hit)
2338 http cache array-uniq@https://registry.npmjs.org/array-uniq/-/array-uniq-1.0.3.tgz 0ms (cache hit)
2339 http cache p-try@https://registry.npmjs.org/p-try/-/p-try-2.2.0.tgz 0ms (cache hit)
2340 http cache unicode-property-aliases-ecmascript@https://registry.npmjs.org/unicode-property-aliases-ecmascript/-/unicode-property-aliases-ecmascript-2.2.0.tgz 0ms (cache hit)
2341 http cache unicode-canonical-property-names-ecmascript@https://registry.npmjs.org/unicode-canonical-property-names-ecmascript/-/unicode-canonical-property-names-ecmascript-2.0.1.tgz 0ms (cache hit)
2342 http cache is-regexp@https://registry.npmjs.org/is-regexp/-/is-regexp-1.0.0.tgz 0ms (cache hit)
2343 http cache temp-dir@https://registry.npmjs.org/temp-dir/-/temp-dir-2.0.0.tgz 0ms (cache hit)
2344 http cache randombytes@https://registry.npmjs.org/randombytes/-/randombytes-2.1.0.tgz 0ms (cache hit)
2345 http cache regjsgen@https://registry.npmjs.org/regjsgen/-/regjsgen-0.8.0.tgz 0ms (cache hit)
2346 http cache unicode-match-property-ecmascript@https://registry.npmjs.org/unicode-match-property-ecmascript/-/unicode-match-property-ecmascript-2.0.0.tgz 0ms (cache hit)
2347 http cache regenerate@https://registry.npmjs.org/regenerate/-/regenerate-1.4.2.tgz 0ms (cache hit)
2348 http cache lodash.debounce@https://registry.npmjs.org/lodash.debounce/-/lodash.debounce-4.0.8.tgz 0ms (cache hit)
2349 http cache filelist@https://registry.npmjs.org/filelist/-/filelist-1.0.6.tgz 0ms (cache hit)
2350 http cache @types/resolve@https://registry.npmjs.org/@types/resolve/-/resolve-1.17.1.tgz 1ms (cache hit)
2351 http cache builtin-modules@https://registry.npmjs.org/builtin-modules/-/builtin-modules-3.3.0.tgz 0ms (cache hit)
2352 http cache is-module@https://registry.npmjs.org/is-module/-/is-module-1.0.0.tgz 0ms (cache hit)
2353 http cache core-js-compat@https://registry.npmjs.org/core-js-compat/-/core-js-compat-3.50.0.tgz 0ms (cache hit)
2354 http cache @types/estree@https://registry.npmjs.org/@types/estree/-/estree-1.0.9.tgz 0ms (cache hit)
2355 http cache electron-to-chromium@https://registry.npmjs.org/electron-to-chromium/-/electron-to-chromium-1.5.422.tgz 0ms (cache hit)
2356 http cache convert-source-map@https://registry.npmjs.org/convert-source-map/-/convert-source-map-2.0.0.tgz 0ms (cache hit)
2357 silly tarball no local data for @types/estree@https://registry.npmjs.org/@types/estree/-/estree-1.0.9.tgz. Extracting by manifest.
2358 http cache update-browserslist-db@https://registry.npmjs.org/update-browserslist-db/-/update-browserslist-db-1.3.2.tgz 0ms (cache hit)
2359 http cache browserslist@https://registry.npmjs.org/browserslist/-/browserslist-4.28.9.tgz 0ms (cache hit)
2360 http cache @types/trusted-types@https://registry.npmjs.org/@types/trusted-types/-/trusted-types-2.0.7.tgz 0ms (cache hit)
2361 http cache is-map@https://registry.npmjs.org/is-map/-/is-map-2.0.3.tgz 1ms (cache hit)
2362 http cache is-weakset@https://registry.npmjs.org/is-weakset/-/is-weakset-2.0.4.tgz 0ms (cache hit)
2363 http cache is-weakmap@https://registry.npmjs.org/is-weakmap/-/is-weakmap-2.0.2.tgz 0ms (cache hit)
2364 http cache which-collection@https://registry.npmjs.org/which-collection/-/which-collection-1.0.2.tgz 0ms (cache hit)
2365 http cache generator-function@https://registry.npmjs.org/generator-function/-/generator-function-2.0.1.tgz 0ms (cache hit)
2366 http cache async-function@https://registry.npmjs.org/async-function/-/async-function-1.0.0.tgz 0ms (cache hit)
2367 http cache is-finalizationregistry@https://registry.npmjs.org/is-finalizationregistry/-/is-finalizationregistry-1.1.1.tgz 0ms (cache hit)
2368 http cache is-number-object@https://registry.npmjs.org/is-number-object/-/is-number-object-1.1.1.tgz 0ms (cache hit)
2369 http cache is-async-function@https://registry.npmjs.org/is-async-function/-/is-async-function-2.1.1.tgz 0ms (cache hit)
2370 http cache is-bigint@https://registry.npmjs.org/is-bigint/-/is-bigint-1.1.0.tgz 0ms (cache hit)
2371 http cache is-generator-function@https://registry.npmjs.org/is-generator-function/-/is-generator-function-1.1.2.tgz 0ms (cache hit)
2372 http cache which-boxed-primitive@https://registry.npmjs.org/which-boxed-primitive/-/which-boxed-primitive-1.1.1.tgz 0ms (cache hit)
2373 http cache has-bigints@https://registry.npmjs.org/has-bigints/-/has-bigints-1.1.0.tgz 0ms (cache hit)
2374 http cache is-boolean-object@https://registry.npmjs.org/is-boolean-object/-/is-boolean-object-1.2.2.tgz 0ms (cache hit)
2375 http cache for-each@https://registry.npmjs.org/for-each/-/for-each-0.3.5.tgz 0ms (cache hit)
2376 http cache which-builtin-type@https://registry.npmjs.org/which-builtin-type/-/which-builtin-type-1.2.1.tgz 0ms (cache hit)
2377 http cache get-own-enumerable-property-symbols@https://registry.npmjs.org/get-own-enumerable-property-symbols/-/get-own-enumerable-property-symbols-3.0.2.tgz 0ms (cache hit)
2378 http cache is-document.all@https://registry.npmjs.org/is-document.all/-/is-document.all-1.0.0.tgz 0ms (cache hit)
2379 http cache type-fest@https://registry.npmjs.org/type-fest/-/type-fest-0.16.0.tgz 0ms (cache hit)
2380 http cache reflect.getprototypeof@https://registry.npmjs.org/reflect.getprototypeof/-/reflect.getprototypeof-1.0.10.tgz 0ms (cache hit)
2381 http cache functions-have-names@https://registry.npmjs.org/functions-have-names/-/functions-have-names-1.2.3.tgz 0ms (cache hit)
2382 http cache is-symbol@https://registry.npmjs.org/is-symbol/-/is-symbol-1.1.1.tgz 0ms (cache hit)
2383 http cache es-abstract-get@https://registry.npmjs.org/es-abstract-get/-/es-abstract-get-1.0.0.tgz 0ms (cache hit)
2384 http cache is-date-object@https://registry.npmjs.org/is-date-object/-/is-date-object-1.1.0.tgz 0ms (cache hit)
2385 http cache possible-typed-array-names@https://registry.npmjs.org/possible-typed-array-names/-/possible-typed-array-names-1.1.0.tgz 0ms (cache hit)
2386 http cache which-typed-array@https://registry.npmjs.org/which-typed-array/-/which-typed-array-1.1.22.tgz 0ms (cache hit)
2387 http cache typed-array-length@https://registry.npmjs.org/typed-array-length/-/typed-array-length-1.0.8.tgz 0ms (cache hit)
2388 http cache unbox-primitive@https://registry.npmjs.org/unbox-primitive/-/unbox-primitive-1.1.0.tgz 0ms (cache hit)
2389 http cache typed-array-byte-length@https://registry.npmjs.org/typed-array-byte-length/-/typed-array-byte-length-1.0.3.tgz 0ms (cache hit)
2390 http cache string.prototype.trimend@https://registry.npmjs.org/string.prototype.trimend/-/string.prototype.trimend-1.0.10.tgz 0ms (cache hit)
2391 http cache typed-array-buffer@https://registry.npmjs.org/typed-array-buffer/-/typed-array-buffer-1.0.3.tgz 0ms (cache hit)
2392 http cache string.prototype.trimstart@https://registry.npmjs.org/string.prototype.trimstart/-/string.prototype.trimstart-1.0.8.tgz 0ms (cache hit)
2393 http cache string.prototype.trim@https://registry.npmjs.org/string.prototype.trim/-/string.prototype.trim-1.2.11.tgz 0ms (cache hit)
2394 http cache set-proto@https://registry.npmjs.org/set-proto/-/set-proto-1.0.0.tgz 0ms (cache hit)
2395 http cache stop-iteration-iterator@https://registry.npmjs.org/stop-iteration-iterator/-/stop-iteration-iterator-1.1.0.tgz 0ms (cache hit)
2396 http cache safe-push-apply@https://registry.npmjs.org/safe-push-apply/-/safe-push-apply-1.0.0.tgz 1ms (cache hit)
2397 http cache safe-regex-test@https://registry.npmjs.org/safe-regex-test/-/safe-regex-test-1.1.0.tgz 0ms (cache hit)
2398 http cache typed-array-byte-offset@https://registry.npmjs.org/typed-array-byte-offset/-/typed-array-byte-offset-1.0.4.tgz 0ms (cache hit)
2399 http cache own-keys@https://registry.npmjs.org/own-keys/-/own-keys-1.0.2.tgz 0ms (cache hit)
2400 http cache safe-array-concat@https://registry.npmjs.org/safe-array-concat/-/safe-array-concat-1.1.4.tgz 0ms (cache hit)
2401 http cache is-weakref@https://registry.npmjs.org/is-weakref/-/is-weakref-1.1.1.tgz 0ms (cache hit)
2402 http cache object.assign@https://registry.npmjs.org/object.assign/-/object.assign-4.1.7.tgz 0ms (cache hit)
2403 http cache is-set@https://registry.npmjs.org/is-set/-/is-set-2.0.3.tgz 0ms (cache hit)
2404 http cache is-shared-array-buffer@https://registry.npmjs.org/is-shared-array-buffer/-/is-shared-array-buffer-1.0.4.tgz 0ms (cache hit)
2405 http cache is-typed-array@https://registry.npmjs.org/is-typed-array/-/is-typed-array-1.1.15.tgz 0ms (cache hit)
2406 http cache is-negative-zero@https://registry.npmjs.org/is-negative-zero/-/is-negative-zero-2.0.3.tgz 0ms (cache hit)
2407 http cache is-regex@https://registry.npmjs.org/is-regex/-/is-regex-1.2.1.tgz 0ms (cache hit)
2408 http cache is-data-view@https://registry.npmjs.org/is-data-view/-/is-data-view-1.0.2.tgz 0ms (cache hit)
2409 http cache is-string@https://registry.npmjs.org/is-string/-/is-string-1.1.1.tgz 0ms (cache hit)
2410 http cache get-symbol-description@https://registry.npmjs.org/get-symbol-description/-/get-symbol-description-1.1.0.tgz 0ms (cache hit)
2411 http cache has-proto@https://registry.npmjs.org/has-proto/-/has-proto-1.2.0.tgz 0ms (cache hit)
2412 http cache is-array-buffer@https://registry.npmjs.org/is-array-buffer/-/is-array-buffer-3.0.5.tgz 0ms (cache hit)
2413 http cache is-callable@https://registry.npmjs.org/is-callable/-/is-callable-1.2.7.tgz 0ms (cache hit)
2414 http cache globalthis@https://registry.npmjs.org/globalthis/-/globalthis-1.0.4.tgz 0ms (cache hit)
2415 http cache data-view-byte-length@https://registry.npmjs.org/data-view-byte-length/-/data-view-byte-length-1.0.2.tgz 0ms (cache hit)
2416 http cache data-view-buffer@https://registry.npmjs.org/data-view-buffer/-/data-view-buffer-1.0.2.tgz 0ms (cache hit)
2417 http cache function.prototype.name@https://registry.npmjs.org/function.prototype.name/-/function.prototype.name-1.2.0.tgz 0ms (cache hit)
2418 http cache es-to-primitive@https://registry.npmjs.org/es-to-primitive/-/es-to-primitive-1.3.4.tgz 0ms (cache hit)
2419 http cache available-typed-arrays@https://registry.npmjs.org/available-typed-arrays/-/available-typed-arrays-1.0.7.tgz 1ms (cache hit)
2420 http cache data-view-byte-offset@https://registry.npmjs.org/data-view-byte-offset/-/data-view-byte-offset-1.0.1.tgz 0ms (cache hit)
2421 http cache array-buffer-byte-length@https://registry.npmjs.org/array-buffer-byte-length/-/array-buffer-byte-length-1.0.2.tgz 0ms (cache hit)
2422 http cache regexp.prototype.flags@https://registry.npmjs.org/regexp.prototype.flags/-/regexp.prototype.flags-1.5.4.tgz 0ms (cache hit)
2423 http cache arraybuffer.prototype.slice@https://registry.npmjs.org/arraybuffer.prototype.slice/-/arraybuffer.prototype.slice-1.0.4.tgz 0ms (cache hit)
2424 http cache internal-slot@https://registry.npmjs.org/internal-slot/-/internal-slot-1.1.0.tgz 0ms (cache hit)
2425 http cache set-function-name@https://registry.npmjs.org/set-function-name/-/set-function-name-2.0.2.tgz 0ms (cache hit)
2426 http cache define-properties@https://registry.npmjs.org/define-properties/-/define-properties-1.2.1.tgz 0ms (cache hit)
2427 http cache serialize-javascript@https://registry.npmjs.org/serialize-javascript/-/serialize-javascript-4.0.0.tgz 0ms (cache hit)
2428 http cache unicode-match-property-value-ecmascript@https://registry.npmjs.org/unicode-match-property-value-ecmascript/-/unicode-match-property-value-ecmascript-2.2.1.tgz 0ms (cache hit)
2429 http cache regenerate-unicode-properties@https://registry.npmjs.org/regenerate-unicode-properties/-/regenerate-unicode-properties-10.2.2.tgz 0ms (cache hit)
2430 http cache estree-walker@https://registry.npmjs.org/estree-walker/-/estree-walker-1.0.1.tgz 0ms (cache hit)
2431 http cache string.prototype.matchall@https://registry.npmjs.org/string.prototype.matchall/-/string.prototype.matchall-4.1.0.tgz 0ms (cache hit)
2432 http cache deepmerge@https://registry.npmjs.org/deepmerge/-/deepmerge-4.3.1.tgz 0ms (cache hit)
2433 http cache @babel/helper-replace-supers@https://registry.npmjs.org/@babel/helper-replace-supers/-/helper-replace-supers-7.29.7.tgz 0ms (cache hit)
2434 http cache esutils@https://registry.npmjs.org/esutils/-/esutils-2.0.3.tgz 0ms (cache hit)
2435 http cache @babel/helper-member-expression-to-functions@https://registry.npmjs.org/@babel/helper-member-expression-to-functions/-/helper-member-expression-to-functions-7.29.7.tgz 0ms (cache hit)
2436 http cache @babel/helper-optimise-call-expression@https://registry.npmjs.org/@babel/helper-optimise-call-expression/-/helper-optimise-call-expression-7.29.7.tgz 0ms (cache hit)
2437 http cache @babel/helper-create-class-features-plugin@https://registry.npmjs.org/@babel/helper-create-class-features-plugin/-/helper-create-class-features-plugin-7.29.7.tgz 0ms (cache hit)
2438 http cache @babel/helper-remap-async-to-generator@https://registry.npmjs.org/@babel/helper-remap-async-to-generator/-/helper-remap-async-to-generator-7.29.7.tgz 0ms (cache hit)
2439 http cache @babel/helper-wrap-function@https://registry.npmjs.org/@babel/helper-wrap-function/-/helper-wrap-function-7.29.7.tgz 0ms (cache hit)
2440 http cache @babel/helper-annotate-as-pure@https://registry.npmjs.org/@babel/helper-annotate-as-pure/-/helper-annotate-as-pure-7.29.7.tgz 0ms (cache hit)
2441 http cache @babel/helper-create-regexp-features-plugin@https://registry.npmjs.org/@babel/helper-create-regexp-features-plugin/-/helper-create-regexp-features-plugin-7.29.7.tgz 0ms (cache hit)
2442 http cache babel-plugin-polyfill-regenerator@https://registry.npmjs.org/babel-plugin-polyfill-regenerator/-/babel-plugin-polyfill-regenerator-0.6.8.tgz 0ms (cache hit)
2443 http cache babel-plugin-polyfill-corejs2@https://registry.npmjs.org/babel-plugin-polyfill-corejs2/-/babel-plugin-polyfill-corejs2-0.4.17.tgz 0ms (cache hit)
2444 http cache @babel/helper-skip-transparent-expression-wrappers@https://registry.npmjs.org/@babel/helper-skip-transparent-expression-wrappers/-/helper-skip-transparent-expression-wrappers-7.29.7.tgz 0ms (cache hit)
2445 http cache babel-plugin-polyfill-corejs3@https://registry.npmjs.org/babel-plugin-polyfill-corejs3/-/babel-plugin-polyfill-corejs3-0.14.2.tgz 0ms (cache hit)
2446 http cache @babel/plugin-transform-unicode-regex@https://registry.npmjs.org/@babel/plugin-transform-unicode-regex/-/plugin-transform-unicode-regex-7.29.7.tgz 0ms (cache hit)
2447 http cache @babel/plugin-transform-unicode-escapes@https://registry.npmjs.org/@babel/plugin-transform-unicode-escapes/-/plugin-transform-unicode-escapes-7.29.7.tgz 0ms (cache hit)
2448 http cache @babel/plugin-transform-unicode-property-regex@https://registry.npmjs.org/@babel/plugin-transform-unicode-property-regex/-/plugin-transform-unicode-property-regex-7.29.7.tgz 0ms (cache hit)
2449 http cache @babel/plugin-transform-unicode-sets-regex@https://registry.npmjs.org/@babel/plugin-transform-unicode-sets-regex/-/plugin-transform-unicode-sets-regex-7.29.7.tgz 0ms (cache hit)
2450 http cache @babel/plugin-transform-typeof-symbol@https://registry.npmjs.org/@babel/plugin-transform-typeof-symbol/-/plugin-transform-typeof-symbol-7.29.7.tgz 0ms (cache hit)
2451 http cache @babel/plugin-transform-sticky-regex@https://registry.npmjs.org/@babel/plugin-transform-sticky-regex/-/plugin-transform-sticky-regex-7.29.7.tgz 0ms (cache hit)
2452 http cache @babel/plugin-transform-template-literals@https://registry.npmjs.org/@babel/plugin-transform-template-literals/-/plugin-transform-template-literals-7.29.7.tgz 0ms (cache hit)
2453 http cache @babel/plugin-transform-regexp-modifiers@https://registry.npmjs.org/@babel/plugin-transform-regexp-modifiers/-/plugin-transform-regexp-modifiers-7.29.7.tgz 0ms (cache hit)
2454 http cache @babel/plugin-transform-shorthand-properties@https://registry.npmjs.org/@babel/plugin-transform-shorthand-properties/-/plugin-transform-shorthand-properties-7.29.7.tgz 0ms (cache hit)
2455 http cache @babel/plugin-transform-spread@https://registry.npmjs.org/@babel/plugin-transform-spread/-/plugin-transform-spread-7.29.8.tgz 0ms (cache hit)
2456 http cache @babel/plugin-transform-optional-catch-binding@https://registry.npmjs.org/@babel/plugin-transform-optional-catch-binding/-/plugin-transform-optional-catch-binding-7.29.7.tgz 0ms (cache hit)
2457 http cache @babel/plugin-transform-reserved-words@https://registry.npmjs.org/@babel/plugin-transform-reserved-words/-/plugin-transform-reserved-words-7.29.7.tgz 0ms (cache hit)
2458 http cache @babel/plugin-transform-private-methods@https://registry.npmjs.org/@babel/plugin-transform-private-methods/-/plugin-transform-private-methods-7.29.7.tgz 0ms (cache hit)
2459 http cache @babel/plugin-transform-parameters@https://registry.npmjs.org/@babel/plugin-transform-parameters/-/plugin-transform-parameters-7.29.7.tgz 0ms (cache hit)
2460 http cache @babel/plugin-transform-object-super@https://registry.npmjs.org/@babel/plugin-transform-object-super/-/plugin-transform-object-super-7.29.7.tgz 0ms (cache hit)
2461 http cache @babel/plugin-transform-property-literals@https://registry.npmjs.org/@babel/plugin-transform-property-literals/-/plugin-transform-property-literals-7.29.7.tgz 0ms (cache hit)
2462 http cache @babel/plugin-transform-object-rest-spread@https://registry.npmjs.org/@babel/plugin-transform-object-rest-spread/-/plugin-transform-object-rest-spread-7.29.7.tgz 0ms (cache hit)
2463 http cache @babel/plugin-transform-optional-chaining@https://registry.npmjs.org/@babel/plugin-transform-optional-chaining/-/plugin-transform-optional-chaining-7.29.7.tgz 0ms (cache hit)
2464 http cache @babel/plugin-transform-private-property-in-object@https://registry.npmjs.org/@babel/plugin-transform-private-property-in-object/-/plugin-transform-private-property-in-object-7.29.7.tgz 0ms (cache hit)
2465 http cache @babel/plugin-transform-new-target@https://registry.npmjs.org/@babel/plugin-transform-new-target/-/plugin-transform-new-target-7.29.7.tgz 0ms (cache hit)
2466 http cache @babel/plugin-transform-modules-umd@https://registry.npmjs.org/@babel/plugin-transform-modules-umd/-/plugin-transform-modules-umd-7.29.7.tgz 0ms (cache hit)
2467 http cache @babel/plugin-transform-nullish-coalescing-operator@https://registry.npmjs.org/@babel/plugin-transform-nullish-coalescing-operator/-/plugin-transform-nullish-coalescing-operator-7.29.7.tgz 0ms (cache hit)
2468 http cache @babel/plugin-transform-numeric-separator@https://registry.npmjs.org/@babel/plugin-transform-numeric-separator/-/plugin-transform-numeric-separator-7.29.7.tgz 0ms (cache hit)
2469 http cache @babel/plugin-transform-modules-amd@https://registry.npmjs.org/@babel/plugin-transform-modules-amd/-/plugin-transform-modules-amd-7.29.7.tgz 0ms (cache hit)
2470 http cache @babel/plugin-transform-modules-commonjs@https://registry.npmjs.org/@babel/plugin-transform-modules-commonjs/-/plugin-transform-modules-commonjs-7.29.7.tgz 0ms (cache hit)
2471 http cache @babel/plugin-transform-named-capturing-groups-regex@https://registry.npmjs.org/@babel/plugin-transform-named-capturing-groups-regex/-/plugin-transform-named-capturing-groups-regex-7.29.7.tgz 0ms (cache hit)
2472 http cache @babel/plugin-transform-modules-systemjs@https://registry.npmjs.org/@babel/plugin-transform-modules-systemjs/-/plugin-transform-modules-systemjs-7.29.8.tgz 0ms (cache hit)
2473 http cache @babel/plugin-transform-member-expression-literals@https://registry.npmjs.org/@babel/plugin-transform-member-expression-literals/-/plugin-transform-member-expression-literals-7.29.7.tgz 0ms (cache hit)
2474 http cache @babel/plugin-transform-json-strings@https://registry.npmjs.org/@babel/plugin-transform-json-strings/-/plugin-transform-json-strings-7.29.7.tgz 0ms (cache hit)
2475 http cache @babel/plugin-transform-literals@https://registry.npmjs.org/@babel/plugin-transform-literals/-/plugin-transform-literals-7.29.7.tgz 0ms (cache hit)
2476 http cache @babel/plugin-transform-function-name@https://registry.npmjs.org/@babel/plugin-transform-function-name/-/plugin-transform-function-name-7.29.7.tgz 0ms (cache hit)
2477 http cache @babel/plugin-transform-explicit-resource-management@https://registry.npmjs.org/@babel/plugin-transform-explicit-resource-management/-/plugin-transform-explicit-resource-management-7.29.7.tgz 0ms (cache hit)
2478 http cache @babel/plugin-transform-logical-assignment-operators@https://registry.npmjs.org/@babel/plugin-transform-logical-assignment-operators/-/plugin-transform-logical-assignment-operators-7.29.7.tgz 0ms (cache hit)
2479 http cache @babel/plugin-transform-export-namespace-from@https://registry.npmjs.org/@babel/plugin-transform-export-namespace-from/-/plugin-transform-export-namespace-from-7.29.7.tgz 0ms (cache hit)
2480 http cache @babel/plugin-transform-for-of@https://registry.npmjs.org/@babel/plugin-transform-for-of/-/plugin-transform-for-of-7.29.7.tgz 0ms (cache hit)
2481 http cache @babel/plugin-transform-dynamic-import@https://registry.npmjs.org/@babel/plugin-transform-dynamic-import/-/plugin-transform-dynamic-import-7.29.7.tgz 0ms (cache hit)
2482 http cache @babel/plugin-transform-duplicate-named-capturing-groups-regex@https://registry.npmjs.org/@babel/plugin-transform-duplicate-named-capturing-groups-regex/-/plugin-transform-duplicate-named-capturing-groups-regex-7.29.7.tgz 0ms (cache hit)
2483 http cache @babel/plugin-transform-exponentiation-operator@https://registry.npmjs.org/@babel/plugin-transform-exponentiation-operator/-/plugin-transform-exponentiation-operator-7.29.7.tgz 0ms (cache hit)
2484 http cache @babel/plugin-transform-dotall-regex@https://registry.npmjs.org/@babel/plugin-transform-dotall-regex/-/plugin-transform-dotall-regex-7.29.7.tgz 0ms (cache hit)
2485 http cache @babel/plugin-transform-computed-properties@https://registry.npmjs.org/@babel/plugin-transform-computed-properties/-/plugin-transform-computed-properties-7.29.7.tgz 0ms (cache hit)
2486 http cache @babel/plugin-transform-duplicate-keys@https://registry.npmjs.org/@babel/plugin-transform-duplicate-keys/-/plugin-transform-duplicate-keys-7.29.7.tgz 0ms (cache hit)
2487 http cache @babel/plugin-transform-destructuring@https://registry.npmjs.org/@babel/plugin-transform-destructuring/-/plugin-transform-destructuring-7.29.7.tgz 0ms (cache hit)
2488 http cache @babel/plugin-transform-class-static-block@https://registry.npmjs.org/@babel/plugin-transform-class-static-block/-/plugin-transform-class-static-block-7.29.7.tgz 0ms (cache hit)
2489 http cache @babel/plugin-transform-classes@https://registry.npmjs.org/@babel/plugin-transform-classes/-/plugin-transform-classes-7.29.7.tgz 0ms (cache hit)
2490 http cache @babel/plugin-transform-class-properties@https://registry.npmjs.org/@babel/plugin-transform-class-properties/-/plugin-transform-class-properties-7.29.7.tgz 0ms (cache hit)
2491 http cache @babel/plugin-transform-async-to-generator@https://registry.npmjs.org/@babel/plugin-transform-async-to-generator/-/plugin-transform-async-to-generator-7.29.7.tgz 0ms (cache hit)
2492 http cache @babel/plugin-transform-block-scoping@https://registry.npmjs.org/@babel/plugin-transform-block-scoping/-/plugin-transform-block-scoping-7.29.7.tgz 0ms (cache hit)
2493 http cache @babel/plugin-transform-block-scoped-functions@https://registry.npmjs.org/@babel/plugin-transform-block-scoped-functions/-/plugin-transform-block-scoped-functions-7.29.7.tgz 0ms (cache hit)
2494 http cache @babel/plugin-transform-arrow-functions@https://registry.npmjs.org/@babel/plugin-transform-arrow-functions/-/plugin-transform-arrow-functions-7.29.7.tgz 0ms (cache hit)
2495 http cache @babel/plugin-bugfix-v8-static-class-fields-redefine-readonly@https://registry.npmjs.org/@babel/plugin-bugfix-v8-static-class-fields-redefine-readonly/-/plugin-bugfix-v8-static-class-fields-redefine-readonly-7.29.7.tgz 0ms (cache hit)
2496 http cache @babel/plugin-transform-async-generator-functions@https://registry.npmjs.org/@babel/plugin-transform-async-generator-functions/-/plugin-transform-async-generator-functions-7.29.7.tgz 0ms (cache hit)
2497 http cache @babel/plugin-syntax-import-attributes@https://registry.npmjs.org/@babel/plugin-syntax-import-attributes/-/plugin-syntax-import-attributes-7.29.7.tgz 0ms (cache hit)
2498 http cache @babel/plugin-syntax-import-assertions@https://registry.npmjs.org/@babel/plugin-syntax-import-assertions/-/plugin-syntax-import-assertions-7.29.7.tgz 0ms (cache hit)
2499 http cache @babel/plugin-bugfix-v8-spread-parameters-in-optional-chaining@https://registry.npmjs.org/@babel/plugin-bugfix-v8-spread-parameters-in-optional-chaining/-/plugin-bugfix-v8-spread-parameters-in-optional-chaining-7.29.7.tgz 0ms (cache hit)
2500 http cache @babel/plugin-bugfix-firefox-class-in-computed-class-key@https://registry.npmjs.org/@babel/plugin-bugfix-firefox-class-in-computed-class-key/-/plugin-bugfix-firefox-class-in-computed-class-key-7.29.7.tgz 0ms (cache hit)
2501 http cache @babel/plugin-bugfix-safari-class-field-initializer-scope@https://registry.npmjs.org/@babel/plugin-bugfix-safari-class-field-initializer-scope/-/plugin-bugfix-safari-class-field-initializer-scope-7.29.7.tgz 0ms (cache hit)
2502 http cache @babel/plugin-bugfix-safari-rest-destructuring-rhs-array@https://registry.npmjs.org/@babel/plugin-bugfix-safari-rest-destructuring-rhs-array/-/plugin-bugfix-safari-rest-destructuring-rhs-array-7.29.7.tgz 0ms (cache hit)
2503 http cache @babel/helper-validator-option@https://registry.npmjs.org/@babel/helper-validator-option/-/helper-validator-option-7.29.7.tgz 0ms (cache hit)
2504 http cache @babel/helper-module-imports@https://registry.npmjs.org/@babel/helper-module-imports/-/helper-module-imports-7.29.7.tgz 0ms (cache hit)
2505 http cache @babel/helper-string-parser@https://registry.npmjs.org/@babel/helper-string-parser/-/helper-string-parser-7.29.7.tgz 0ms (cache hit)
2506 http cache @babel/compat-data@https://registry.npmjs.org/@babel/compat-data/-/compat-data-7.29.7.tgz 0ms (cache hit)
2507 http cache @babel/helper-globals@https://registry.npmjs.org/@babel/helper-globals/-/helper-globals-7.29.7.tgz 0ms (cache hit)
2508 http cache gensync@https://registry.npmjs.org/gensync/-/gensync-1.0.0-beta.2.tgz 0ms (cache hit)
2509 http cache @babel/helper-validator-identifier@https://registry.npmjs.org/@babel/helper-validator-identifier/-/helper-validator-identifier-7.29.7.tgz 0ms (cache hit)
2510 http cache regjsparser@https://registry.npmjs.org/regjsparser/-/regjsparser-0.13.2.tgz 0ms (cache hit)
2511 http cache ejs@https://registry.npmjs.org/ejs/-/ejs-3.1.10.tgz 0ms (cache hit)
2512 http cache baseline-browser-mapping@https://registry.npmjs.org/baseline-browser-mapping/-/baseline-browser-mapping-2.11.21.tgz 0ms (cache hit)
2513 http cache jsesc@https://registry.npmjs.org/jsesc/-/jsesc-3.1.0.tgz 0ms (cache hit)
2514 http cache @jridgewell/remapping@https://registry.npmjs.org/@jridgewell/remapping/-/remapping-2.3.5.tgz 0ms (cache hit)
2515 http cache @babel/template@https://registry.npmjs.org/@babel/template/-/template-7.29.7.tgz 0ms (cache hit)
2516 http cache sourcemap-codec@https://registry.npmjs.org/sourcemap-codec/-/sourcemap-codec-1.4.8.tgz 0ms (cache hit)
2517 http cache es-abstract@https://registry.npmjs.org/es-abstract/-/es-abstract-1.24.2.tgz 0ms (cache hit)
2518 http cache @babel/helper-define-polyfill-provider@https://registry.npmjs.org/@babel/helper-define-polyfill-provider/-/helper-define-polyfill-provider-0.6.8.tgz 0ms (cache hit)
2519 http cache @rollup/pluginutils@https://registry.npmjs.org/@rollup/pluginutils/-/pluginutils-3.1.0.tgz 0ms (cache hit)
2520 http cache @babel/plugin-transform-regenerator@https://registry.npmjs.org/@babel/plugin-transform-regenerator/-/plugin-transform-regenerator-7.29.8.tgz 0ms (cache hit)
2521 http cache node-releases@https://registry.npmjs.org/node-releases/-/node-releases-2.0.54.tgz 0ms (cache hit)
2522 http cache @babel/preset-modules@https://registry.npmjs.org/@babel/preset-modules/-/preset-modules-0.1.6-no-external-plugins.tgz 0ms (cache hit)
2523 http cache jake@https://registry.npmjs.org/jake/-/jake-10.9.4.tgz 0ms (cache hit)
2524 http fetch GET 200 https://registry.npmjs.org/@babel/plugin-syntax-unicode-sets-regex/-/plugin-syntax-unicode-sets-regex-7.18.6.tgz 2090ms (cache miss)
2525 http fetch GET 200 https://registry.npmjs.org/leven/-/leven-3.1.0.tgz 2095ms (cache miss)
2526 http fetch GET 200 https://registry.npmjs.org/@babel/plugin-proposal-private-property-in-object/-/plugin-proposal-private-property-in-object-7.21.0-placeholder-for-preset-env.2.tgz 2209ms (cache miss)
2527 warn deprecated sourcemap-codec@1.4.8: Please use @jridgewell/sourcemap-codec instead
2528 http fetch GET 200 https://registry.npmjs.org/source-list-map/-/source-list-map-2.0.1.tgz 2315ms (cache miss)
2529 http fetch GET 200 https://registry.npmjs.org/workbox-sw/-/workbox-sw-6.6.0.tgz 2305ms (cache miss)
2530 http fetch GET 200 https://registry.npmjs.org/workbox-streams/-/workbox-streams-6.6.0.tgz 2363ms (cache miss)
2531 http fetch GET 200 https://registry.npmjs.org/workbox-strategies/-/workbox-strategies-6.6.0.tgz 2419ms (cache miss)
2532 http fetch GET 200 https://registry.npmjs.org/@babel/helper-plugin-utils/-/helper-plugin-utils-7.29.7.tgz 2449ms (cache miss)
2533 http fetch GET 200 https://registry.npmjs.org/@babel/plugin-bugfix-safari-id-destructuring-collision-in-function-expression/-/plugin-bugfix-safari-id-destructuring-collision-in-function-expression-7.29.7.tgz 2678ms (cache miss)
2534 http fetch GET 200 https://registry.npmjs.org/workbox-routing/-/workbox-routing-6.6.0.tgz 2738ms (cache miss)
2535 http fetch GET 200 https://registry.npmjs.org/ajv-keywords/-/ajv-keywords-5.1.0.tgz 2833ms (cache miss)
2536 http fetch GET 200 https://registry.npmjs.org/workbox-range-requests/-/workbox-range-requests-6.6.0.tgz 3914ms (cache miss)
2537 http fetch GET 200 https://registry.npmjs.org/jsonpointer/-/jsonpointer-5.0.1.tgz 4040ms (cache miss)
2538 http fetch GET 200 https://registry.npmjs.org/workbox-expiration/-/workbox-expiration-6.6.0.tgz 4294ms (cache miss)
2539 http fetch GET 200 https://registry.npmjs.org/workbox-cacheable-response/-/workbox-cacheable-response-6.6.0.tgz 4407ms (cache miss)
2540 warn deprecated workbox-cacheable-response@6.6.0: workbox-background-sync@6.6.0
2541 warn tar TAR_ENTRY_ERROR EPERM: operation not permitted, unlink 'D:\Job_Portal\node_modules\workbox-google-analytics\tsconfig.tsbuildinfo.DELETE.3bf779581c4f3a9b179f4f1657be7b5d'
2542 silly tar TAR_ENTRY_ERROR EPERM: operation not permitted, unlink 'D:\Job_Portal\node_modules\workbox-google-analytics\tsconfig.tsbuildinfo.DELETE.3bf779581c4f3a9b179f4f1657be7b5d' [Error: EPERM: operation not permitted, unlink 'D:\Job_Portal\node_modules\workbox-google-analytics\tsconfig.tsbuildinfo.DELETE.3bf779581c4f3a9b179f4f1657be7b5d'] {
2542 silly tar   errno: -4048,
2542 silly tar   code: 'EPERM',
2542 silly tar   syscall: 'unlink',
2542 silly tar   path: 'D:\\Job_Portal\\node_modules\\workbox-google-analytics\\tsconfig.tsbuildinfo.DELETE.3bf779581c4f3a9b179f4f1657be7b5d',
2542 silly tar   entry: As {
2542 silly tar     _events: [Object: null prototype] {
2542 silly tar       end: [Function (anonymous)],
2542 silly tar       drain: [Function]
2542 silly tar     },
2542 silly tar     _eventsCount: 2,
2542 silly tar     _maxListeners: undefined,
2542 silly tar     writable: true,
2542 silly tar     readable: true,
2542 silly tar     extended: undefined,
2542 silly tar     globalExtended: undefined,
2542 silly tar     header: Ms {
2542 silly tar       cksumValid: true,
2542 silly tar       needPax: false,
2542 silly tar       nullBlock: false,
2542 silly tar       block: undefined,
2542 silly tar       path: 'package/tsconfig.tsbuildinfo',
2542 silly tar       mode: 420,
2542 silly tar       uid: undefined,
2542 silly tar       gid: undefined,
2542 silly tar       size: 32225,
2542 silly tar       cksum: 5871,
2542 silly tar       linkpath: '',
2542 silly tar       uname: '',
2542 silly tar       gname: '',
2542 silly tar       devmaj: 0,
2542 silly tar       devmin: 0,
2542 silly tar       atime: undefined,
2542 silly tar       ctime: undefined,
2542 silly tar       mtime: 1985-10-26T08:15:00.000Z,
2542 silly tar       charset: undefined,
2542 silly tar       comment: undefined
2542 silly tar     },
2542 silly tar     startBlockSize: 32256,
2542 silly tar     blockRemain: 28872,
2542 silly tar     remain: 28841,
2542 silly tar     type: 'File',
2542 silly tar     meta: false,
2542 silly tar     ignore: false,
2542 silly tar     path: 'tsconfig.tsbuildinfo',
2542 silly tar     mode: 438,
2542 silly tar     uid: undefined,
2542 silly tar     gid: undefined,
2542 silly tar     uname: '',
2542 silly tar     gname: '',
2542 silly tar     size: 32225,
2542 silly tar     mtime: 1985-10-26T08:15:00.000Z,
2542 silly tar     atime: undefined,
2542 silly tar     ctime: undefined,
2542 silly tar     linkpath: undefined,
2542 silly tar     dev: undefined,
2542 silly tar     ino: undefined,
2542 silly tar     nlink: undefined,
2542 silly tar     invalid: false,
2542 silly tar     absolute: 'D:/Job_Portal/node_modules/workbox-google-analytics/tsconfig.tsbuildinfo',
2542 silly tar     unsupported: false,
2542 silly tar     [Symbol(shapeMode)]: false,
2542 silly tar     [Symbol(kCapture)]: false,
2542 silly tar     [Symbol(flowing)]: false,
2542 silly tar     [Symbol(paused)]: true,
2542 silly tar     [Symbol(pipes)]: [],
2542 silly tar     [Symbol(buffer)]: [
2542 silly tar       <Buffer 7b 22 70 72 6f 67 72 61 6d 22 3a 7b 22 66 69 6c 65 4e 61 6d 65 73 22 3a 5b 22 2e 2e 2f 2e 2e 2f 6e 6f 64 65 5f 6d 6f 64 75 6c 65 73 2f 74 79 70 65 73 ... 3334 more bytes>
2542 silly tar     ],
2542 silly tar     [Symbol(objectMode)]: false,
2542 silly tar     [Symbol(encoding)]: null,
2542 silly tar     [Symbol(async)]: false,
2542 silly tar     [Symbol(decoder)]: null,
2542 silly tar     [Symbol(EOF)]: false,
2542 silly tar     [Symbol(emittedEnd)]: false,
2542 silly tar     [Symbol(emittingEnd)]: false,
2542 silly tar     [Symbol(closed)]: false,
2542 silly tar     [Symbol(emittedError)]: null,
2542 silly tar     [Symbol(bufferLength)]: 3384,
2542 silly tar     [Symbol(destroyed)]: false,
2542 silly tar     [Symbol(signal)]: undefined,
2542 silly tar     [Symbol(aborted)]: false,
2542 silly tar     [Symbol(dataListeners)]: 0,
2542 silly tar     [Symbol(discarded)]: false
2542 silly tar   },
2542 silly tar   cwd: 'D:/Job_Portal/node_modules/workbox-google-analytics',
2542 silly tar   tarCode: 'TAR_ENTRY_ERROR'
2542 silly tar }
2543 http fetch GET 200 https://registry.npmjs.org/tempy/-/tempy-0.6.0.tgz 4845ms (cache miss)
2544 http fetch GET 200 https://registry.npmjs.org/workbox-background-sync/-/workbox-background-sync-6.6.0.tgz 4861ms (cache miss)
2545 http fetch GET 200 https://registry.npmjs.org/workbox-google-analytics/-/workbox-google-analytics-6.6.0.tgz 4877ms (cache miss)
2546 warn deprecated workbox-google-analytics@6.6.0: It is not compatible with newer versions of GA starting with v4, as long as you are using GAv3 it should be ok, but the package is not longer being maintained
2547 http fetch GET 200 https://registry.npmjs.org/strip-comments/-/strip-comments-2.0.1.tgz 4970ms (cache miss)
2548 http fetch GET 200 https://registry.npmjs.org/rollup-plugin-terser/-/rollup-plugin-terser-7.0.2.tgz 5740ms (cache miss)
2549 warn deprecated rollup-plugin-terser@7.0.2: This package has been deprecated and is no longer maintained. Please use @rollup/plugin-terser
2550 http fetch GET 200 https://registry.npmjs.org/workbox-broadcast-update/-/workbox-broadcast-update-6.6.0.tgz 6645ms (cache miss)
2551 http fetch GET 200 https://registry.npmjs.org/stringify-object/-/stringify-object-3.3.0.tgz 6631ms (cache miss)
2552 http fetch GET 200 https://registry.npmjs.org/workbox-recipes/-/workbox-recipes-6.6.0.tgz 6849ms (cache miss)
2553 http fetch GET 200 https://registry.npmjs.org/workbox-core/-/workbox-core-6.6.0.tgz 6894ms (cache miss)
2554 http fetch GET 200 https://registry.npmjs.org/@apideck/better-ajv-errors/-/better-ajv-errors-0.3.7.tgz 6928ms (cache miss)
2555 http fetch GET 200 https://registry.npmjs.org/@rollup/plugin-node-resolve/-/plugin-node-resolve-11.2.1.tgz 6979ms (cache miss)
2556 http fetch GET 200 https://registry.npmjs.org/@surma/rollup-plugin-off-main-thread/-/rollup-plugin-off-main-thread-2.2.3.tgz 7126ms (cache miss)
2557 http fetch GET 200 https://registry.npmjs.org/@babel/preset-env/-/preset-env-7.29.7.tgz 7144ms (cache miss)
2558 http fetch GET 200 https://registry.npmjs.org/@xtuc/ieee754/-/ieee754-1.2.0.tgz 7429ms (cache miss)
2559 http fetch GET 200 https://registry.npmjs.org/pretty-bytes/-/pretty-bytes-5.6.0.tgz 7444ms (cache miss)
2560 http fetch GET 200 https://registry.npmjs.org/@rollup/plugin-replace/-/plugin-replace-2.4.2.tgz 7480ms (cache miss)
2561 http fetch GET 200 https://registry.npmjs.org/common-tags/-/common-tags-1.8.2.tgz 7502ms (cache miss)
2562 http fetch GET 200 https://registry.npmjs.org/@webassemblyjs/utf8/-/utf8-1.13.2.tgz 7600ms (cache miss)
2563 http fetch GET 200 https://registry.npmjs.org/@webassemblyjs/ieee754/-/ieee754-1.13.2.tgz 7675ms (cache miss)
2564 http fetch GET 200 https://registry.npmjs.org/workbox-build/-/workbox-build-6.6.0.tgz 7740ms (cache miss)
2565 http fetch GET 200 https://registry.npmjs.org/upath/-/upath-1.2.0.tgz 7868ms (cache miss)
2566 http fetch GET 200 https://registry.npmjs.org/@rollup/plugin-babel/-/plugin-babel-5.3.1.tgz 7909ms (cache miss)
2567 http fetch GET 200 https://registry.npmjs.org/@webassemblyjs/wasm-opt/-/wasm-opt-1.14.1.tgz 7895ms (cache miss)
2568 http fetch GET 200 https://registry.npmjs.org/@webassemblyjs/wast-printer/-/wast-printer-1.14.1.tgz 8045ms (cache miss)
2569 http fetch GET 200 https://registry.npmjs.org/@webassemblyjs/helper-buffer/-/helper-buffer-1.14.1.tgz 8478ms (cache miss)
2570 http fetch GET 200 https://registry.npmjs.org/@webassemblyjs/wasm-gen/-/wasm-gen-1.14.1.tgz 8493ms (cache miss)
2571 http fetch GET 200 https://registry.npmjs.org/@webassemblyjs/helper-wasm-section/-/helper-wasm-section-1.14.1.tgz 8497ms (cache miss)
2572 http fetch GET 200 https://registry.npmjs.org/@webassemblyjs/leb128/-/leb128-1.13.2.tgz 8514ms (cache miss)
2573 http fetch GET 200 https://registry.npmjs.org/@webassemblyjs/helper-api-error/-/helper-api-error-1.13.2.tgz 8554ms (cache miss)
2574 http fetch GET 200 https://registry.npmjs.org/@webassemblyjs/floating-point-hex-parser/-/floating-point-hex-parser-1.13.2.tgz 8563ms (cache miss)
2575 http fetch GET 200 https://registry.npmjs.org/@webassemblyjs/helper-wasm-bytecode/-/helper-wasm-bytecode-1.13.2.tgz 9235ms (cache miss)
2576 http fetch GET 200 https://registry.npmjs.org/@webassemblyjs/helper-numbers/-/helper-numbers-1.13.2.tgz 9293ms (cache miss)
2577 http fetch GET 200 https://registry.npmjs.org/tapable/-/tapable-2.3.3.tgz 9668ms (cache miss)
2578 http fetch POST 200 https://registry.npmjs.org/-/npm/v1/security/advisories/bulk 11238ms
2579 silly audit report {
2579 silly audit report   '@grpc/grpc-js': [
2579 silly audit report     {
2579 silly audit report       id: 1120582,
2579 silly audit report       url: 'https://github.com/advisories/GHSA-5375-pq7m-f5r2',
2579 silly audit report       title: '@grpc/grpc-js: A malformed request can cause a server crash',
2579 silly audit report       severity: 'high',
2579 silly audit report       vulnerable_versions: '>=1.14.0 <1.14.4',
2579 silly audit report       cwe: [Array],
2579 silly audit report       cvss: [Object]
2579 silly audit report     },
2579 silly audit report     {
2579 silly audit report       id: 1120587,
2579 silly audit report       url: 'https://github.com/advisories/GHSA-5375-pq7m-f5r2',
2579 silly audit report       title: '@grpc/grpc-js: A malformed request can cause a server crash',
2579 silly audit report       severity: 'high',
2579 silly audit report       vulnerable_versions: '<1.9.16',
2579 silly audit report       cwe: [Array],
2579 silly audit report       cvss: [Object]
2579 silly audit report     },
2579 silly audit report     {
2579 silly audit report       id: 1120588,
2579 silly audit report       url: 'https://github.com/advisories/GHSA-99f4-grh7-6pcq',
2579 silly audit report       title: '@grpc/grpc-js: An incoming malformed compressed message can cause a client or server crash',
2579 silly audit report       severity: 'high',
2579 silly audit report       vulnerable_versions: '>=1.14.0 <1.14.4',
2579 silly audit report       cwe: [Array],
2579 silly audit report       cvss: [Object]
2579 silly audit report     },
2579 silly audit report     {
2579 silly audit report       id: 1120593,
2579 silly audit report       url: 'https://github.com/advisories/GHSA-99f4-grh7-6pcq',
2579 silly audit report       title: '@grpc/grpc-js: An incoming malformed compressed message can cause a client or server crash',
2579 silly audit report       severity: 'high',
2579 silly audit report       vulnerable_versions: '<1.9.16',
2579 silly audit report       cwe: [Array],
2579 silly audit report       cvss: [Object]
2579 silly audit report     }
2579 silly audit report   ],
2579 silly audit report   uuid: [
2579 silly audit report     {
2579 silly audit report       id: 1119441,
2579 silly audit report       url: 'https://github.com/advisories/GHSA-w5hq-g745-h8pq',
2579 silly audit report       title: 'uuid: Missing buffer bounds check in v3/v5/v6 when buf is provided',
2579 silly audit report       severity: 'moderate',
2579 silly audit report       vulnerable_versions: '<11.1.1',
2579 silly audit report       cwe: [Array],
2579 silly audit report       cvss: [Object]
2579 silly audit report     }
2579 silly audit report   ],
2579 silly audit report   '@modelcontextprotocol/sdk': [
2579 silly audit report     {
2579 silly audit report       id: 1113080,
2579 silly audit report       url: 'https://github.com/advisories/GHSA-345p-7cg4-v4c7',
2579 silly audit report       title: '@modelcontextprotocol/sdk has cross-client data leak via shared server/transport instance reuse',
2579 silly audit report       severity: 'high',
2579 silly audit report       vulnerable_versions: '>=1.10.0 <=1.25.3',
2579 silly audit report       cwe: [Array],
2579 silly audit report       cvss: [Object]
2579 silly audit report     },
2579 silly audit report     {
2579 silly audit report       id: 1113213,
2579 silly audit report       url: 'https://github.com/advisories/GHSA-w48q-cv73-mx4w',
2579 silly audit report       title: 'Model Context Protocol (MCP) TypeScript SDK does not enable DNS rebinding protection by default',
2579 silly audit report       severity: 'high',
2579 silly audit report       vulnerable_versions: '<1.24.0',
2579 silly audit report       cwe: [Array],
2579 silly audit report       cvss: [Object]
2579 silly audit report     },
2579 silly audit report     {
2579 silly audit report       id: 1123467,
2579 silly audit report       url: 'https://github.com/advisories/GHSA-8r9q-7v3j-jr4g',
2579 silly audit report       title: "Anthropic's MCP TypeScript SDK has a ReDoS vulnerability",
2579 silly audit report       severity: 'high',
2579 silly audit report       vulnerable_versions: '>=1.3.0 <1.25.2',
2579 silly audit report       cwe: [Array],
2579 silly audit report       cvss: [Object]
2579 silly audit report     }
2579 silly audit report   ],
2579 silly audit report   ajv: [
2579 silly audit report     {
2579 silly audit report       id: 1113714,
2579 silly audit report       url: 'https://github.com/advisories/GHSA-2g4f-4pwh-qvx6',
2579 silly audit report       title: 'ajv has ReDoS when using `$data` option',
2579 silly audit report       severity: 'moderate',
2579 silly audit report       vulnerable_versions: '<6.14.0',
2579 silly audit report       cwe: [Array],
2579 silly audit report       cvss: [Object]
2579 silly audit report     },
2579 silly audit report     {
2579 silly audit report       id: 1113715,
2579 silly audit report       url: 'https://github.com/advisories/GHSA-2g4f-4pwh-qvx6',
2579 silly audit report       title: 'ajv has ReDoS when using `$data` option',
2579 silly audit report       severity: 'moderate',
2579 silly audit report       vulnerable_versions: '>=7.0.0-alpha.0 <8.18.0',
2579 silly audit report       cwe: [Array],
2579 silly audit report       cvss: [Object]
2579 silly audit report     }
2579 silly audit report   ],
2579 silly audit report   'body-parser': [
2579 silly audit report     {
2579 silly audit report       id: 1110858,
2579 silly audit report       url: 'https://github.com/advisories/GHSA-wqch-xfxh-vrr4',
2579 silly audit report       title: 'body-parser is vulnerable to denial of service when url encoding is used',
2579 silly audit report       severity: 'moderate',
2579 silly audit report       vulnerable_versions: '>=2.2.0 <2.2.1',
2579 silly audit report       cwe: [Array],
2579 silly audit report       cvss: [Object]
2579 silly audit report     },
2579 silly audit report     {
2579 silly audit report       id: 1123976,
2579 silly audit report       url: 'https://github.com/advisories/GHSA-v422-hmwv-36x6',
2579 silly audit report       title: 'body-parser vulnerable to denial of service when invalid limit value silently disables size enforcement',
2579 silly audit report       severity: 'low',
2579 silly audit report       vulnerable_versions: '>=2.0.0 <2.3.0',
2579 silly audit report       cwe: [Array],
2579 silly audit report       cvss: [Object]
2579 silly audit report     },
2579 silly audit report     {
2579 silly audit report       id: 1123977,
2579 silly audit report       url: 'https://github.com/advisories/GHSA-v422-hmwv-36x6',
2579 silly audit report       title: 'body-parser vulnerable to denial of service when invalid limit value silently disables size enforcement',
2579 silly audit report       severity: 'low',
2579 silly audit report       vulnerable_versions: '<1.20.6',
2579 silly audit report       cwe: [Array],
2579 silly audit report       cvss: [Object]
2579 silly audit report     }
2579 silly audit report   ],
2579 silly audit report   qs: [
2579 silly audit report     {
2579 silly audit report       id: 1158507,
2579 silly audit report       url: 'https://github.com/advisories/GHSA-4mjr-xmp4-gh2g',
2579 silly audit report       title: 'qs: Denial of Service via Attacker Controlled isBuffer',
2579 silly audit report       severity: 'moderate',
2579 silly audit report       vulnerable_versions: '>=2.2.5 <6.16.0',
2579 silly audit report       cwe: [Array],
2579 silly audit report       cvss: [Object]
2579 silly audit report     },
2579 silly audit report     {
2579 silly audit report       id: 1119502,
2579 silly audit report       url: 'https://github.com/advisories/GHSA-q8mj-m7cp-5q26',
2579 silly audit report       title: 'qs has a remotely triggerable DoS: qs.stringify crashes with TypeError on null/undefined entries in comma-format arrays when encodeValuesOnly is set',
2579 silly audit report       severity: 'moderate',
2579 silly audit report       vulnerable_versions: '>=6.11.1 <=6.15.1',
2579 silly audit report       cwe: [Array],
2579 silly audit report       cvss: [Object]
2579 silly audit report     },
2579 silly audit report     {
2579 silly audit report       id: 1113161,
2579 silly audit report       url: 'https://github.com/advisories/GHSA-w7fw-mjwx-w883',
2579 silly audit report       title: "qs's arrayLimit bypass in comma parsing allows denial of service",
2579 silly audit report       severity: 'low',
2579 silly audit report       vulnerable_versions: '>=6.7.0 <=6.14.1',
2579 silly audit report       cwe: [Array],
2579 silly audit report       cvss: [Object]
2579 silly audit report     },
2579 silly audit report     {
2579 silly audit report       id: 1113719,
2579 silly audit report       url: 'https://github.com/advisories/GHSA-6rw7-vpxm-498p',
2579 silly audit report       title: "qs's arrayLimit bypass in its bracket notation allows DoS via memory exhaustion",
2579 silly audit report       severity: 'moderate',
2579 silly audit report       vulnerable_versions: '<6.14.1',
2579 silly audit report       cwe: [Array],
2579 silly audit report       cvss: [Object]
2579 silly audit report     }
2579 silly audit report   ],
2579 silly audit report   '@opentelemetry/auto-instrumentations-node': [
2579 silly audit report     {
2579 silly audit report       id: 1120251,
2579 silly audit report       url: 'https://github.com/advisories/GHSA-q7rr-3cgh-j5r3',
2579 silly audit report       title: 'Prometheus exporter process crash via malformed HTTP request',
2579 silly audit report       severity: 'high',
2579 silly audit report       vulnerable_versions: '<0.75.0',
2579 silly audit report       cwe: [Array],
2579 silly audit report       cvss: [Object]
2579 silly audit report     }
2579 silly audit report   ],
2579 silly audit report   '@opentelemetry/core': [
2579 silly audit report     {
2579 silly audit report       id: 1153174,
2579 silly audit report       url: 'https://github.com/advisories/GHSA-8988-4f7v-96qf',
2579 silly audit report       title: 'OpenTelemetry Core: Unbounded memory allocation in W3C Baggage propagation',
2579 silly audit report       severity: 'moderate',
2579 silly audit report       vulnerable_versions: '<2.8.0',
2579 silly audit report       cwe: [Array],
2579 silly audit report       cvss: [Object]
2579 silly audit report     }
2579 silly audit report   ],
2579 silly audit report   '@opentelemetry/propagator-jaeger': [
2579 silly audit report     {
2579 silly audit report       id: 1124011,
2579 silly audit report       url: 'https://github.com/advisories/GHSA-45rx-2jwx-cxfr',
2579 silly audit report       title: 'OpenTelemetry JavaScript: Denial of service in `JaegerPropagator` via unhandled exception on a malformed header',
2579 silly audit report       severity: 'high',
2579 silly audit report       vulnerable_versions: '<2.9.0',
2579 silly audit report       cwe: [Array],
2579 silly audit report       cvss: [Object]
2579 silly audit report     }
2579 silly audit report   ],
2579 silly audit report   '@opentelemetry/sdk-node': [
2579 silly audit report     {
2579 silly audit report       id: 1120252,
2579 silly audit report       url: 'https://github.com/advisories/GHSA-q7rr-3cgh-j5r3',
2579 silly audit report       title: 'Prometheus exporter process crash via malformed HTTP request',
2579 silly audit report       severity: 'high',
2579 silly audit report       vulnerable_versions: '<0.217.0',
2579 silly audit report       cwe: [Array],
2579 silly audit report       cvss: [Object]
2579 silly audit report     }
2579 silly audit report   ],
2579 silly audit report   '@protobufjs/utf8': [
2579 silly audit report     {
2579 silly audit report       id: 1118933,
2579 silly audit report       url: 'https://github.com/advisories/GHSA-q6x5-8v7m-xcrf',
2579 silly audit report       title: 'protobufjs has overlong UTF-8 decoding',
2579 silly audit report       severity: 'moderate',
2579 silly audit report       vulnerable_versions: '<=1.1.0',
2579 silly audit report       cwe: [Array],
2579 silly audit report       cvss: [Object]
2579 silly audit report     }
2579 silly audit report   ],
2579 silly audit report   '@tootallnate/once': [
2579 silly audit report     {
2579 silly audit report       id: 1119438,
2579 silly audit report       url: 'https://github.com/advisories/GHSA-vpq2-c234-7xj6',
2579 silly audit report       title: '@tootallnate/once vulnerable to Incorrect Control Flow Scoping',
2579 silly audit report       severity: 'low',
2579 silly audit report       vulnerable_versions: '<2.0.1',
2579 silly audit report       cwe: [Array],
2579 silly audit report       cvss: [Object]
2579 silly audit report     }
2579 silly audit report   ],
2579 silly audit report   'form-data': [
2579 silly audit report     {
2579 silly audit report       id: 1120743,
2579 silly audit report       url: 'https://github.com/advisories/GHSA-hmw2-7cc7-3qxx',
2579 silly audit report       title: 'form-data: CRLF injection in form-data via unescaped multipart field names and filenames',
2579 silly audit report       severity: 'high',
2579 silly audit report       vulnerable_versions: '>=4.0.0 <4.0.6',
2579 silly audit report       cwe: [Array],
2579 silly audit report       cvss: [Object]
2579 silly audit report     },
2579 silly audit report     {
2579 silly audit report       id: 1120745,
2579 silly audit report       url: 'https://github.com/advisories/GHSA-hmw2-7cc7-3qxx',
2579 silly audit report       title: 'form-data: CRLF injection in form-data via unescaped multipart field names and filenames',
2579 silly audit report       severity: 'high',
2579 silly audit report       vulnerable_versions: '<2.5.6',
2579 silly audit report       cwe: [Array],
2579 silly audit report       cvss: [Object]
2579 silly audit report     }
2579 silly audit report   ],
2579 silly audit report   'adm-zip': [
2579 silly audit report     {
2579 silly audit report       id: 1123686,
2579 silly audit report       url: 'https://github.com/advisories/GHSA-xcpc-8h2w-3j85',
2579 silly audit report       title: 'adm-zip: Crafted ZIP file triggers 4GB memory allocation',
2579 silly audit report       severity: 'high',
2579 silly audit report       vulnerable_versions: '<0.6.0',
2579 silly audit report       cwe: [Array],
2579 silly audit report       cvss: [Object]
2579 silly audit report     }
2579 silly audit report   ],
2579 silly audit report   axios: [
2579 silly audit report     {
2579 silly audit report       id: 1118607,
2579 silly audit report       url: 'https://github.com/advisories/GHSA-q8qp-cvcw-x6jj',
2579 silly audit report       title: 'Axios has prototype pollution read-side gadgets in HTTP adapter that allow credential injection and request hijacking',
2579 silly audit report       severity: 'high',
2579 silly audit report       vulnerable_versions: '>=1.0.0 <1.15.2',
2579 silly audit report       cwe: [Array],
2579 silly audit report       cvss: [Object]
2579 silly audit report     },
2579 silly audit report     {
2579 silly audit report       id: 1119404,
2579 silly audit report       url: 'https://github.com/advisories/GHSA-fvcv-3m26-pcqx',
2579 silly audit report       title: 'Axios has Unrestricted Cloud Metadata Exfiltration via Header Injection Chain',
2579 silly audit report       severity: 'moderate',
2579 silly audit report       vulnerable_versions: '>=1.0.0 <1.15.0',
2579 silly audit report       cwe: [Array],
2579 silly audit report       cvss: [Object]
2579 silly audit report     },
2579 silly audit report     {
2579 silly audit report       id: 1120125,
2579 silly audit report       url: 'https://github.com/advisories/GHSA-62hf-57xw-28j9',
2579 silly audit report       title: 'Axios: unbounded recursion in toFormData causes DoS via deeply nested request data',
2579 silly audit report       severity: 'moderate',
2579 silly audit report       vulnerable_versions: '>=1.0.0 <1.15.1',
2579 silly audit report       cwe: [Array],
2579 silly audit report       cvss: [Object]
2579 silly audit report     },
2579 silly audit report     {
2579 silly audit report       id: 1120547,
2579 silly audit report       url: 'https://github.com/advisories/GHSA-hfxv-24rg-xrqf',
2579 silly audit report       title: 'Axios: Regular Expression Denial of Service (ReDoS) via Cookie Name Injection',
2579 silly audit report       severity: 'high',
2579 silly audit report       vulnerable_versions: '>=1.0.0 <1.16.0',
2579 silly audit report       cwe: [Array],
2579 silly audit report       cvss: [Object]
2579 silly audit report     },
2579 silly audit report     {
2579 silly audit report       id: 1120643,
2579 silly audit report       url: 'https://github.com/advisories/GHSA-777c-7fjr-54vf',
2579 silly audit report       title: 'Allocation of Resources Without Limits or Throttling in Axios',
2579 silly audit report       severity: 'high',
2579 silly audit report       vulnerable_versions: '>=1.7.0 <1.16.0',
2579 silly audit report       cwe: [Array],
2579 silly audit report       cvss: [Object]
2579 silly audit report     },
2579 silly audit report     {
2579 silly audit report       id: 1120645,
2579 silly audit report       url: 'https://github.com/advisories/GHSA-p92q-9vqr-4j8v',
2579 silly audit report       title: 'Axios: Proxy-Authorization Credential Leak to Origin Server Across HTTP-to-HTTPS Redirect in Axios Node.js HTTP Adapter',
2579 silly audit report       severity: 'high',
2579 silly audit report       vulnerable_versions: '>=1.0.0 <1.16.0',
2579 silly audit report       cwe: [Array],
2579 silly audit report       cvss: [Object]
2579 silly audit report     },
2579 silly audit report     {
2579 silly audit report       id: 1120647,
2579 silly audit report       url: 'https://github.com/advisories/GHSA-j5f8-grm9-p9fc',
2579 silly audit report       title: 'Axios: Proxy-Authorization header leaks to redirect target when proxy is re-evaluated to direct connection',
2579 silly audit report       severity: 'high',
2579 silly audit report       vulnerable_versions: '>=1.0.0 <1.16.0',
2579 silly audit report       cwe: [Array],
2579 silly audit report       cvss: [Object]
2579 silly audit report     },
2579 silly audit report     {
2579 silly audit report       id: 1120649,
2579 silly audit report       url: 'https://github.com/advisories/GHSA-3g43-6gmg-66jw',
2579 silly audit report       title: 'axios Vulnerable to Credential Theft and Response Hijacking via Prototype Pollution Gadget in Config Merge',
2579 silly audit report       severity: 'high',
2579 silly audit report       vulnerable_versions: '>=1.0.0 <1.15.2',
2579 silly audit report       cwe: [Array],
2579 silly audit report       cvss: [Object]
2579 silly audit report     },
2579 silly audit report     {
2579 silly audit report       id: 1120650,
2579 silly audit report       url: 'https://github.com/advisories/GHSA-35jp-ww65-95wh',
2579 silly audit report       title: 'axios Vulnerable to Full Man-in-the-Middle via Prototype Pollution Gadget in `config.proxy`',
2579 silly audit report       severity: 'high',
2579 silly audit report       vulnerable_versions: '>=1.0.0 <1.16.0',
2579 silly audit report       cwe: [Array],
2579 silly audit report       cvss: [Object]
2579 silly audit report     },
2579 silly audit report     {
2579 silly audit report       id: 1120652,
2579 silly audit report       url: 'https://github.com/advisories/GHSA-898c-q2cr-xwhg',
2579 silly audit report       title: 'axios has DoS & Header Injection via Prototype Pollution Read-Side Gadgets in axios merge functions',
2579 silly audit report       severity: 'moderate',
2579 silly audit report       vulnerable_versions: '>=1.0.0 <1.16.0',
2579 silly audit report       cwe: [Array],
2579 silly audit report       cvss: [Object]
2579 silly audit report     },
2579 silly audit report     {
2579 silly audit report       id: 1116673,
2579 silly audit report       url: 'https://github.com/advisories/GHSA-3p68-rc4w-qgx5',
2579 silly audit report       title: 'Axios has a NO_PROXY Hostname Normalization Bypass that Leads to SSRF',
2579 silly audit report       severity: 'moderate',
2579 silly audit report       vulnerable_versions: '>=1.0.0 <1.15.0',
2579 silly audit report       cwe: [Array],
2579 silly audit report       cvss: [Object]
2579 silly audit report     },
2579 silly audit report     {
2579 silly audit report       id: 1117574,
2579 silly audit report       url: 'https://github.com/advisories/GHSA-w9j2-pvgh-6h63',
2579 silly audit report       title: 'Axios: Authentication Bypass via Prototype Pollution Gadget in `validateStatus` Merge Strategy',
2579 silly audit report       severity: 'moderate',
2579 silly audit report       vulnerable_versions: '>=1.0.0 <1.15.1',
2579 silly audit report       cwe: [Array],
2579 silly audit report       cvss: [Object]
2579 silly audit report     },
2579 silly audit report     {
2579 silly audit report       id: 1117576,
2579 silly audit report       url: 'https://github.com/advisories/GHSA-pmwg-cvhr-8vh7',
2579 silly audit report       title: 'Axios: Incomplete Fix for CVE-2025-62718 — NO_PROXY Protection Bypassed via RFC 1122 Loopback Subnet (127.0.0.0/8) in Axios 1.15.0',
2579 silly audit report       severity: 'high',
2579 silly audit report       vulnerable_versions: '>=1.0.0 <1.15.1',
2579 silly audit report       cwe: [Array],
2579 silly audit report       cvss: [Object]
2579 silly audit report     },
2579 silly audit report     {
2579 silly audit report       id: 1117577,
2579 silly audit report       url: 'https://github.com/advisories/GHSA-3w6x-2g7m-8v23',
2579 silly audit report       title: 'Axios: Invisible JSON Response Tampering via Prototype Pollution Gadget in `parseReviver`',
2579 silly audit report       severity: 'moderate',
2579 silly audit report       vulnerable_versions: '>=1.0.0 <1.15.2',
2579 silly audit report       cwe: [Array],
2579 silly audit report       cvss: [Object]
2579 silly audit report     },
2579 silly audit report     {
2579 silly audit report       id: 1117580,
2579 silly audit report       url: 'https://github.com/advisories/GHSA-xhjh-pmcv-23jw',
2579 silly audit report       title: 'Axios: Null Byte Injection via Reverse-Encoding in AxiosURLSearchParams',
2579 silly audit report       severity: 'low',
2579 silly audit report       vulnerable_versions: '>=1.0.0 <1.15.1',
2579 silly audit report       cwe: [Array],
2579 silly audit report       cvss: [Object]
2579 silly audit report     },
2579 silly audit report     {
2579 silly audit report       id: 1117581,
2579 silly audit report       url: 'https://github.com/advisories/GHSA-445q-vr5w-6q77',
2579 silly audit report       title: 'Axios: CRLF Injection in multipart/form-data body via unsanitized blob.type in formDataToStream',
2579 silly audit report       severity: 'moderate',
2579 silly audit report       vulnerable_versions: '>=1.0.0 <1.15.1',
2579 silly audit report       cwe: [Array],
2579 silly audit report       cvss: [Object]
2579 silly audit report     },
2579 silly audit report     {
2579 silly audit report       id: 1117583,
2579 silly audit report       url: 'https://github.com/advisories/GHSA-m7pr-hjqh-92cm',
2579 silly audit report       title: 'Axios: no_proxy bypass via IP alias allows SSRF',
2579 silly audit report       severity: 'moderate',
2579 silly audit report       vulnerable_versions: '>=1.0.0 <1.15.1',
2579 silly audit report       cwe: [Array],
2579 silly audit report       cvss: [Object]
2579 silly audit report     },
2579 silly audit report     {
2579 silly audit report       id: 1117587,
2579 silly audit report       url: 'https://github.com/advisories/GHSA-5c9x-8gcm-mpgx',
2579 silly audit report       title: "Axios' HTTP adapter-streamed uploads bypass maxBodyLength when maxRedirects: 0",
2579 silly audit report       severity: 'moderate',
2579 silly audit report       vulnerable_versions: '>=1.0.0 <1.15.1',
2579 silly audit report       cwe: [Array],
2579 silly audit report       cvss: [Object]
2579 silly audit report     },
2579 silly audit report     {
2579 silly audit report       id: 1117589,
2579 silly audit report       url: 'https://github.com/advisories/GHSA-vf2m-468p-8v99',
2579 silly audit report       title: 'Axios: HTTP adapter streamed responses bypass maxContentLength',
2579 silly audit report       severity: 'moderate',
2579 silly audit report       vulnerable_versions: '>=1.0.0 <1.15.1',
2579 silly audit report       cwe: [Array],
2579 silly audit report       cvss: [Object]
2579 silly audit report     },
2579 silly audit report     {
2579 silly audit report       id: 1117591,
2579 silly audit report       url: 'https://github.com/advisories/GHSA-pf86-5x62-jrwf',
2579 silly audit report       title: 'Axios: Prototype Pollution Gadgets - Response Tampering, Data Exfiltration, and Request Hijacking',
2579 silly audit report       severity: 'high',
2579 silly audit report       vulnerable_versions: '>=1.0.0 <1.15.1',
2579 silly audit report       cwe: [Array],
2579 silly audit report       cvss: [Object]
2579 silly audit report     },
2579 silly audit report     {
2579 silly audit report       id: 1117593,
2579 silly audit report       url: 'https://github.com/advisories/GHSA-6chq-wfr3-2hj9',
2579 silly audit report       title: 'Axios: Header Injection via Prototype Pollution',
2579 silly audit report       severity: 'high',
2579 silly audit report       vulnerable_versions: '>=1.0.0 <1.15.1',
2579 silly audit report       cwe: [Array],
2579 silly audit report       cvss: [Object]
2579 silly audit report     },
2579 silly audit report     {
2579 silly audit report       id: 1117595,
2579 silly audit report       url: 'https://github.com/advisories/GHSA-xx6v-rp6x-q39c',
2579 silly audit report       title: 'Axios: XSRF Token Cross-Origin Leakage via Prototype Pollution Gadget in `withXSRFToken` Boolean Coercion',
2579 silly audit report       severity: 'moderate',
2579 silly audit report       vulnerable_versions: '>=1.0.0 <1.15.1',
2579 silly audit report       cwe: [Array],
2579 silly audit report       cvss: [Object]
2579 silly audit report     },
2579 silly audit report     {
2579 silly audit report       id: 1117858,
2579 silly audit report       url: 'https://github.com/advisories/GHSA-43fc-jf86-j433',
2579 silly audit report       title: 'Axios is Vulnerable to Denial of Service via __proto__ Key in mergeConfig',
2579 silly audit report       severity: 'high',
2579 silly audit report       vulnerable_versions: '>=1.0.0 <=1.13.4',
2579 silly audit report       cwe: [Array],
2579 silly audit report       cvss: [Object]
2579 silly audit report     },
2579 silly audit report     {
2579 silly audit report       id: 1147949,
2579 silly audit report       url: 'https://github.com/advisories/GHSA-mmx7-hfxf-jppx',
2579 silly audit report       title: 'Axios: Prototype pollution gadgets can alter axios request construction',
2579 silly audit report       severity: 'moderate',
2579 silly audit report       vulnerable_versions: '>=1.0.0 <1.18.0',
2579 silly audit report       cwe: [Array],
2579 silly audit report       cvss: [Object]
2579 silly audit report     },
2579 silly audit report     {
2579 silly audit report       id: 1147950,
2579 silly audit report       url: 'https://github.com/advisories/GHSA-pmv8-rq9r-6j72',
2579 silly audit report       title: 'Axios: Deep formToJSON Key Recursion Can Cause Denial of Service',
2579 silly audit report       severity: 'moderate',
2579 silly audit report       vulnerable_versions: '>=1.0.0 <1.18.0',
2579 silly audit report       cwe: [Array],
2579 silly audit report       cvss: [Object]
2579 silly audit report     },
2579 silly audit report     {
2579 silly audit report       id: 1153175,
2579 silly audit report       url: 'https://github.com/advisories/GHSA-mwf2-3pr3-8698',
2579 silly audit report       title: 'Axios: HTTP/2 streamed uploads bypass `maxBodyLength`',
2579 silly audit report       severity: 'moderate',
2579 silly audit report       vulnerable_versions: '>=1.13.0 <1.18.0',
2579 silly audit report       cwe: [Array],
2579 silly audit report       cvss: [Object]
2579 silly audit report     },
2579 silly audit report     {
2579 silly audit report       id: 1153180,
2579 silly audit report       url: 'https://github.com/advisories/GHSA-7q8q-rj6j-mhjq',
2579 silly audit report       title: 'Axios: Nested axios option objects can consume polluted prototype values',
2579 silly audit report       severity: 'moderate',
2579 silly audit report       vulnerable_versions: '>=1.0.0 <1.18.0',
2579 silly audit report       cwe: [Array],
2579 silly audit report       cvss: [Object]
2579 silly audit report     },
2579 silly audit report     {
2579 silly audit report       id: 1153182,
2579 silly audit report       url: 'https://github.com/advisories/GHSA-jqh4-m9w3-8hp9',
2579 silly audit report       title: 'Axios: Fetch adapter `ReadableStream` uploads bypass `maxBodyLength`',
2579 silly audit report       severity: 'moderate',
2579 silly audit report       vulnerable_versions: '>=1.7.0 <1.18.0',
2579 silly audit report       cwe: [Array],
2579 silly audit report       cvss: [Object]
2579 silly audit report     },
2579 silly audit report     {
2579 silly audit report       id: 1153185,
2579 silly audit report       url: 'https://github.com/advisories/GHSA-42h9-826w-cgv3',
2579 silly audit report       title: 'Axios: Excessive recursion in formDataToJSON can cause denial of service',
2579 silly audit report       severity: 'moderate',
2579 silly audit report       vulnerable_versions: '>=1.0.0 <1.18.0',
2579 silly audit report       cwe: [Array],
2579 silly audit report       cvss: [Object]
2579 silly audit report     }
2579 silly audit report   ],
2579 silly audit report   'brace-expansion': [
2579 silly audit report     {
2579 silly audit report       id: 1105443,
2579 silly audit report       url: 'https://github.com/advisories/GHSA-v6h2-p8h4-qcjw',
2579 silly audit report       title: 'brace-expansion Regular Expression Denial of Service vulnerability',
2579 silly audit report       severity: 'low',
2579 silly audit report       vulnerable_versions: '>=1.0.0 <=1.1.11',
2579 silly audit report       cwe: [Array],
2579 silly audit report       cvss: [Object]
2579 silly audit report     },
2579 silly audit report     {
2579 silly audit report       id: 1105444,
2579 silly audit report       url: 'https://github.com/advisories/GHSA-v6h2-p8h4-qcjw',
2579 silly audit report       title: 'brace-expansion Regular Expression Denial of Service vulnerability',
2579 silly audit report       severity: 'low',
2579 silly audit report       vulnerable_versions: '>=2.0.0 <=2.0.1',
2579 silly audit report       cwe: [Array],
2579 silly audit report       cvss: [Object]
2579 silly audit report     },
2579 silly audit report     {
2579 silly audit report       id: 1130588,
2579 silly audit report       url: 'https://github.com/advisories/GHSA-mh99-v99m-4gvg',
2579 silly audit report       title: 'brace-expansion: DoS via unbounded expansion length causing an out-of-memory process crash',
2579 silly audit report       severity: 'high',
2579 silly audit report       vulnerable_versions: '<1.1.17',
2579 silly audit report       cwe: [Array],
2579 silly audit report       cvss: [Object]
2579 silly audit report     },
2579 silly audit report     {
2579 silly audit report       id: 1130589,
2579 silly audit report       url: 'https://github.com/advisories/GHSA-mh99-v99m-4gvg',
2579 silly audit report       title: 'brace-expansion: DoS via unbounded expansion length causing an out-of-memory process crash',
2579 silly audit report       severity: 'high',
2579 silly audit report       vulnerable_versions: '>=2.0.0 <2.1.3',
2579 silly audit report       cwe: [Array],
2579 silly audit report       cvss: [Object]
2579 silly audit report     },
2579 silly audit report     {
2579 silly audit report       id: 1130736,
2579 silly audit report       url: 'https://github.com/advisories/GHSA-rgw5-rvv9-x895',
2579 silly audit report       title: 'brace-expansion: DoS via unbounded intermediate arrays, bypassing the CVE-2026-14257 mitigation',
2579 silly audit report       severity: 'high',
2579 silly audit report       vulnerable_versions: '>=2.0.0 <2.1.4',
2579 silly audit report       cwe: [Array],
2579 silly audit report       cvss: [Object]
2579 silly audit report     },
2579 silly audit report     {
2579 silly audit report       id: 1130737,
2579 silly audit report       url: 'https://github.com/advisories/GHSA-rgw5-rvv9-x895',
2579 silly audit report       title: 'brace-expansion: DoS via unbounded intermediate arrays, bypassing the CVE-2026-14257 mitigation',
2579 silly audit report       severity: 'high',
2579 silly audit report       vulnerable_versions: '<1.1.18',
2579 silly audit report       cwe: [Array],
2579 silly audit report       cvss: [Object]
2579 silly audit report     },
2579 silly audit report     {
2579 silly audit report       id: 1115540,
2579 silly audit report       url: 'https://github.com/advisories/GHSA-f886-m6hf-6m8v',
2579 silly audit report       title: 'brace-expansion: Zero-step sequence causes process hang and memory exhaustion',
2579 silly audit report       severity: 'moderate',
2579 silly audit report       vulnerable_versions: '<1.1.13',
2579 silly audit report       cwe: [Array],
2579 silly audit report       cvss: [Object]
2579 silly audit report     },
2579 silly audit report     {
2579 silly audit report       id: 1115541,
2579 silly audit report       url: 'https://github.com/advisories/GHSA-f886-m6hf-6m8v',
2579 silly audit report       title: 'brace-expansion: Zero-step sequence causes process hang and memory exhaustion',
2579 silly audit report       severity: 'moderate',
2579 silly audit report       vulnerable_versions: '>=2.0.0 <2.0.3',
2579 silly audit report       cwe: [Array],
2579 silly audit report       cvss: [Object]
2579 silly audit report     },
2579 silly audit report     {
2579 silly audit report       id: 1123896,
2579 silly audit report       url: 'https://github.com/advisories/GHSA-3jxr-9vmj-r5cp',
2579 silly audit report       title: 'brace-expansion: DoS via exponential-time expansion of consecutive non-expanding {} groups',
2579 silly audit report       severity: 'high',
2579 silly audit report       vulnerable_versions: '>=2.0.0 <2.1.2',
2579 silly audit report       cwe: [Array],
2579 silly audit report       cvss: [Object]
2579 silly audit report     },
2579 silly audit report     {
2579 silly audit report       id: 1123897,
2579 silly audit report       url: 'https://github.com/advisories/GHSA-3jxr-9vmj-r5cp',
2579 silly audit report       title: 'brace-expansion: DoS via exponential-time expansion of consecutive non-expanding {} groups',
2579 silly audit report       severity: 'high',
2579 silly audit report       vulnerable_versions: '<1.1.16',
2579 silly audit report       cwe: [Array],
2579 silly audit report       cvss: [Object]
2579 silly audit report     }
2579 silly audit report   ],
2579 silly audit report   dompurify: [
2579 silly audit report     {
2579 silly audit report       id: 1105772,
2579 silly audit report       url: 'https://github.com/advisories/GHSA-vhxf-7vqr-mrjg',
2579 silly audit report       title: 'DOMPurify allows Cross-site Scripting (XSS)',
2579 silly audit report       severity: 'moderate',
2579 silly audit report       vulnerable_versions: '<3.2.4',
2579 silly audit report       cwe: [Array],
2579 silly audit report       cvss: [Object]
2579 silly audit report     },
2579 silly audit report     {
2579 silly audit report       id: 1120802,
2579 silly audit report       url: 'https://github.com/advisories/GHSA-hpcv-96wg-7vj8',
2579 silly audit report       title: 'DOMPurify: Cross-realm IN_PLACE sanitization leaves executable markup intact via realm-bound `instanceof` checks',
2579 silly audit report       severity: 'moderate',
2579 silly audit report       vulnerable_versions: '<=3.4.5',
2579 silly audit report       cwe: [Array],
2579 silly audit report       cvss: [Object]
2579 silly audit report     },
2579 silly audit report     {
2579 silly audit report       id: 1120803,
2579 silly audit report       url: 'https://github.com/advisories/GHSA-r47g-fvhr-h676',
2579 silly audit report       title: 'DOMPurify: IN_PLACE mode preserves attributes of a clobbered root element, allowing XSS via attacker-controlled root DOM',
2579 silly audit report       severity: 'moderate',
2579 silly audit report       vulnerable_versions: '<=3.4.5',
2579 silly audit report       cwe: [Array],
2579 silly audit report       cvss: [Object]
2579 silly audit report     },
2579 silly audit report     {
2579 silly audit report       id: 1120813,
2579 silly audit report       url: 'https://github.com/advisories/GHSA-rp9w-3fw7-7cwq',
2579 silly audit report       title: 'DOMPurify IN_PLACE Sanitization Bypass via Attached Shadow Root Inside <template>.content',
2579 silly audit report       severity: 'moderate',
2579 silly audit report       vulnerable_versions: '<=3.4.6',
2579 silly audit report       cwe: [Array],
2579 silly audit report       cvss: [Object]
2579 silly audit report     },
2579 silly audit report     {
2579 silly audit report       id: 1117138,
2579 silly audit report       url: 'https://github.com/advisories/GHSA-h7mw-gpvr-xq4m',
2579 silly audit report       title: 'DOMPurify: FORBID_TAGS bypassed by function-based ADD_TAGS predicate (asymmetry with FORBID_ATTR fix)',
2579 silly audit report       severity: 'moderate',
2579 silly audit report       vulnerable_versions: '<3.4.0',
2579 silly audit report       cwe: [Array],
2579 silly audit report       cvss: [Object]
2579 silly audit report     },
2579 silly audit report     {
2579 silly audit report       id: 1117139,
2579 silly audit report       url: 'https://github.com/advisories/GHSA-crv5-9vww-q3g8',
2579 silly audit report       title: 'DOMPurify has a SAFE_FOR_TEMPLATES bypass in RETURN_DOM mode',
2579 silly audit report       severity: 'moderate',
2579 silly audit report       vulnerable_versions: '>=1.0.10 <3.4.0',
2579 silly audit report       cwe: [Array],
2579 silly audit report       cvss: [Object]
2579 silly audit report     },
2579 silly audit report     {
2579 silly audit report       id: 1124022,
2579 silly audit report       url: 'https://github.com/advisories/GHSA-c2j3-45gr-mqc4',
2579 silly audit report       title: 'DOMPurify: `CUSTOM_ELEMENT_HANDLING` bypasses `afterSanitizeElements` for allowed custom elements.',
2579 silly audit report       severity: 'low',
2579 silly audit report       vulnerable_versions: '<=3.4.11',
2579 silly audit report       cwe: [Array],
2579 silly audit report       cvss: [Object]
2579 silly audit report     },
2579 silly audit report     {
2579 silly audit report       id: 1124233,
2579 silly audit report       url: 'https://github.com/advisories/GHSA-cmwh-pvxp-8882',
2579 silly audit report       title: 'DOMPurify: Permanent `ALLOWED_ATTR` pollution via `setConfig()` bypassing the hook clone-guard (incomplete fix of the 3.4.7 hook-pollution patch)',
2579 silly audit report       severity: 'moderate',
2579 silly audit report       vulnerable_versions: '<=3.4.10',
2579 silly audit report       cwe: [Array],
2579 silly audit report       cvss: [Object]
2579 silly audit report     },
2579 silly audit report     {
2579 silly audit report       id: 1124234,
2579 silly audit report       url: 'https://github.com/advisories/GHSA-vxr8-fq34-vvx9',
2579 silly audit report       title: 'DOMPurify: Trusted Types policy survives `clearConfig()` and can poison later `RETURN_TRUSTED_TYPE` output',
2579 silly audit report       severity: 'low',
2579 silly audit report       vulnerable_versions: '<3.4.9',
2579 silly audit report       cwe: [Array],
2579 silly audit report       cvss: [Object]
2579 silly audit report     },
2579 silly audit report     {
2579 silly audit report       id: 1124236,
2579 silly audit report       url: 'https://github.com/advisories/GHSA-x4vx-rjvf-j5p4',
2579 silly audit report       title: 'DOMPurify: `IN_PLACE` mode trusts attacker-controlled `nodeName` on live non-form nodes, allowing script retention and XSS via attacker-supplied DOM objects',
2579 silly audit report       severity: 'low',
2579 silly audit report       vulnerable_versions: '<=3.4.6',
2579 silly audit report       cwe: [Array],
2579 silly audit report       cvss: [Object]
2579 silly audit report     },
2579 silly audit report     {
2579 silly audit report       id: 1124237,
2579 silly audit report       url: 'https://github.com/advisories/GHSA-76mc-f452-cxcm',
2579 silly audit report       title: 'DOMPurify: Hook mutation of `data.allowedTags` / `data.allowedAttributes` permanently pollutes `DEFAULT_ALLOWED_TAGS` / `DEFAULT_ALLOWED_ATTR`',
2579 silly audit report       severity: 'moderate',
2579 silly audit report       vulnerable_versions: '<3.4.7',
2579 silly audit report       cwe: [Array],
2579 silly audit report       cvss: [Object]
2579 silly audit report     },
2579 silly audit report     {
2579 silly audit report       id: 1124238,
2579 silly audit report       url: 'https://github.com/advisories/GHSA-39q2-94rc-95cp',
2579 silly audit report       title: "DOMPurify's ADD_TAGS function form bypasses FORBID_TAGS due to short-circuit evaluation",
2579 silly audit report       severity: 'moderate',
2579 silly audit report       vulnerable_versions: '<=3.3.3',
2579 silly audit report       cwe: [Array],
2579 silly audit report       cvss: [Object]
2579 silly audit report     },
2579 silly audit report     {
2579 silly audit report       id: 1124239,
2579 silly audit report       url: 'https://github.com/advisories/GHSA-cjmm-f4jc-qw8r',
2579 silly audit report       title: 'DOMPurify ADD_ATTR predicate skips URI validation',
2579 silly audit report       severity: 'moderate',
2579 silly audit report       vulnerable_versions: '<=3.3.1',
2579 silly audit report       cwe: [Array],
2579 silly audit report       cvss: [Object]
2579 silly audit report     },
2579 silly audit report     {
2579 silly audit report       id: 1124240,
2579 silly audit report       url: 'https://github.com/advisories/GHSA-cj63-jhhr-wcxv',
2579 silly audit report       title: 'DOMPurify USE_PROFILES prototype pollution allows event handlers',
2579 silly audit report       severity: 'moderate',
2579 silly audit report       vulnerable_versions: '<=3.3.1',
2579 silly audit report       cwe: [Array],
2579 silly audit report       cvss: [Object]
2579 silly audit report     },
2579 silly audit report     {
2579 silly audit report       id: 1124241,
2579 silly audit report       url: 'https://github.com/advisories/GHSA-h8r8-wccr-v5f2',
2579 silly audit report       title: 'DOMPurify is vulnerable to mutation-XSS via Re-Contextualization ',
2579 silly audit report       severity: 'moderate',
2579 silly audit report       vulnerable_versions: '<3.3.2',
2579 silly audit report       cwe: [Array],
2579 silly audit report       cvss: [Object]
2579 silly audit report     },
2579 silly audit report     {
2579 silly audit report       id: 1138538,
2579 silly audit report       url: 'https://github.com/advisories/GHSA-55q2-fjhq-7xh7',
2579 silly audit report       title: 'DOMPurify: IN_PLACE hook removal leaves a detached subtree executable, causing XSS',
2579 silly audit report       severity: 'moderate',
2579 silly audit report       vulnerable_versions: '<=3.4.12',
2579 silly audit report       cwe: [Array],
2579 silly audit report       cvss: [Object]
2579 silly audit report     }
2579 silly audit report   ],
2579 silly audit report   'extract-zip': [
2579 silly audit report     {
2579 silly audit report       id: 1139346,
2579 silly audit report       url: 'https://github.com/advisories/GHSA-jmr9-qjv8-65gv',
2579 silly audit report       title: 'extract-zip unvalidated symlink path traversal',
2579 silly audit report       severity: 'high',
2579 silly audit report       vulnerable_versions: '<=2.0.1',
2579 silly audit report       cwe: [Array],
2579 silly audit report       cvss: [Object]
2579 silly audit report     }
2579 silly audit report   ],
2579 silly audit report   'fast-uri': [
2579 silly audit report     {
2579 silly audit report       id: 1158524,
2579 silly audit report       url: 'https://github.com/advisories/GHSA-f65p-4m7j-42xc',
2579 silly audit report       title: 'fast-uri vulnerable to server-side request forgery via malformed IPv6 normalization',
2579 silly audit report       severity: 'high',
2579 silly audit report       vulnerable_versions: '>=3.0.0 <3.1.6',
2579 silly audit report       cwe: [Array],
2579 silly audit report       cvss: [Object]
2579 silly audit report     },
2579 silly audit report     {
2579 silly audit report       id: 1158530,
2579 silly audit report       url: 'https://github.com/advisories/GHSA-jqff-g426-hqxp',
2579 silly audit report       title: 'fast-uri vulnerable to host confusion via percent-encoded scheme normalization',
2579 silly audit report       severity: 'high',
2579 silly audit report       vulnerable_versions: '>=3.0.0 <3.1.6',
2579 silly audit report       cwe: [Array],
2579 silly audit report       cvss: [Object]
2579 silly audit report     },
2579 silly audit report     {
2579 silly audit report       id: 1130720,
2579 silly audit report       url: 'https://github.com/advisories/GHSA-7p8r-x3mc-p8w7',
2579 silly audit report       title: 'fast-uri vulnerable to host confusion via backslash authority introducer',
2579 silly audit report       severity: 'high',
2579 silly audit report       vulnerable_versions: '>=3.0.0 <3.1.5',
2579 silly audit report       cwe: [Array],
2579 silly audit report       cvss: [Object]
2579 silly audit report     },
2579 silly audit report     {
2579 silly audit report       id: 1124064,
2579 silly audit report       url: 'https://github.com/advisories/GHSA-v2hh-gcrm-f6hx',
2579 silly audit report       title: 'fast-uri vulnerable to host confusion via literal backslash authority delimiter',
2579 silly audit report       severity: 'high',
2579 silly audit report       vulnerable_versions: '>=3.0.0 <=3.1.3',
2579 silly audit report       cwe: [Array],
2579 silly audit report       cvss: [Object]
2579 silly audit report     },
2579 silly audit report     {
2579 silly audit report       id: 1145559,
2579 silly audit report       url: 'https://github.com/advisories/GHSA-q3j6-qgpj-74h6',
2579 silly audit report       title: 'fast-uri vulnerable to path traversal via percent-encoded dot segments',
2579 silly audit report       severity: 'high',
2579 silly audit report       vulnerable_versions: '>=3.0.0 <=3.1.0',
2579 silly audit report       cwe: [Array],
2579 silly audit report       cvss: [Object]
2579 silly audit report     },
2579 silly audit report     {
2579 silly audit report       id: 1147878,
2579 silly audit report       url: 'https://github.com/advisories/GHSA-4c8g-83qw-93j6',
2579 silly audit report       title: 'fast-uri vulnerable to host confusion via failed IDN canonicalization',
2579 silly audit report       severity: 'high',
2579 silly audit report       vulnerable_versions: '>=3.0.0 <3.1.3',
2579 silly audit report       cwe: [Array],
2579 silly audit report       cvss: [Object]
2579 silly audit report     },
2579 silly audit report     {
2579 silly audit report       id: 1153168,
2579 silly audit report       url: 'https://github.com/advisories/GHSA-v39h-62p7-jpjc',
2579 silly audit report       title: 'fast-uri vulnerable to host confusion via percent-encoded authority delimiters',
2579 silly audit report       severity: 'high',
2579 silly audit report       vulnerable_versions: '>=3.0.0 <=3.1.1',
2579 silly audit report       cwe: [Array],
2579 silly audit report       cvss: [Object]
2579 silly audit report     }
2579 silly audit report   ],
2579 silly audit report   'fast-xml-parser': [
2579 silly audit report     {
2579 silly audit report       id: 1117911,
2579 silly audit report       url: 'https://github.com/advisories/GHSA-gh4j-gqv2-49f6',
2579 silly audit report       title: 'fast-xml-parser XMLBuilder: XML Comment and CDATA Injection via Unescaped Delimiters',
2579 silly audit report       severity: 'moderate',
2579 silly audit report       vulnerable_versions: '<5.7.0',
2579 silly audit report       cwe: [Array],
2579 silly audit report       cvss: [Object]
2579 silly audit report     },
2579 silly audit report     {
2579 silly audit report       id: 1113567,
2579 silly audit report       url: 'https://github.com/advisories/GHSA-m7jm-9gc2-mpf2',
2579 silly audit report       title: 'fast-xml-parser has an entity encoding bypass via regex injection in DOCTYPE entity names',
2579 silly audit report       severity: 'critical',
2579 silly audit report       vulnerable_versions: '>=4.1.3 <4.5.4',
2579 silly audit report       cwe: [Array],
2579 silly audit report       cvss: [Object]
2579 silly audit report     },
2579 silly audit report     {
2579 silly audit report       id: 1113570,
2579 silly audit report       url: 'https://github.com/advisories/GHSA-jmr7-xgp7-cmfj',
2579 silly audit report       title: 'fast-xml-parser affected by DoS through entity expansion in DOCTYPE (no expansion limit)',
2579 silly audit report       severity: 'high',
2579 silly audit report       vulnerable_versions: '>=4.1.3 <4.5.4',
2579 silly audit report       cwe: [Array],
2579 silly audit report       cvss: [Object]
2579 silly audit report     },
2579 silly audit report     {
2579 silly audit report       id: 1114149,
2579 silly audit report       url: 'https://github.com/advisories/GHSA-fj3w-jwp8-x2g3',
2579 silly audit report       title: 'fast-xml-parser has stack overflow in XMLBuilder with preserveOrder',
2579 silly audit report       severity: 'low',
2579 silly audit report       vulnerable_versions: '>=4.0.0-beta.0 <4.5.4',
2579 silly audit report       cwe: [Array],
2579 silly audit report       cvss: [Object]
2579 silly audit report     },
2579 silly audit report     {
2579 silly audit report       id: 1115338,
2579 silly audit report       url: 'https://github.com/advisories/GHSA-8gc5-j5rx-235r',
2579 silly audit report       title: 'fast-xml-parser affected by numeric entity expansion bypassing all entity expansion limits (incomplete fix for CVE-2026-26278)',
2579 silly audit report       severity: 'high',
2579 silly audit report       vulnerable_versions: '>=4.0.0-beta.3 <4.5.5',
2579 silly audit report       cwe: [Array],
2579 silly audit report       cvss: [Object]
2579 silly audit report     },
2579 silly audit report     {
2579 silly audit report       id: 1116308,
2579 silly audit report       url: 'https://github.com/advisories/GHSA-jp2q-39xq-3w4g',
2579 silly audit report       title: 'Entity Expansion Limits Bypassed When Set to Zero Due to JavaScript Falsy Evaluation in fast-xml-parser',
2579 silly audit report       severity: 'moderate',
2579 silly audit report       vulnerable_versions: '>=4.0.0-beta.3 <4.5.5',
2579 silly audit report       cwe: [Array],
2579 silly audit report       cvss: [Object]
2579 silly audit report     }
2579 silly audit report   ],
2579 silly audit report   'follow-redirects': [
2579 silly audit report     {
2579 silly audit report       id: 1116560,
2579 silly audit report       url: 'https://github.com/advisories/GHSA-r4q5-vmmm-2653',
2579 silly audit report       title: 'follow-redirects leaks Custom Authentication Headers to Cross-Domain Redirect Targets',
2579 silly audit report       severity: 'moderate',
2579 silly audit report       vulnerable_versions: '<=1.15.11',
2579 silly audit report       cwe: [Array],
2579 silly audit report       cvss: [Object]
2579 silly audit report     }
2579 silly audit report   ],
2579 silly audit report   glob: [
2579 silly audit report     {
2579 silly audit report       id: 1109842,
2579 silly audit report       url: 'https://github.com/advisories/GHSA-5j98-mcp5-4vw2',
2579 silly audit report       title: 'glob CLI: Command injection via -c/--cmd executes matches with shell:true',
2579 silly audit report       severity: 'high',
2579 silly audit report       vulnerable_versions: '>=10.2.0 <10.5.0',
2579 silly audit report       cwe: [Array],
2579 silly audit report       cvss: [Object]
2579 silly audit report     }
2579 silly audit report   ],
2579 silly audit report   handlebars: [
2579 silly audit report     {
2579 silly audit report       id: 1115538,
2579 silly audit report       url: 'https://github.com/advisories/GHSA-3mfm-83xf-c92r',
2579 silly audit report       title: 'Handlebars.js has JavaScript Injection via AST Type Confusion by tampering @partial-block',
2579 silly audit report       severity: 'high',
2579 silly audit report       vulnerable_versions: '>=4.0.0 <=4.7.8',
2579 silly audit report       cwe: [Array],
2579 silly audit report       cvss: [Object]
2579 silly audit report     },
2579 silly audit report     {
2579 silly audit report       id: 1115539,
2579 silly audit report       url: 'https://github.com/advisories/GHSA-2w6w-674q-4c4q',
2579 silly audit report       title: 'Handlebars.js has JavaScript Injection via AST Type Confusion',
2579 silly audit report       severity: 'critical',
2579 silly audit report       vulnerable_versions: '>=4.0.0 <=4.7.8',
2579 silly audit report       cwe: [Array],
2579 silly audit report       cvss: [Object]
2579 silly audit report     },
2579 silly audit report     {
2579 silly audit report       id: 1115544,
2579 silly audit report       url: 'https://github.com/advisories/GHSA-2qvq-rjwj-gvw9',
2579 silly audit report       title: 'Handlebars.js has Prototype Pollution Leading to XSS through Partial Template Injection',
2579 silly audit report       severity: 'moderate',
2579 silly audit report       vulnerable_versions: '>=4.0.0 <4.7.9',
2579 silly audit report       cwe: [Array],
2579 silly audit report       cvss: [Object]
2579 silly audit report     },
2579 silly audit report     {
2579 silly audit report       id: 1115588,
2579 silly audit report       url: 'https://github.com/advisories/GHSA-7rx3-28cr-v5wh',
2579 silly audit report       title: 'Handlebars.js has a Prototype Method Access Control Gap via Missing __lookupSetter__ Blocklist Entry',
2579 silly audit report       severity: 'moderate',
2579 silly audit report       vulnerable_versions: '>=4.6.0 <=4.7.8',
2579 silly audit report       cwe: [Array],
2579 silly audit report       cvss: [Object]
2579 silly audit report     },
2579 silly audit report     {
2579 silly audit report       id: 1115589,
2579 silly audit report       url: 'https://github.com/advisories/GHSA-442j-39wm-28r2',
2579 silly audit report       title: 'Handlebars.js has a Property Access Validation Bypass in container.lookup',
2579 silly audit report       severity: 'low',
2579 silly audit report       vulnerable_versions: '>=4.0.0 <=4.7.8',
2579 silly audit report       cwe: [Array],
2579 silly audit report       cvss: [Object]
2579 silly audit report     },
2579 silly audit report     {
2579 silly audit report       id: 1115693,
2579 silly audit report       url: 'https://github.com/advisories/GHSA-xhpv-hc6g-r9c6',
2579 silly audit report       title: 'Handlebars.js has JavaScript Injection via AST Type Confusion when passing an object as dynamic partial',
2579 silly audit report       severity: 'high',
2579 silly audit report       vulnerable_versions: '>=4.0.0 <=4.7.8',
2579 silly audit report       cwe: [Array],
2579 silly audit report       cvss: [Object]
2579 silly audit report     },
2579 silly audit report     {
2579 silly audit report       id: 1115694,
2579 silly audit report       url: 'https://github.com/advisories/GHSA-9cx6-37pm-9jff',
2579 silly audit report       title: 'Handlebars.js has Denial of Service via Malformed Decorator Syntax in Template Compilation',
2579 silly audit report       severity: 'high',
2579 silly audit report       vulnerable_versions: '>=4.0.0 <=4.7.8',
2579 silly audit report       cwe: [Array],
2579 silly audit report       cvss: [Object]
2579 silly audit report     },
2579 silly audit report     {
2579 silly audit report       id: 1117465,
2579 silly audit report       url: 'https://github.com/advisories/GHSA-xjpj-3mr7-gcpf',
2579 silly audit report       title: 'Handlebars.js has JavaScript Injection in CLI Precompiler via Unescaped Names and Options',
2579 silly audit report       severity: 'high',
2579 silly audit report       vulnerable_versions: '>=4.0.0 <=4.7.8',
2579 silly audit report       cwe: [Array],
2579 silly audit report       cvss: [Object]
2579 silly audit report     }
2579 silly audit report   ],
2579 silly audit report   'js-yaml': [
2579 silly audit report     {
2579 silly audit report       id: 1121860,
2579 silly audit report       url: 'https://github.com/advisories/GHSA-h67p-54hq-rp68',
2579 silly audit report       title: 'JS-YAML: Quadratic-complexity DoS in merge key handling via repeated aliases',
2579 silly audit report       severity: 'moderate',
2579 silly audit report       vulnerable_versions: '>=4.0.0 <=4.1.1',
2579 silly audit report       cwe: [Array],
2579 silly audit report       cvss: [Object]
2579 silly audit report     },
2579 silly audit report     {
2579 silly audit report       id: 1123911,
2579 silly audit report       url: 'https://github.com/advisories/GHSA-52cp-r559-cp3m',
2579 silly audit report       title: 'js-yaml: YAML merge-key chains can force quadratic CPU consumption',
2579 silly audit report       severity: 'high',
2579 silly audit report       vulnerable_versions: '>=4.0.0 <4.3.0',
2579 silly audit report       cwe: [Array],
2579 silly audit report       cvss: [Object]
2579 silly audit report     },
2579 silly audit report     {
2579 silly audit report       id: 1138115,
2579 silly audit report       url: 'https://github.com/advisories/GHSA-5p4m-2wfm-xmqj',
2579 silly audit report       title: 'JS-YAML: Quadratic CPU consumption in !!omap resolution (3.x and 4.x) — CVE-2026-59870 fix not backported',
2579 silly audit report       severity: 'high',
2579 silly audit report       vulnerable_versions: '>=4.0.0 <4.3.1',
2579 silly audit report       cwe: [Array],
2579 silly audit report       cvss: [Object]
2579 silly audit report     }
2579 silly audit report   ],
2579 silly audit report   'json-2-csv': [
2579 silly audit report     {
2579 silly audit report       id: 1122166,
2579 silly audit report       url: 'https://github.com/advisories/GHSA-g27c-q7cp-mhx6',
2579 silly audit report       title: 'json-2-csv vulnerable to CSV Injection via the preventCsvInjection optio',
2579 silly audit report       severity: 'moderate',
2579 silly audit report       vulnerable_versions: '>=3.15.0 <5.5.11',
2579 silly audit report       cwe: [Array],
2579 silly audit report       cvss: [Object]
2579 silly audit report     }
2579 silly audit report   ],
2579 silly audit report   jspdf: [
2579 silly audit report     {
2579 silly audit report       id: 1103308,
2579 silly audit report       url: 'https://github.com/advisories/GHSA-w532-jxjh-hjhj',
2579 silly audit report       title: 'jsPDF Bypass Regular Expression Denial of Service (ReDoS)',
2579 silly audit report       severity: 'high',
2579 silly audit report       vulnerable_versions: '<3.0.1',
2579 silly audit report       cwe: [Array],
2579 silly audit report       cvss: [Object]
2579 silly audit report     },
2579 silly audit report     {
2579 silly audit report       id: 1107412,
2579 silly audit report       url: 'https://github.com/advisories/GHSA-8mvj-3j78-4qmw',
2579 silly audit report       title: 'jsPDF Denial of Service (DoS)',
2579 silly audit report       severity: 'high',
2579 silly audit report       vulnerable_versions: '<=3.0.1',
2579 silly audit report       cwe: [Array],
2579 silly audit report       cvss: [Object]
2579 silly audit report     },
2579 silly audit report     {
2579 silly audit report       id: 1112264,
2579 silly audit report       url: 'https://github.com/advisories/GHSA-f8cm-6447-x5h2',
2579 silly audit report       title: 'jsPDF has Local File Inclusion/Path Traversal vulnerability',
2579 silly audit report       severity: 'critical',
2579 silly audit report       vulnerable_versions: '<=3.0.4',
2579 silly audit report       cwe: [Array],
2579 silly audit report       cvss: [Object]
2579 silly audit report     },
2579 silly audit report     {
2579 silly audit report       id: 1112801,
2579 silly audit report       url: 'https://github.com/advisories/GHSA-pqxr-3g65-p328',
2579 silly audit report       title: 'jsPDF has PDF Injection in AcroFormChoiceField that allows Arbitrary JavaScript Execution',
2579 silly audit report       severity: 'high',
2579 silly audit report       vulnerable_versions: '<=4.0.0',
2579 silly audit report       cwe: [Array],
2579 silly audit report       cvss: [Object]
2579 silly audit report     },
2579 silly audit report     {
2579 silly audit report       id: 1112802,
2579 silly audit report       url: 'https://github.com/advisories/GHSA-95fx-jjr5-f39c',
2579 silly audit report       title: 'jsPDF Vulnerable to Denial of Service (DoS) via Unvalidated BMP Dimensions in BMPDecoder',
2579 silly audit report       severity: 'high',
2579 silly audit report       vulnerable_versions: '<=4.0.0',
2579 silly audit report       cwe: [Array],
2579 silly audit report       cvss: [Object]
2579 silly audit report     },
2579 silly audit report     {
2579 silly audit report       id: 1112803,
2579 silly audit report       url: 'https://github.com/advisories/GHSA-vm32-vv63-w422',
2579 silly audit report       title: 'jsPDF Vulnerable to Stored XMP Metadata Injection (Spoofing & Integrity Violation)',
2579 silly audit report       severity: 'moderate',
2579 silly audit report       vulnerable_versions: '<=4.0.0',
2579 silly audit report       cwe: [Array],
2579 silly audit report       cvss: [Object]
2579 silly audit report     },
2579 silly audit report     {
2579 silly audit report       id: 1112804,
2579 silly audit report       url: 'https://github.com/advisories/GHSA-cjw8-79x6-5cj4',
2579 silly audit report       title: 'jsPDF has Shared State Race Condition in addJS Plugin',
2579 silly audit report       severity: 'moderate',
2579 silly audit report       vulnerable_versions: '<=4.0.0',
2579 silly audit report       cwe: [Array],
2579 silly audit report       cvss: [Object]
2579 silly audit report     },
2579 silly audit report     {
2579 silly audit report       id: 1113310,
2579 silly audit report       url: 'https://github.com/advisories/GHSA-9vjf-qc39-jprp',
2579 silly audit report       title: 'jsPDF has a PDF Object Injection via Unsanitized Input in addJS Method',
2579 silly audit report       severity: 'high',
2579 silly audit report       vulnerable_versions: '<4.2.0',
2579 silly audit report       cwe: [Array],
2579 silly audit report       cvss: [Object]
2579 silly audit report     },
2579 silly audit report     {
2579 silly audit report       id: 1113324,
2579 silly audit report       url: 'https://github.com/advisories/GHSA-67pg-wm7f-q7fj',
2579 silly audit report       title: 'jsPDF Affected by Client-Side/Server-Side Denial of Service via Malicious GIF Dimensions',
2579 silly audit report       severity: 'high',
2579 silly audit report       vulnerable_versions: '<4.2.0',
2579 silly audit report       cwe: [Array],
2579 silly audit report       cvss: [Object]
2579 silly audit report     },
2579 silly audit report     {
2579 silly audit report       id: 1114396,
2579 silly audit report       url: 'https://github.com/advisories/GHSA-p5xg-68wr-hm3m',
2579 silly audit report       title: 'jsPDF has a PDF Injection in AcroForm module allows Arbitrary JavaScript Execution (RadioButton.createOption and "AS" property)',
2579 silly audit report       severity: 'high',
2579 silly audit report       vulnerable_versions: '<4.2.0',
2579 silly audit report       cwe: [Array],
2579 silly audit report       cvss: [Object]
2579 silly audit report     },
2579 silly audit report     {
2579 silly audit report       id: 1114950,
2579 silly audit report       url: 'https://github.com/advisories/GHSA-7x6v-j9x4-qf24',
2579 silly audit report       title: 'jsPDF has a PDF Object Injection via FreeText color',
2579 silly audit report       severity: 'high',
2579 silly audit report       vulnerable_versions: '<=4.2.0',
2579 silly audit report       cwe: [Array],
2579 silly audit report       cvss: [Object]
2579 silly audit report     },
2579 silly audit report     {
2579 silly audit report       id: 1114974,
2579 silly audit report       url: 'https://github.com/advisories/GHSA-wfv2-pwc8-crg5',
2579 silly audit report       title: 'jsPDF has HTML Injection in New Window paths',
2579 silly audit report       severity: 'critical',
2579 silly audit report       vulnerable_versions: '<=4.2.0',
2579 silly audit report       cwe: [Array],
2579 silly audit report       cvss: [Object]
2579 silly audit report     }
2579 silly audit report   ],
2579 silly audit report   lodash: [
2579 silly audit report     {
2579 silly audit report       id: 1120370,
2579 silly audit report       url: 'https://github.com/advisories/GHSA-xxjr-mmjv-4gpg',
2579 silly audit report       title: 'Lodash has Prototype Pollution Vulnerability in `_.unset` and `_.omit` functions',
2579 silly audit report       severity: 'moderate',
2579 silly audit report       vulnerable_versions: '>=4.0.0 <=4.17.22',
2579 silly audit report       cwe: [Array],
2579 silly audit report       cvss: [Object]
2579 silly audit report     },
2579 silly audit report     {
2579 silly audit report       id: 1115806,
2579 silly audit report       url: 'https://github.com/advisories/GHSA-r5fr-rjxr-66jc',
2579 silly audit report       title: 'lodash vulnerable to Code Injection via `_.template` imports key names',
2579 silly audit report       severity: 'high',
2579 silly audit report       vulnerable_versions: '>=4.0.0 <=4.17.23',
2579 silly audit report       cwe: [Array],
2579 silly audit report       cvss: [Object]
2579 silly audit report     },
2579 silly audit report     {
2579 silly audit report       id: 1115810,
2579 silly audit report       url: 'https://github.com/advisories/GHSA-f23m-r3pf-42rh',
2579 silly audit report       title: 'lodash vulnerable to Prototype Pollution via array path bypass in `_.unset` and `_.omit`',
2579 silly audit report       severity: 'moderate',
2579 silly audit report       vulnerable_versions: '<=4.17.23',
2579 silly audit report       cwe: [Array],
2579 silly audit report       cvss: [Object]
2579 silly audit report     }
2579 silly audit report   ],
2579 silly audit report   minimatch: [
2579 silly audit report     {
2579 silly audit report       id: 1113459,
2579 silly audit report       url: 'https://github.com/advisories/GHSA-3ppc-4f35-3m26',
2579 silly audit report       title: 'minimatch has a ReDoS via repeated wildcards with non-matching literal in pattern',
2579 silly audit report       severity: 'high',
2579 silly audit report       vulnerable_versions: '<3.1.3',
2579 silly audit report       cwe: [Array],
2579 silly audit report       cvss: [Object]
2579 silly audit report     },
2579 silly audit report     {
2579 silly audit report       id: 1113465,
2579 silly audit report       url: 'https://github.com/advisories/GHSA-3ppc-4f35-3m26',
2579 silly audit report       title: 'minimatch has a ReDoS via repeated wildcards with non-matching literal in pattern',
2579 silly audit report       severity: 'high',
2579 silly audit report       vulnerable_versions: '>=9.0.0 <9.0.6',
2579 silly audit report       cwe: [Array],
2579 silly audit report       cvss: [Object]
2579 silly audit report     },
2579 silly audit report     {
2579 silly audit report       id: 1113538,
2579 silly audit report       url: 'https://github.com/advisories/GHSA-7r86-cg39-jmmj',
2579 silly audit report       title: 'minimatch has ReDoS: matchOne() combinatorial backtracking via multiple non-adjacent GLOBSTAR segments',
2579 silly audit report       severity: 'high',
2579 silly audit report       vulnerable_versions: '<3.1.3',
2579 silly audit report       cwe: [Array],
2579 silly audit report       cvss: [Object]
2579 silly audit report     },
2579 silly audit report     {
2579 silly audit report       id: 1113544,
2579 silly audit report       url: 'https://github.com/advisories/GHSA-7r86-cg39-jmmj',
2579 silly audit report       title: 'minimatch has ReDoS: matchOne() combinatorial backtracking via multiple non-adjacent GLOBSTAR segments',
2579 silly audit report       severity: 'high',
2579 silly audit report       vulnerable_versions: '>=9.0.0 <9.0.7',
2579 silly audit report       cwe: [Array],
2579 silly audit report       cvss: [Object]
2579 silly audit report     },
2579 silly audit report     {
2579 silly audit report       id: 1113546,
2579 silly audit report       url: 'https://github.com/advisories/GHSA-23c5-xmqv-rm74',
2579 silly audit report       title: 'minimatch ReDoS: nested *() extglobs generate catastrophically backtracking regular expressions',
2579 silly audit report       severity: 'high',
2579 silly audit report       vulnerable_versions: '<3.1.4',
2579 silly audit report       cwe: [Array],
2579 silly audit report       cvss: [Object]
2579 silly audit report     },
2579 silly audit report     {
2579 silly audit report       id: 1113552,
2579 silly audit report       url: 'https://github.com/advisories/GHSA-23c5-xmqv-rm74',
2579 silly audit report       title: 'minimatch ReDoS: nested *() extglobs generate catastrophically backtracking regular expressions',
2579 silly audit report       severity: 'high',
2579 silly audit report       vulnerable_versions: '>=9.0.0 <9.0.7',
2579 silly audit report       cwe: [Array],
2579 silly audit report       cvss: [Object]
2579 silly audit report     }
2579 silly audit report   ],
2579 silly audit report   nanoid: [
2579 silly audit report     {
2579 silly audit report       id: 1138811,
2579 silly audit report       url: 'https://github.com/advisories/GHSA-28wg-ghj8-5hjv',
2579 silly audit report       title: 'nanoid: non-secure generators can loop indefinitely with negative size',
2579 silly audit report       severity: 'high',
2579 silly audit report       vulnerable_versions: '<3.3.16',
2579 silly audit report       cwe: [Array],
2579 silly audit report       cvss: [Object]
2579 silly audit report     },
2579 silly audit report     {
2579 silly audit report       id: 1139427,
2579 silly audit report       url: 'https://github.com/advisories/GHSA-2v37-7h3g-55p8',
2579 silly audit report       title: 'nanoid: custom generators can loop indefinitely when size is zero',
2579 silly audit report       severity: 'high',
2579 silly audit report       vulnerable_versions: '<3.3.18',
2579 silly audit report       cwe: [Array],
2579 silly audit report       cvss: [Object]
2579 silly audit report     },
2579 silly audit report     {
2579 silly audit report       id: 1153189,
2579 silly audit report       url: 'https://github.com/advisories/GHSA-xwg4-73v4-xw9w',
2579 silly audit report       title: 'nanoid: Integer Overflow or Wraparound',
2579 silly audit report       severity: 'high',
2579 silly audit report       vulnerable_versions: '<3.3.12',
2579 silly audit report       cwe: [Array],
2579 silly audit report       cvss: [Object]
2579 silly audit report     }
2579 silly audit report   ],
2579 silly audit report   next: [
2579 silly audit report     {
2579 silly audit report       id: 1117931,
2579 silly audit report       url: 'https://github.com/advisories/GHSA-8h8q-6873-q5fj',
2579 silly audit report       title: 'Next.js Vulnerable to Denial of Service with Server Components',
2579 silly audit report       severity: 'high',
2579 silly audit report       vulnerable_versions: '>=13.0.0 <15.5.16',
2579 silly audit report       cwe: [Array],
2579 silly audit report       cvss: [Object]
2579 silly audit report     },
2579 silly audit report     {
2579 silly audit report       id: 1118939,
2579 silly audit report       url: 'https://github.com/advisories/GHSA-26hh-7cqf-hhc6',
2579 silly audit report       title: 'Next.js has a Middleware / Proxy bypass in App Router applications via segment-prefetch routes - Incomplete Fix Follow-Up',
2579 silly audit report       severity: 'high',
2579 silly audit report       vulnerable_versions: '>=15.2.0 <15.5.18',
2579 silly audit report       cwe: [Array],
2579 silly audit report       cvss: [Object]
2579 silly audit report     },
2579 silly audit report     {
2579 silly audit report       id: 1118942,
2579 silly audit report       url: 'https://github.com/advisories/GHSA-3g8h-86w9-wvmq',
2579 silly audit report       title: "Next.js's Middleware / Proxy redirects can be cache-poisoned",
2579 silly audit report       severity: 'low',
2579 silly audit report       vulnerable_versions: '>=12.2.0 <15.5.16',
2579 silly audit report       cwe: [Array],
2579 silly audit report       cvss: [Object]
2579 silly audit report     },
2579 silly audit report     {
2579 silly audit report       id: 1118944,
2579 silly audit report       url: 'https://github.com/advisories/GHSA-ffhc-5mcf-pf4q',
2579 silly audit report       title: 'Next.js vulnerable to cross-site scripting in App Router applications using CSP nonces',
2579 silly audit report       severity: 'moderate',
2579 silly audit report       vulnerable_versions: '>=13.4.0 <15.5.16',
2579 silly audit report       cwe: [Array],
2579 silly audit report       cvss: [Object]
2579 silly audit report     },
2579 silly audit report     {
2579 silly audit report       id: 1118946,
2579 silly audit report       url: 'https://github.com/advisories/GHSA-vfv6-92ff-j949',
2579 silly audit report       title: 'Next.js vulnerable to cache poisoning via collisions in React Server Component cache-busting',
2579 silly audit report       severity: 'low',
2579 silly audit report       vulnerable_versions: '>=13.4.6 <15.5.16',
2579 silly audit report       cwe: [Array],
2579 silly audit report       cvss: [Object]
2579 silly audit report     },
2579 silly audit report     {
2579 silly audit report       id: 1118948,
2579 silly audit report       url: 'https://github.com/advisories/GHSA-gx5p-jg67-6x7h',
2579 silly audit report       title: 'Next.js has cross-site scripting in beforeInteractive scripts with untrusted input',
2579 silly audit report       severity: 'moderate',
2579 silly audit report       vulnerable_versions: '>=13.0.0 <15.5.16',
2579 silly audit report       cwe: [Array],
2579 silly audit report       cvss: [Object]
2579 silly audit report     },
2579 silly audit report     {
2579 silly audit report       id: 1118950,
2579 silly audit report       url: 'https://github.com/advisories/GHSA-mg66-mrh9-m8jx',
2579 silly audit report       title: 'Next.js vulnerable to Denial of Service via connection exhaustion in applications using Cache Components',
2579 silly audit report       severity: 'high',
2579 silly audit report       vulnerable_versions: '>=15.0.0 <15.5.16',
2579 silly audit report       cwe: [Array],
2579 silly audit report       cvss: [Object]
2579 silly audit report     },
2579 silly audit report     {
2579 silly audit report       id: 1118952,
2579 silly audit report       url: 'https://github.com/advisories/GHSA-h64f-5h5j-jqjh',
2579 silly audit report       title: 'Next.js has a Denial of Service in the Image Optimization API',
2579 silly audit report       severity: 'moderate',
2579 silly audit report       vulnerable_versions: '>=10.0.0 <15.5.16',
2579 silly audit report       cwe: [Array],
2579 silly audit report       cvss: [Object]
2579 silly audit report     },
2579 silly audit report     {
2579 silly audit report       id: 1118954,
2579 silly audit report       url: 'https://github.com/advisories/GHSA-c4j6-fc7j-m34r',
2579 silly audit report       title: 'Next.js vulnerable to server-side request forgery in applications using WebSocket upgrades',
2579 silly audit report       severity: 'high',
2579 silly audit report       vulnerable_versions: '>=13.4.13 <15.5.16',
2579 silly audit report       cwe: [Array],
2579 silly audit report       cvss: [Object]
2579 silly audit report     },
2579 silly audit report     {
2579 silly audit report       id: 1118956,
2579 silly audit report       url: 'https://github.com/advisories/GHSA-492v-c6pp-mqqv',
2579 silly audit report       title: 'Next.js has a Middleware / Proxy bypass through dynamic route parameter injection',
2579 silly audit report       severity: 'high',
2579 silly audit report       vulnerable_versions: '>=15.4.0 <15.5.16',
2579 silly audit report       cwe: [Array],
2579 silly audit report       cvss: [Object]
2579 silly audit report     },
2579 silly audit report     {
2579 silly audit report       id: 1118958,
2579 silly audit report       url: 'https://github.com/advisories/GHSA-wfc6-r584-vfw7',
2579 silly audit report       title: 'Next.js vulnerable to cache poisoning in React Server Component responses',
2579 silly audit report       severity: 'moderate',
2579 silly audit report       vulnerable_versions: '>=14.2.0 <15.5.16',
2579 silly audit report       cwe: [Array],
2579 silly audit report       cvss: [Object]
2579 silly audit report     },
2579 silly audit report     {
2579 silly audit report       id: 1118960,
2579 silly audit report       url: 'https://github.com/advisories/GHSA-267c-6grr-h53f',
2579 silly audit report       title: 'Next.js has a Middleware / Proxy bypass in App Router applications via segment-prefetch routes',
2579 silly audit report       severity: 'high',
2579 silly audit report       vulnerable_versions: '>=15.2.0 <15.5.16',
2579 silly audit report       cwe: [Array],
2579 silly audit report       cvss: [Object]
2579 silly audit report     },
2579 silly audit report     {
2579 silly audit report       id: 1118962,
2579 silly audit report       url: 'https://github.com/advisories/GHSA-36qx-fr4f-26g5',
2579 silly audit report       title: 'Next.js has a Middleware / Proxy bypass in Pages Router applications using i18n',
2579 silly audit report       severity: 'high',
2579 silly audit report       vulnerable_versions: '>=12.2.0 <15.5.16',
2579 silly audit report       cwe: [Array],
2579 silly audit report       cvss: [Object]
2579 silly audit report     },
2579 silly audit report     {
2579 silly audit report       id: 1112593,
2579 silly audit report       url: 'https://github.com/advisories/GHSA-9g9p-9gw9-jx7f',
2579 silly audit report       title: 'Next.js self-hosted applications vulnerable to DoS via Image Optimizer remotePatterns configuration',
2579 silly audit report       severity: 'moderate',
2579 silly audit report       vulnerable_versions: '>=10.0.0 <15.5.10',
2579 silly audit report       cwe: [Array],
2579 silly audit report       cvss: [Object]
2579 silly audit report     },
2579 silly audit report     {
2579 silly audit report       id: 1112648,
2579 silly audit report       url: 'https://github.com/advisories/GHSA-h25m-26qc-wcjf',
2579 silly audit report       title: 'Next.js HTTP request deserialization can lead to DoS when using insecure React Server Components',
2579 silly audit report       severity: 'high',
2579 silly audit report       vulnerable_versions: '>=15.5.1-canary.0 <15.5.10',
2579 silly audit report       cwe: [Array],
2579 silly audit report       cvss: [Object]
2579 silly audit report     },
2579 silly audit report     {
2579 silly audit report       id: 1114897,
2579 silly audit report       url: 'https://github.com/advisories/GHSA-ggv3-7p47-pfv8',
2579 silly audit report       title: 'Next.js: HTTP request smuggling in rewrites',
2579 silly audit report       severity: 'moderate',
2579 silly audit report       vulnerable_versions: '>=9.5.0 <15.5.13',
2579 silly audit report       cwe: [Array],
2579 silly audit report       cvss: [Object]
2579 silly audit report     },
2579 silly audit report     {
2579 silly audit report       id: 1114940,
2579 silly audit report       url: 'https://github.com/advisories/GHSA-3x4c-7xq6-9pq8',
2579 silly audit report       title: 'Next.js: Unbounded next/image disk cache growth can exhaust storage',
2579 silly audit report       severity: 'moderate',
2579 silly audit report       vulnerable_versions: '>=10.0.0 <15.5.14',
2579 silly audit report       cwe: [Array],
2579 silly audit report       cvss: [Object]
2579 silly audit report     },
2579 silly audit report     {
2579 silly audit report       id: 1116376,
2579 silly audit report       url: 'https://github.com/advisories/GHSA-q4gf-8mx6-v5v3',
2579 silly audit report       title: 'Next.js has a Denial of Service with Server Components',
2579 silly audit report       severity: 'high',
2579 silly audit report       vulnerable_versions: '>=13.0.0 <15.5.15',
2579 silly audit report       cwe: [Array],
2579 silly audit report       cvss: [Object]
2579 silly audit report     },
2579 silly audit report     {
2579 silly audit report       id: 1124185,
2579 silly audit report       url: 'https://github.com/advisories/GHSA-89xv-2m56-2m9x',
2579 silly audit report       title: 'Next.js: Server-Side Request Forgery in Server Actions on custom servers',
2579 silly audit report       severity: 'high',
2579 silly audit report       vulnerable_versions: '>=14.1.1 <15.5.21',
2579 silly audit report       cwe: [Array],
2579 silly audit report       cvss: [Object]
2579 silly audit report     },
2579 silly audit report     {
2579 silly audit report       id: 1124172,
2579 silly audit report       url: 'https://github.com/advisories/GHSA-m99w-x7hq-7vfj',
2579 silly audit report       title: 'Next.js: Denial of Service in App Router using Server Actions',
2579 silly audit report       severity: 'high',
2579 silly audit report       vulnerable_versions: '>=13.0.0 <15.5.21',
2579 silly audit report       cwe: [Array],
2579 silly audit report       cvss: [Object]
2579 silly audit report     },
2579 silly audit report     {
2579 silly audit report       id: 1124187,
2579 silly audit report       url: 'https://github.com/advisories/GHSA-68g3-v927-f742',
2579 silly audit report       title: 'Next.js: Cache confusion of response bodies for requests with bodies',
2579 silly audit report       severity: 'moderate',
2579 silly audit report       vulnerable_versions: '>=13.0.0 <15.5.21',
2579 silly audit report       cwe: [Array],
2579 silly audit report       cvss: [Object]
2579 silly audit report     },
2579 silly audit report     {
2579 silly audit report       id: 1124189,
2579 silly audit report       url: 'https://github.com/advisories/GHSA-4633-3j49-mh5q',
2579 silly audit report       title: 'Next.js: Cache confusion of response bodies for requests with bodies containing invalid UTF-8 byte sequences',
2579 silly audit report       severity: 'moderate',
2579 silly audit report       vulnerable_versions: '>=13.0.0 <15.5.21',
2579 silly audit report       cwe: [Array],
2579 silly audit report       cvss: [Object]
2579 silly audit report     },
2579 silly audit report     {
2579 silly audit report       id: 1124191,
2579 silly audit report       url: 'https://github.com/advisories/GHSA-4c39-4ccg-62r3',
2579 silly audit report       title: 'Next.js: Unbounded Server Action payload in Edge runtime',
2579 silly audit report       severity: 'moderate',
2579 silly audit report       vulnerable_versions: '>=13.0.0 <15.5.21',
2579 silly audit report       cwe: [Array],
2579 silly audit report       cvss: [Object]
2579 silly audit report     },
2579 silly audit report     {
2579 silly audit report       id: 1124193,
2579 silly audit report       url: 'https://github.com/advisories/GHSA-p9j2-gv94-2wf4',
2579 silly audit report       title: 'Next.js: Server-Side Request Forgery in rewrites via attacker-controlled destination hostname',
2579 silly audit report       severity: 'high',
2579 silly audit report       vulnerable_versions: '>=12.0.0 <15.5.21',
2579 silly audit report       cwe: [Array],
2579 silly audit report       cvss: [Object]
2579 silly audit report     },
2579 silly audit report     {
2579 silly audit report       id: 1124195,
2579 silly audit report       url: 'https://github.com/advisories/GHSA-q8wf-6r8g-63ch',
2579 silly audit report       title: 'Next.js: Denial of Service in the Image Optimization API using SVGs',
2579 silly audit report       severity: 'moderate',
2579 silly audit report       vulnerable_versions: '>=15.5.0 <15.5.21',
2579 silly audit report       cwe: [Array],
2579 silly audit report       cvss: [Object]
2579 silly audit report     },
2579 silly audit report     {
2579 silly audit report       id: 1124197,
2579 silly audit report       url: 'https://github.com/advisories/GHSA-955p-x3mx-jcvp',
2579 silly audit report       title: 'Next.js: Unauthenticated disclosure of internal Server Function endpoints',
2579 silly audit report       severity: 'moderate',
2579 silly audit report       vulnerable_versions: '>=13.0.0 <15.5.21',
2579 silly audit report       cwe: [Array],
2579 silly audit report       cvss: [Object]
2579 silly audit report     }
2579 silly audit report   ],
2579 silly audit report   postcss: [
2579 silly audit report     {
2579 silly audit report       id: 1130709,
2579 silly audit report       url: 'https://github.com/advisories/GHSA-fxqj-rqcc-2cmp',
2579 silly audit report       title: 'PostCSS: incomplete fix of GHSA-6g55-p6wh-862q — attacker-controlled sourceMappingURL reads arbitrary .map files when `from` is unset',
2579 silly audit report       severity: 'moderate',
2579 silly audit report       vulnerable_versions: '<=8.5.22',
2579 silly audit report       cwe: [Array],
2579 silly audit report       cvss: [Object]
2579 silly audit report     },
2579 silly audit report     {
2579 silly audit report       id: 1117015,
2579 silly audit report       url: 'https://github.com/advisories/GHSA-qx2v-qp2m-jg93',
2579 silly audit report       title: 'PostCSS has XSS via Unescaped </style> in its CSS Stringify Output',
2579 silly audit report       severity: 'moderate',
2579 silly audit report       vulnerable_versions: '<8.5.10',
2579 silly audit report       cwe: [Array],
2579 silly audit report       cvss: [Object]
2579 silly audit report     },
2579 silly audit report     {
2579 silly audit report       id: 1124252,
2579 silly audit report       url: 'https://github.com/advisories/GHSA-6g55-p6wh-862q',
2579 silly audit report       title: 'PostCSS: Arbitrary file read and information disclosure via attacker-controlled sourceMappingURL in CSS comments',
2579 silly audit report       severity: 'high',
2579 silly audit report       vulnerable_versions: '<=8.5.11',
2579 silly audit report       cwe: [Array],
2579 silly audit report       cvss: [Object]
2579 silly audit report     },
2579 silly audit report     {
2579 silly audit report       id: 1139510,
2579 silly audit report       url: 'https://github.com/advisories/GHSA-r28c-9q8g-f849',
2579 silly audit report       title: 'PostCSS: Path Traversal in Previous Source Map Auto-Loading (sourceMappingURL) leads to Arbitrary .map File Disclosure',
2579 silly audit report       severity: 'high',
2579 silly audit report       vulnerable_versions: '<=8.5.17',
2579 silly audit report       cwe: [Array],
2579 silly audit report       cvss: [Object]
2579 silly audit report     }
2579 silly audit report   ],
2579 silly audit report   'node-forge': [
2579 silly audit report     {
2579 silly audit report       id: 1115545,
2579 silly audit report       url: 'https://github.com/advisories/GHSA-2328-f5f3-gj25',
2579 silly audit report       title: 'Forge has a basicConstraints bypass in its certificate chain verification (RFC 5280 violation)',
2579 silly audit report       severity: 'high',
2579 silly audit report       vulnerable_versions: '<=1.3.3',
2579 silly audit report       cwe: [Array],
2579 silly audit report       cvss: [Object]
2579 silly audit report     },
2579 silly audit report     {
2579 silly audit report       id: 1115546,
2579 silly audit report       url: 'https://github.com/advisories/GHSA-q67f-28xg-22rw',
2579 silly audit report       title: 'Forge has signature forgery in Ed25519 due to missing S > L check',
2579 silly audit report       severity: 'high',
2579 silly audit report       vulnerable_versions: '<1.4.0',
2579 silly audit report       cwe: [Array],
2579 silly audit report       cvss: [Object]
2579 silly audit report     },
2579 silly audit report     {
2579 silly audit report       id: 1115548,
2579 silly audit report       url: 'https://github.com/advisories/GHSA-5m6q-g25r-mvwx',
2579 silly audit report       title: 'Forge has Denial of Service via Infinite Loop in BigInteger.modInverse() with Zero Input',
2579 silly audit report       severity: 'high',
2579 silly audit report       vulnerable_versions: '<1.4.0',
2579 silly audit report       cwe: [Array],
2579 silly audit report       cvss: [Object]
2579 silly audit report     },
2579 silly audit report     {
2579 silly audit report       id: 1115612,
2579 silly audit report       url: 'https://github.com/advisories/GHSA-ppp5-5v6c-4jwp',
2579 silly audit report       title: 'Forge has signature forgery in RSA-PKCS due to ASN.1 extra field  ',
2579 silly audit report       severity: 'high',
2579 silly audit report       vulnerable_versions: '<1.4.0',
2579 silly audit report       cwe: [Array],
2579 silly audit report       cvss: [Object]
2579 silly audit report     }
2579 silly audit report   ],
2579 silly audit report   'path-to-regexp': [
2579 silly audit report     {
2579 silly audit report       id: 1115573,
2579 silly audit report       url: 'https://github.com/advisories/GHSA-j3q9-mxjg-w52f',
2579 silly audit report       title: 'path-to-regexp vulnerable to Denial of Service via sequential optional groups',
2579 silly audit report       severity: 'high',
2579 silly audit report       vulnerable_versions: '>=8.0.0 <8.4.0',
2579 silly audit report       cwe: [Array],
2579 silly audit report       cvss: [Object]
2579 silly audit report     },
2579 silly audit report     {
2579 silly audit report       id: 1115527,
2579 silly audit report       url: 'https://github.com/advisories/GHSA-37ch-88jc-xwx2',
2579 silly audit report       title: 'path-to-regexp vulnerable to Regular Expression Denial of Service via multiple route parameters',
2579 silly audit report       severity: 'high',
2579 silly audit report       vulnerable_versions: '<0.1.13',
2579 silly audit report       cwe: [Array],
2579 silly audit report       cvss: [Object]
2579 silly audit report     },
2579 silly audit report     {
2579 silly audit report       id: 1115582,
2579 silly audit report       url: 'https://github.com/advisories/GHSA-27v5-c462-wpq7',
2579 silly audit report       title: 'path-to-regexp vulnerable to Regular Expression Denial of Service via multiple wildcards',
2579 silly audit report       severity: 'moderate',
2579 silly audit report       vulnerable_versions: '>=8.0.0 <8.4.0',
2579 silly audit report       cwe: [Array],
2579 silly audit report       cvss: [Object]
2579 silly audit report     }
2579 silly audit report   ],
2579 silly audit report   picomatch: [
2579 silly audit report     {
2579 silly audit report       id: 1115549,
2579 silly audit report       url: 'https://github.com/advisories/GHSA-3v7f-55p6-f55p',
2579 silly audit report       title: 'Picomatch: Method Injection in POSIX Character Classes causes incorrect Glob Matching',
2579 silly audit report       severity: 'moderate',
2579 silly audit report       vulnerable_versions: '<2.3.2',
2579 silly audit report       cwe: [Array],
2579 silly audit report       cvss: [Object]
2579 silly audit report     },
2579 silly audit report     {
2579 silly audit report       id: 1115552,
2579 silly audit report       url: 'https://github.com/advisories/GHSA-c2c7-rcm5-vvqj',
2579 silly audit report       title: 'Picomatch has a ReDoS vulnerability via extglob quantifiers',
2579 silly audit report       severity: 'high',
2579 silly audit report       vulnerable_versions: '<2.3.2',
2579 silly audit report       cwe: [Array],
2579 silly audit report       cvss: [Object]
2579 silly audit report     }
2579 silly audit report   ],
2579 silly audit report   'postcss-selector-parser': [
2579 silly audit report     {
2579 silly audit report       id: 1153170,
2579 silly audit report       url: 'https://github.com/advisories/GHSA-w9m9-85wc-3x92',
2579 silly audit report       title: 'postcss-selector-parser allows denial of service through uncontrolled AST recursion',
2579 silly audit report       severity: 'low',
2579 silly audit report       vulnerable_versions: '>=6.1.0 <6.1.3',
2579 silly audit report       cwe: [Array],
2579 silly audit report       cvss: [Object]
2579 silly audit report     }
2579 silly audit report   ],
2579 silly audit report   protobufjs: [
2579 silly audit report     {
2579 silly audit report       id: 1118641,
2579 silly audit report       url: 'https://github.com/advisories/GHSA-66ff-xgx4-vchm',
2579 silly audit report       title: 'protobuf.js: Code injection through bytes field defaults in generated toObject code',
2579 silly audit report       severity: 'high',
2579 silly audit report       vulnerable_versions: '<=7.5.5',
2579 silly audit report       cwe: [Array],
2579 silly audit report       cvss: [Object]
2579 silly audit report     },
2579 silly audit report     {
2579 silly audit report       id: 1118924,
2579 silly audit report       url: 'https://github.com/advisories/GHSA-2pr8-phx7-x9h3',
2579 silly audit report       title: 'protobuf.js: Denial of service from crafted field names in generated code',
2579 silly audit report       severity: 'moderate',
2579 silly audit report       vulnerable_versions: '<=7.5.5',
2579 silly audit report       cwe: [Array],
2579 silly audit report       cvss: [Object]
2579 silly audit report     },
2579 silly audit report     {
2579 silly audit report       id: 1118926,
2579 silly audit report       url: 'https://github.com/advisories/GHSA-fx83-v9x8-x52w',
2579 silly audit report       title: 'protobuf.js: Prototype injection in generated message constructors',
2579 silly audit report       severity: 'moderate',
2579 silly audit report       vulnerable_versions: '<=7.5.5',
2579 silly audit report       cwe: [Array],
2579 silly audit report       cvss: [Object]
2579 silly audit report     },
2579 silly audit report     {
2579 silly audit report       id: 1118928,
2579 silly audit report       url: 'https://github.com/advisories/GHSA-75px-5xx7-5xc7',
2579 silly audit report       title: 'protobuf.js: Code generation gadget after prototype pollution',
2579 silly audit report       severity: 'high',
2579 silly audit report       vulnerable_versions: '<=7.5.5',
2579 silly audit report       cwe: [Array],
2579 silly audit report       cvss: [Object]
2579 silly audit report     },
2579 silly audit report     {
2579 silly audit report       id: 1118930,
2579 silly audit report       url: 'https://github.com/advisories/GHSA-jvwf-75h9-cwgg',
2579 silly audit report       title: 'protobuf.js: Process-wide denial of service through unsafe option paths',
2579 silly audit report       severity: 'high',
2579 silly audit report       vulnerable_versions: '<=7.5.5',
2579 silly audit report       cwe: [Array],
2579 silly audit report       cvss: [Object]
2579 silly audit report     },
2579 silly audit report     {
2579 silly audit report       id: 1118932,
2579 silly audit report       url: 'https://github.com/advisories/GHSA-685m-2w69-288q',
2579 silly audit report       title: 'protobuf.js: Denial of service through unbounded protobuf recursion',
2579 silly audit report       severity: 'high',
2579 silly audit report       vulnerable_versions: '<=7.5.5',
2579 silly audit report       cwe: [Array],
2579 silly audit report       cvss: [Object]
2579 silly audit report     },
2579 silly audit report     {
2579 silly audit report       id: 1118935,
2579 silly audit report       url: 'https://github.com/advisories/GHSA-q6x5-8v7m-xcrf',
2579 silly audit report       title: 'protobufjs has overlong UTF-8 decoding',
2579 silly audit report       severity: 'moderate',
2579 silly audit report       vulnerable_versions: '<=7.5.5',
2579 silly audit report       cwe: [Array],
2579 silly audit report       cvss: [Object]
2579 silly audit report     },
2579 silly audit report     {
2579 silly audit report       id: 1119378,
2579 silly audit report       url: 'https://github.com/advisories/GHSA-jggg-4jg4-v7c6',
2579 silly audit report       title: 'protobufjs: Denial of Service via unbounded recursive JSON descriptor expansion',
2579 silly audit report       severity: 'moderate',
2579 silly audit report       vulnerable_versions: '<=7.5.7',
2579 silly audit report       cwe: [Array],
2579 silly audit report       cvss: [Object]
2579 silly audit report     },
2579 silly audit report     {
2579 silly audit report       id: 1117571,
2579 silly audit report       url: 'https://github.com/advisories/GHSA-xq3m-2v4x-88gg',
2579 silly audit report       title: 'Arbitrary code execution in protobufjs',
2579 silly audit report       severity: 'critical',
2579 silly audit report       vulnerable_versions: '<7.5.5',
2579 silly audit report       cwe: [Array],
2579 silly audit report       cvss: [Object]
2579 silly audit report     },
2579 silly audit report     {
2579 silly audit report       id: 1123488,
2579 silly audit report       url: 'https://github.com/advisories/GHSA-wcpc-wj8m-hjx6',
2579 silly audit report       title: 'protobufjs: Denial of service through unbounded Any expansion during JSON conversion',
2579 silly audit report       severity: 'high',
2579 silly audit report       vulnerable_versions: '<=7.6.0',
2579 silly audit report       cwe: [Array],
2579 silly audit report       cvss: [Object]
2579 silly audit report     },
2579 silly audit report     {
2579 silly audit report       id: 1123492,
2579 silly audit report       url: 'https://github.com/advisories/GHSA-f38q-mgvj-vph7',
2579 silly audit report       title: 'protobufjs : Schema-derived names can shadow runtime-significant properties',
2579 silly audit report       severity: 'moderate',
2579 silly audit report       vulnerable_versions: '<=7.6.2',
2579 silly audit report       cwe: [Array],
2579 silly audit report       cvss: [Object]
2579 silly audit report     },
2579 silly audit report     {
2579 silly audit report       id: 1123964,
2579 silly audit report       url: 'https://github.com/advisories/GHSA-j3f2-48v5-ccww',
2579 silly audit report       title: 'protobufjs: Denial of Service via infinite loop in .proto option parsing',
2579 silly audit report       severity: 'moderate',
2579 silly audit report       vulnerable_versions: '>=7.5.0 <=7.6.4',
2579 silly audit report       cwe: [Array],
2579 silly audit report       cvss: [Object]
2579 silly audit report     }
2579 silly audit report   ],
2579 silly audit report   sharp: [
2579 silly audit report     {
2579 silly audit report       id: 1124066,
2579 silly audit report       url: 'https://github.com/advisories/GHSA-f88m-g3jw-g9cj',
2579 silly audit report       title: 'sharp inherited vulnerabilities in libvips: CVE-2026-33327, CVE-2026-33328, CVE-2026-35590, CVE-2026-35591',
2579 silly audit report       severity: 'high',
2579 silly audit report       vulnerable_versions: '<0.35.0',
2579 silly audit report       cwe: [Array],
2579 silly audit report       cvss: [Object]
2579 silly audit report     }
2579 silly audit report   ],
2579 silly audit report   tmp: [
2579 silly audit report     {
2579 silly audit report       id: 1109537,
2579 silly audit report       url: 'https://github.com/advisories/GHSA-52f5-9888-hmc6',
2579 silly audit report       title: 'tmp allows arbitrary temporary file / directory write via symbolic link `dir` parameter',
2579 silly audit report       severity: 'low',
2579 silly audit report       vulnerable_versions: '<=0.2.3',
2579 silly audit report       cwe: [Array],
2579 silly audit report       cvss: [Object]
2579 silly audit report     },
2579 silly audit report     {
2579 silly audit report       id: 1120654,
2579 silly audit report       url: 'https://github.com/advisories/GHSA-ph9p-34f9-6g65',
2579 silly audit report       title: 'tmp has Path Traversal via unsanitized prefix/postfix that enables directory escape',
2579 silly audit report       severity: 'high',
2579 silly audit report       vulnerable_versions: '<0.2.6',
2579 silly audit report       cwe: [Array],
2579 silly audit report       cvss: [Object]
2579 silly audit report     }
2579 silly audit report   ],
2579 silly audit report   'websocket-driver': [
2579 silly audit report     {
2579 silly audit report       id: 1123482,
2579 silly audit report       url: 'https://github.com/advisories/GHSA-mp7j-qc5w-4988',
2579 silly audit report       title: 'websocket-driver: Resource limit bypass via message compression',
2579 silly audit report       severity: 'moderate',
2579 silly audit report       vulnerable_versions: '<0.7.5',
2579 silly audit report       cwe: [Array],
2579 silly audit report       cvss: [Object]
2579 silly audit report     },
2579 silly audit report     {
2579 silly audit report       id: 1123483,
2579 silly audit report       url: 'https://github.com/advisories/GHSA-xv26-6w52-cph6',
2579 silly audit report       title: 'websocket-driver: Message corruption via abuse of protocol length headers',
2579 silly audit report       severity: 'critical',
2579 silly audit report       vulnerable_versions: '<0.7.5',
2579 silly audit report       cwe: [Array],
2579 silly audit report       cvss: [Object]
2579 silly audit report     }
2579 silly audit report   ],
2579 silly audit report   yaml: [
2579 silly audit report     {
2579 silly audit report       id: 1115556,
2579 silly audit report       url: 'https://github.com/advisories/GHSA-48c2-rrv3-qjmp',
2579 silly audit report       title: 'yaml is vulnerable to Stack Overflow via deeply nested YAML collections',
2579 silly audit report       severity: 'moderate',
2579 silly audit report       vulnerable_versions: '>=2.0.0 <2.8.3',
2579 silly audit report       cwe: [Array],
2579 silly audit report       cvss: [Object]
2579 silly audit report     }
2579 silly audit report   ],
2579 silly audit report   'serialize-javascript': [
2579 silly audit report     {
2579 silly audit report       id: 1113686,
2579 silly audit report       url: 'https://github.com/advisories/GHSA-5c6j-r48x-rmvq',
2579 silly audit report       title: 'Serialize JavaScript is Vulnerable to RCE via RegExp.flags and Date.prototype.toISOString()',
2579 silly audit report       severity: 'high',
2579 silly audit report       vulnerable_versions: '<=7.0.2',
2579 silly audit report       cwe: [Array],
2579 silly audit report       cvss: [Object]
2579 silly audit report     }
2579 silly audit report   ]
2579 silly audit report }
2580 silly packumentCache corgi:https://registry.npmjs.org/@grpc%2fgrpc-js cache-miss
2581 silly packumentCache corgi:https://registry.npmjs.org/uuid cache-miss
2582 silly packumentCache corgi:https://registry.npmjs.org/@modelcontextprotocol%2fsdk cache-miss
2583 silly packumentCache corgi:https://registry.npmjs.org/ajv cache-miss
2584 silly packumentCache corgi:https://registry.npmjs.org/body-parser cache-miss
2585 silly packumentCache corgi:https://registry.npmjs.org/qs cache-miss
2586 silly packumentCache corgi:https://registry.npmjs.org/@opentelemetry%2fauto-instrumentations-node cache-miss
2587 silly packumentCache corgi:https://registry.npmjs.org/@opentelemetry%2fcore cache-miss
2588 silly packumentCache corgi:https://registry.npmjs.org/@opentelemetry%2fpropagator-jaeger cache-miss
2589 silly packumentCache corgi:https://registry.npmjs.org/@opentelemetry%2fsdk-node cache-miss
2590 silly packumentCache corgi:https://registry.npmjs.org/@protobufjs%2futf8 cache-miss
2591 silly packumentCache corgi:https://registry.npmjs.org/@tootallnate%2fonce cache-miss
2592 silly packumentCache corgi:https://registry.npmjs.org/form-data cache-miss
2593 silly packumentCache corgi:https://registry.npmjs.org/adm-zip cache-miss
2594 silly packumentCache corgi:https://registry.npmjs.org/axios cache-miss
2595 silly packumentCache corgi:https://registry.npmjs.org/brace-expansion cache-miss
2596 silly packumentCache corgi:https://registry.npmjs.org/dompurify cache-miss
2597 silly packumentCache corgi:https://registry.npmjs.org/extract-zip cache-miss
2598 silly packumentCache corgi:https://registry.npmjs.org/fast-uri cache-miss
2599 silly packumentCache corgi:https://registry.npmjs.org/fast-xml-parser cache-miss
2600 silly packumentCache corgi:https://registry.npmjs.org/follow-redirects cache-miss
2601 silly packumentCache corgi:https://registry.npmjs.org/glob cache-miss
2602 silly packumentCache corgi:https://registry.npmjs.org/handlebars cache-miss
2603 silly packumentCache corgi:https://registry.npmjs.org/js-yaml cache-miss
2604 silly packumentCache corgi:https://registry.npmjs.org/json-2-csv cache-miss
2605 silly packumentCache corgi:https://registry.npmjs.org/jspdf cache-miss
2606 silly packumentCache corgi:https://registry.npmjs.org/lodash cache-miss
2607 silly packumentCache corgi:https://registry.npmjs.org/minimatch cache-miss
2608 silly packumentCache corgi:https://registry.npmjs.org/nanoid cache-miss
2609 silly packumentCache corgi:https://registry.npmjs.org/next cache-miss
2610 silly packumentCache corgi:https://registry.npmjs.org/postcss cache-miss
2611 silly packumentCache corgi:https://registry.npmjs.org/node-forge cache-miss
2612 silly packumentCache corgi:https://registry.npmjs.org/path-to-regexp cache-miss
2613 silly packumentCache corgi:https://registry.npmjs.org/picomatch cache-miss
2614 silly packumentCache corgi:https://registry.npmjs.org/postcss-selector-parser cache-miss
2615 silly packumentCache corgi:https://registry.npmjs.org/protobufjs cache-miss
2616 silly packumentCache corgi:https://registry.npmjs.org/sharp cache-miss
2617 silly packumentCache corgi:https://registry.npmjs.org/tmp cache-miss
2618 silly packumentCache corgi:https://registry.npmjs.org/websocket-driver cache-miss
2619 silly packumentCache corgi:https://registry.npmjs.org/yaml cache-miss
2620 silly packumentCache corgi:https://registry.npmjs.org/serialize-javascript cache-miss
2621 http fetch GET 200 https://registry.npmjs.org/events/-/events-3.3.0.tgz 11737ms (cache miss)
2622 http fetch GET 200 https://registry.npmjs.org/watchpack/-/watchpack-2.5.2.tgz 11741ms (cache miss)
2623 http fetch GET 200 https://registry.npmjs.org/minimizer-webpack-plugin/-/minimizer-webpack-plugin-5.9.0.tgz 12016ms (cache miss)
2624 http fetch GET 200 https://registry.npmjs.org/@webassemblyjs/wasm-edit/-/wasm-edit-1.14.1.tgz 12152ms (cache miss)
2625 http fetch GET 200 https://registry.npmjs.org/es-module-lexer/-/es-module-lexer-2.3.2.tgz 12882ms (cache miss)
2626 http fetch GET 200 https://registry.npmjs.org/@webassemblyjs/wasm-parser/-/wasm-parser-1.14.1.tgz 12962ms (cache miss)
2627 http fetch GET 200 https://registry.npmjs.org/@webassemblyjs/ast/-/ast-1.14.1.tgz 13103ms (cache miss)
2628 http fetch GET 200 https://registry.npmjs.org/@jridgewell/source-map/-/source-map-0.3.11.tgz 13210ms (cache miss)
2629 http fetch GET 200 https://registry.npmjs.org/webpack-sources/-/webpack-sources-3.5.1.tgz 13249ms (cache miss)
2630 http fetch GET 200 https://registry.npmjs.org/buffer-from/-/buffer-from-1.1.2.tgz 13535ms (cache miss)
2631 http fetch GET 200 https://registry.npmjs.org/@react-leaflet/core/-/core-3.0.0.tgz 13904ms (cache miss)
2632 http fetch GET 200 https://registry.npmjs.org/merge-stream/-/merge-stream-2.0.0.tgz 13986ms (cache miss)
2633 http fetch GET 200 https://registry.npmjs.org/chrome-trace-event/-/chrome-trace-event-1.0.4.tgz 14048ms (cache miss)
2634 http fetch GET 200 https://registry.npmjs.org/@xtuc/long/-/long-4.2.2.tgz 14167ms (cache miss)
2635 http fetch GET 200 https://registry.npmjs.org/source-map-support/-/source-map-support-0.5.21.tgz 14182ms (cache miss)
2636 http fetch GET 200 https://registry.npmjs.org/p-locate/-/p-locate-4.1.0.tgz 14863ms (cache miss)
2637 http fetch GET 200 https://registry.npmjs.org/path-exists/-/path-exists-4.0.0.tgz 14925ms (cache miss)
2638 http fetch GET 200 https://registry.npmjs.org/workbox-navigation-preload/-/workbox-navigation-preload-6.6.0.tgz 15113ms (cache miss)
2639 http fetch GET 200 https://registry.npmjs.org/locate-path/-/locate-path-5.0.0.tgz 15057ms (cache miss)
2640 http fetch GET 200 https://registry.npmjs.org/emojis-list/-/emojis-list-3.0.0.tgz 15958ms (cache miss)
2641 http fetch GET 200 https://registry.npmjs.org/big.js/-/big.js-5.2.2.tgz 16683ms (cache miss)
2642 http fetch GET 200 https://registry.npmjs.org/find-up/-/find-up-4.1.0.tgz 16740ms (cache miss)
2643 http fetch GET 200 https://registry.npmjs.org/path-type/-/path-type-4.0.0.tgz 16843ms (cache miss)
2644 http fetch GET 200 https://registry.npmjs.org/enhanced-resolve/-/enhanced-resolve-5.24.5.tgz 17088ms (cache miss)
2645 http fetch GET 200 https://registry.npmjs.org/path-is-inside/-/path-is-inside-1.0.2.tgz 17059ms (cache miss)
2646 http fetch GET 200 https://registry.npmjs.org/dir-glob/-/dir-glob-3.0.1.tgz 17642ms (cache miss)
2647 http fetch GET 200 https://registry.npmjs.org/ignore/-/ignore-5.3.2.tgz 17654ms (cache miss)
2648 http fetch GET 200 https://registry.npmjs.org/jest-worker/-/jest-worker-27.5.1.tgz 17765ms (cache miss)
2649 http fetch GET 200 https://registry.npmjs.org/array-union/-/array-union-2.1.0.tgz 17884ms (cache miss)
2650 http fetch GET 200 https://registry.npmjs.org/pkg-dir/-/pkg-dir-4.2.0.tgz 19067ms (cache miss)
2651 http fetch GET 200 https://registry.npmjs.org/p-map/-/p-map-2.1.0.tgz 19314ms (cache miss)
2652 http fetch GET 200 https://registry.npmjs.org/is-path-cwd/-/is-path-cwd-2.2.0.tgz 19314ms (cache miss)
2653 http fetch GET 200 https://registry.npmjs.org/commondir/-/commondir-1.0.1.tgz 19382ms (cache miss)
2654 http fetch GET 200 https://registry.npmjs.org/@types/glob/-/glob-7.2.0.tgz 19659ms (cache miss)
2655 http fetch GET 200 https://registry.npmjs.org/is-path-in-cwd/-/is-path-in-cwd-2.1.0.tgz 19670ms (cache miss)
2656 http fetch GET 200 https://registry.npmjs.org/find-cache-dir/-/find-cache-dir-3.3.2.tgz 20222ms (cache miss)
2657 http fetch GET 200 https://registry.npmjs.org/loader-utils/-/loader-utils-2.0.4.tgz 20676ms (cache miss)
2658 http fetch GET 200 https://registry.npmjs.org/@types/minimatch/-/minimatch-5.1.2.tgz 20900ms (cache miss)
2659 http fetch GET 200 https://registry.npmjs.org/@babel/helper-compilation-targets/-/helper-compilation-targets-7.29.7.tgz 21142ms (cache miss)
2660 http fetch GET 200 https://registry.npmjs.org/@babel/helper-module-transforms/-/helper-module-transforms-7.29.7.tgz 21357ms (cache miss)
2661 http fetch GET 200 https://registry.npmjs.org/@babel/code-frame/-/code-frame-7.29.7.tgz 21600ms (cache miss)
2662 http fetch GET 200 https://registry.npmjs.org/globby/-/globby-11.1.0.tgz 21826ms (cache miss)
2663 http fetch GET 200 https://registry.npmjs.org/schema-utils/-/schema-utils-2.7.1.tgz 21929ms (cache miss)
2664 http fetch GET 200 https://registry.npmjs.org/clean-webpack-plugin/-/clean-webpack-plugin-4.0.0.tgz 22451ms (cache miss)
2665 warn tar TAR_ENTRY_ERROR EPERM: operation not permitted, unlink 'D:\Job_Portal\node_modules\@babel\helpers\lib\helpers\applyDecs2203.js.map.DELETE.d874aae5aad43cb1709c56eb4c355203'
2666 silly tar TAR_ENTRY_ERROR EPERM: operation not permitted, unlink 'D:\Job_Portal\node_modules\@babel\helpers\lib\helpers\applyDecs2203.js.map.DELETE.d874aae5aad43cb1709c56eb4c355203' [Error: EPERM: operation not permitted, unlink 'D:\Job_Portal\node_modules\@babel\helpers\lib\helpers\applyDecs2203.js.map.DELETE.d874aae5aad43cb1709c56eb4c355203'] {
2666 silly tar   errno: -4048,
2666 silly tar   code: 'EPERM',
2666 silly tar   syscall: 'unlink',
2666 silly tar   path: 'D:\\Job_Portal\\node_modules\\@babel\\helpers\\lib\\helpers\\applyDecs2203.js.map.DELETE.d874aae5aad43cb1709c56eb4c355203',
2666 silly tar   entry: As {
2666 silly tar     _events: [Object: null prototype] { end: [Function (anonymous)] },
2666 silly tar     _eventsCount: 1,
2666 silly tar     _maxListeners: undefined,
2666 silly tar     writable: false,
2666 silly tar     readable: true,
2666 silly tar     extended: undefined,
2666 silly tar     globalExtended: undefined,
2666 silly tar     header: Ms {
2666 silly tar       cksumValid: true,
2666 silly tar       needPax: false,
2666 silly tar       nullBlock: false,
2666 silly tar       block: undefined,
2666 silly tar       path: 'package/lib/helpers/applyDecs2203.js.map',
2666 silly tar       mode: 420,
2666 silly tar       uid: 0,
2666 silly tar       gid: 0,
2666 silly tar       size: 27607,
2666 silly tar       cksum: 7430,
2666 silly tar       linkpath: '',
2666 silly tar       uname: '',
2666 silly tar       gname: '',
2666 silly tar       devmaj: 0,
2666 silly tar       devmin: 0,
2666 silly tar       atime: undefined,
2666 silly tar       ctime: undefined,
2666 silly tar       mtime: 1984-06-22T21:50:00.000Z,
2666 silly tar       charset: undefined,
2666 silly tar       comment: undefined
2666 silly tar     },
2666 silly tar     startBlockSize: 27648,
2666 silly tar     blockRemain: 0,
2666 silly tar     remain: 0,
2666 silly tar     type: 'File',
2666 silly tar     meta: false,
2666 silly tar     ignore: false,
2666 silly tar     path: 'lib/helpers/applyDecs2203.js.map',
2666 silly tar     mode: 438,
2666 silly tar     uid: 0,
2666 silly tar     gid: 0,
2666 silly tar     uname: '',
2666 silly tar     gname: '',
2666 silly tar     size: 27607,
2666 silly tar     mtime: 1984-06-22T21:50:00.000Z,
2666 silly tar     atime: undefined,
2666 silly tar     ctime: undefined,
2666 silly tar     linkpath: undefined,
2666 silly tar     dev: undefined,
2666 silly tar     ino: undefined,
2666 silly tar     nlink: undefined,
2666 silly tar     invalid: false,
2666 silly tar     absolute: 'D:/Job_Portal/node_modules/@babel/helpers/lib/helpers/applyDecs2203.js.map',
2666 silly tar     unsupported: false,
2666 silly tar     [Symbol(shapeMode)]: false,
2666 silly tar     [Symbol(kCapture)]: false,
2666 silly tar     [Symbol(flowing)]: false,
2666 silly tar     [Symbol(paused)]: true,
2666 silly tar     [Symbol(pipes)]: [],
2666 silly tar     [Symbol(buffer)]: [
2666 silly tar       <Buffer 7b 22 76 65 72 73 69 6f 6e 22 3a 33 2c 22 6e 61 6d 65 73 22 3a 5b 22 61 70 70 6c 79 44 65 63 73 32 32 30 33 46 61 63 74 6f 72 79 22 2c 22 63 72 65 61 ... 11919 more bytes>,
2666 silly tar       <Buffer 20 20 20 20 20 69 73 53 74 61 74 69 63 2c 5c 6e 20 20 20 20 20 20 20 20 69 73 50 72 69 76 61 74 65 2c 5c 6e 20 20 20 20 20 20 20 20 69 6e 69 74 69 61 ... 15588 more bytes>
2666 silly tar     ],
2666 silly tar     [Symbol(objectMode)]: false,
2666 silly tar     [Symbol(encoding)]: null,
2666 silly tar     [Symbol(async)]: false,
2666 silly tar     [Symbol(decoder)]: null,
2666 silly tar     [Symbol(EOF)]: true,
2666 silly tar     [Symbol(emittedEnd)]: false,
2666 silly tar     [Symbol(emittingEnd)]: false,
2666 silly tar     [Symbol(closed)]: false,
2666 silly tar     [Symbol(emittedError)]: null,
2666 silly tar     [Symbol(bufferLength)]: 27607,
2666 silly tar     [Symbol(destroyed)]: false,
2666 silly tar     [Symbol(signal)]: undefined,
2666 silly tar     [Symbol(aborted)]: false,
2666 silly tar     [Symbol(dataListeners)]: 0,
2666 silly tar     [Symbol(discarded)]: false
2666 silly tar   },
2666 silly tar   cwd: 'D:/Job_Portal/node_modules/@babel/helpers',
2666 silly tar   tarCode: 'TAR_ENTRY_ERROR'
2666 silly tar }
2667 http fetch GET 200 https://registry.npmjs.org/babel-loader/-/babel-loader-8.4.1.tgz 23354ms (cache miss)
2668 http fetch GET 200 https://registry.npmjs.org/@babel/generator/-/generator-7.29.8.tgz 23479ms (cache miss)
2669 http fetch GET 200 https://registry.npmjs.org/@types/geojson/-/geojson-7946.0.16.tgz 23847ms (cache miss)
2670 http fetch GET 200 https://registry.npmjs.org/workbox-window/-/workbox-window-6.6.0.tgz 24150ms (cache miss)
2671 http fetch GET 200 https://registry.npmjs.org/terser-webpack-plugin/-/terser-webpack-plugin-5.6.1.tgz 24578ms (cache miss)
2672 http fetch GET 200 https://registry.npmjs.org/is-path-inside/-/is-path-inside-2.1.0.tgz 25785ms (cache miss)
2673 warn tar TAR_ENTRY_ERROR EPERM: operation not permitted, unlink 'D:\Job_Portal\node_modules\leaflet\src\geo\crs\CRS.js.DELETE.4d01b6d91b299d8200d03179e9bfa134'
2674 silly tar TAR_ENTRY_ERROR EPERM: operation not permitted, unlink 'D:\Job_Portal\node_modules\leaflet\src\geo\crs\CRS.js.DELETE.4d01b6d91b299d8200d03179e9bfa134' [Error: EPERM: operation not permitted, unlink 'D:\Job_Portal\node_modules\leaflet\src\geo\crs\CRS.js.DELETE.4d01b6d91b299d8200d03179e9bfa134'] {
2674 silly tar   errno: -4048,
2674 silly tar   code: 'EPERM',
2674 silly tar   syscall: 'unlink',
2674 silly tar   path: 'D:\\Job_Portal\\node_modules\\leaflet\\src\\geo\\crs\\CRS.js.DELETE.4d01b6d91b299d8200d03179e9bfa134',
2674 silly tar   entry: As {
2674 silly tar     _events: [Object: null prototype] {
2674 silly tar       end: [Function (anonymous)],
2674 silly tar       drain: [Function]
2674 silly tar     },
2674 silly tar     _eventsCount: 2,
2674 silly tar     _maxListeners: undefined,
2674 silly tar     writable: true,
2674 silly tar     readable: true,
2674 silly tar     extended: undefined,
2674 silly tar     globalExtended: undefined,
2674 silly tar     header: Ms {
2674 silly tar       cksumValid: true,
2674 silly tar       needPax: false,
2674 silly tar       nullBlock: false,
2674 silly tar       block: undefined,
2674 silly tar       path: 'package/src/geo/crs/CRS.js',
2674 silly tar       mode: 420,
2674 silly tar       uid: undefined,
2674 silly tar       gid: undefined,
2674 silly tar       size: 5281,
2674 silly tar       cksum: 5373,
2674 silly tar       linkpath: '',
2674 silly tar       uname: '',
2674 silly tar       gname: '',
2674 silly tar       devmaj: 0,
2674 silly tar       devmin: 0,
2674 silly tar       atime: undefined,
2674 silly tar       ctime: undefined,
2674 silly tar       mtime: 1985-10-26T08:15:00.000Z,
2674 silly tar       charset: undefined,
2674 silly tar       comment: undefined
2674 silly tar     },
2674 silly tar     startBlockSize: 5632,
2674 silly tar     blockRemain: 2788,
2674 silly tar     remain: 2437,
2674 silly tar     type: 'File',
2674 silly tar     meta: false,
2674 silly tar     ignore: false,
2674 silly tar     path: 'src/geo/crs/CRS.js',
2674 silly tar     mode: 438,
2674 silly tar     uid: undefined,
2674 silly tar     gid: undefined,
2674 silly tar     uname: '',
2674 silly tar     gname: '',
2674 silly tar     size: 5281,
2674 silly tar     mtime: 1985-10-26T08:15:00.000Z,
2674 silly tar     atime: undefined,
2674 silly tar     ctime: undefined,
2674 silly tar     linkpath: undefined,
2674 silly tar     dev: undefined,
2674 silly tar     ino: undefined,
2674 silly tar     nlink: undefined,
2674 silly tar     invalid: false,
2674 silly tar     absolute: 'D:/Job_Portal/node_modules/leaflet/src/geo/crs/CRS.js',
2674 silly tar     unsupported: false,
2674 silly tar     [Symbol(shapeMode)]: false,
2674 silly tar     [Symbol(kCapture)]: false,
2674 silly tar     [Symbol(flowing)]: false,
2674 silly tar     [Symbol(paused)]: true,
2674 silly tar     [Symbol(pipes)]: [],
2674 silly tar     [Symbol(buffer)]: [
2674 silly tar       <Buffer 0d 0a 69 6d 70 6f 72 74 20 7b 42 6f 75 6e 64 73 7d 20 66 72 6f 6d 20 27 2e 2e 2f 2e 2e 2f 67 65 6f 6d 65 74 72 79 2f 42 6f 75 6e 64 73 27 3b 0d 0a 69 ... 2794 more bytes>
2674 silly tar     ],
2674 silly tar     [Symbol(objectMode)]: false,
2674 silly tar     [Symbol(encoding)]: null,
2674 silly tar     [Symbol(async)]: false,
2674 silly tar     [Symbol(decoder)]: null,
2674 silly tar     [Symbol(EOF)]: false,
2674 silly tar     [Symbol(emittedEnd)]: false,
2674 silly tar     [Symbol(emittingEnd)]: false,
2674 silly tar     [Symbol(closed)]: false,
2674 silly tar     [Symbol(emittedError)]: null,
2674 silly tar     [Symbol(bufferLength)]: 2844,
2674 silly tar     [Symbol(destroyed)]: false,
2674 silly tar     [Symbol(signal)]: undefined,
2674 silly tar     [Symbol(aborted)]: false,
2674 silly tar     [Symbol(dataListeners)]: 0,
2674 silly tar     [Symbol(discarded)]: false
2674 silly tar   },
2674 silly tar   cwd: 'D:/Job_Portal/node_modules/leaflet',
2674 silly tar   tarCode: 'TAR_ENTRY_ERROR'
2674 silly tar }
2675 http fetch GET 200 https://registry.npmjs.org/workbox-precaching/-/workbox-precaching-6.6.0.tgz 26595ms (cache miss)
2676 http fetch GET 200 https://registry.npmjs.org/@jridgewell/trace-mapping/-/trace-mapping-0.3.31.tgz 26435ms (cache miss)
2677 http fetch GET 200 https://registry.npmjs.org/@jridgewell/gen-mapping/-/gen-mapping-0.3.13.tgz 26478ms (cache miss)
2678 http fetch GET 200 https://registry.npmjs.org/workbox-webpack-plugin/-/workbox-webpack-plugin-6.6.0.tgz 26636ms (cache miss)
2679 http fetch GET 200 https://registry.npmjs.org/react-leaflet/-/react-leaflet-5.0.0.tgz 26620ms (cache miss)
2680 http fetch GET 200 https://registry.npmjs.org/@babel/helpers/-/helpers-7.29.7.tgz 26771ms (cache miss)
2681 http fetch GET 200 https://registry.npmjs.org/@types/leaflet/-/leaflet-1.9.22.tgz 26704ms (cache miss)
2682 warn tar TAR_ENTRY_ERROR EPERM: operation not permitted, unlink 'D:\Job_Portal\node_modules\leaflet\dist\leaflet-src.esm.js.DELETE.7438c6505645bcb7b29dd858c75521af'
2683 silly tar TAR_ENTRY_ERROR EPERM: operation not permitted, unlink 'D:\Job_Portal\node_modules\leaflet\dist\leaflet-src.esm.js.DELETE.7438c6505645bcb7b29dd858c75521af' [Error: EPERM: operation not permitted, unlink 'D:\Job_Portal\node_modules\leaflet\dist\leaflet-src.esm.js.DELETE.7438c6505645bcb7b29dd858c75521af'] {
2683 silly tar   errno: -4048,
2683 silly tar   code: 'EPERM',
2683 silly tar   syscall: 'unlink',
2683 silly tar   path: 'D:\\Job_Portal\\node_modules\\leaflet\\dist\\leaflet-src.esm.js.DELETE.7438c6505645bcb7b29dd858c75521af',
2683 silly tar   entry: As {
2683 silly tar     _events: [Object: null prototype] {
2683 silly tar       end: [Function (anonymous)],
2683 silly tar       drain: [Function]
2683 silly tar     },
2683 silly tar     _eventsCount: 2,
2683 silly tar     _maxListeners: undefined,
2683 silly tar     writable: true,
2683 silly tar     readable: true,
2683 silly tar     extended: undefined,
2683 silly tar     globalExtended: undefined,
2683 silly tar     header: Ms {
2683 silly tar       cksumValid: true,
2683 silly tar       needPax: false,
2683 silly tar       nullBlock: false,
2683 silly tar       block: undefined,
2683 silly tar       path: 'package/dist/leaflet-src.esm.js',
2683 silly tar       mode: 420,
2683 silly tar       uid: undefined,
2683 silly tar       gid: undefined,
2683 silly tar       size: 424589,
2683 silly tar       cksum: 6004,
2683 silly tar       linkpath: '',
2683 silly tar       uname: '',
2683 silly tar       gname: '',
2683 silly tar       devmaj: 0,
2683 silly tar       devmin: 0,
2683 silly tar       atime: undefined,
2683 silly tar       ctime: undefined,
2683 silly tar       mtime: 1985-10-26T08:15:00.000Z,
2683 silly tar       charset: undefined,
2683 silly tar       comment: undefined
2683 silly tar     },
2683 silly tar     startBlockSize: 424960,
2683 silly tar     blockRemain: 391219,
2683 silly tar     remain: 390848,
2683 silly tar     type: 'File',
2683 silly tar     meta: false,
2683 silly tar     ignore: false,
2683 silly tar     path: 'dist/leaflet-src.esm.js',
2683 silly tar     mode: 438,
2683 silly tar     uid: undefined,
2683 silly tar     gid: undefined,
2683 silly tar     uname: '',
2683 silly tar     gname: '',
2683 silly tar     size: 424589,
2683 silly tar     mtime: 1985-10-26T08:15:00.000Z,
2683 silly tar     atime: undefined,
2683 silly tar     ctime: undefined,
2683 silly tar     linkpath: undefined,
2683 silly tar     dev: undefined,
2683 silly tar     ino: undefined,
2683 silly tar     nlink: undefined,
2683 silly tar     invalid: false,
2683 silly tar     absolute: 'D:/Job_Portal/node_modules/leaflet/dist/leaflet-src.esm.js',
2683 silly tar     unsupported: false,
2683 silly tar     [Symbol(shapeMode)]: false,
2683 silly tar     [Symbol(kCapture)]: false,
2683 silly tar     [Symbol(flowing)]: false,
2683 silly tar     [Symbol(paused)]: true,
2683 silly tar     [Symbol(pipes)]: [],
2683 silly tar     [Symbol(buffer)]: [
2683 silly tar       <Buffer 2f 2a 20 40 70 72 65 73 65 72 76 65 0a 20 2a 20 4c 65 61 66 6c 65 74 20 31 2e 39 2e 34 2c 20 61 20 4a 53 20 6c 69 62 72 61 72 79 20 66 6f 72 20 69 6e ... 12334 more bytes>,
2683 silly tar       <Buffer 61 72 20 69 6e 69 74 20 3d 20 74 79 70 65 6f 66 20 66 6e 20 3d 3d 3d 20 27 66 75 6e 63 74 69 6f 6e 27 20 3f 20 66 6e 20 3a 20 66 75 6e 63 74 69 6f 6e ... 16334 more bytes>,
2683 silly tar       <Buffer 7d 0d 0a 09 69 66 20 28 74 79 70 65 6f 66 20 78 20 3d 3d 3d 20 27 6f 62 6a 65 63 74 27 20 26 26 20 27 78 27 20 69 6e 20 78 20 26 26 20 27 79 27 20 69 ... 4923 more bytes>
2683 silly tar     ],
2683 silly tar     [Symbol(objectMode)]: false,
2683 silly tar     [Symbol(encoding)]: null,
2683 silly tar     [Symbol(async)]: false,
2683 silly tar     [Symbol(decoder)]: null,
2683 silly tar     [Symbol(EOF)]: false,
2683 silly tar     [Symbol(emittedEnd)]: false,
2683 silly tar     [Symbol(emittingEnd)]: false,
2683 silly tar     [Symbol(closed)]: false,
2683 silly tar     [Symbol(emittedError)]: null,
2683 silly tar     [Symbol(bufferLength)]: 33741,
2683 silly tar     [Symbol(destroyed)]: false,
2683 silly tar     [Symbol(signal)]: undefined,
2683 silly tar     [Symbol(aborted)]: false,
2683 silly tar     [Symbol(dataListeners)]: 0,
2683 silly tar     [Symbol(discarded)]: false
2683 silly tar   },
2683 silly tar   cwd: 'D:/Job_Portal/node_modules/leaflet',
2683 silly tar   tarCode: 'TAR_ENTRY_ERROR'
2683 silly tar }
2684 http fetch GET 200 https://registry.npmjs.org/next-pwa/-/next-pwa-5.6.0.tgz 28832ms (cache miss)
2685 http fetch GET 200 https://registry.npmjs.org/side-channel-list/-/side-channel-list-1.0.1.tgz 28844ms (cache miss)
2686 http fetch GET 200 https://registry.npmjs.org/es-object-atoms/-/es-object-atoms-1.1.2.tgz 28992ms (cache miss)
2687 http fetch GET 200 https://registry.npmjs.org/hasown/-/hasown-2.0.4.tgz 29402ms (cache miss)
2688 warn tar TAR_ENTRY_ERROR EPERM: operation not permitted, unlink 'D:\Job_Portal\node_modules\resolve\test\home_paths_sync.js.DELETE.172471c76f8b268e5345b64672b2bf56'
2689 silly tar TAR_ENTRY_ERROR EPERM: operation not permitted, unlink 'D:\Job_Portal\node_modules\resolve\test\home_paths_sync.js.DELETE.172471c76f8b268e5345b64672b2bf56' [Error: EPERM: operation not permitted, unlink 'D:\Job_Portal\node_modules\resolve\test\home_paths_sync.js.DELETE.172471c76f8b268e5345b64672b2bf56'] {
2689 silly tar   errno: -4048,
2689 silly tar   code: 'EPERM',
2689 silly tar   syscall: 'unlink',
2689 silly tar   path: 'D:\\Job_Portal\\node_modules\\resolve\\test\\home_paths_sync.js.DELETE.172471c76f8b268e5345b64672b2bf56',
2689 silly tar   entry: As {
2689 silly tar     _events: [Object: null prototype] { end: [Function (anonymous)] },
2689 silly tar     _eventsCount: 1,
2689 silly tar     _maxListeners: undefined,
2689 silly tar     writable: false,
2689 silly tar     readable: true,
2689 silly tar     extended: undefined,
2689 silly tar     globalExtended: undefined,
2689 silly tar     header: Ms {
2689 silly tar       cksumValid: true,
2689 silly tar       needPax: false,
2689 silly tar       nullBlock: false,
2689 silly tar       block: undefined,
2689 silly tar       path: 'package/test/home_paths_sync.js',
2689 silly tar       mode: 420,
2689 silly tar       uid: undefined,
2689 silly tar       gid: undefined,
2689 silly tar       size: 3797,
2689 silly tar       cksum: 6135,
2689 silly tar       linkpath: '',
2689 silly tar       uname: '',
2689 silly tar       gname: '',
2689 silly tar       devmaj: 0,
2689 silly tar       devmin: 0,
2689 silly tar       atime: undefined,
2689 silly tar       ctime: undefined,
2689 silly tar       mtime: 1985-10-26T08:15:00.000Z,
2689 silly tar       charset: undefined,
2689 silly tar       comment: undefined
2689 silly tar     },
2689 silly tar     startBlockSize: 4096,
2689 silly tar     blockRemain: 0,
2689 silly tar     remain: 0,
2689 silly tar     type: 'File',
2689 silly tar     meta: false,
2689 silly tar     ignore: false,
2689 silly tar     path: 'test/home_paths_sync.js',
2689 silly tar     mode: 438,
2689 silly tar     uid: undefined,
2689 silly tar     gid: undefined,
2689 silly tar     uname: '',
2689 silly tar     gname: '',
2689 silly tar     size: 3797,
2689 silly tar     mtime: 1985-10-26T08:15:00.000Z,
2689 silly tar     atime: undefined,
2689 silly tar     ctime: undefined,
2689 silly tar     linkpath: undefined,
2689 silly tar     dev: undefined,
2689 silly tar     ino: undefined,
2689 silly tar     nlink: undefined,
2689 silly tar     invalid: false,
2689 silly tar     absolute: 'D:/Job_Portal/node_modules/resolve/test/home_paths_sync.js',
2689 silly tar     unsupported: false,
2689 silly tar     [Symbol(shapeMode)]: false,
2689 silly tar     [Symbol(kCapture)]: false,
2689 silly tar     [Symbol(flowing)]: false,
2689 silly tar     [Symbol(paused)]: true,
2689 silly tar     [Symbol(pipes)]: [],
2689 silly tar     [Symbol(buffer)]: [
2689 silly tar       <Buffer 27 75 73 65 20 73 74 72 69 63 74 27 3b 0a 0a 76 61 72 20 66 73 20 3d 20 72 65 71 75 69 72 65 28 27 66 73 27 29 3b 0a 76 61 72 20 68 6f 6d 65 64 69 72 ... 3747 more bytes>
2689 silly tar     ],
2689 silly tar     [Symbol(objectMode)]: false,
2689 silly tar     [Symbol(encoding)]: null,
2689 silly tar     [Symbol(async)]: false,
2689 silly tar     [Symbol(decoder)]: null,
2689 silly tar     [Symbol(EOF)]: true,
2689 silly tar     [Symbol(emittedEnd)]: false,
2689 silly tar     [Symbol(emittingEnd)]: false,
2689 silly tar     [Symbol(closed)]: false,
2689 silly tar     [Symbol(emittedError)]: null,
2689 silly tar     [Symbol(bufferLength)]: 3797,
2689 silly tar     [Symbol(destroyed)]: false,
2689 silly tar     [Symbol(signal)]: undefined,
2689 silly tar     [Symbol(aborted)]: false,
2689 silly tar     [Symbol(dataListeners)]: 0,
2689 silly tar     [Symbol(discarded)]: false
2689 silly tar   },
2689 silly tar   cwd: 'D:/Job_Portal/node_modules/resolve',
2689 silly tar   tarCode: 'TAR_ENTRY_ERROR'
2689 silly tar }
2690 http fetch GET 200 https://registry.npmjs.org/resolve/-/resolve-1.22.12.tgz 31535ms (cache miss)
2691 http fetch GET 200 https://registry.npmjs.org/call-bind-apply-helpers/-/call-bind-apply-helpers-1.0.2.tgz 33539ms (cache miss)
2692 http fetch GET 200 https://registry.npmjs.org/del/-/del-4.1.1.tgz 35275ms (cache miss)
2693 http fetch GET 200 https://registry.npmjs.org/minimatch/-/minimatch-5.1.9.tgz 39079ms (cache miss)
2694 http fetch GET 200 https://registry.npmjs.org/get-intrinsic/-/get-intrinsic-1.3.0.tgz 39293ms (cache miss)
2695 http fetch GET 200 https://registry.npmjs.org/semver/-/semver-6.3.1.tgz 41651ms (cache miss)
2696 http fetch GET 200 https://registry.npmjs.org/side-channel/-/side-channel-1.1.1.tgz 42778ms (cache miss)
2697 http fetch GET 200 https://registry.npmjs.org/ms/-/ms-2.1.3.tgz 42822ms (cache miss)
2698 warn tar TAR_ENTRY_ERROR EPERM: operation not permitted, unlink 'D:\Job_Portal\node_modules\leaflet\dist\leaflet-src.js.DELETE.631c99c1152e764d79a8e29b507604aa'
2699 silly tar TAR_ENTRY_ERROR EPERM: operation not permitted, unlink 'D:\Job_Portal\node_modules\leaflet\dist\leaflet-src.js.DELETE.631c99c1152e764d79a8e29b507604aa' [Error: EPERM: operation not permitted, unlink 'D:\Job_Portal\node_modules\leaflet\dist\leaflet-src.js.DELETE.631c99c1152e764d79a8e29b507604aa'] {
2699 silly tar   errno: -4048,
2699 silly tar   code: 'EPERM',
2699 silly tar   syscall: 'unlink',
2699 silly tar   path: 'D:\\Job_Portal\\node_modules\\leaflet\\dist\\leaflet-src.js.DELETE.631c99c1152e764d79a8e29b507604aa',
2699 silly tar   entry: As {
2699 silly tar     _events: [Object: null prototype] {
2699 silly tar       end: [Function (anonymous)],
2699 silly tar       drain: [Function]
2699 silly tar     },
2699 silly tar     _eventsCount: 2,
2699 silly tar     _maxListeners: undefined,
2699 silly tar     writable: true,
2699 silly tar     readable: true,
2699 silly tar     extended: undefined,
2699 silly tar     globalExtended: undefined,
2699 silly tar     header: Ms {
2699 silly tar       cksumValid: true,
2699 silly tar       needPax: false,
2699 silly tar       nullBlock: false,
2699 silly tar       block: undefined,
2699 silly tar       path: 'package/dist/leaflet-src.js',
2699 silly tar       mode: 420,
2699 silly tar       uid: undefined,
2699 silly tar       gid: undefined,
2699 silly tar       size: 450229,
2699 silly tar       cksum: 5639,
2699 silly tar       linkpath: '',
2699 silly tar       uname: '',
2699 silly tar       gname: '',
2699 silly tar       devmaj: 0,
2699 silly tar       devmin: 0,
2699 silly tar       atime: undefined,
2699 silly tar       ctime: undefined,
2699 silly tar       mtime: 1985-10-26T08:15:00.000Z,
2699 silly tar       charset: undefined,
2699 silly tar       comment: undefined
2699 silly tar     },
2699 silly tar     startBlockSize: 450560,
2699 silly tar     blockRemain: 390316,
2699 silly tar     remain: 389985,
2699 silly tar     type: 'File',
2699 silly tar     meta: false,
2699 silly tar     ignore: false,
2699 silly tar     path: 'dist/leaflet-src.js',
2699 silly tar     mode: 438,
2699 silly tar     uid: undefined,
2699 silly tar     gid: undefined,
2699 silly tar     uname: '',
2699 silly tar     gname: '',
2699 silly tar     size: 450229,
2699 silly tar     mtime: 1985-10-26T08:15:00.000Z,
2699 silly tar     atime: undefined,
2699 silly tar     ctime: undefined,
2699 silly tar     linkpath: undefined,
2699 silly tar     dev: undefined,
2699 silly tar     ino: undefined,
2699 silly tar     nlink: undefined,
2699 silly tar     invalid: false,
2699 silly tar     absolute: 'D:/Job_Portal/node_modules/leaflet/dist/leaflet-src.js',
2699 silly tar     unsupported: false,
2699 silly tar     [Symbol(shapeMode)]: false,
2699 silly tar     [Symbol(kCapture)]: false,
2699 silly tar     [Symbol(flowing)]: false,
2699 silly tar     [Symbol(paused)]: true,
2699 silly tar     [Symbol(pipes)]: [],
2699 silly tar     [Symbol(buffer)]: [
2699 silly tar       <Buffer 2f 2a 20 40 70 72 65 73 65 72 76 65 0a 20 2a 20 4c 65 61 66 6c 65 74 20 31 2e 39 2e 34 2c 20 61 20 4a 53 20 6c 69 62 72 61 72 79 20 66 6f 72 20 69 6e ... 9123 more bytes>,
2699 silly tar       <Buffer 64 6f 77 2f 72 65 71 75 65 73 74 41 6e 69 6d 61 74 69 6f 6e 46 72 61 6d 65 29 2c 0d 0a 20 20 2f 2f 20 6f 74 68 65 72 77 69 73 65 20 69 74 27 73 20 64 ... 16334 more bytes>,
2699 silly tar       <Buffer 20 6e 65 77 20 50 6f 69 6e 74 28 74 68 69 73 2e 78 2c 20 74 68 69 73 2e 79 29 3b 0d 0a 20 20 09 7d 2c 0d 0a 0d 0a 20 20 09 2f 2f 20 40 6d 65 74 68 6f ... 16334 more bytes>,
2699 silly tar       <Buffer 0a 20 20 09 2f 2f 20 40 6d 65 74 68 6f 64 20 63 6f 6e 74 61 69 6e 73 28 6f 74 68 65 72 42 6f 75 6e 64 73 3a 20 4c 61 74 4c 6e 67 42 6f 75 6e 64 73 29 ... 16334 more bytes>,
2699 silly tar       <Buffer 20 20 09 09 74 68 69 73 2e 5f 63 20 3d 20 61 5b 32 5d 3b 0d 0a 20 20 09 09 74 68 69 73 2e 5f 64 20 3d 20 61 5b 33 5d 3b 0d 0a 20 20 09 09 72 65 74 75 ... 1869 more bytes>
2699 silly tar     ],
2699 silly tar     [Symbol(objectMode)]: false,
2699 silly tar     [Symbol(encoding)]: null,
2699 silly tar     [Symbol(async)]: false,
2699 silly tar     [Symbol(decoder)]: null,
2699 silly tar     [Symbol(EOF)]: false,
2699 silly tar     [Symbol(emittedEnd)]: false,
2699 silly tar     [Symbol(emittingEnd)]: false,
2699 silly tar     [Symbol(closed)]: false,
2699 silly tar     [Symbol(emittedError)]: null,
2699 silly tar     [Symbol(bufferLength)]: 60244,
2699 silly tar     [Symbol(destroyed)]: false,
2699 silly tar     [Symbol(signal)]: undefined,
2699 silly tar     [Symbol(aborted)]: false,
2699 silly tar     [Symbol(dataListeners)]: 0,
2699 silly tar     [Symbol(discarded)]: false
2699 silly tar   },
2699 silly tar   cwd: 'D:/Job_Portal/node_modules/leaflet',
2699 silly tar   tarCode: 'TAR_ENTRY_ERROR'
2699 silly tar }
2700 http fetch GET 200 https://registry.npmjs.org/call-bind/-/call-bind-1.0.9.tgz 43343ms (cache miss)
2701 http fetch GET 200 https://registry.npmjs.org/call-bound/-/call-bound-1.0.4.tgz 44056ms (cache miss)
2702 http fetch GET 200 https://registry.npmjs.org/debug/-/debug-4.4.3.tgz 44200ms (cache miss)
2703 http fetch GET 200 https://registry.npmjs.org/is-obj/-/is-obj-1.0.1.tgz 46342ms (cache miss)
2704 http fetch GET 200 https://registry.npmjs.org/jest-worker/-/jest-worker-26.6.2.tgz 46352ms (cache miss)
2705 http fetch GET 200 https://registry.npmjs.org/brace-expansion/-/brace-expansion-1.1.18.tgz 48221ms (cache miss)
2706 http fetch GET 200 https://registry.npmjs.org/semver/-/semver-6.3.1.tgz 48363ms (cache miss)
2707 http fetch GET 200 https://registry.npmjs.org/semver/-/semver-6.3.1.tgz 49023ms (cache miss)
2708 http fetch GET 200 https://registry.npmjs.org/ajv-formats/-/ajv-formats-2.1.1.tgz 49350ms (cache miss)
2709 http fetch GET 200 https://registry.npmjs.org/commander/-/commander-2.20.3.tgz 49450ms (cache miss)
2710 http fetch GET 200 https://registry.npmjs.org/schema-utils/-/schema-utils-4.3.3.tgz 50459ms (cache miss)
2711 http fetch GET 200 https://registry.npmjs.org/source-map/-/source-map-0.8.0.tgz 50492ms (cache miss)
2712 http fetch GET 200 https://registry.npmjs.org/supports-color/-/supports-color-8.1.1.tgz 50529ms (cache miss)
2713 http fetch GET 200 https://registry.npmjs.org/minimatch/-/minimatch-3.1.5.tgz 50549ms (cache miss)
2714 http fetch GET 200 https://registry.npmjs.org/p-limit/-/p-limit-2.3.0.tgz 51282ms (cache miss)
2715 http fetch GET 200 https://registry.npmjs.org/glob/-/glob-7.2.3.tgz 51631ms (cache miss)
2716 warn deprecated glob@7.2.3: Old versions of glob are not supported, and contain widely publicized security vulnerabilities, which have been fixed in the current version. Please update. Support for old versions may be purchased (at exorbitant rates) by contacting i@izs.me
2717 http fetch GET 200 https://registry.npmjs.org/glob/-/glob-7.2.3.tgz 51718ms (cache miss)
2718 warn deprecated glob@7.2.3: Old versions of glob are not supported, and contain widely publicized security vulnerabilities, which have been fixed in the current version. Please update. Support for old versions may be purchased (at exorbitant rates) by contacting i@izs.me
2719 http fetch GET 200 https://registry.npmjs.org/minimatch/-/minimatch-3.1.5.tgz 55410ms (cache miss)
2720 http fetch GET 200 https://registry.npmjs.org/pify/-/pify-4.0.1.tgz 57789ms (cache miss)
2721 http fetch GET 200 https://registry.npmjs.org/globby/-/globby-6.1.0.tgz 57904ms (cache miss)
2722 http fetch GET 200 https://registry.npmjs.org/debug/-/debug-4.4.3.tgz 59651ms (cache miss)
2723 http fetch GET 200 https://registry.npmjs.org/json-schema-traverse/-/json-schema-traverse-0.4.1.tgz 59729ms (cache miss)
2724 http fetch GET 200 https://registry.npmjs.org/array-union/-/array-union-1.0.2.tgz 59739ms (cache miss)
2725 http fetch GET 200 https://registry.npmjs.org/brace-expansion/-/brace-expansion-1.1.18.tgz 59748ms (cache miss)
2726 http fetch GET 200 https://registry.npmjs.org/semver/-/semver-6.3.1.tgz 59790ms (cache miss)
2727 http fetch GET 200 https://registry.npmjs.org/acorn/-/acorn-8.18.0.tgz 59835ms (cache miss)
2728 http fetch GET 200 https://registry.npmjs.org/ajv-keywords/-/ajv-keywords-3.5.2.tgz 60325ms (cache miss)
2729 http fetch GET 200 https://registry.npmjs.org/pify/-/pify-2.3.0.tgz 60472ms (cache miss)
2730 http fetch GET 200 https://registry.npmjs.org/ms/-/ms-2.1.3.tgz 60543ms (cache miss)
2731 http fetch GET 200 https://registry.npmjs.org/terser/-/terser-5.51.2.tgz 61366ms (cache miss)
2732 http fetch GET 200 https://registry.npmjs.org/@babel/core/-/core-7.29.7.tgz 61476ms (cache miss)
2733 http fetch GET 200 https://registry.npmjs.org/semver/-/semver-6.3.1.tgz 62933ms (cache miss)
2734 http fetch GET 200 https://registry.npmjs.org/lru-cache/-/lru-cache-5.1.1.tgz 63372ms (cache miss)
2735 http fetch GET 200 https://registry.npmjs.org/ajv-formats/-/ajv-formats-2.1.1.tgz 64779ms (cache miss)
2736 http fetch GET 200 https://registry.npmjs.org/ms/-/ms-2.1.3.tgz 65322ms (cache miss)
2737 http fetch GET 200 https://registry.npmjs.org/slash/-/slash-3.0.0.tgz 65386ms (cache miss)
2738 http fetch GET 200 https://registry.npmjs.org/webpack-sources/-/webpack-sources-1.4.3.tgz 65571ms (cache miss)
2739 http fetch GET 200 https://registry.npmjs.org/ajv-formats/-/ajv-formats-2.1.1.tgz 65877ms (cache miss)
2740 http fetch GET 200 https://registry.npmjs.org/yallist/-/yallist-3.1.1.tgz 65957ms (cache miss)
2741 http fetch GET 200 https://registry.npmjs.org/debug/-/debug-4.4.3.tgz 65956ms (cache miss)
2742 http fetch GET 200 https://registry.npmjs.org/schema-utils/-/schema-utils-4.3.3.tgz 66008ms (cache miss)
2743 http fetch GET 200 https://registry.npmjs.org/uuid 56498ms (cache miss)
2744 silly packumentCache corgi:https://registry.npmjs.org/uuid set size:undefined disposed:false
2745 http fetch GET 200 https://registry.npmjs.org/ajv/-/ajv-6.15.0.tgz 66668ms (cache miss)
2746 http fetch GET 200 https://registry.npmjs.org/semver/-/semver-6.3.1.tgz 66713ms (cache miss)
2747 http fetch GET 200 https://registry.npmjs.org/@opentelemetry%2fauto-instrumentations-node 57016ms (cache miss)
2748 silly packumentCache corgi:https://registry.npmjs.org/@opentelemetry%2fauto-instrumentations-node set size:undefined disposed:false
2749 http fetch GET 200 https://registry.npmjs.org/mime-db/-/mime-db-1.54.0.tgz 67205ms (cache miss)
2750 http fetch GET 200 https://registry.npmjs.org/schema-utils/-/schema-utils-4.3.3.tgz 67268ms (cache miss)
2751 http fetch GET 200 https://registry.npmjs.org/@modelcontextprotocol%2fsdk 57311ms (cache miss)
2752 silly packumentCache corgi:https://registry.npmjs.org/@modelcontextprotocol%2fsdk set size:undefined disposed:false
2753 http fetch GET 200 https://registry.npmjs.org/@types/estree/-/estree-1.0.9.tgz 68672ms (cache miss)
2754 http fetch GET 200 https://registry.npmjs.org/caniuse-lite/-/caniuse-lite-1.0.30001810.tgz 69818ms (cache miss)
2755 http fetch GET 200 https://registry.npmjs.org/@protobufjs%2futf8 60034ms (cache miss)
2756 silly packumentCache corgi:https://registry.npmjs.org/@protobufjs%2futf8 set size:undefined disposed:false
2757 http fetch GET 200 https://registry.npmjs.org/adm-zip 60871ms (cache miss)
2758 silly packumentCache corgi:https://registry.npmjs.org/adm-zip set size:undefined disposed:false
2759 http fetch GET 200 https://registry.npmjs.org/@tootallnate%2fonce 61797ms (cache miss)
2760 silly packumentCache corgi:https://registry.npmjs.org/@tootallnate%2fonce set size:undefined disposed:false
2761 http fetch GET 200 https://registry.npmjs.org/qs 62457ms (cache miss)
2762 silly packumentCache corgi:https://registry.npmjs.org/qs set size:undefined disposed:false
2763 http fetch GET 200 https://registry.npmjs.org/@opentelemetry%2fcore 62926ms (cache miss)
2764 silly packumentCache corgi:https://registry.npmjs.org/@opentelemetry%2fcore set size:undefined disposed:false
2765 http fetch GET 200 https://registry.npmjs.org/@opentelemetry%2fpropagator-jaeger 63410ms (cache miss)
2766 silly packumentCache corgi:https://registry.npmjs.org/@opentelemetry%2fpropagator-jaeger set size:undefined disposed:false
2767 http fetch GET 200 https://registry.npmjs.org/extract-zip 64422ms (cache miss)
2768 silly packumentCache corgi:https://registry.npmjs.org/extract-zip set size:undefined disposed:false
2769 http fetch GET 200 https://registry.npmjs.org/js-yaml 75036ms (cache miss)
2770 silly packumentCache corgi:https://registry.npmjs.org/js-yaml set size:undefined disposed:false
2771 http fetch GET 200 https://registry.npmjs.org/form-data 76324ms (cache miss)
2772 silly packumentCache corgi:https://registry.npmjs.org/form-data set size:undefined disposed:false
2773 http fetch GET 200 https://registry.npmjs.org/axios 76436ms (cache miss)
2774 silly packumentCache corgi:https://registry.npmjs.org/axios set size:undefined disposed:false
2775 http fetch GET 200 https://registry.npmjs.org/fast-uri 77155ms (cache miss)
2776 silly packumentCache corgi:https://registry.npmjs.org/fast-uri set size:undefined disposed:false
2777 http fetch GET 200 https://registry.npmjs.org/leaflet/-/leaflet-1.9.4.tgz 87628ms (cache miss)
2778 http fetch GET 200 https://registry.npmjs.org/follow-redirects 78385ms (cache miss)
2779 silly packumentCache corgi:https://registry.npmjs.org/follow-redirects set size:undefined disposed:false
2780 http fetch GET 200 https://registry.npmjs.org/jspdf 78381ms (cache miss)
2781 silly packumentCache corgi:https://registry.npmjs.org/jspdf set size:undefined disposed:false
2782 http fetch GET 200 https://registry.npmjs.org/json-2-csv 78529ms (cache miss)
2783 silly packumentCache corgi:https://registry.npmjs.org/json-2-csv set size:undefined disposed:false
2784 http fetch GET 200 https://registry.npmjs.org/@opentelemetry%2fsdk-node 80648ms (cache miss)
2785 silly packumentCache corgi:https://registry.npmjs.org/@opentelemetry%2fsdk-node set size:undefined disposed:false
2786 http fetch GET 200 https://registry.npmjs.org/handlebars 80867ms (cache miss)
2787 silly packumentCache corgi:https://registry.npmjs.org/handlebars set size:undefined disposed:false
2788 http fetch GET 200 https://registry.npmjs.org/lodash 81917ms (cache miss)
2789 silly packumentCache corgi:https://registry.npmjs.org/lodash set size:undefined disposed:false
2790 http fetch GET 200 https://registry.npmjs.org/picomatch 81968ms (cache miss)
2791 silly packumentCache corgi:https://registry.npmjs.org/picomatch set size:undefined disposed:false
2792 http fetch GET 200 https://registry.npmjs.org/dompurify 82499ms (cache miss)
2793 silly packumentCache corgi:https://registry.npmjs.org/dompurify set size:undefined disposed:false
2794 http fetch GET 200 https://registry.npmjs.org/node-forge 83699ms (cache miss)
2795 silly packumentCache corgi:https://registry.npmjs.org/node-forge set size:undefined disposed:false
2796 http fetch GET 200 https://registry.npmjs.org/tmp 84044ms (cache miss)
2797 silly packumentCache corgi:https://registry.npmjs.org/tmp set size:undefined disposed:false
2798 http fetch GET 200 https://registry.npmjs.org/postcss-selector-parser 84070ms (cache miss)
2799 silly packumentCache corgi:https://registry.npmjs.org/postcss-selector-parser set size:undefined disposed:false
2800 http fetch GET 200 https://registry.npmjs.org/@grpc%2fgrpc-js 85114ms (cache miss)
2801 silly packumentCache corgi:https://registry.npmjs.org/@grpc%2fgrpc-js set size:undefined disposed:false
2802 http fetch GET 200 https://registry.npmjs.org/websocket-driver 85296ms (cache miss)
2803 silly packumentCache corgi:https://registry.npmjs.org/websocket-driver set size:undefined disposed:false
2804 http fetch GET 200 https://registry.npmjs.org/nanoid 85912ms (cache miss)
2805 silly packumentCache corgi:https://registry.npmjs.org/nanoid set size:undefined disposed:false
2806 http fetch GET 200 https://registry.npmjs.org/sharp 87341ms (cache miss)
2807 silly packumentCache corgi:https://registry.npmjs.org/sharp set size:undefined disposed:false
2808 http fetch GET 200 https://registry.npmjs.org/protobufjs 87638ms (cache miss)
2809 silly packumentCache corgi:https://registry.npmjs.org/protobufjs set size:undefined disposed:false
2810 http fetch GET 200 https://registry.npmjs.org/glob 89645ms (cache miss)
2811 silly packumentCache corgi:https://registry.npmjs.org/glob set size:undefined disposed:false
2812 http fetch GET 200 https://registry.npmjs.org/postcss 89765ms (cache miss)
2813 silly packumentCache corgi:https://registry.npmjs.org/postcss set size:undefined disposed:false
2814 http fetch GET 200 https://registry.npmjs.org/minimatch 89888ms (cache miss)
2815 silly packumentCache corgi:https://registry.npmjs.org/minimatch set size:undefined disposed:false
2816 http fetch GET 200 https://registry.npmjs.org/yaml 91770ms (cache miss)
2817 silly packumentCache corgi:https://registry.npmjs.org/yaml set size:undefined disposed:false
2818 http fetch GET 200 https://registry.npmjs.org/body-parser 92044ms (cache miss)
2819 silly packumentCache corgi:https://registry.npmjs.org/body-parser set size:undefined disposed:false
2820 http fetch GET 200 https://registry.npmjs.org/brace-expansion 93073ms (cache miss)
2821 silly packumentCache corgi:https://registry.npmjs.org/brace-expansion set size:undefined disposed:false
2822 http fetch GET 200 https://registry.npmjs.org/path-to-regexp 93924ms (cache miss)
2823 silly packumentCache corgi:https://registry.npmjs.org/path-to-regexp set size:undefined disposed:false
2824 http fetch GET 200 https://registry.npmjs.org/serialize-javascript 94754ms (cache miss)
2825 silly packumentCache corgi:https://registry.npmjs.org/serialize-javascript set size:undefined disposed:false
2826 http fetch GET 200 https://registry.npmjs.org/ajv 95016ms (cache miss)
2827 silly packumentCache corgi:https://registry.npmjs.org/ajv set size:undefined disposed:false
2828 http fetch GET 200 https://registry.npmjs.org/fast-xml-parser 98548ms (cache miss)
2829 silly packumentCache corgi:https://registry.npmjs.org/fast-xml-parser set size:undefined disposed:false
2830 http fetch GET 200 https://registry.npmjs.org/rollup/-/rollup-2.80.0.tgz 110393ms (cache miss)
